species	level	move	action	rule	detail
SPECIES_ABOMASNOW	31	Ingrain	removed	R24	out of every player list
SPECIES_ABOMASNOW	47	Blizzard	removed	R37	under 90% accuracy; Ice Beam takes its place
SPECIES_ABOMASNOW	47	Ice Beam	added	R37	in place of Blizzard
SPECIES_ABOMASNOW	58	Sheer Cold	removed	R24	out of every player list
SPECIES_ABRA	1	Teleport	removed	removed	leaves the game or every player list
SPECIES_ABSOL	1	Feint	removed	removed	leaves the game or every player list
SPECIES_ABSOL	17	Razor Wind	removed	dead weight	a weak attack that goes from every list (2026-09-27)
SPECIES_ABSOL	33	Double Team	removed	R24	out of every player list
SPECIES_ABSOL	49	Detect	removed	R24	out of every player list
SPECIES_ABSOL	57	Me First	removed	R7	calls a random or borrowed move, too random like Metronome; a catch would know it at level 1
SPECIES_AERODACTYL	9	Roar	removed	R18	Roar's use is on a wild catch, which this list's level never is; a catch would know it at level 1
SPECIES_AGGRON	1	Roar	moved from 22 to level 1	R18	Roar's use is on a wild catch, which this list's level never is
SPECIES_AGGRON	34	Protect	removed	R24	out of every player list
SPECIES_AGGRON	48	Iron Tail	removed	R37	under 90% accuracy, beside Iron Head
SPECIES_ALAKAZAM	1	Teleport	removed	removed	leaves the game or every player list
SPECIES_ALOLAN_NINETALES	1	Sheer Cold	removed	R24	out of every player list
SPECIES_ALOLAN_NINETALES	1	Grudge	removed	R7	a move Ian rates useless or terrible; a catch would know it at level 1
SPECIES_ALOMOMOLA	21	Protect	removed	R24	out of every player list
SPECIES_ALOMOMOLA	1	Healing Wish	moved from 57 to level 1	R26	bad for the player, good for a trainer's fight
SPECIES_ALOMOMOLA	65	Hydro Pump	removed	R37	under 90% accuracy; Muddy Water takes its place
SPECIES_ALOMOMOLA	65	Muddy Water	added	R37	in place of Hydro Pump
SPECIES_ALTARIA	13	Fury Attack	removed	removed	leaves the game or every player list
SPECIES_AMPHAROS	68	Thunder	removed	R37	under 90% accuracy; Thunderbolt takes its place
SPECIES_AMPHAROS	68	Thunderbolt	added	R37	in place of Thunder
SPECIES_ANNIHILAPE	22	Cross Chop	removed	R37	under 90% accuracy, beside Close Combat
SPECIES_ANNIHILAPE	66	Thrash	moved from 30	R9	at its one-turn worth (102) it fits Volkner's split; waits on the engine change
SPECIES_ANNIHILAPE	69	Outrage	moved from 53	R9	at its one-turn worth (112) it fits Barry's split; waits on the engine change
SPECIES_ANNIHILAPE	1	Final Gambit	moved from 57 to level 1	R26	bad for the player, good for a trainer's fight
SPECIES_ANORITH	7	Mud Sport	removed	R7	a move Ian rates useless or terrible; a catch would know it at level 1
SPECIES_ANORITH	25	Protect	removed	R24	out of every player list
SPECIES_ARAQUANID	51	Hydro Pump	removed	R37	under 90% accuracy, beside Scald
SPECIES_ARBOK	1	Haze	moved from 48 to level 1	R7	a move Ian rates useless or terrible
SPECIES_ARBOK	56	Gunk Shot	removed	R37	under 90% accuracy, beside Poison Fang
SPECIES_ARBOLIVA	1	Sweet Scent	removed	R7	a move Ian rates useless or terrible; a catch would know it at level 1
SPECIES_ARBOLIVA	5	Absorb	removed	dead weight	a weak attack that goes from every list (2026-09-27)
SPECIES_ARBOLIVA	23	Grassy Terrain	removed	removed	leaves the game or every player list
SPECIES_ARCEUS	80	Hyper Beam	removed	past the League	nothing is placed past 78
SPECIES_ARCEUS	90	Perish Song	removed	past the League	nothing is placed past 78
SPECIES_ARCEUS	100	Judgment	removed	past the League	nothing is placed past 78
SPECIES_ARIADOS	1	Constrict	removed	dead weight	a weak attack that goes from every list (2026-09-27)
SPECIES_ARIADOS	8	Constrict	removed	dead weight	a weak attack that goes from every list (2026-09-27)
SPECIES_ARMALDO	1	Mud Sport	moved from 7 to level 1	R7	a move Ian rates useless or terrible
SPECIES_ARMALDO	25	Protect	removed	R24	out of every player list
SPECIES_ARMAROUGE	42	Ally Switch	removed	removed	leaves the game or every player list
SPECIES_ARON	1	Roar	moved from 22 to level 1	R18	Roar's use is on a wild catch, which this list's level never is
SPECIES_ARON	32	Protect	removed	R24	out of every player list
SPECIES_ARON	39	Iron Tail	removed	R37	under 90% accuracy, beside Iron Head
SPECIES_ARTICUNO	71	Blizzard	removed	R37	under 90% accuracy, beside Ice Beam
SPECIES_ARTICUNO	78	Sheer Cold	removed	R24	out of every player list
SPECIES_AZELF	16	Detect	removed	R24	out of every player list
SPECIES_AZELF	1	Explosion	moved from 76 to level 1	R26	bad for the player, good for a trainer's fight
SPECIES_AZUMARILL	54	Hydro Pump	removed	R37	under 90% accuracy; Muddy Water takes its place
SPECIES_AZUMARILL	54	Muddy Water	added	R37	in place of Hydro Pump
SPECIES_AZURILL	1	Splash	removed	removed	leaves the game or every player list
SPECIES_BAGON	1	Rage	removed	dead weight	a weak attack that goes from every list (2026-09-27)
SPECIES_BALTOY	1	Selfdestruct	moved from 19 to level 1	R26	bad for the player, good for a trainer's fight
SPECIES_BALTOY	37	Sandstorm	removed	weather	the player never controls weather
SPECIES_BALTOY	1	Explosion	moved from 71 to level 1	R26	bad for the player, good for a trainer's fight
SPECIES_BANETTE	1	Grudge	moved from 58 to level 1	R7	a move Ian rates useless or terrible
SPECIES_BARBOACH	6	Mud Sport	removed	R7	a move Ian rates useless or terrible; a catch would know it at level 1
SPECIES_BARBOACH	31	Snore	removed	dead weight	a weak attack that goes from every list (2026-09-27)
SPECIES_BARBOACH	47	Fissure	removed	R24	out of every player list
SPECIES_BASTIODON	1	Protect	removed	R24	out of every player list
SPECIES_BAYLEEF	1	Sweet Scent	moved from 32 to level 1	R7	a move Ian rates useless or terrible
SPECIES_BEAUTIFLY	1	Absorb	removed	dead weight	a weak attack that goes from every list (2026-09-27)
SPECIES_BEAUTIFLY	10	Absorb	removed	dead weight	a weak attack that goes from every list (2026-09-27)
SPECIES_BEAUTIFLY	27	Whirlwind	removed	R18	Roar's use is on a wild catch, which this list's level never is; a catch would know it at level 1
SPECIES_BEEDRILL	1	Fury Attack	removed	removed	leaves the game or every player list
SPECIES_BEEDRILL	10	Fury Attack	removed	removed	leaves the game or every player list
SPECIES_BEEDRILL	19	Rage	removed	dead weight	a weak attack that goes from every list (2026-09-27)
SPECIES_BELLOSSOM	1	Sunny Day	removed	weather	the player never controls weather
SPECIES_BELLSPROUT	11	Wrap	removed	dead weight	a weak attack that goes from every list (2026-09-27)
SPECIES_BELLSPROUT	1	Sweet Scent	moved from 29 to level 1	R7	a move Ian rates useless or terrible
SPECIES_BELLSPROUT	1	Wring Out	moved from 47 to level 1	R7	a move Ian rates useless or terrible
SPECIES_BLACEPHALON	65	Fire Blast	removed	R37	under 90% accuracy; Overheat takes its place
SPECIES_BLACEPHALON	65	Overheat	added	R37	in place of Fire Blast
SPECIES_BLASTOISE	24	Protect	removed	R24	out of every player list
SPECIES_BLASTOISE	60	Hydro Pump	removed	R37	under 90% accuracy; Muddy Water takes its place
SPECIES_BLASTOISE	60	Muddy Water	added	R37	in place of Hydro Pump
SPECIES_BLIPBUG	81	Trick Room	removed	past the League	nothing is placed past 78
SPECIES_BLISSEY	1	Healing Wish	moved from 42 to level 1	R26	bad for the player, good for a trainer's fight
SPECIES_BOUNSWEET	1	Splash	removed	removed	leaves the game or every player list
SPECIES_BOUNSWEET	17	Sweet Scent	removed	R7	a move Ian rates useless or terrible; a catch would know it at level 1
SPECIES_BOUNSWEET	33	Aromatic Mist	removed	removed	leaves the game or every player list
SPECIES_BRELOOM	1	Absorb	removed	dead weight	a weak attack that goes from every list (2026-09-27)
SPECIES_BRELOOM	45	DynamicPunch	removed	R37	under 90% accuracy, beside Sky Uppercut
SPECIES_BRIONNE	67	Hydro Pump	removed	R37	under 90% accuracy; Sparkling Aria takes its place
SPECIES_BRIONNE	67	Sparkling Aria	added	R37	in place of Hydro Pump
SPECIES_BUDEW	1	Absorb	removed	dead weight	a weak attack that goes from every list (2026-09-27)
SPECIES_BUIZEL	45	Razor Wind	removed	dead weight	a weak attack that goes from every list (2026-09-27)
SPECIES_BULBASAUR	1	Sweet Scent	moved from 21 to level 1	R7	a move Ian rates useless or terrible
SPECIES_BUNEARY	1	Splash	removed	removed	leaves the game or every player list
SPECIES_BUNEARY	1	Healing Wish	moved from 53 to level 1	R26	bad for the player, good for a trainer's fight
SPECIES_BURMY	1	Protect	removed	R24	out of every player list
SPECIES_BUTTERFREE	1	Whirlwind	moved from 22 to level 1	R18	Roar's use is on a wild catch, which this list's level never is
SPECIES_BUZZWOLE	35	Mega Punch	removed	R37	under 90% accuracy; Body Slam takes its place
SPECIES_BUZZWOLE	35	Body Slam	added	R37	in place of Mega Punch
SPECIES_BUZZWOLE	50	DynamicPunch	removed	R37	under 90% accuracy, beside Superpower
SPECIES_CACNEA	5	Absorb	removed	dead weight	a weak attack that goes from every list (2026-09-27)
SPECIES_CACNEA	25	Ingrain	removed	R24	out of every player list
SPECIES_CACNEA	53	Sandstorm	removed	weather	the player never controls weather
SPECIES_CACNEA	1	Destiny Bond	moved from 57 to level 1	R26	bad for the player, good for a trainer's fight
SPECIES_CACTURNE	1	Absorb	removed	dead weight	a weak attack that goes from every list (2026-09-27)
SPECIES_CACTURNE	5	Absorb	removed	dead weight	a weak attack that goes from every list (2026-09-27)
SPECIES_CACTURNE	25	Ingrain	removed	R24	out of every player list
SPECIES_CACTURNE	65	Sandstorm	removed	weather	the player never controls weather
SPECIES_CACTURNE	1	Destiny Bond	moved from 71 to level 1	R26	bad for the player, good for a trainer's fight
SPECIES_CAMERUPT	67	Fissure	removed	R24	out of every player list
SPECIES_CARBINK	54	Stone Edge	removed	R37	under 90% accuracy, beside Rock Slide
SPECIES_CARNIVINE	17	Sweet Scent	removed	R7	a move Ian rates useless or terrible; a catch would know it at level 1
SPECIES_CARNIVINE	21	Ingrain	removed	R24	out of every player list
SPECIES_CARNIVINE	41	Wring Out	removed	R7	a move Ian rates useless or terrible; a catch would know it at level 1
SPECIES_CARNIVINE	47	Power Whip	removed	R37	under 90% accuracy; Petal Blizzard takes its place
SPECIES_CARNIVINE	47	Petal Blizzard	added	R37	in place of Power Whip
SPECIES_CARVANHA	6	Rage	removed	dead weight	a weak attack that goes from every list (2026-09-27)
SPECIES_CELEBI	1	Healing Wish	moved from 73 to level 1	R26	bad for the player, good for a trainer's fight
SPECIES_CELEBI	82	Leaf Storm	removed	past the League	nothing is placed past 78
SPECIES_CELEBI	91	Perish Song	removed	past the League	nothing is placed past 78
SPECIES_CELESTEELA	1	Absorb	removed	dead weight	a weak attack that goes from every list (2026-09-27)
SPECIES_CELESTEELA	25	Ingrain	removed	R24	out of every player list
SPECIES_CERULEDGE	42	Ally Switch	removed	removed	leaves the game or every player list
SPECIES_CHANDELURE	1	Memento	moved from 40 to level 1	R26	bad for the player, good for a trainer's fight
SPECIES_CHANSEY	1	Healing Wish	moved from 42 to level 1	R26	bad for the player, good for a trainer's fight
SPECIES_CHARMANDER	16	Dragon Rage	removed	Ian's ruling	Dragon Rage leaves the line's early list
SPECIES_CHARMELEON	17	Dragon Rage	removed	Ian's ruling	Dragon Rage leaves the line's early list
SPECIES_CHATOT	17	Fury Attack	removed	removed	leaves the game or every player list
SPECIES_CHERRIM	45	Petal Dance	moved from 25	R9	at its one-turn worth (100) it fits Byron's split; waits on the engine change
SPECIES_CHIKORITA	1	Sweet Scent	moved from 28 to level 1	R7	a move Ian rates useless or terrible
SPECIES_CHIMECHO	1	Wrap	removed	dead weight	a weak attack that goes from every list (2026-09-27)
SPECIES_CHIMECHO	1	Healing Wish	moved from 49 to level 1	R26	bad for the player, good for a trainer's fight
SPECIES_CHINCHOU	42	Hydro Pump	removed	R37	under 90% accuracy; Muddy Water takes its place
SPECIES_CHINCHOU	42	Muddy Water	added	R37	in place of Hydro Pump
SPECIES_CHINGLING	1	Wrap	removed	dead weight	a weak attack that goes from every list (2026-09-27)
SPECIES_CLAYDOL	1	Teleport	removed	removed	leaves the game or every player list
SPECIES_CLAYDOL	1	Selfdestruct	moved from 19 to level 1	R26	bad for the player, good for a trainer's fight
SPECIES_CLAYDOL	40	Sandstorm	removed	weather	the player never controls weather
SPECIES_CLAYDOL	1	Explosion	moved from 86 to level 1	R26	bad for the player, good for a trainer's fight
SPECIES_CLEFAIRY	31	Metronome	removed	R7	a move Ian rates useless or terrible; a catch would know it at level 1
SPECIES_CLEFAIRY	1	Healing Wish	moved from 46 to level 1	R26	bad for the player, good for a trainer's fight
SPECIES_CLEFFA	1	Copycat	moved from 13 to level 1	R7	calls a random or borrowed move, too random like Metronome
SPECIES_CLOBBOPUS	5	Feint	removed	removed	leaves the game or every player list
SPECIES_CLOBBOPUS	10	Bind	removed	R37	under 90% accuracy; Body Slam takes its place
SPECIES_CLOBBOPUS	10	Body Slam	added	R37	in place of Bind
SPECIES_CLOBBOPUS	15	Detect	removed	R24	out of every player list
SPECIES_CLOBBOPUS	30	Submission	removed	dead weight	a weak attack that goes from every list (2026-09-27)
SPECIES_CLODSIRE	36	Megahorn	kept for Ian	R37	under 90% accuracy, no accurate twin fits
SPECIES_CLOYSTER	1	Protect	removed	R24	out of every player list
SPECIES_COFAGRIGUS	1	Protect	removed	R24	out of every player list
SPECIES_COFAGRIGUS	1	Haze	moved from 9 to level 1	R7	a move Ian rates useless or terrible
SPECIES_COFAGRIGUS	1	Grudge	moved from 38 to level 1	R7	a move Ian rates useless or terrible
SPECIES_COFAGRIGUS	1	Destiny Bond	moved from 59 to level 1	R26	bad for the player, good for a trainer's fight
SPECIES_COMBEE	1	Sweet Scent	removed	R7	a move Ian rates useless or terrible; a catch would know it at level 1
SPECIES_CORPHISH	23	Protect	removed	R24	out of every player list
SPECIES_CORPHISH	53	Guillotine	removed	R24	out of every player list
SPECIES_CORVIKNIGHT	4	Fury Attack	removed	removed	leaves the game or every player list
SPECIES_CORVISQUIRE	4	Fury Attack	removed	removed	leaves the game or every player list
SPECIES_CRADILY	1	Constrict	removed	dead weight	a weak attack that goes from every list (2026-09-27)
SPECIES_CRADILY	1	Ingrain	removed	R24	out of every player list
SPECIES_CRADILY	15	Ingrain	removed	R24	out of every player list
SPECIES_CRADILY	1	Wring Out	moved from 76 to level 1	R7	a move Ian rates useless or terrible
SPECIES_CRANIDOS	43	Head Smash	kept for Ian	R37	under 90% accuracy, no accurate twin fits
SPECIES_CRAWDAUNT	23	Protect	removed	R24	out of every player list
SPECIES_CRAWDAUNT	65	Guillotine	removed	R24	out of every player list
SPECIES_CRESSELIA	1	Double Team	removed	R24	out of every player list
SPECIES_CRESSELIA	1	Lunar Dance	moved from 84 to level 1	R26	bad for the player, good for a trainer's fight
SPECIES_CRESSELIA	93	Psychic	removed	past the League	nothing is placed past 78
SPECIES_CROBAT	1	Haze	moved from 45 to level 1	R7	a move Ian rates useless or terrible
SPECIES_CROCONAW	8	Rage	removed	dead weight	a weak attack that goes from every list (2026-09-27)
SPECIES_CROCONAW	61	Thrash	moved from 42	R9	at its one-turn worth (102) it fits Galactic's split; waits on the engine change
SPECIES_CROCONAW	57	Hydro Pump	removed	R37	under 90% accuracy; Muddy Water takes its place
SPECIES_CROCONAW	57	Muddy Water	added	R37	in place of Hydro Pump
SPECIES_CRUSTLE	54	Stone Edge	removed	R37	under 90% accuracy, beside Rock Slide
SPECIES_CUBONE	7	Bone Club	removed	R37	under 90% accuracy; Earthquake takes its place
SPECIES_CUBONE	7	Earthquake	added	R37	in place of Bone Club
SPECIES_CUBONE	23	Rage	removed	dead weight	a weak attack that goes from every list (2026-09-27)
SPECIES_CUBONE	61	Thrash	moved from 31	R9	at its one-turn worth (102) it fits Galactic's split; waits on the engine change
SPECIES_DARKRAI	47	Double Team	removed	R24	out of every player list
SPECIES_DARKRAI	1	Haze	moved from 57 to level 1	R7	a move Ian rates useless or terrible
SPECIES_DARKRAI	84	Dream Eater	removed	past the League	nothing is placed past 78
SPECIES_DARKRAI	93	Dark Pulse	removed	past the League	nothing is placed past 78
SPECIES_DELPHOX	1	Teleport	removed	removed	leaves the game or every player list
SPECIES_DELPHOX	82	Encore	removed	past the League	nothing is placed past 78
SPECIES_DEOXYS	1	Wrap	removed	dead weight	a weak attack that goes from every list (2026-09-27)
SPECIES_DEOXYS	17	Teleport	removed	removed	leaves the game or every player list
SPECIES_DEOXYS	81	Recover	removed	past the League	nothing is placed past 78
SPECIES_DEOXYS	89	Psycho Boost	removed	past the League	nothing is placed past 78
SPECIES_DEOXYS	97	Hyper Beam	removed	past the League	nothing is placed past 78
SPECIES_DEWGONG	34	Sheer Cold	removed	R24	out of every player list
SPECIES_DEWPIDER	45	Hydro Pump	removed	R37	under 90% accuracy, beside Scald
SPECIES_DHELMISE	1	Steel Roller	removed	removed	leaves the game or every player list
SPECIES_DHELMISE	1	Absorb	removed	dead weight	a weak attack that goes from every list (2026-09-27)
SPECIES_DHELMISE	4	Wrap	removed	dead weight	a weak attack that goes from every list (2026-09-27)
SPECIES_DHELMISE	70	Power Whip	removed	R37	under 90% accuracy; Petal Blizzard takes its place
SPECIES_DHELMISE	70	Petal Blizzard	added	R37	in place of Power Whip
SPECIES_DIALGA	80	Flash Cannon	removed	past the League	nothing is placed past 78
SPECIES_DIALGA	90	Aura Sphere	removed	past the League	nothing is placed past 78
SPECIES_DIANCIE	67	Stone Edge	removed	R37	under 90% accuracy, beside Diamond Storm
SPECIES_DIGLETT	40	Fissure	removed	R24	out of every player list
SPECIES_DODRIO	1	Rage	removed	dead weight	a weak attack that goes from every list (2026-09-27)
SPECIES_DODRIO	10	Rage	removed	dead weight	a weak attack that goes from every list (2026-09-27)
SPECIES_DODRIO	14	Fury Attack	removed	removed	leaves the game or every player list
SPECIES_DODUO	10	Rage	removed	dead weight	a weak attack that goes from every list (2026-09-27)
SPECIES_DODUO	14	Fury Attack	removed	removed	leaves the game or every player list
SPECIES_DOLLIV	1	Sweet Scent	removed	R7	a move Ian rates useless or terrible; a catch would know it at level 1
SPECIES_DOLLIV	5	Absorb	removed	dead weight	a weak attack that goes from every list (2026-09-27)
SPECIES_DOLLIV	23	Grassy Terrain	removed	removed	leaves the game or every player list
SPECIES_DONPHAN	25	Fury Attack	removed	removed	leaves the game or every player list
SPECIES_DRAGONAIR	1	Wrap	removed	dead weight	a weak attack that goes from every list (2026-09-27)
SPECIES_DRAGONITE	1	Wrap	removed	dead weight	a weak attack that goes from every list (2026-09-27)
SPECIES_DRAGONITE	66	Outrage	moved from 64	R9	at its one-turn worth (112) it fits Volkner's split; waits on the engine change
SPECIES_DRATINI	1	Wrap	removed	dead weight	a weak attack that goes from every list (2026-09-27)
SPECIES_DRATINI	61	Outrage	moved from 51	R9	at its one-turn worth (112) it fits Galactic's split; waits on the engine change
SPECIES_DRIFBLIM	1	Constrict	removed	dead weight	a weak attack that goes from every list (2026-09-27)
SPECIES_DRIFBLIM	1	Explosion	moved from 51 to level 1	R26	bad for the player, good for a trainer's fight
SPECIES_DRIFLOON	1	Constrict	removed	dead weight	a weak attack that goes from every list (2026-09-27)
SPECIES_DRIFLOON	1	Explosion	moved from 43 to level 1	R26	bad for the player, good for a trainer's fight
SPECIES_DUGTRIO	50	Fissure	removed	R24	out of every player list
SPECIES_DUNSPARCE	1	Rage	removed	dead weight	a weak attack that goes from every list (2026-09-27)
SPECIES_DUSTOX	17	Protect	removed	R24	out of every player list
SPECIES_DUSTOX	1	Whirlwind	moved from 27 to level 1	R18	Roar's use is on a wild catch, which this list's level never is
SPECIES_DWEBBLE	49	Stone Edge	removed	R37	under 90% accuracy, beside Rock Slide
SPECIES_EKANS	1	Wrap	removed	dead weight	a weak attack that goes from every list (2026-09-27)
SPECIES_EKANS	1	Haze	moved from 36 to level 1	R7	a move Ian rates useless or terrible
SPECIES_EKANS	41	Gunk Shot	removed	R37	under 90% accuracy; Poison Fang takes its place
SPECIES_EKANS	41	Poison Fang	added	R37	in place of Gunk Shot
SPECIES_ELECTABUZZ	58	Thunder	removed	R37	under 90% accuracy, beside Thunderbolt
SPECIES_ELECTIVIRE	58	Thunder	removed	R37	under 90% accuracy, beside Thunderbolt
SPECIES_ELECTRIKE	1	Roar	moved from 36 to level 1	R18	Roar's use is on a wild catch, which this list's level never is
SPECIES_ELECTRIKE	49	Thunder	removed	R37	under 90% accuracy; Thunderbolt takes its place
SPECIES_ELECTRIKE	49	Thunderbolt	added	R37	in place of Thunder
SPECIES_ELECTRODE	1	Selfdestruct	moved from 29 to level 1	R26	bad for the player, good for a trainer's fight
SPECIES_ELECTRODE	1	Explosion	moved from 51 to level 1	R26	bad for the player, good for a trainer's fight
SPECIES_ELEKID	46	Thunder	removed	R37	under 90% accuracy, beside Thunderbolt
SPECIES_EMOLGA	11	Double Team	removed	R24	out of every player list
SPECIES_EMPOLEON	28	Fury Attack	removed	removed	leaves the game or every player list
SPECIES_EMPOLEON	59	Hydro Pump	removed	R37	under 90% accuracy; Surf takes its place
SPECIES_EMPOLEON	59	Surf	added	R37	in place of Hydro Pump
SPECIES_ENTEI	1	Roar	moved from 15 to level 1	R18	Roar's use is on a wild catch, which this list's level never is
SPECIES_ENTEI	71	Fire Blast	removed	R37	under 90% accuracy, beside Flamethrower
SPECIES_ENTEI	85	Eruption	removed	past the League	nothing is placed past 78
SPECIES_EXEGGCUTE	1	Barrage	removed	dead weight	a weak attack that goes from every list (2026-09-27)
SPECIES_EXEGGUTOR	1	Barrage	removed	dead weight	a weak attack that goes from every list (2026-09-27)
SPECIES_EXPLOUD	1	Roar	moved from 45 to level 1	R18	Roar's use is on a wild catch, which this list's level never is
SPECIES_EXPLOUD	1	Sleep Talk	moved from 55 to level 1	R7	calls a random or borrowed move, too random like Metronome
SPECIES_FARFETCHD	7	Fury Attack	removed	removed	leaves the game or every player list
SPECIES_FARFETCHD	43	Feint	removed	removed	leaves the game or every player list
SPECIES_FEAROW	1	Fury Attack	removed	removed	leaves the game or every player list
SPECIES_FEAROW	9	Fury Attack	removed	removed	leaves the game or every player list
SPECIES_FEEBAS	1	Splash	removed	removed	leaves the game or every player list
SPECIES_FERALIGATR	1	Rage	removed	dead weight	a weak attack that goes from every list (2026-09-27)
SPECIES_FERALIGATR	8	Rage	removed	dead weight	a weak attack that goes from every list (2026-09-27)
SPECIES_FERALIGATR	66	Thrash	moved from 50	R9	at its one-turn worth (102) it fits Volkner's split; waits on the engine change
SPECIES_FERALIGATR	71	Hydro Pump	removed	R37	under 90% accuracy; Muddy Water takes its place
SPECIES_FERALIGATR	71	Muddy Water	added	R37	in place of Hydro Pump
SPECIES_FERROSEED	21	Ingrain	removed	R24	out of every player list
SPECIES_FERROSEED	1	Selfdestruct	moved from 38 to level 1	R26	bad for the player, good for a trainer's fight
SPECIES_FERROSEED	1	Explosion	moved from 55 to level 1	R26	bad for the player, good for a trainer's fight
SPECIES_FERROTHORN	21	Ingrain	removed	R24	out of every player list
SPECIES_FERROTHORN	1	Selfdestruct	moved from 38 to level 1	R26	bad for the player, good for a trainer's fight
SPECIES_FERROTHORN	1	Explosion	moved from 55 to level 1	R26	bad for the player, good for a trainer's fight
SPECIES_FERROTHORN	70	Power Whip	removed	R37	under 90% accuracy; Petal Blizzard takes its place
SPECIES_FERROTHORN	70	Petal Blizzard	added	R37	in place of Power Whip
SPECIES_FLAAFFY	53	Thunder	removed	R37	under 90% accuracy; Thunderbolt takes its place
SPECIES_FLAAFFY	53	Thunderbolt	added	R37	in place of Thunder
SPECIES_FLABEBE	1	Absorb	removed	dead weight	a weak attack that goes from every list (2026-09-27)
SPECIES_FLAREON	71	Fire Blast	removed	R37	under 90% accuracy; Heat Wave takes its place
SPECIES_FLAREON	71	Heat Wave	added	R37	in place of Fire Blast
SPECIES_FLETCHINDER	41	Me First	removed	R7	calls a random or borrowed move, too random like Metronome; a catch would know it at level 1
SPECIES_FLETCHLING	40	Me First	removed	R7	calls a random or borrowed move, too random like Metronome; a catch would know it at level 1
SPECIES_FLOATZEL	50	Razor Wind	removed	dead weight	a weak attack that goes from every list (2026-09-27)
SPECIES_FLOETTE	1	Absorb	removed	dead weight	a weak attack that goes from every list (2026-09-27)
SPECIES_FLORGES	1	Flower Shield	removed	removed	leaves the game or every player list
SPECIES_FLORGES	1	Absorb	removed	dead weight	a weak attack that goes from every list (2026-09-27)
SPECIES_FOMANTIS	14	Ingrain	removed	R24	out of every player list
SPECIES_FOMANTIS	27	Sweet Scent	removed	R7	a move Ian rates useless or terrible; a catch would know it at level 1
SPECIES_FORRETRESS	1	Protect	removed	R24	out of every player list
SPECIES_FORRETRESS	1	Selfdestruct	moved from 6 to level 1	R26	bad for the player, good for a trainer's fight
SPECIES_FORRETRESS	20	Bide	removed	dead weight	a weak attack that goes from every list (2026-09-27)
SPECIES_FORRETRESS	1	Explosion	moved from 38 to level 1	R26	bad for the player, good for a trainer's fight
SPECIES_FORRETRESS	67	Zap Cannon	removed	R37	under 90% accuracy; Volt Switch takes its place
SPECIES_FORRETRESS	67	Volt Switch	added	R37	in place of Zap Cannon
SPECIES_FRILLISH	1	Absorb	removed	dead weight	a weak attack that goes from every list (2026-09-27)
SPECIES_FRILLISH	1	Destiny Bond	moved from 44 to level 1	R26	bad for the player, good for a trainer's fight
SPECIES_FROAKIE	40	Hydro Pump	removed	R37	under 90% accuracy; Scald takes its place
SPECIES_FROAKIE	40	Scald	added	R37	in place of Hydro Pump
SPECIES_FROGADIER	45	Hydro Pump	removed	R37	under 90% accuracy; Scald takes its place
SPECIES_FROGADIER	45	Scald	added	R37	in place of Hydro Pump
SPECIES_FROSLASS	1	Double Team	removed	R24	out of every player list
SPECIES_FROSLASS	4	Double Team	removed	R24	out of every player list
SPECIES_FROSLASS	51	Blizzard	removed	R37	under 90% accuracy; Ice Beam takes its place
SPECIES_FROSLASS	51	Ice Beam	added	R37	in place of Blizzard
SPECIES_FROSLASS	1	Destiny Bond	moved from 59 to level 1	R26	bad for the player, good for a trainer's fight
SPECIES_FROSMOTH	40	Blizzard	removed	R37	under 90% accuracy; Ice Beam takes its place
SPECIES_FROSMOTH	40	Ice Beam	added	R37	in place of Blizzard
SPECIES_FURRET	1	Me First	moved from 50 to level 1	R7	calls a random or borrowed move, too random like Metronome
SPECIES_GALARIAN_ARTICUNO	55	Hurricane	removed	R37	under 90% accuracy; Air Slash takes its place
SPECIES_GALARIAN_ARTICUNO	55	Air Slash	added	R37	in place of Hurricane
SPECIES_GALARIAN_MOLTRES	55	Hurricane	removed	R37	under 90% accuracy, beside Air Slash
SPECIES_GALARIAN_MOLTRES	1	Memento	moved from 65 to level 1	R26	bad for the player, good for a trainer's fight
SPECIES_GALARIAN_MR_MIME	1	Protect	removed	R24	out of every player list
SPECIES_GALARIAN_MR_MIME	1	Misty Terrain	removed	removed	leaves the game or every player list
SPECIES_GALARIAN_MR_MIME	16	Ally Switch	removed	removed	leaves the game or every player list
SPECIES_GALARIAN_RAPIDASH	1	Healing Wish	moved from 63 to level 1	R26	bad for the player, good for a trainer's fight
SPECIES_GALARIAN_WEEZING	7	Grudge	removed	R7	a move Ian rates useless or terrible; a catch would know it at level 1
SPECIES_GALARIAN_WEEZING	12	Haze	removed	R7	a move Ian rates useless or terrible; a catch would know it at level 1
SPECIES_GALARIAN_WEEZING	1	Selfdestruct	moved from 34 to level 1	R26	bad for the player, good for a trainer's fight
SPECIES_GALARIAN_WEEZING	1	Explosion	moved from 55 to level 1	R26	bad for the player, good for a trainer's fight
SPECIES_GALARIAN_ZAPDOS	60	Detect	removed	R24	out of every player list
SPECIES_GALLADE	1	Double Team	removed	R24	out of every player list
SPECIES_GALLADE	1	Teleport	removed	removed	leaves the game or every player list
SPECIES_GALLADE	10	Double Team	removed	R24	out of every player list
SPECIES_GALLADE	12	Teleport	removed	removed	leaves the game or every player list
SPECIES_GALLADE	39	Feint	removed	removed	leaves the game or every player list
SPECIES_GALLADE	50	Protect	removed	R24	out of every player list
SPECIES_GALVANTULA	1	Absorb	removed	dead weight	a weak attack that goes from every list (2026-09-27)
SPECIES_GALVANTULA	55	Thunder	removed	R37	under 90% accuracy, beside Thunderbolt
SPECIES_GARDEVOIR	1	Double Team	removed	R24	out of every player list
SPECIES_GARDEVOIR	1	Teleport	removed	removed	leaves the game or every player list
SPECIES_GARDEVOIR	10	Double Team	removed	R24	out of every player list
SPECIES_GARDEVOIR	12	Teleport	removed	removed	leaves the game or every player list
SPECIES_GARGANACL	54	Stone Edge	removed	R37	under 90% accuracy, beside Rock Slide
SPECIES_GARGANACL	1	Explosion	moved from 60 to level 1	R26	bad for the player, good for a trainer's fight
SPECIES_GASTLY	1	Destiny Bond	moved from 40 to level 1	R26	bad for the player, good for a trainer's fight
SPECIES_GASTRODON	1	Mud Sport	removed	R7	a move Ian rates useless or terrible; a catch would know it at level 1
SPECIES_GASTRODON	2	Mud Sport	removed	R7	a move Ian rates useless or terrible; a catch would know it at level 1
SPECIES_GENGAR	1	Destiny Bond	moved from 50 to level 1	R26	bad for the player, good for a trainer's fight
SPECIES_GEODUDE	4	Mud Sport	removed	R7	a move Ian rates useless or terrible; a catch would know it at level 1
SPECIES_GEODUDE	1	Selfdestruct	moved from 18 to level 1	R26	bad for the player, good for a trainer's fight
SPECIES_GEODUDE	1	Explosion	moved from 32 to level 1	R26	bad for the player, good for a trainer's fight
SPECIES_GEODUDE	39	Stone Edge	removed	R37	under 90% accuracy; Rock Slide takes its place
SPECIES_GEODUDE	39	Rock Slide	added	R37	in place of Stone Edge
SPECIES_GIRATINA	80	Shadow Claw	removed	past the League	nothing is placed past 78
SPECIES_GIRATINA	90	Aura Sphere	removed	past the League	nothing is placed past 78
SPECIES_GLACEON	71	Blizzard	removed	R37	under 90% accuracy; Ice Beam takes its place
SPECIES_GLACEON	71	Ice Beam	added	R37	in place of Blizzard
SPECIES_GLALIE	1	Double Team	removed	R24	out of every player list
SPECIES_GLALIE	4	Double Team	removed	R24	out of every player list
SPECIES_GLALIE	22	Protect	removed	R24	out of every player list
SPECIES_GLALIE	51	Blizzard	removed	R37	under 90% accuracy, beside Ice Beam
SPECIES_GLALIE	59	Sheer Cold	removed	R24	out of every player list
SPECIES_GLAMEOW	29	Assist	removed	R7	calls a random or borrowed move, too random like Metronome; a catch would know it at level 1
SPECIES_GLIGAR	45	Guillotine	removed	R24	out of every player list
SPECIES_GLIMMET	1	Selfdestruct	moved from 29 to level 1	R26	bad for the player, good for a trainer's fight
SPECIES_GLIMMORA	1	Spiky Shield	removed	R24	out of every player list
SPECIES_GLIMMORA	1	Selfdestruct	moved from 29 to level 1	R26	bad for the player, good for a trainer's fight
SPECIES_GLISCOR	45	Guillotine	removed	R24	out of every player list
SPECIES_GLOOM	1	Absorb	removed	dead weight	a weak attack that goes from every list (2026-09-27)
SPECIES_GLOOM	1	Sweet Scent	moved from 5 to level 1	R7	a move Ian rates useless or terrible
SPECIES_GOLBAT	45	Haze	removed	R7	a move Ian rates useless or terrible; a catch would know it at level 1
SPECIES_GOLDEEN	31	Fury Attack	removed	removed	leaves the game or every player list
SPECIES_GOLDEEN	41	Horn Drill	removed	R24	out of every player list
SPECIES_GOLDEEN	51	Megahorn	kept for Ian	R37	under 90% accuracy, no accurate twin fits
SPECIES_GOLDUCK	56	Hydro Pump	removed	R37	under 90% accuracy; Muddy Water takes its place
SPECIES_GOLDUCK	56	Muddy Water	added	R37	in place of Hydro Pump
SPECIES_GOLEM	1	Mud Sport	removed	R7	a move Ian rates useless or terrible; a catch would know it at level 1
SPECIES_GOLEM	4	Mud Sport	removed	R7	a move Ian rates useless or terrible; a catch would know it at level 1
SPECIES_GOLEM	1	Selfdestruct	moved from 18 to level 1	R26	bad for the player, good for a trainer's fight
SPECIES_GOLEM	1	Explosion	moved from 38 to level 1	R26	bad for the player, good for a trainer's fight
SPECIES_GOLEM	49	Stone Edge	removed	R37	under 90% accuracy; Rock Slide takes its place
SPECIES_GOLEM	49	Rock Slide	added	R37	in place of Stone Edge
SPECIES_GOODRA	61	Power Whip	kept for Ian	R37	under 90% accuracy, no accurate twin fits
SPECIES_GOREBYSS	51	Hydro Pump	removed	R37	under 90% accuracy; Muddy Water takes its place
SPECIES_GOREBYSS	51	Muddy Water	added	R37	in place of Hydro Pump
SPECIES_GOTHITA	40	Telekinesis	removed	removed	leaves the game or every player list
SPECIES_GOTHITELLE	45	Telekinesis	removed	removed	leaves the game or every player list
SPECIES_GOTHORITA	43	Telekinesis	removed	removed	leaves the game or every player list
SPECIES_GRANBULL	1	Roar	moved from 27 to level 1	R18	Roar's use is on a wild catch, which this list's level never is
SPECIES_GRANBULL	35	Rage	removed	dead weight	a weak attack that goes from every list (2026-09-27)
SPECIES_GRAPPLOCT	1	Feint	removed	removed	leaves the game or every player list
SPECIES_GRAPPLOCT	15	Detect	removed	R24	out of every player list
SPECIES_GRAPPLOCT	30	Submission	removed	dead weight	a weak attack that goes from every list (2026-09-27)
SPECIES_GRAPPLOCT	50	Topsy-Turvy	removed	removed	leaves the game or every player list
SPECIES_GRAVELER	1	Mud Sport	removed	R7	a move Ian rates useless or terrible; a catch would know it at level 1
SPECIES_GRAVELER	4	Mud Sport	removed	R7	a move Ian rates useless or terrible; a catch would know it at level 1
SPECIES_GRAVELER	1	Selfdestruct	moved from 18 to level 1	R26	bad for the player, good for a trainer's fight
SPECIES_GRAVELER	1	Explosion	moved from 38 to level 1	R26	bad for the player, good for a trainer's fight
SPECIES_GRAVELER	49	Stone Edge	removed	R37	under 90% accuracy; Rock Slide takes its place
SPECIES_GRAVELER	49	Rock Slide	added	R37	in place of Stone Edge
SPECIES_GRENINJA	51	Gunk Shot	kept for Ian	R37	under 90% accuracy, no accurate twin fits
SPECIES_GRENINJA	55	Hydro Pump	removed	R37	under 90% accuracy, beside Scald
SPECIES_GRIMER	44	Gunk Shot	kept for Ian	R37	under 90% accuracy, no accurate twin fits
SPECIES_GRIMER	1	Memento	moved from 49 to level 1	R26	bad for the player, good for a trainer's fight
SPECIES_GROTLE	9	Absorb	removed	dead weight	a weak attack that goes from every list (2026-09-27)
SPECIES_GROUDON	45	Fire Blast	removed	R37	under 90% accuracy; Lava Plume takes its place
SPECIES_GROUDON	45	Lava Plume	added	R37	in place of Fire Blast
SPECIES_GROUDON	60	Fissure	removed	R24	out of every player list
SPECIES_GROUDON	80	Eruption	removed	past the League	nothing is placed past 78
SPECIES_GROVYLE	1	Absorb	removed	dead weight	a weak attack that goes from every list (2026-09-27)
SPECIES_GROVYLE	6	Absorb	removed	dead weight	a weak attack that goes from every list (2026-09-27)
SPECIES_GROVYLE	47	Detect	removed	R24	out of every player list
SPECIES_GRUMPIG	1	Splash	removed	removed	leaves the game or every player list
SPECIES_GRUMPIG	29	Snore	removed	dead weight	a weak attack that goes from every list (2026-09-27)
SPECIES_GULPIN	1	Wring Out	moved from 49 to level 1	R7	a move Ian rates useless or terrible
SPECIES_GULPIN	54	Gunk Shot	kept for Ian	R37	under 90% accuracy, no accurate twin fits
SPECIES_GUZZLORD	66	Thrash	moved from 65	R9	at its one-turn worth (102) it fits Volkner's split; waits on the engine change
SPECIES_GYARADOS	38	Rain Dance	removed	weather	the player never controls weather
SPECIES_GYARADOS	41	Hydro Pump	removed	R37	under 90% accuracy; Muddy Water takes its place
SPECIES_GYARADOS	41	Muddy Water	added	R37	in place of Hydro Pump
SPECIES_GYARADOS_M	45	Hydro Pump	removed	R37	under 90% accuracy, beside Surf
SPECIES_GYARADOS_M	69	Outrage	moved from 53	R9	at its one-turn worth (112) it fits Barry's split; waits on the engine change
SPECIES_GYARADOS_M	67	Thrash	moved from 60	R9	at its one-turn worth (102) it fits Volkner's split; waits on the engine change
SPECIES_HAKAMO_O	9	Bide	removed	dead weight	a weak attack that goes from every list (2026-09-27)
SPECIES_HAKAMO_O	13	Protect	removed	R24	out of every player list
SPECIES_HAKAMO_O	1	Roar	moved from 39 to level 1	R18	Roar's use is on a wild catch, which this list's level never is
SPECIES_HAKAMO_O	61	Outrage	moved from 55	R9	at its one-turn worth (112) it fits Galactic's split; waits on the engine change
SPECIES_HAPPINY	5	Copycat	removed	R7	calls a random or borrowed move, too random like Metronome; a catch would know it at level 1
SPECIES_HAUNTER	1	Destiny Bond	moved from 50 to level 1	R26	bad for the player, good for a trainer's fight
SPECIES_HAWLUCHA	4	Feint	removed	removed	leaves the game or every player list
SPECIES_HAWLUCHA	24	Submission	removed	dead weight	a weak attack that goes from every list (2026-09-27)
SPECIES_HAWLUCHA	48	Me First	removed	R7	calls a random or borrowed move, too random like Metronome; a catch would know it at level 1
SPECIES_HAWLUCHA	82	Brave Bird	removed	past the League	nothing is placed past 78
SPECIES_HAWLUCHA	83	Entrainment	removed	past the League	nothing is placed past 78
SPECIES_HEATRAN	81	Heat Wave	removed	past the League	nothing is placed past 78
SPECIES_HEATRAN	88	Stone Edge	removed	past the League	nothing is placed past 78
SPECIES_HEATRAN	96	Magma Storm	removed	past the League	nothing is placed past 78
SPECIES_HERACROSS	7	Fury Attack	removed	removed	leaves the game or every player list
SPECIES_HERACROSS	49	Feint	removed	removed	leaves the game or every player list
SPECIES_HERACROSS	55	Megahorn	kept for Ian	R37	under 90% accuracy, no accurate twin fits
SPECIES_HIPPOPOTAS	50	Fissure	removed	R24	out of every player list
SPECIES_HIPPOWDON	60	Fissure	removed	R24	out of every player list
SPECIES_HISUIAN_GOODRA	55	Iron Tail	removed	R37	under 90% accuracy; Iron Head takes its place
SPECIES_HISUIAN_GOODRA	55	Iron Head	added	R37	in place of Iron Tail
SPECIES_HISUIAN_GOODRA	61	Power Whip	kept for Ian	R37	under 90% accuracy, no accurate twin fits
SPECIES_HISUIAN_SLIGGOO	1	Absorb	removed	dead weight	a weak attack that goes from every list (2026-09-27)
SPECIES_HISUIAN_SLIGGOO	15	Protect	removed	R24	out of every player list
SPECIES_HITMONCHAN	21	Feint	removed	removed	leaves the game or every player list
SPECIES_HITMONCHAN	41	Mega Punch	removed	R37	under 90% accuracy; Body Slam takes its place
SPECIES_HITMONCHAN	41	Body Slam	added	R37	in place of Mega Punch
SPECIES_HITMONCHAN	46	Detect	removed	R24	out of every player list
SPECIES_HITMONLEE	25	Feint	removed	removed	leaves the game or every player list
SPECIES_HITMONLEE	49	Mega Kick	removed	R37	under 90% accuracy; Body Slam takes its place
SPECIES_HITMONLEE	49	Body Slam	added	R37	in place of Mega Kick
SPECIES_HITMONTOP	33	Feint	removed	removed	leaves the game or every player list
SPECIES_HITMONTOP	46	Detect	removed	R24	out of every player list
SPECIES_HONCHKROW	1	Haze	removed	R7	a move Ian rates useless or terrible; a catch would know it at level 1
SPECIES_HOPPIP	1	Splash	removed	removed	leaves the game or every player list
SPECIES_HOPPIP	1	Memento	moved from 43 to level 1	R26	bad for the player, good for a trainer's fight
SPECIES_HORSEA	35	Hydro Pump	removed	R37	under 90% accuracy; Octazooka takes its place
SPECIES_HORSEA	35	Octazooka	added	R37	in place of Hydro Pump
SPECIES_HO_OH	29	Fire Blast	removed	R37	under 90% accuracy; Overheat takes its place
SPECIES_HO_OH	29	Overheat	added	R37	in place of Fire Blast
SPECIES_HO_OH	37	Sunny Day	removed	weather	the player never controls weather
SPECIES_HO_OH	79	Future Sight	removed	past the League	nothing is placed past 78
SPECIES_HO_OH	85	Sacred Fire	removed	past the League	nothing is placed past 78
SPECIES_HO_OH	93	Calm Mind	removed	past the League	nothing is placed past 78
SPECIES_HO_OH	99	Sky Attack	removed	past the League	nothing is placed past 78
SPECIES_HUNTAIL	51	Hydro Pump	removed	R37	under 90% accuracy; Muddy Water takes its place
SPECIES_HUNTAIL	51	Muddy Water	added	R37	in place of Hydro Pump
SPECIES_IGGLYBUFF	1	Copycat	moved from 17 to level 1	R7	calls a random or borrowed move, too random like Metronome
SPECIES_ILLUMISE	1	Sweet Scent	moved from 5 to level 1	R7	a move Ian rates useless or terrible
SPECIES_INCINEROAR	69	Outrage	moved from 64	R9	at its one-turn worth (112) it fits Barry's split; waits on the engine change
SPECIES_INCINEROAR	83	Fling	removed	past the League	nothing is placed past 78
SPECIES_INFERNAPE	29	Feint	removed	removed	leaves the game or every player list
SPECIES_IVYSAUR	1	Sweet Scent	moved from 23 to level 1	R7	a move Ian rates useless or terrible
SPECIES_JANGMO_O	9	Bide	removed	dead weight	a weak attack that goes from every list (2026-09-27)
SPECIES_JANGMO_O	13	Protect	removed	R24	out of every player list
SPECIES_JANGMO_O	37	Roar	removed	R18	Roar's use is on a wild catch, which this list's level never is; a catch would know it at level 1
SPECIES_JANGMO_O	61	Outrage	moved from 49	R9	at its one-turn worth (112) it fits Galactic's split; waits on the engine change
SPECIES_JELLICENT	1	Wring Out	removed	R7	a move Ian rates useless or terrible; a catch would know it at level 1
SPECIES_JELLICENT	1	Absorb	removed	dead weight	a weak attack that goes from every list (2026-09-27)
SPECIES_JELLICENT	1	Destiny Bond	moved from 45 to level 1	R26	bad for the player, good for a trainer's fight
SPECIES_JIRACHI	1	Healing Wish	moved from 50 to level 1	R26	bad for the player, good for a trainer's fight
SPECIES_JOLTEON	71	Thunder	removed	R37	under 90% accuracy, beside Discharge
SPECIES_JOLTIK	1	Absorb	removed	dead weight	a weak attack that goes from every list (2026-09-27)
SPECIES_JUMPLUFF	1	Splash	removed	removed	leaves the game or every player list
SPECIES_JUMPLUFF	1	Memento	moved from 52 to level 1	R26	bad for the player, good for a trainer's fight
SPECIES_JYNX	44	Wring Out	removed	R7	a move Ian rates useless or terrible; a catch would know it at level 1
SPECIES_JYNX	55	Blizzard	removed	R37	under 90% accuracy; Ice Beam takes its place
SPECIES_JYNX	55	Ice Beam	added	R37	in place of Blizzard
SPECIES_KABUTO	6	Absorb	removed	dead weight	a weak attack that goes from every list (2026-09-27)
SPECIES_KABUTO	51	Wring Out	removed	R7	a move Ian rates useless or terrible; a catch would know it at level 1
SPECIES_KABUTOPS	1	Feint	removed	removed	leaves the game or every player list
SPECIES_KABUTOPS	1	Absorb	removed	dead weight	a weak attack that goes from every list (2026-09-27)
SPECIES_KABUTOPS	6	Absorb	removed	dead weight	a weak attack that goes from every list (2026-09-27)
SPECIES_KABUTOPS	1	Wring Out	moved from 63 to level 1	R7	a move Ian rates useless or terrible
SPECIES_KADABRA	1	Teleport	removed	removed	leaves the game or every player list
SPECIES_KANGASKHAN	19	Mega Punch	removed	R37	under 90% accuracy; Double-Edge takes its place
SPECIES_KANGASKHAN	19	Double-Edge	added	R37	in place of Mega Punch
SPECIES_KANGASKHAN	22	Rage	removed	dead weight	a weak attack that goes from every list (2026-09-27)
SPECIES_KANGASKHAN	66	Outrage	moved from 37	R9	at its one-turn worth (112) it fits Volkner's split; waits on the engine change
SPECIES_KARTANA	30	Detect	removed	R24	out of every player list
SPECIES_KARTANA	70	Guillotine	removed	R24	out of every player list
SPECIES_KECLEON	4	Bind	removed	R37	under 90% accuracy; Body Slam takes its place
SPECIES_KECLEON	4	Body Slam	added	R37	in place of Bind
SPECIES_KECLEON	14	Feint	removed	removed	leaves the game or every player list
SPECIES_KINGDRA	40	Hydro Pump	removed	R37	under 90% accuracy; Octazooka takes its place
SPECIES_KINGDRA	40	Octazooka	added	R37	in place of Hydro Pump
SPECIES_KINGLER	1	Mud Sport	removed	R7	a move Ian rates useless or terrible; a catch would know it at level 1
SPECIES_KINGLER	32	Protect	removed	R24	out of every player list
SPECIES_KINGLER	37	Guillotine	removed	R24	out of every player list
SPECIES_KIRLIA	1	Double Team	removed	R24	out of every player list
SPECIES_KIRLIA	1	Teleport	removed	removed	leaves the game or every player list
SPECIES_KIRLIA	10	Double Team	removed	R24	out of every player list
SPECIES_KIRLIA	12	Teleport	removed	removed	leaves the game or every player list
SPECIES_KLEAVOR	48	Stone Edge	removed	R37	under 90% accuracy; Rock Slide takes its place
SPECIES_KLEAVOR	48	Rock Slide	added	R37	in place of Stone Edge
SPECIES_KLEFKI	1	Fairy Lock	removed	removed	leaves the game or every player list
SPECIES_KOFFING	1	Selfdestruct	moved from 19 to level 1	R26	bad for the player, good for a trainer's fight
SPECIES_KOFFING	28	Haze	removed	R7	a move Ian rates useless or terrible; a catch would know it at level 1
SPECIES_KOFFING	1	Explosion	moved from 37 to level 1	R26	bad for the player, good for a trainer's fight
SPECIES_KOFFING	1	Destiny Bond	moved from 46 to level 1	R26	bad for the player, good for a trainer's fight
SPECIES_KOFFING	1	Memento	moved from 51 to level 1	R26	bad for the player, good for a trainer's fight
SPECIES_KOMMO_O	9	Bide	removed	dead weight	a weak attack that goes from every list (2026-09-27)
SPECIES_KOMMO_O	13	Protect	removed	R24	out of every player list
SPECIES_KOMMO_O	1	Roar	moved from 39 to level 1	R18	Roar's use is on a wild catch, which this list's level never is
SPECIES_KRABBY	1	Mud Sport	removed	R7	a move Ian rates useless or terrible; a catch would know it at level 1
SPECIES_KRABBY	29	Protect	removed	R24	out of every player list
SPECIES_KRABBY	31	Guillotine	removed	R24	out of every player list
SPECIES_KRICKETOT	1	Bide	removed	dead weight	a weak attack that goes from every list (2026-09-27)
SPECIES_KRICKETUNE	1	Bide	removed	dead weight	a weak attack that goes from every list (2026-09-27)
SPECIES_KYOGRE	45	Hydro Pump	removed	R37	under 90% accuracy; Origin Pulse takes its place
SPECIES_KYOGRE	45	Origin Pulse	added	R37	in place of Hydro Pump
SPECIES_KYOGRE	60	Sheer Cold	removed	R24	out of every player list
SPECIES_KYOGRE	80	Water Spout	removed	past the League	nothing is placed past 78
SPECIES_LAIRON	1	Roar	moved from 22 to level 1	R18	Roar's use is on a wild catch, which this list's level never is
SPECIES_LAIRON	34	Protect	removed	R24	out of every player list
SPECIES_LAIRON	45	Iron Tail	removed	R37	under 90% accuracy, beside Iron Head
SPECIES_LAMPENT	1	Memento	moved from 40 to level 1	R26	bad for the player, good for a trainer's fight
SPECIES_LANTURN	52	Hydro Pump	removed	R37	under 90% accuracy; Muddy Water takes its place
SPECIES_LANTURN	52	Muddy Water	added	R37	in place of Hydro Pump
SPECIES_LAPRAS	49	Hydro Pump	removed	R37	under 90% accuracy; Muddy Water takes its place
SPECIES_LAPRAS	49	Muddy Water	added	R37	in place of Hydro Pump
SPECIES_LAPRAS	55	Sheer Cold	removed	R24	out of every player list
SPECIES_LARVESTA	82	Flare Blitz	removed	past the League	nothing is placed past 78
SPECIES_LARVITAR	61	Thrash	moved from 23	R9	at its one-turn worth (102) it fits Galactic's split; waits on the engine change
SPECIES_LARVITAR	46	Stone Edge	removed	R37	under 90% accuracy, beside Rock Slide
SPECIES_LATIAS	1	Healing Wish	moved from 60 to level 1	R26	bad for the player, good for a trainer's fight
SPECIES_LATIOS	25	Protect	removed	R24	out of every player list
SPECIES_LATIOS	1	Memento	moved from 60 to level 1	R26	bad for the player, good for a trainer's fight
SPECIES_LEDIAN	9	Comet Punch	removed	R37	under 90% accuracy, beside Double-Edge
SPECIES_LEDYBA	9	Comet Punch	removed	R37	under 90% accuracy, beside Double-Edge
SPECIES_LICKILICKY	17	Wrap	removed	dead weight	a weak attack that goes from every list (2026-09-27)
SPECIES_LICKILICKY	1	Me First	moved from 37 to level 1	R7	calls a random or borrowed move, too random like Metronome
SPECIES_LICKILICKY	49	Power Whip	kept for Ian	R37	under 90% accuracy, no accurate twin fits
SPECIES_LICKILICKY	1	Wring Out	moved from 53 to level 1	R7	a move Ian rates useless or terrible
SPECIES_LICKITUNG	17	Wrap	removed	dead weight	a weak attack that goes from every list (2026-09-27)
SPECIES_LICKITUNG	37	Me First	removed	R7	calls a random or borrowed move, too random like Metronome; a catch would know it at level 1
SPECIES_LICKITUNG	49	Power Whip	kept for Ian	R37	under 90% accuracy, no accurate twin fits
SPECIES_LICKITUNG	53	Wring Out	removed	R7	a move Ian rates useless or terrible; a catch would know it at level 1
SPECIES_LIEPARD	6	Assist	removed	R7	calls a random or borrowed move, too random like Metronome; a catch would know it at level 1
SPECIES_LILEEP	1	Constrict	removed	dead weight	a weak attack that goes from every list (2026-09-27)
SPECIES_LILEEP	15	Ingrain	removed	R24	out of every player list
SPECIES_LILEEP	64	Wring Out	removed	R7	a move Ian rates useless or terrible; a catch would know it at level 1
SPECIES_LINOONE	1	Mud Sport	moved from 23 to level 1	R7	a move Ian rates useless or terrible
SPECIES_LITTEN	66	Outrage	moved from 56	R9	at its one-turn worth (112) it fits Volkner's split; waits on the engine change
SPECIES_LITWICK	1	Memento	moved from 40 to level 1	R26	bad for the player, good for a trainer's fight
SPECIES_LOMBRE	5	Absorb	removed	dead weight	a weak attack that goes from every list (2026-09-27)
SPECIES_LOMBRE	7	Nature Power	removed	R7	calls a random or borrowed move, too random like Metronome; a catch would know it at level 1
SPECIES_LOMBRE	45	Hydro Pump	removed	R37	under 90% accuracy; Muddy Water takes its place
SPECIES_LOMBRE	45	Muddy Water	added	R37	in place of Hydro Pump
SPECIES_LOPUNNY	1	Splash	removed	removed	leaves the game or every player list
SPECIES_LOPUNNY	1	Healing Wish	moved from 53 to level 1	R26	bad for the player, good for a trainer's fight
SPECIES_LOPUNNY_M	1	Splash	removed	removed	leaves the game or every player list
SPECIES_LOPUNNY_M	1	Copycat	moved from 42 to level 1	R7	calls a random or borrowed move, too random like Metronome
SPECIES_LOPUNNY_M	83	Encore	removed	past the League	nothing is placed past 78
SPECIES_LOTAD	5	Absorb	removed	dead weight	a weak attack that goes from every list (2026-09-27)
SPECIES_LOTAD	7	Nature Power	removed	R7	calls a random or borrowed move, too random like Metronome; a catch would know it at level 1
SPECIES_LOUDRED	1	Roar	moved from 43 to level 1	R18	Roar's use is on a wild catch, which this list's level never is
SPECIES_LOUDRED	1	Sleep Talk	moved from 51 to level 1	R7	calls a random or borrowed move, too random like Metronome
SPECIES_LUCARIO	1	Detect	removed	R24	out of every player list
SPECIES_LUCARIO	15	Feint	removed	removed	leaves the game or every player list
SPECIES_LUCARIO	1	Me First	moved from 29 to level 1	R7	calls a random or borrowed move, too random like Metronome
SPECIES_LUGIA	29	Hydro Pump	removed	R37	under 90% accuracy; Surf takes its place
SPECIES_LUGIA	29	Surf	added	R37	in place of Hydro Pump
SPECIES_LUGIA	37	Rain Dance	removed	weather	the player never controls weather
SPECIES_LUGIA	79	Future Sight	removed	past the League	nothing is placed past 78
SPECIES_LUGIA	93	Calm Mind	removed	past the League	nothing is placed past 78
SPECIES_LUGIA	99	Sky Attack	removed	past the League	nothing is placed past 78
SPECIES_LUNATONE	1	Explosion	moved from 56 to level 1	R26	bad for the player, good for a trainer's fight
SPECIES_LURANTIS	1	Ingrain	removed	R24	out of every player list
SPECIES_LURANTIS	19	Ingrain	removed	R24	out of every player list
SPECIES_LURANTIS	29	Sweet Scent	removed	R7	a move Ian rates useless or terrible; a catch would know it at level 1
SPECIES_LUXIO	1	Roar	moved from 23 to level 1	R18	Roar's use is on a wild catch, which this list's level never is
SPECIES_LUXRAY	1	Submission	removed	dead weight	a weak attack that goes from every list (2026-09-27)
SPECIES_MACHAMP	32	Submission	removed	dead weight	a weak attack that goes from every list (2026-09-27)
SPECIES_MACHAMP	40	Cross Chop	removed	R37	under 90% accuracy; Close Combat takes its place
SPECIES_MACHAMP	40	Close Combat	added	R37	in place of Cross Chop
SPECIES_MACHAMP	51	DynamicPunch	removed	R37	under 90% accuracy, beside Close Combat
SPECIES_MACHOKE	32	Submission	removed	dead weight	a weak attack that goes from every list (2026-09-27)
SPECIES_MACHOKE	40	Cross Chop	removed	R37	under 90% accuracy; Close Combat takes its place
SPECIES_MACHOKE	40	Close Combat	added	R37	in place of Cross Chop
SPECIES_MACHOKE	51	DynamicPunch	removed	R37	under 90% accuracy, beside Close Combat
SPECIES_MACHOP	31	Submission	removed	dead weight	a weak attack that goes from every list (2026-09-27)
SPECIES_MACHOP	37	Cross Chop	removed	R37	under 90% accuracy; Close Combat takes its place
SPECIES_MACHOP	37	Close Combat	added	R37	in place of Cross Chop
SPECIES_MACHOP	46	DynamicPunch	removed	R37	under 90% accuracy, beside Close Combat
SPECIES_MAGBY	46	Fire Blast	removed	R37	under 90% accuracy; Overheat takes its place
SPECIES_MAGBY	46	Overheat	added	R37	in place of Fire Blast
SPECIES_MAGEARNA	24	Magnetic Flux	removed	removed	leaves the game or every player list
SPECIES_MAGEARNA	84	Zap Cannon	removed	past the League	nothing is placed past 78
SPECIES_MAGEARNA	90	Fleur Cannon	removed	past the League	nothing is placed past 78
SPECIES_MAGIKARP	1	Splash	removed	removed	leaves the game or every player list
SPECIES_MAGMAR	54	Fire Blast	removed	R37	under 90% accuracy; Overheat takes its place
SPECIES_MAGMAR	54	Overheat	added	R37	in place of Fire Blast
SPECIES_MAGMORTAR	58	Fire Blast	removed	R37	under 90% accuracy; Overheat takes its place
SPECIES_MAGMORTAR	58	Overheat	added	R37	in place of Fire Blast
SPECIES_MAGNEMITE	54	Zap Cannon	removed	R37	under 90% accuracy; Thunderbolt takes its place
SPECIES_MAGNEMITE	54	Thunderbolt	added	R37	in place of Zap Cannon
SPECIES_MAGNETON	60	Zap Cannon	removed	R37	under 90% accuracy; Thunderbolt takes its place
SPECIES_MAGNETON	60	Thunderbolt	added	R37	in place of Zap Cannon
SPECIES_MAGNEZONE	60	Zap Cannon	removed	R37	under 90% accuracy; Thunderbolt takes its place
SPECIES_MAGNEZONE	60	Thunderbolt	added	R37	in place of Zap Cannon
SPECIES_MAMOSWINE	1	Mud Sport	moved from 4 to level 1	R7	a move Ian rates useless or terrible
SPECIES_MAMOSWINE	56	Blizzard	removed	R37	under 90% accuracy; Ice Beam takes its place
SPECIES_MAMOSWINE	56	Ice Beam	added	R37	in place of Blizzard
SPECIES_MANDIBUZZ	1	Fury Attack	removed	removed	leaves the game or every player list
SPECIES_MANDIBUZZ	5	Fury Attack	removed	removed	leaves the game or every player list
SPECIES_MANDIBUZZ	1	Whirlwind	moved from 45 to level 1	R18	Roar's use is on a wild catch, which this list's level never is
SPECIES_MANECTRIC	1	Roar	moved from 42 to level 1	R18	Roar's use is on a wild catch, which this list's level never is
SPECIES_MANECTRIC	61	Thunder	removed	R37	under 90% accuracy; Thunderbolt takes its place
SPECIES_MANECTRIC	61	Thunderbolt	added	R37	in place of Thunder
SPECIES_MANKEY	37	Cross Chop	removed	R37	under 90% accuracy, beside Close Combat
SPECIES_MANKEY	61	Thrash	moved from 41	R9	at its one-turn worth (102) it fits Galactic's split; waits on the engine change
SPECIES_MANTINE	49	Hydro Pump	removed	R37	under 90% accuracy; Scald takes its place
SPECIES_MANTINE	49	Scald	added	R37	in place of Hydro Pump
SPECIES_MANTYKE	49	Hydro Pump	removed	R37	under 90% accuracy; Scald takes its place
SPECIES_MANTYKE	49	Scald	added	R37	in place of Hydro Pump
SPECIES_MAREEP	46	Thunder	removed	R37	under 90% accuracy; Thunderbolt takes its place
SPECIES_MAREEP	46	Thunderbolt	added	R37	in place of Thunder
SPECIES_MARILL	42	Hydro Pump	removed	R37	under 90% accuracy; Muddy Water takes its place
SPECIES_MARILL	42	Muddy Water	added	R37	in place of Hydro Pump
SPECIES_MAROWAK	7	Bone Club	removed	R37	under 90% accuracy; Earthquake takes its place
SPECIES_MAROWAK	7	Earthquake	added	R37	in place of Bone Club
SPECIES_MAROWAK	23	Rage	removed	dead weight	a weak attack that goes from every list (2026-09-27)
SPECIES_MAROWAK	61	Thrash	moved from 33	R9	at its one-turn worth (102) it fits Galactic's split; waits on the engine change
SPECIES_MARSHTOMP	15	Bide	removed	dead weight	a weak attack that goes from every list (2026-09-27)
SPECIES_MARSHTOMP	42	Protect	removed	R24	out of every player list
SPECIES_MASQUERAIN	1	Sweet Scent	removed	R7	a move Ian rates useless or terrible; a catch would know it at level 1
SPECIES_MASQUERAIN	13	Sweet Scent	removed	R7	a move Ian rates useless or terrible; a catch would know it at level 1
SPECIES_MASQUERAIN	54	Whirlwind	removed	R18	Roar's use is on a wild catch, which this list's level never is; a catch would know it at level 1
SPECIES_MAWILE	16	Sweet Scent	removed	R7	a move Ian rates useless or terrible; a catch would know it at level 1
SPECIES_MEDICHAM	1	Bide	removed	dead weight	a weak attack that goes from every list (2026-09-27)
SPECIES_MEDICHAM	1	Detect	removed	R24	out of every player list
SPECIES_MEDICHAM	11	Detect	removed	R24	out of every player list
SPECIES_MEDICHAM	22	Feint	removed	removed	leaves the game or every player list
SPECIES_MEDITITE	1	Bide	removed	dead weight	a weak attack that goes from every list (2026-09-27)
SPECIES_MEDITITE	11	Detect	removed	R24	out of every player list
SPECIES_MEDITITE	22	Feint	removed	removed	leaves the game or every player list
SPECIES_MEGANIUM	45	Petal Dance	moved from 32	R9	at its one-turn worth (100) it fits Byron's split; waits on the engine change
SPECIES_MEGANIUM	1	Sweet Scent	moved from 34 to level 1	R7	a move Ian rates useless or terrible
SPECIES_MELOETTA	85	Perish Song	removed	past the League	nothing is placed past 78
SPECIES_MEOWTH	54	Feint	removed	removed	leaves the game or every player list
SPECIES_MESPRIT	16	Protect	removed	R24	out of every player list
SPECIES_MESPRIT	1	Copycat	moved from 61 to level 1	R7	calls a random or borrowed move, too random like Metronome
SPECIES_MESPRIT	1	Healing Wish	moved from 76 to level 1	R26	bad for the player, good for a trainer's fight
SPECIES_MEW	10	Mega Punch	removed	R37	under 90% accuracy; Double-Edge takes its place
SPECIES_MEW	10	Double-Edge	added	R37	in place of Mega Punch
SPECIES_MEW	1	Metronome	moved from 20 to level 1	R7	a move Ian rates useless or terrible
SPECIES_MEW	1	Me First	moved from 70 to level 1	R7	calls a random or borrowed move, too random like Metronome
SPECIES_MEW	80	Baton Pass	removed	past the League	nothing is placed past 78
SPECIES_MEW	90	Nasty Plot	removed	past the League	nothing is placed past 78
SPECIES_MEW	100	Aura Sphere	removed	past the League	nothing is placed past 78
SPECIES_MEWTWO	1	Me First	moved from 79 to level 1	R7	calls a random or borrowed move, too random like Metronome
SPECIES_MEWTWO	86	Recover	removed	past the League	nothing is placed past 78
SPECIES_MEWTWO	93	Safeguard	removed	past the League	nothing is placed past 78
SPECIES_MEWTWO	100	Aura Sphere	removed	past the League	nothing is placed past 78
SPECIES_MIENFOO	40	Me First	removed	R7	calls a random or borrowed move, too random like Metronome; a catch would know it at level 1
SPECIES_MIENFOO	50	Focus Blast	removed	R37	under 90% accuracy, beside Aura Sphere
SPECIES_MIENSHAO	40	Me First	removed	R7	calls a random or borrowed move, too random like Metronome; a catch would know it at level 1
SPECIES_MIENSHAO	51	Focus Blast	removed	R37	under 90% accuracy, beside Aura Sphere
SPECIES_MILOTIC	1	Wrap	removed	dead weight	a weak attack that goes from every list (2026-09-27)
SPECIES_MILOTIC	37	Hydro Pump	removed	R37	under 90% accuracy; Surf takes its place
SPECIES_MILOTIC	37	Surf	added	R37	in place of Hydro Pump
SPECIES_MILTANK	15	Bide	removed	dead weight	a weak attack that goes from every list (2026-09-27)
SPECIES_MIME_JR	4	Copycat	removed	R7	calls a random or borrowed move, too random like Metronome; a catch would know it at level 1
SPECIES_MINUN	24	Copycat	removed	R7	calls a random or borrowed move, too random like Metronome; a catch would know it at level 1
SPECIES_MINUN	38	Thunder	removed	R37	under 90% accuracy; Thunderbolt takes its place
SPECIES_MINUN	38	Thunderbolt	added	R37	in place of Thunder
SPECIES_MISDREAVUS	46	Grudge	removed	R7	a move Ian rates useless or terrible; a catch would know it at level 1
SPECIES_MONFERNO	26	Feint	removed	removed	leaves the game or every player list
SPECIES_MOTHIM	10	Protect	removed	R24	out of every player list
SPECIES_MR_MIME	1	Copycat	moved from 4 to level 1	R7	calls a random or borrowed move, too random like Metronome
SPECIES_MR_RIME	1	Protect	removed	R24	out of every player list
SPECIES_MR_RIME	1	Misty Terrain	removed	removed	leaves the game or every player list
SPECIES_MR_RIME	16	Ally Switch	removed	removed	leaves the game or every player list
SPECIES_MUDKIP	15	Bide	removed	dead weight	a weak attack that goes from every list (2026-09-27)
SPECIES_MUDKIP	24	Mud Sport	removed	R7	a move Ian rates useless or terrible; a catch would know it at level 1
SPECIES_MUDKIP	37	Protect	removed	R24	out of every player list
SPECIES_MUDKIP	42	Hydro Pump	removed	R37	under 90% accuracy; Muddy Water takes its place
SPECIES_MUDKIP	42	Muddy Water	added	R37	in place of Hydro Pump
SPECIES_MUK	54	Gunk Shot	kept for Ian	R37	under 90% accuracy, no accurate twin fits
SPECIES_MUK	1	Memento	moved from 65 to level 1	R26	bad for the player, good for a trainer's fight
SPECIES_MUNCHLAX	1	Metronome	removed	R7	a move Ian rates useless or terrible; a catch would know it at level 1
SPECIES_MURKROW	11	Haze	removed	R7	a move Ian rates useless or terrible; a catch would know it at level 1
SPECIES_NACLI	45	Stone Edge	removed	R37	under 90% accuracy, beside Rock Slide
SPECIES_NACLSTACK	51	Stone Edge	removed	R37	under 90% accuracy, beside Rock Slide
SPECIES_NAGANADEL	7	Fury Attack	removed	removed	leaves the game or every player list
SPECIES_NATU	9	Teleport	removed	removed	leaves the game or every player list
SPECIES_NATU	1	Me First	moved from 20 to level 1	R7	calls a random or borrowed move, too random like Metronome
SPECIES_NIDOKING	66	Thrash	moved from 23	R9	at its one-turn worth (102) it fits Volkner's split; waits on the engine change
SPECIES_NIDOKING	58	Megahorn	kept for Ian	R37	under 90% accuracy, no accurate twin fits
SPECIES_NIDORAN_M	19	Fury Attack	removed	removed	leaves the game or every player list
SPECIES_NIDORAN_M	45	Horn Drill	removed	R24	out of every player list
SPECIES_NIDORINO	20	Fury Attack	removed	removed	leaves the game or every player list
SPECIES_NIDORINO	58	Horn Drill	removed	R24	out of every player list
SPECIES_NIHILEGO	1	Wrap	removed	dead weight	a weak attack that goes from every list (2026-09-27)
SPECIES_NIHILEGO	70	Head Smash	kept for Ian	R37	under 90% accuracy, no accurate twin fits
SPECIES_NINJASK	20	Double Team	removed	R24	out of every player list
SPECIES_NOSEPASS	61	Stone Edge	removed	R37	under 90% accuracy, beside Rock Slide
SPECIES_NOSEPASS	67	Zap Cannon	removed	R37	under 90% accuracy, beside Discharge
SPECIES_NOSEPASS	79	Earth Power	removed	past the League	nothing is placed past 78
SPECIES_NUZLEAF	13	Nature Power	removed	R7	calls a random or borrowed move, too random like Metronome; a catch would know it at level 1
SPECIES_NUZLEAF	37	Razor Wind	removed	dead weight	a weak attack that goes from every list (2026-09-27)
SPECIES_OCTILLERY	1	Constrict	removed	dead weight	a weak attack that goes from every list (2026-09-27)
SPECIES_OCTILLERY	6	Constrict	removed	dead weight	a weak attack that goes from every list (2026-09-27)
SPECIES_OCTILLERY	36	Wring Out	removed	R7	a move Ian rates useless or terrible; a catch would know it at level 1
SPECIES_ODDISH	1	Absorb	removed	dead weight	a weak attack that goes from every list (2026-09-27)
SPECIES_ODDISH	1	Sweet Scent	moved from 5 to level 1	R7	a move Ian rates useless or terrible
SPECIES_ODDISH	45	Petal Dance	moved from 41	R9	at its one-turn worth (100) it fits Byron's split; waits on the engine change
SPECIES_OMANYTE	1	Constrict	removed	dead weight	a weak attack that goes from every list (2026-09-27)
SPECIES_OMANYTE	34	Protect	removed	R24	out of every player list
SPECIES_OMANYTE	52	Hydro Pump	removed	R37	under 90% accuracy; Muddy Water takes its place
SPECIES_OMANYTE	52	Muddy Water	added	R37	in place of Hydro Pump
SPECIES_OMASTAR	1	Constrict	removed	dead weight	a weak attack that goes from every list (2026-09-27)
SPECIES_OMASTAR	34	Protect	removed	R24	out of every player list
SPECIES_OMASTAR	67	Hydro Pump	removed	R37	under 90% accuracy; Muddy Water takes its place
SPECIES_OMASTAR	67	Muddy Water	added	R37	in place of Hydro Pump
SPECIES_ONIX	1	Mud Sport	removed	R7	a move Ian rates useless or terrible; a catch would know it at level 1
SPECIES_ONIX	14	Rage	removed	dead weight	a weak attack that goes from every list (2026-09-27)
SPECIES_ONIX	41	Iron Tail	removed	R37	under 90% accuracy; Iron Head takes its place
SPECIES_ONIX	41	Iron Head	added	R37	in place of Iron Tail
SPECIES_ONIX	54	Stone Edge	removed	R37	under 90% accuracy; Rock Slide takes its place
SPECIES_ONIX	54	Rock Slide	added	R37	in place of Stone Edge
SPECIES_PACHIRISU	1	Bide	removed	dead weight	a weak attack that goes from every list (2026-09-27)
SPECIES_PALKIA	80	Aqua Tail	removed	past the League	nothing is placed past 78
SPECIES_PALKIA	90	Aura Sphere	removed	past the League	nothing is placed past 78
SPECIES_PALOSSAND	1	Absorb	removed	dead weight	a weak attack that goes from every list (2026-09-27)
SPECIES_PELIPPER	25	Protect	removed	R24	out of every player list
SPECIES_PELIPPER	57	Hydro Pump	removed	R37	under 90% accuracy; Muddy Water takes its place
SPECIES_PELIPPER	57	Muddy Water	added	R37	in place of Hydro Pump
SPECIES_PERSIAN	68	Feint	removed	removed	leaves the game or every player list
SPECIES_PHEROMOSA	1	Feint	removed	removed	leaves the game or every player list
SPECIES_PHEROMOSA	55	Speed Swap	removed	removed	leaves the game or every player list
SPECIES_PHIONE	69	Rain Dance	removed	weather	the player never controls weather
SPECIES_PIDGEOT	1	Whirlwind	moved from 17 to level 1	R18	Roar's use is on a wild catch, which this list's level never is
SPECIES_PIDGEOTTO	1	Whirlwind	moved from 17 to level 1	R18	Roar's use is on a wild catch, which this list's level never is
SPECIES_PIDGEY	1	Whirlwind	moved from 17 to level 1	R18	Roar's use is on a wild catch, which this list's level never is
SPECIES_PIKACHU	18	Double Team	removed	R24	out of every player list
SPECIES_PIKACHU	29	Feint	removed	removed	leaves the game or every player list
SPECIES_PIKACHU	45	Thunder	removed	R37	under 90% accuracy, beside Thunderbolt
SPECIES_PIKIPEK	21	Fury Attack	removed	removed	leaves the game or every player list
SPECIES_PILOSWINE	1	Mud Sport	moved from 4 to level 1	R7	a move Ian rates useless or terrible
SPECIES_PILOSWINE	33	Fury Attack	removed	removed	leaves the game or every player list
SPECIES_PILOSWINE	56	Blizzard	removed	R37	under 90% accuracy; Ice Beam takes its place
SPECIES_PILOSWINE	56	Ice Beam	added	R37	in place of Blizzard
SPECIES_PINECO	1	Protect	removed	R24	out of every player list
SPECIES_PINECO	1	Selfdestruct	moved from 6 to level 1	R26	bad for the player, good for a trainer's fight
SPECIES_PINECO	20	Bide	removed	dead weight	a weak attack that goes from every list (2026-09-27)
SPECIES_PINECO	1	Explosion	moved from 34 to level 1	R26	bad for the player, good for a trainer's fight
SPECIES_PINSIR	4	Bind	removed	R37	under 90% accuracy; Body Slam takes its place
SPECIES_PINSIR	4	Body Slam	added	R37	in place of Bind
SPECIES_PINSIR	66	Thrash	moved from 35	R9	at its one-turn worth (102) it fits Volkner's split; waits on the engine change
SPECIES_PINSIR	42	Submission	removed	dead weight	a weak attack that goes from every list (2026-09-27)
SPECIES_PINSIR	47	Guillotine	removed	R24	out of every player list
SPECIES_PIPLUP	22	Bide	removed	dead weight	a weak attack that goes from every list (2026-09-27)
SPECIES_PIPLUP	25	Fury Attack	removed	removed	leaves the game or every player list
SPECIES_PIPLUP	43	Hydro Pump	removed	R37	under 90% accuracy; Surf takes its place
SPECIES_PIPLUP	43	Surf	added	R37	in place of Hydro Pump
SPECIES_PLUSLE	24	Copycat	removed	R7	calls a random or borrowed move, too random like Metronome; a catch would know it at level 1
SPECIES_PLUSLE	38	Thunder	removed	R37	under 90% accuracy; Thunderbolt takes its place
SPECIES_PLUSLE	38	Thunderbolt	added	R37	in place of Thunder
SPECIES_POIPOLE	7	Fury Attack	removed	removed	leaves the game or every player list
SPECIES_POLIWAG	38	Hydro Pump	removed	R37	under 90% accuracy; Muddy Water takes its place
SPECIES_POLIWAG	38	Muddy Water	added	R37	in place of Hydro Pump
SPECIES_POLIWHIRL	48	Hydro Pump	removed	R37	under 90% accuracy; Muddy Water takes its place
SPECIES_POLIWHIRL	48	Muddy Water	added	R37	in place of Hydro Pump
SPECIES_POLIWRATH	1	Submission	removed	dead weight	a weak attack that goes from every list (2026-09-27)
SPECIES_POLIWRATH	43	DynamicPunch	removed	R37	under 90% accuracy; Brick Break takes its place
SPECIES_POLIWRATH	43	Brick Break	added	R37	in place of DynamicPunch
SPECIES_POLTEAGEIST	1	Aromatic Mist	removed	removed	leaves the game or every player list
SPECIES_POLTEAGEIST	18	Protect	removed	R24	out of every player list
SPECIES_POLTEAGEIST	1	Memento	moved from 54 to level 1	R26	bad for the player, good for a trainer's fight
SPECIES_PONYTA	37	Fire Blast	removed	R37	under 90% accuracy; Heat Wave takes its place
SPECIES_PONYTA	37	Heat Wave	added	R37	in place of Fire Blast
SPECIES_POOCHYENA	21	Roar	removed	R18	Roar's use is on a wild catch, which this list's level never is; a catch would know it at level 1
SPECIES_POPPLIO	63	Hydro Pump	removed	R37	under 90% accuracy; Sparkling Aria takes its place
SPECIES_POPPLIO	63	Sparkling Aria	added	R37	in place of Hydro Pump
SPECIES_PORYGON	62	Zap Cannon	removed	R37	under 90% accuracy, beside Discharge
SPECIES_PORYGON2	62	Zap Cannon	removed	R37	under 90% accuracy, beside Discharge
SPECIES_PORYGON_Z	62	Zap Cannon	removed	R37	under 90% accuracy, beside Discharge
SPECIES_PRIMARINA	70	Hydro Pump	removed	R37	under 90% accuracy, beside Sparkling Aria
SPECIES_PRIMEAPE	28	Rage	removed	dead weight	a weak attack that goes from every list (2026-09-27)
SPECIES_PRIMEAPE	41	Cross Chop	removed	R37	under 90% accuracy, beside Close Combat
SPECIES_PRIMEAPE	66	Thrash	moved from 47	R9	at its one-turn worth (102) it fits Volkner's split; waits on the engine change
SPECIES_PRINPLUP	24	Bide	removed	dead weight	a weak attack that goes from every list (2026-09-27)
SPECIES_PRINPLUP	28	Fury Attack	removed	removed	leaves the game or every player list
SPECIES_PRINPLUP	51	Hydro Pump	removed	R37	under 90% accuracy; Surf takes its place
SPECIES_PRINPLUP	51	Surf	added	R37	in place of Hydro Pump
SPECIES_PROBOPASS	61	Stone Edge	removed	R37	under 90% accuracy, beside Rock Slide
SPECIES_PROBOPASS	67	Zap Cannon	removed	R37	under 90% accuracy, beside Discharge
SPECIES_PROBOPASS	79	Earth Power	removed	past the League	nothing is placed past 78
SPECIES_PSYDUCK	48	Hydro Pump	removed	R37	under 90% accuracy; Muddy Water takes its place
SPECIES_PSYDUCK	48	Muddy Water	added	R37	in place of Hydro Pump
SPECIES_PUPITAR	61	Thrash	moved from 23	R9	at its one-turn worth (102) it fits Galactic's split; waits on the engine change
SPECIES_PUPITAR	54	Stone Edge	removed	R37	under 90% accuracy, beside Rock Slide
SPECIES_PURRLOIN	6	Assist	removed	R7	calls a random or borrowed move, too random like Metronome; a catch would know it at level 1
SPECIES_PURUGLY	29	Assist	removed	R7	calls a random or borrowed move, too random like Metronome; a catch would know it at level 1
SPECIES_QUAGSIRE	1	Mud Sport	removed	R7	a move Ian rates useless or terrible; a catch would know it at level 1
SPECIES_QUAGSIRE	5	Mud Sport	removed	R7	a move Ian rates useless or terrible; a catch would know it at level 1
SPECIES_QUAGSIRE	48	Haze	removed	R7	a move Ian rates useless or terrible; a catch would know it at level 1
SPECIES_QWILFISH	1	Destiny Bond	moved from 53 to level 1	R26	bad for the player, good for a trainer's fight
SPECIES_QWILFISH	57	Hydro Pump	removed	R37	under 90% accuracy; Surf takes its place
SPECIES_QWILFISH	57	Surf	added	R37	in place of Hydro Pump
SPECIES_RAIKOU	1	Roar	moved from 15 to level 1	R18	Roar's use is on a wild catch, which this list's level never is
SPECIES_RAIKOU	71	Rain Dance	removed	weather	the player never controls weather
SPECIES_RAIKOU	85	Thunder	removed	past the League	nothing is placed past 78
SPECIES_RALTS	10	Double Team	removed	R24	out of every player list
SPECIES_RALTS	12	Teleport	removed	removed	leaves the game or every player list
SPECIES_RAMPARDOS	52	Head Smash	kept for Ian	R37	under 90% accuracy, no accurate twin fits
SPECIES_RAPIDASH	37	Fire Blast	removed	R37	under 90% accuracy; Heat Wave takes its place
SPECIES_RAPIDASH	37	Heat Wave	added	R37	in place of Fire Blast
SPECIES_RAPIDASH	40	Fury Attack	removed	removed	leaves the game or every player list
SPECIES_RAYQUAZA	80	Outrage	removed	past the League	nothing is placed past 78
SPECIES_REGICE	65	Zap Cannon	removed	R37	under 90% accuracy; Thunderbolt takes its place
SPECIES_REGICE	65	Thunderbolt	added	R37	in place of Zap Cannon
SPECIES_REGICE	81	Hammer Arm	removed	past the League	nothing is placed past 78
SPECIES_REGICE	89	Hyper Beam	removed	past the League	nothing is placed past 78
SPECIES_REGIGIGAS	100	Giga Impact	removed	past the League	nothing is placed past 78
SPECIES_REGIROCK	65	Zap Cannon	removed	R37	under 90% accuracy; Thunderbolt takes its place
SPECIES_REGIROCK	65	Thunderbolt	added	R37	in place of Zap Cannon
SPECIES_REGIROCK	73	Stone Edge	removed	R37	under 90% accuracy; Rock Slide takes its place
SPECIES_REGIROCK	73	Rock Slide	added	R37	in place of Stone Edge
SPECIES_REGIROCK	81	Hammer Arm	removed	past the League	nothing is placed past 78
SPECIES_REGIROCK	89	Hyper Beam	removed	past the League	nothing is placed past 78
SPECIES_REGISTEEL	65	Zap Cannon	removed	R37	under 90% accuracy; Thunderbolt takes its place
SPECIES_REGISTEEL	65	Thunderbolt	added	R37	in place of Zap Cannon
SPECIES_REGISTEEL	81	Hammer Arm	removed	past the League	nothing is placed past 78
SPECIES_REGISTEEL	89	Hyper Beam	removed	past the League	nothing is placed past 78
SPECIES_RELICANTH	36	Mud Sport	removed	R7	a move Ian rates useless or terrible; a catch would know it at level 1
SPECIES_RELICANTH	71	Hydro Pump	removed	R37	under 90% accuracy; Muddy Water takes its place
SPECIES_RELICANTH	71	Muddy Water	added	R37	in place of Hydro Pump
SPECIES_RELICANTH	78	Head Smash	kept for Ian	R37	under 90% accuracy, no accurate twin fits
SPECIES_RHYDON	1	Fury Attack	removed	removed	leaves the game or every player list
SPECIES_RHYDON	13	Fury Attack	removed	removed	leaves the game or every player list
SPECIES_RHYDON	37	Horn Drill	removed	R24	out of every player list
SPECIES_RHYDON	45	Stone Edge	removed	R37	under 90% accuracy; Rock Slide takes its place
SPECIES_RHYDON	45	Rock Slide	added	R37	in place of Stone Edge
SPECIES_RHYDON	57	Megahorn	kept for Ian	R37	under 90% accuracy, no accurate twin fits
SPECIES_RHYHORN	13	Fury Attack	removed	removed	leaves the game or every player list
SPECIES_RHYHORN	37	Horn Drill	removed	R24	out of every player list
SPECIES_RHYHORN	45	Stone Edge	removed	R37	under 90% accuracy; Rock Slide takes its place
SPECIES_RHYHORN	45	Rock Slide	added	R37	in place of Stone Edge
SPECIES_RHYHORN	57	Megahorn	kept for Ian	R37	under 90% accuracy, no accurate twin fits
SPECIES_RHYPERIOR	1	Fury Attack	removed	removed	leaves the game or every player list
SPECIES_RHYPERIOR	13	Fury Attack	removed	removed	leaves the game or every player list
SPECIES_RHYPERIOR	37	Horn Drill	removed	R24	out of every player list
SPECIES_RHYPERIOR	45	Stone Edge	removed	R37	under 90% accuracy; Rock Slide takes its place
SPECIES_RHYPERIOR	45	Rock Slide	added	R37	in place of Stone Edge
SPECIES_RHYPERIOR	57	Megahorn	kept for Ian	R37	under 90% accuracy, no accurate twin fits
SPECIES_RIOLU	15	Feint	removed	removed	leaves the game or every player list
SPECIES_RIOLU	29	Copycat	removed	R7	calls a random or borrowed move, too random like Metronome; a catch would know it at level 1
SPECIES_ROOKIDEE	4	Fury Attack	removed	removed	leaves the game or every player list
SPECIES_ROSELIA	1	Absorb	removed	dead weight	a weak attack that goes from every list (2026-09-27)
SPECIES_ROSELIA	1	Sweet Scent	moved from 31 to level 1	R7	a move Ian rates useless or terrible
SPECIES_ROSELIA	34	Ingrain	removed	R24	out of every player list
SPECIES_ROSELIA	45	Petal Dance	moved from 40	R9	at its one-turn worth (100) it fits Byron's split; waits on the engine change
SPECIES_ROSERADE	1	Sweet Scent	removed	R7	a move Ian rates useless or terrible; a catch would know it at level 1
SPECIES_ROTOM	15	Double Team	removed	R24	out of every player list
SPECIES_RUNERIGUS	1	Protect	removed	R24	out of every player list
SPECIES_RUNERIGUS	1	Destiny Bond	moved from 62 to level 1	R26	bad for the player, good for a trainer's fight
SPECIES_SABLEYE	22	Detect	removed	R24	out of every player list
SPECIES_SALAMENCE	1	Rage	removed	dead weight	a weak attack that goes from every list (2026-09-27)
SPECIES_SALAMENCE	30	Protect	removed	R24	out of every player list
SPECIES_SALANDIT	8	Sweet Scent	removed	R7	a move Ian rates useless or terrible; a catch would know it at level 1
SPECIES_SALAZZLE	8	Sweet Scent	removed	R7	a move Ian rates useless or terrible; a catch would know it at level 1
SPECIES_SALAZZLE	55	Fire Blast	removed	R37	under 90% accuracy, beside Flamethrower
SPECIES_SANDSHREW	37	Sandstorm	removed	weather	the player never controls weather
SPECIES_SANDSLASH	52	Sandstorm	removed	weather	the player never controls weather
SPECIES_SANDYGAST	1	Absorb	removed	dead weight	a weak attack that goes from every list (2026-09-27)
SPECIES_SCEPTILE	1	Absorb	removed	dead weight	a weak attack that goes from every list (2026-09-27)
SPECIES_SCEPTILE	6	Absorb	removed	dead weight	a weak attack that goes from every list (2026-09-27)
SPECIES_SCEPTILE	51	Detect	removed	R24	out of every player list
SPECIES_SCIZOR	33	Razor Wind	removed	dead weight	a weak attack that goes from every list (2026-09-27)
SPECIES_SCIZOR	61	Feint	removed	removed	leaves the game or every player list
SPECIES_SCYTHER	33	Razor Wind	removed	dead weight	a weak attack that goes from every list (2026-09-27)
SPECIES_SCYTHER	37	Double Team	removed	R24	out of every player list
SPECIES_SCYTHER	61	Feint	removed	removed	leaves the game or every player list
SPECIES_SEADRA	40	Hydro Pump	removed	R37	under 90% accuracy; Octazooka takes its place
SPECIES_SEADRA	40	Octazooka	added	R37	in place of Hydro Pump
SPECIES_SEAKING	31	Fury Attack	removed	removed	leaves the game or every player list
SPECIES_SEAKING	47	Horn Drill	removed	R24	out of every player list
SPECIES_SEAKING	63	Megahorn	kept for Ian	R37	under 90% accuracy, no accurate twin fits
SPECIES_SEALEO	39	Snore	removed	dead weight	a weak attack that goes from every list (2026-09-27)
SPECIES_SEALEO	47	Blizzard	removed	R37	under 90% accuracy; Ice Beam takes its place
SPECIES_SEALEO	47	Ice Beam	added	R37	in place of Blizzard
SPECIES_SEALEO	55	Sheer Cold	removed	R24	out of every player list
SPECIES_SEEDOT	1	Bide	removed	dead weight	a weak attack that goes from every list (2026-09-27)
SPECIES_SEEDOT	13	Nature Power	removed	R7	calls a random or borrowed move, too random like Metronome; a catch would know it at level 1
SPECIES_SEEDOT	1	Explosion	moved from 43 to level 1	R26	bad for the player, good for a trainer's fight
SPECIES_SENTRET	42	Me First	removed	R7	calls a random or borrowed move, too random like Metronome; a catch would know it at level 1
SPECIES_SERPERIOR	10	Wrap	removed	dead weight	a weak attack that goes from every list (2026-09-27)
SPECIES_SERPERIOR	1	Wring Out	moved from 36 to level 1	R7	a move Ian rates useless or terrible
SPECIES_SERVINE	10	Wrap	removed	dead weight	a weak attack that goes from every list (2026-09-27)
SPECIES_SERVINE	1	Wring Out	moved from 36 to level 1	R7	a move Ian rates useless or terrible
SPECIES_SEVIPER	1	Wrap	removed	dead weight	a weak attack that goes from every list (2026-09-27)
SPECIES_SEVIPER	1	Haze	moved from 43 to level 1	R7	a move Ian rates useless or terrible
SPECIES_SEVIPER	1	Wring Out	moved from 55 to level 1	R7	a move Ian rates useless or terrible
SPECIES_SHARPEDO	1	Feint	removed	removed	leaves the game or every player list
SPECIES_SHARPEDO	1	Rage	removed	dead weight	a weak attack that goes from every list (2026-09-27)
SPECIES_SHARPEDO	6	Rage	removed	dead weight	a weak attack that goes from every list (2026-09-27)
SPECIES_SHAYMIN	1	Sweet Scent	moved from 37 to level 1	R7	a move Ian rates useless or terrible
SPECIES_SHAYMIN	82	Sweet Kiss	removed	past the League	nothing is placed past 78
SPECIES_SHAYMIN	1	Healing Wish	moved from 91 to level 1	R26	bad for the player, good for a trainer's fight
SPECIES_SHAYMIN	100	Seed Flare	removed	past the League	nothing is placed past 78
SPECIES_SHEDINJA	1	Grudge	moved from 45 to level 1	R7	a move Ian rates useless or terrible
SPECIES_SHELGON	1	Rage	removed	dead weight	a weak attack that goes from every list (2026-09-27)
SPECIES_SHELGON	30	Protect	removed	R24	out of every player list
SPECIES_SHELLDER	16	Protect	removed	R24	out of every player list
SPECIES_SHELLDER	25	Clamp	removed	R37	under 90% accuracy; Razor Shell takes its place
SPECIES_SHELLDER	25	Razor Shell	added	R37	in place of Clamp
SPECIES_SHELLOS	2	Mud Sport	removed	R7	a move Ian rates useless or terrible; a catch would know it at level 1
SPECIES_SHIELDON	1	Protect	removed	R24	out of every player list
SPECIES_SHINX	21	Roar	removed	R18	Roar's use is on a wild catch, which this list's level never is; a catch would know it at level 1
SPECIES_SHROOMISH	1	Absorb	removed	dead weight	a weak attack that goes from every list (2026-09-27)
SPECIES_SHUCKLE	1	Constrict	removed	dead weight	a weak attack that goes from every list (2026-09-27)
SPECIES_SHUCKLE	1	Bide	removed	dead weight	a weak attack that goes from every list (2026-09-27)
SPECIES_SHUCKLE	22	Wrap	removed	dead weight	a weak attack that goes from every list (2026-09-27)
SPECIES_SHUPPET	1	Grudge	moved from 46 to level 1	R7	a move Ian rates useless or terrible
SPECIES_SINISTCHA	6	Absorb	removed	dead weight	a weak attack that goes from every list (2026-09-27)
SPECIES_SINISTCHA	1	Memento	moved from 54 to level 1	R26	bad for the player, good for a trainer's fight
SPECIES_SINISTEA	6	Aromatic Mist	removed	removed	leaves the game or every player list
SPECIES_SINISTEA	18	Protect	removed	R24	out of every player list
SPECIES_SINISTEA	1	Memento	moved from 54 to level 1	R26	bad for the player, good for a trainer's fight
SPECIES_SKARMORY	17	Fury Attack	removed	removed	leaves the game or every player list
SPECIES_SKARMORY	20	Feint	removed	removed	leaves the game or every player list
SPECIES_SKIPLOOM	1	Splash	removed	removed	leaves the game or every player list
SPECIES_SKIPLOOM	1	Memento	moved from 52 to level 1	R26	bad for the player, good for a trainer's fight
SPECIES_SKITTY	18	Copycat	removed	R7	calls a random or borrowed move, too random like Metronome; a catch would know it at level 1
SPECIES_SKITTY	22	Assist	removed	R7	calls a random or borrowed move, too random like Metronome; a catch would know it at level 1
SPECIES_SKUNTANK	18	Feint	removed	removed	leaves the game or every player list
SPECIES_SKUNTANK	1	Memento	moved from 42 to level 1	R26	bad for the player, good for a trainer's fight
SPECIES_SKUNTANK	1	Explosion	moved from 52 to level 1	R26	bad for the player, good for a trainer's fight
SPECIES_SMEARGLE	81	Sketch	removed	past the League	nothing is placed past 78
SPECIES_SMEARGLE	91	Sketch	removed	past the League	nothing is placed past 78
SPECIES_SMOLIV	1	Sweet Scent	removed	R7	a move Ian rates useless or terrible; a catch would know it at level 1
SPECIES_SMOLIV	5	Absorb	removed	dead weight	a weak attack that goes from every list (2026-09-27)
SPECIES_SMOLIV	23	Grassy Terrain	removed	removed	leaves the game or every player list
SPECIES_SMOOCHUM	38	Copycat	removed	R7	calls a random or borrowed move, too random like Metronome; a catch would know it at level 1
SPECIES_SMOOCHUM	45	Blizzard	removed	R37	under 90% accuracy; Ice Beam takes its place
SPECIES_SMOOCHUM	45	Ice Beam	added	R37	in place of Blizzard
SPECIES_SNIVY	10	Wrap	removed	dead weight	a weak attack that goes from every list (2026-09-27)
SPECIES_SNIVY	32	Wring Out	removed	R7	a move Ian rates useless or terrible; a catch would know it at level 1
SPECIES_SNORLAX	28	Snore	removed	dead weight	a weak attack that goes from every list (2026-09-27)
SPECIES_SNORLAX	28	Sleep Talk	removed	R7	calls a random or borrowed move, too random like Metronome; a catch would know it at level 1
SPECIES_SNORUNT	4	Double Team	removed	R24	out of every player list
SPECIES_SNORUNT	22	Protect	removed	R24	out of every player list
SPECIES_SNORUNT	46	Blizzard	removed	R37	under 90% accuracy; Ice Beam takes its place
SPECIES_SNORUNT	46	Ice Beam	added	R37	in place of Blizzard
SPECIES_SNOVER	31	Ingrain	removed	R24	out of every player list
SPECIES_SNOVER	41	Blizzard	removed	R37	under 90% accuracy; Ice Beam takes its place
SPECIES_SNOVER	41	Ice Beam	added	R37	in place of Blizzard
SPECIES_SNOVER	46	Sheer Cold	removed	R24	out of every player list
SPECIES_SNUBBULL	25	Roar	removed	R18	Roar's use is on a wild catch, which this list's level never is; a catch would know it at level 1
SPECIES_SNUBBULL	31	Rage	removed	dead weight	a weak attack that goes from every list (2026-09-27)
SPECIES_SOLROCK	1	Explosion	moved from 56 to level 1	R26	bad for the player, good for a trainer's fight
SPECIES_SPEAROW	9	Fury Attack	removed	removed	leaves the game or every player list
SPECIES_SPHEAL	37	Snore	removed	dead weight	a weak attack that goes from every list (2026-09-27)
SPECIES_SPHEAL	43	Blizzard	removed	R37	under 90% accuracy; Ice Beam takes its place
SPECIES_SPHEAL	43	Ice Beam	added	R37	in place of Blizzard
SPECIES_SPHEAL	49	Sheer Cold	removed	R24	out of every player list
SPECIES_SPINARAK	8	Constrict	removed	dead weight	a weak attack that goes from every list (2026-09-27)
SPECIES_SPINDA	1	Copycat	moved from 10 to level 1	R7	calls a random or borrowed move, too random like Metronome
SPECIES_SPINDA	57	Thrash	moved from 55	R9	at its one-turn worth (102) it fits HQ's split; waits on the engine change
SPECIES_SPIRITOMB	1	Memento	moved from 43 to level 1	R26	bad for the player, good for a trainer's fight
SPECIES_SPOINK	1	Splash	removed	removed	leaves the game or every player list
SPECIES_SPOINK	29	Snore	removed	dead weight	a weak attack that goes from every list (2026-09-27)
SPECIES_SQUIRTLE	22	Protect	removed	R24	out of every player list
SPECIES_SQUIRTLE	40	Hydro Pump	removed	R37	under 90% accuracy; Muddy Water takes its place
SPECIES_SQUIRTLE	40	Muddy Water	added	R37	in place of Hydro Pump
SPECIES_STAKATAKA	10	Protect	removed	R24	out of every player list
SPECIES_STANTLER	1	Me First	moved from 53 to level 1	R7	calls a random or borrowed move, too random like Metronome
SPECIES_STARAPTOR	13	Double Team	removed	R24	out of every player list
SPECIES_STARAPTOR	1	Whirlwind	moved from 23 to level 1	R18	Roar's use is on a wild catch, which this list's level never is
SPECIES_STARAVIA	13	Double Team	removed	R24	out of every player list
SPECIES_STARAVIA	1	Whirlwind	moved from 23 to level 1	R18	Roar's use is on a wild catch, which this list's level never is
SPECIES_STARLY	13	Double Team	removed	R24	out of every player list
SPECIES_STARLY	21	Whirlwind	removed	R18	Roar's use is on a wild catch, which this list's level never is; a catch would know it at level 1
SPECIES_STARYU	55	Hydro Pump	removed	R37	under 90% accuracy; Surf takes its place
SPECIES_STARYU	55	Surf	added	R37	in place of Hydro Pump
SPECIES_STEELIX	1	Mud Sport	removed	R7	a move Ian rates useless or terrible; a catch would know it at level 1
SPECIES_STEELIX	14	Rage	removed	dead weight	a weak attack that goes from every list (2026-09-27)
SPECIES_STEELIX	41	Iron Tail	removed	R37	under 90% accuracy; Iron Head takes its place
SPECIES_STEELIX	41	Iron Head	added	R37	in place of Iron Tail
SPECIES_STEELIX	54	Stone Edge	removed	R37	under 90% accuracy; Rock Slide takes its place
SPECIES_STEELIX	54	Rock Slide	added	R37	in place of Stone Edge
SPECIES_STEENEE	17	Sweet Scent	removed	R7	a move Ian rates useless or terrible; a catch would know it at level 1
SPECIES_STEENEE	32	Aromatic Mist	removed	removed	leaves the game or every player list
SPECIES_STUNKY	18	Feint	removed	removed	leaves the game or every player list
SPECIES_STUNKY	1	Memento	moved from 38 to level 1	R26	bad for the player, good for a trainer's fight
SPECIES_STUNKY	1	Explosion	moved from 44 to level 1	R26	bad for the player, good for a trainer's fight
SPECIES_SUICUNE	71	Hydro Pump	removed	R37	under 90% accuracy; Surf takes its place
SPECIES_SUICUNE	71	Surf	added	R37	in place of Hydro Pump
SPECIES_SUICUNE	85	Blizzard	removed	past the League	nothing is placed past 78
SPECIES_SUNFLORA	1	Absorb	removed	dead weight	a weak attack that goes from every list (2026-09-27)
SPECIES_SUNFLORA	9	Ingrain	removed	R24	out of every player list
SPECIES_SUNFLORA	54	Petal Dance	moved from 33	R9	at its one-turn worth (100) it fits Candice's split; waits on the engine change
SPECIES_SUNFLORA	37	Sunny Day	removed	weather	the player never controls weather
SPECIES_SUNKERN	1	Absorb	removed	dead weight	a weak attack that goes from every list (2026-09-27)
SPECIES_SUNKERN	9	Ingrain	removed	R24	out of every player list
SPECIES_SUNKERN	37	Sunny Day	removed	weather	the player never controls weather
SPECIES_SURSKIT	13	Sweet Scent	removed	R7	a move Ian rates useless or terrible; a catch would know it at level 1
SPECIES_SURSKIT	37	Haze	removed	R7	a move Ian rates useless or terrible; a catch would know it at level 1
SPECIES_SWABLU	13	Fury Attack	removed	removed	leaves the game or every player list
SPECIES_SWADLOON	1	Protect	removed	R24	out of every player list
SPECIES_SWADLOON	1	Protect	removed	R24	out of every player list
SPECIES_SWALOT	1	Wring Out	moved from 59 to level 1	R7	a move Ian rates useless or terrible
SPECIES_SWALOT	66	Gunk Shot	kept for Ian	R37	under 90% accuracy, no accurate twin fits
SPECIES_SWAMPERT	15	Bide	removed	dead weight	a weak attack that goes from every list (2026-09-27)
SPECIES_SWAMPERT	46	Protect	removed	R24	out of every player list
SPECIES_SWELLOW	19	Double Team	removed	R24	out of every player list
SPECIES_SWINUB	4	Mud Sport	removed	R7	a move Ian rates useless or terrible; a catch would know it at level 1
SPECIES_SWINUB	44	Blizzard	removed	R37	under 90% accuracy; Ice Beam takes its place
SPECIES_SWINUB	44	Ice Beam	added	R37	in place of Blizzard
SPECIES_SYLVEON	32	Misty Terrain	removed	removed	leaves the game or every player list
SPECIES_TAILLOW	19	Double Team	removed	R24	out of every player list
SPECIES_TALONFLAME	42	Me First	removed	R7	calls a random or borrowed move, too random like Metronome; a catch would know it at level 1
SPECIES_TANGELA	1	Ingrain	removed	R24	out of every player list
SPECIES_TANGELA	1	Constrict	removed	dead weight	a weak attack that goes from every list (2026-09-27)
SPECIES_TANGELA	8	Absorb	removed	dead weight	a weak attack that goes from every list (2026-09-27)
SPECIES_TANGELA	22	Bind	removed	R37	under 90% accuracy, beside Slam
SPECIES_TANGELA	50	Wring Out	removed	R7	a move Ian rates useless or terrible; a catch would know it at level 1
SPECIES_TANGELA	54	Power Whip	removed	R37	under 90% accuracy; Petal Blizzard takes its place
SPECIES_TANGELA	54	Petal Blizzard	added	R37	in place of Power Whip
SPECIES_TANGROWTH	1	Ingrain	removed	R24	out of every player list
SPECIES_TANGROWTH	1	Constrict	removed	dead weight	a weak attack that goes from every list (2026-09-27)
SPECIES_TANGROWTH	8	Absorb	removed	dead weight	a weak attack that goes from every list (2026-09-27)
SPECIES_TANGROWTH	22	Bind	removed	R37	under 90% accuracy, beside Slam
SPECIES_TANGROWTH	1	Wring Out	moved from 50 to level 1	R7	a move Ian rates useless or terrible
SPECIES_TANGROWTH	54	Power Whip	removed	R37	under 90% accuracy; Petal Blizzard takes its place
SPECIES_TANGROWTH	54	Petal Blizzard	added	R37	in place of Power Whip
SPECIES_TAPU_BULU	1	Whirlwind	moved from 25 to level 1	R18	Roar's use is on a wild catch, which this list's level never is
SPECIES_TAPU_BULU	65	Megahorn	kept for Ian	R37	under 90% accuracy, no accurate twin fits
SPECIES_TAPU_BULU	75	Grassy Terrain	removed	removed	leaves the game or every player list
SPECIES_TAPU_FINI	1	Haze	moved from 10 to level 1	R7	a move Ian rates useless or terrible
SPECIES_TAPU_FINI	65	Hydro Pump	removed	R37	under 90% accuracy, beside Muddy Water
SPECIES_TAPU_FINI	75	Misty Terrain	removed	removed	leaves the game or every player list
SPECIES_TAPU_KOKO	75	ElectricTerrain	removed	removed	leaves the game or every player list
SPECIES_TAPU_LELE	30	Aromatic Mist	removed	removed	leaves the game or every player list
SPECIES_TAPU_LELE	1	Sweet Scent	moved from 35 to level 1	R7	a move Ian rates useless or terrible
SPECIES_TAPU_LELE	75	Psychic Terrain	removed	removed	leaves the game or every player list
SPECIES_TAUROS	5	Rage	removed	dead weight	a weak attack that goes from every list (2026-09-27)
SPECIES_TAUROS	61	Thrash	moved from 48	R9	at its one-turn worth (102) it fits Galactic's split; waits on the engine change
SPECIES_TEDDIURSA	1	Sweet Scent	moved from 22 to level 1	R7	a move Ian rates useless or terrible
SPECIES_TEDDIURSA	43	Snore	removed	dead weight	a weak attack that goes from every list (2026-09-27)
SPECIES_TEDDIURSA	58	Thrash	moved from 50	R9	at its one-turn worth (102) it fits HQ's split; waits on the engine change
SPECIES_TENTACOOL	8	Constrict	removed	dead weight	a weak attack that goes from every list (2026-09-27)
SPECIES_TENTACOOL	22	Wrap	removed	dead weight	a weak attack that goes from every list (2026-09-27)
SPECIES_TENTACOOL	40	Hydro Pump	removed	R37	under 90% accuracy; Surf takes its place
SPECIES_TENTACOOL	40	Surf	added	R37	in place of Hydro Pump
SPECIES_TENTACOOL	43	Wring Out	removed	R7	a move Ian rates useless or terrible; a catch would know it at level 1
SPECIES_TENTACRUEL	1	Constrict	removed	dead weight	a weak attack that goes from every list (2026-09-27)
SPECIES_TENTACRUEL	8	Constrict	removed	dead weight	a weak attack that goes from every list (2026-09-27)
SPECIES_TENTACRUEL	22	Wrap	removed	dead weight	a weak attack that goes from every list (2026-09-27)
SPECIES_TENTACRUEL	49	Hydro Pump	removed	R37	under 90% accuracy; Surf takes its place
SPECIES_TENTACRUEL	49	Surf	added	R37	in place of Hydro Pump
SPECIES_TENTACRUEL	55	Wring Out	removed	R7	a move Ian rates useless or terrible; a catch would know it at level 1
SPECIES_TOGEDEMARU	1	Steel Roller	removed	removed	leaves the game or every player list
SPECIES_TOGEDEMARU	55	Spiky Shield	removed	R24	out of every player list
SPECIES_TOGEPI	6	Metronome	removed	R7	a move Ian rates useless or terrible; a catch would know it at level 1
SPECIES_TOGETIC	1	Metronome	moved from 6 to level 1	R7	a move Ian rates useless or terrible
SPECIES_TORKOAL	36	Protect	removed	R24	out of every player list
SPECIES_TORRACAT	66	Outrage	moved from 56	R9	at its one-turn worth (112) it fits Volkner's split; waits on the engine change
SPECIES_TORTERRA	1	Absorb	removed	dead weight	a weak attack that goes from every list (2026-09-27)
SPECIES_TORTERRA	9	Absorb	removed	dead weight	a weak attack that goes from every list (2026-09-27)
SPECIES_TOTODILE	8	Rage	removed	dead weight	a weak attack that goes from every list (2026-09-27)
SPECIES_TOTODILE	61	Thrash	moved from 36	R9	at its one-turn worth (102) it fits Galactic's split; waits on the engine change
SPECIES_TOTODILE	48	Hydro Pump	removed	R37	under 90% accuracy; Muddy Water takes its place
SPECIES_TOTODILE	48	Muddy Water	added	R37	in place of Hydro Pump
SPECIES_TOUCANNON	24	Fury Attack	removed	removed	leaves the game or every player list
SPECIES_TOXAPEX	1	Baneful Bunker	removed	R24	out of every player list
SPECIES_TOXAPEX	1	Baneful Bunker	removed	R24	out of every player list
SPECIES_TRAPINCH	81	Feint	removed	removed	leaves the game or every player list
SPECIES_TRAPINCH	89	Fissure	removed	R24	out of every player list
SPECIES_TREECKO	6	Absorb	removed	dead weight	a weak attack that goes from every list (2026-09-27)
SPECIES_TREECKO	41	Detect	removed	R24	out of every player list
SPECIES_TROPIUS	21	Sweet Scent	removed	R7	a move Ian rates useless or terrible; a catch would know it at level 1
SPECIES_TRUMBEAK	24	Fury Attack	removed	removed	leaves the game or every player list
SPECIES_TSAREENA	17	Sweet Scent	removed	R7	a move Ian rates useless or terrible; a catch would know it at level 1
SPECIES_TSAREENA	48	Power Whip	removed	R37	under 90% accuracy; Petal Blizzard takes its place
SPECIES_TSAREENA	48	Petal Blizzard	added	R37	in place of Power Whip
SPECIES_TURTONATOR	1	Explosion	moved from 55 to level 1	R26	bad for the player, good for a trainer's fight
SPECIES_TURTWIG	9	Absorb	removed	dead weight	a weak attack that goes from every list (2026-09-27)
SPECIES_TYRANITAR	66	Thrash	moved from 23	R9	at its one-turn worth (102) it fits Volkner's split; waits on the engine change
SPECIES_TYRANITAR	54	Stone Edge	removed	R37	under 90% accuracy, beside Rock Slide
SPECIES_URSARING	1	Sweet Scent	moved from 22 to level 1	R7	a move Ian rates useless or terrible
SPECIES_URSARING	49	Snore	removed	dead weight	a weak attack that goes from every list (2026-09-27)
SPECIES_URSARING	61	Thrash	moved from 58	R9	at its one-turn worth (102) it fits Galactic's split; waits on the engine change
SPECIES_UXIE	1	Memento	moved from 76 to level 1	R26	bad for the player, good for a trainer's fight
SPECIES_VAPOREON	1	Haze	moved from 57 to level 1	R7	a move Ian rates useless or terrible
SPECIES_VAPOREON	71	Hydro Pump	removed	R37	under 90% accuracy, beside Muddy Water
SPECIES_VENUSAUR	1	Sweet Scent	moved from 23 to level 1	R7	a move Ian rates useless or terrible
SPECIES_VENUSAUR	46	Petal Dance	moved from 32	R9	at its one-turn worth (100) it fits Byron's split; waits on the engine change
SPECIES_VESPIQUEN	1	Sweet Scent	removed	R7	a move Ian rates useless or terrible; a catch would know it at level 1
SPECIES_VESPIQUEN	1	Destiny Bond	moved from 43 to level 1	R26	bad for the player, good for a trainer's fight
SPECIES_VIKAVOLT	66	Zap Cannon	removed	R37	under 90% accuracy, beside Thunderbolt
SPECIES_VILEPLUME	54	Petal Dance	moved from 53	R9	at its one-turn worth (100) it fits Candice's split; waits on the engine change
SPECIES_VOLBEAT	5	Double Team	removed	R24	out of every player list
SPECIES_VOLBEAT	29	Protect	removed	R24	out of every player list
SPECIES_VOLCARONA	1	Whirlwind	moved from 64 to level 1	R18	Roar's use is on a wild catch, which this list's level never is
SPECIES_VOLCARONA	82	Fiery Dance	removed	past the League	nothing is placed past 78
SPECIES_VOLTORB	1	Selfdestruct	moved from 29 to level 1	R26	bad for the player, good for a trainer's fight
SPECIES_VOLTORB	1	Explosion	moved from 43 to level 1	R26	bad for the player, good for a trainer's fight
SPECIES_VULLABY	5	Fury Attack	removed	removed	leaves the game or every player list
SPECIES_VULLABY	44	Whirlwind	removed	R18	Roar's use is on a wild catch, which this list's level never is; a catch would know it at level 1
SPECIES_VULPIX	41	Grudge	removed	R7	a move Ian rates useless or terrible; a catch would know it at level 1
SPECIES_VULPIX	47	Fire Blast	removed	R37	under 90% accuracy, beside Flamethrower
SPECIES_WAILMER	1	Splash	removed	removed	leaves the game or every player list
SPECIES_WAILMER	47	Hydro Pump	removed	R37	under 90% accuracy; Surf takes its place
SPECIES_WAILMER	47	Surf	added	R37	in place of Hydro Pump
SPECIES_WAILORD	1	Splash	removed	removed	leaves the game or every player list
SPECIES_WAILORD	62	Hydro Pump	removed	R37	under 90% accuracy; Surf takes its place
SPECIES_WAILORD	62	Surf	added	R37	in place of Hydro Pump
SPECIES_WALREIN	39	Snore	removed	dead weight	a weak attack that goes from every list (2026-09-27)
SPECIES_WALREIN	52	Blizzard	removed	R37	under 90% accuracy; Ice Beam takes its place
SPECIES_WALREIN	52	Ice Beam	added	R37	in place of Blizzard
SPECIES_WALREIN	65	Sheer Cold	removed	R24	out of every player list
SPECIES_WARTORTLE	24	Protect	removed	R24	out of every player list
SPECIES_WARTORTLE	48	Hydro Pump	removed	R37	under 90% accuracy; Muddy Water takes its place
SPECIES_WARTORTLE	48	Muddy Water	added	R37	in place of Hydro Pump
SPECIES_WEEPINBELL	1	Wrap	removed	dead weight	a weak attack that goes from every list (2026-09-27)
SPECIES_WEEPINBELL	11	Wrap	removed	dead weight	a weak attack that goes from every list (2026-09-27)
SPECIES_WEEPINBELL	1	Sweet Scent	moved from 29 to level 1	R7	a move Ian rates useless or terrible
SPECIES_WEEPINBELL	1	Wring Out	moved from 47 to level 1	R7	a move Ian rates useless or terrible
SPECIES_WEEZING	1	Selfdestruct	moved from 19 to level 1	R26	bad for the player, good for a trainer's fight
SPECIES_WEEZING	28	Haze	removed	R7	a move Ian rates useless or terrible; a catch would know it at level 1
SPECIES_WEEZING	1	Explosion	moved from 40 to level 1	R26	bad for the player, good for a trainer's fight
SPECIES_WEEZING	1	Destiny Bond	moved from 55 to level 1	R26	bad for the player, good for a trainer's fight
SPECIES_WEEZING	1	Memento	moved from 63 to level 1	R26	bad for the player, good for a trainer's fight
SPECIES_WHISCASH	1	Mud Sport	removed	R7	a move Ian rates useless or terrible; a catch would know it at level 1
SPECIES_WHISCASH	6	Mud Sport	removed	R7	a move Ian rates useless or terrible; a catch would know it at level 1
SPECIES_WHISCASH	33	Snore	removed	dead weight	a weak attack that goes from every list (2026-09-27)
SPECIES_WHISCASH	57	Fissure	removed	R24	out of every player list
SPECIES_WHISMUR	1	Roar	moved from 35 to level 1	R18	Roar's use is on a wild catch, which this list's level never is
SPECIES_WHISMUR	1	Sleep Talk	moved from 41 to level 1	R7	calls a random or borrowed move, too random like Metronome
SPECIES_WOOLOO	8	Copycat	removed	R7	calls a random or borrowed move, too random like Metronome; a catch would know it at level 1
SPECIES_WOOPER	5	Mud Sport	removed	R7	a move Ian rates useless or terrible; a catch would know it at level 1
SPECIES_WOOPER	43	Haze	removed	R7	a move Ian rates useless or terrible; a catch would know it at level 1
SPECIES_WORMADAM	10	Protect	removed	R24	out of every player list
SPECIES_WYNAUT	1	Splash	removed	removed	leaves the game or every player list
SPECIES_WYNAUT	1	Destiny Bond	moved from 15 to level 1	R26	bad for the player, good for a trainer's fight
SPECIES_XATU	9	Teleport	removed	removed	leaves the game or every player list
SPECIES_XATU	1	Me First	moved from 20 to level 1	R7	calls a random or borrowed move, too random like Metronome
SPECIES_XERNEAS	1	Ingrain	removed	R24	out of every player list
SPECIES_XERNEAS	1	Nature Power	moved from 41 to level 1	R7	calls a random or borrowed move, too random like Metronome
SPECIES_XERNEAS	45	Ingrain	removed	R24	out of every player list
SPECIES_XERNEAS	50	Misty Terrain	removed	removed	leaves the game or every player list
SPECIES_XERNEAS	57	Megahorn	kept for Ian	R37	under 90% accuracy, no accurate twin fits
SPECIES_XERNEAS	86	Outrage	removed	past the League	nothing is placed past 78
SPECIES_XERNEAS	86	Giga Impact	removed	past the League	nothing is placed past 78
SPECIES_XURKITREE	1	Wrap	removed	dead weight	a weak attack that goes from every list (2026-09-27)
SPECIES_XURKITREE	15	Ingrain	removed	R24	out of every player list
SPECIES_XURKITREE	60	ElectricTerrain	removed	removed	leaves the game or every player list
SPECIES_XURKITREE	65	Power Whip	kept for Ian	R37	under 90% accuracy, no accurate twin fits
SPECIES_XURKITREE	70	Zap Cannon	removed	R37	under 90% accuracy, beside Thunderbolt
SPECIES_YAMASK	1	Protect	removed	R24	out of every player list
SPECIES_YAMASK	6	Haze	removed	R7	a move Ian rates useless or terrible; a catch would know it at level 1
SPECIES_YAMASK	36	Grudge	removed	R7	a move Ian rates useless or terrible; a catch would know it at level 1
SPECIES_YAMASK	1	Destiny Bond	moved from 50 to level 1	R26	bad for the player, good for a trainer's fight
SPECIES_YANMA	11	Double Team	removed	R24	out of every player list
SPECIES_YANMA	17	Detect	removed	R24	out of every player list
SPECIES_YANMEGA	1	Double Team	removed	R24	out of every player list
SPECIES_YANMEGA	11	Double Team	removed	R24	out of every player list
SPECIES_YANMEGA	17	Detect	removed	R24	out of every player list
SPECIES_YANMEGA	38	Feint	removed	removed	leaves the game or every player list
SPECIES_YVELTAL	1	Double Team	removed	R24	out of every player list
SPECIES_YVELTAL	1	Razor Wind	removed	dead weight	a weak attack that goes from every list (2026-09-27)
SPECIES_YVELTAL	5	Double Team	removed	R24	out of every player list
SPECIES_YVELTAL	70	Hurricane	removed	R37	under 90% accuracy, beside Oblivion Wing
SPECIES_YVELTAL	73	Focus Blast	kept for Ian	R37	under 90% accuracy, no accurate twin fits
SPECIES_YVELTAL	86	Sky Attack	removed	past the League	nothing is placed past 78
SPECIES_YVELTAL	86	Hyper Beam	removed	past the League	nothing is placed past 78
SPECIES_ZANGOOSE	40	Detect	removed	R24	out of every player list
SPECIES_ZAPDOS	15	Detect	removed	R24	out of every player list
SPECIES_ZAPDOS	78	Thunder	removed	R37	under 90% accuracy, beside Discharge
SPECIES_ZIGZAGOON	1	Mud Sport	moved from 21 to level 1	R7	a move Ian rates useless or terrible
SPECIES_ZUBAT	37	Haze	removed	R7	a move Ian rates useless or terrible; a catch would know it at level 1
SPECIES_ZYGARDE_10	18	Bind	removed	R37	under 90% accuracy; Body Slam takes its place
SPECIES_ZYGARDE_10	18	Body Slam	added	R37	in place of Bind
SPECIES_ZYGARDE_10	1	Haze	moved from 24 to level 1	R7	a move Ian rates useless or terrible
SPECIES_ZYGARDE_10	50	Sandstorm	removed	weather	the player never controls weather
SPECIES_ZYGARDE_10	84	Outrage	removed	past the League	nothing is placed past 78
SPECIES_ZYGARDE_50	18	Bind	removed	R37	under 90% accuracy; Body Slam takes its place
SPECIES_ZYGARDE_50	18	Body Slam	added	R37	in place of Bind
SPECIES_ZYGARDE_50	1	Haze	moved from 24 to level 1	R7	a move Ian rates useless or terrible
SPECIES_ZYGARDE_50	50	Sandstorm	removed	weather	the player never controls weather
SPECIES_ZYGARDE_50	84	Outrage	removed	past the League	nothing is placed past 78
SPECIES_ALAKAZAM	36	Calm Mind	removed	R25	below 40; onto Kadabra's list
SPECIES_KADABRA	35	Calm Mind	added	R25	from Alakazam's 36, below its 40
SPECIES_ABRA	5	Confusion	added	R11, check 1	Roark's split; score 388
SPECIES_ABRA	16	Calm Mind	added	R7	Roark's split; score 155
SPECIES_ABRA	10	Reflect	added	R1	Roark's split; score 38
SPECIES_ABRA	13	Disable	added	R1	Roark's split; score 16
SPECIES_ABRA	7	Role Play	added	R1	Roark's split; score 6
SPECIES_KADABRA	20	Charge Beam	added	R4, R5	Gardenia's split; score 187
SPECIES_KADABRA	32	Round	added	R16 due	Fantina's split; score 85
SPECIES_KADABRA	38	Psyshock	added	R30	Maylene's split; score 180
SPECIES_ALAKAZAM	53	Shadow Ball	added	R5	Byron's split; score 87
SPECIES_ALAKAZAM	56	Energy Ball	added	R5	Candice's split; score 90
SPECIES_ALAKAZAM	54	Dazzling Gleam	added	R5	Candice's split; score 47
SPECIES_ALAKAZAM	61	Swagger	added	late move	Galactic's split; score 50
SPECIES_KADABRA	16	Confusion	removed	R8	Abra learns it at 5, before evolving
SPECIES_ABSOL	48	X-Scissor	added	R5	Byron's split; score 80
SPECIES_ABSOL	56	Throat Chop	added	R16 due	Candice's split; score 112
SPECIES_ABSOL	54	Shadow Ball	added	R5	Candice's split; score 78
SPECIES_ABSOL	58	Rock Slide	added	R5	HQ's split; score 77
SPECIES_ABSOL	62	Air Slash	added	R5	Galactic's split; score 64
SPECIES_ABSOL	68	Rock Tomb	added	R2	Volkner's split; score 40
SPECIES_AERODACTYL	29	Wing Attack	added	R11	Fantina's split; score 245
SPECIES_AERODACTYL	37	Bulldoze	added	R5, R16	Maylene's split; score 69
SPECIES_AERODACTYL	35	Rock Tomb	added	R2	Maylene's split; score 52
SPECIES_AERODACTYL	44	Steel Wing	added	R5	Wake's split; score 62
SPECIES_AERODACTYL	53	Dragon Claw	added	R5	Byron's split; score 47
SPECIES_AERODACTYL	61	Brave Bird	added	R30	Galactic's split; score 62
SPECIES_AERODACTYL	68	Earthquake	added	R2	Volkner's split; score 42
SPECIES_AIPOM	20	Bite	added	R4, R5	Gardenia's split; score 203
SPECIES_AMBIPOM	34	Low Sweep	added	R5, R16 due	Maylene's split; score 136
SPECIES_AMBIPOM	41	Take Down	added	R30	Wake's split; score 145
SPECIES_AMBIPOM	53	Headbutt	added	R2	Byron's split; score 66
SPECIES_AMBIPOM	48	Secret Power	added	R2	Byron's split; score 47
SPECIES_AMBIPOM	56	Slam	added	R2	Candice's split; score 64
SPECIES_AMBIPOM	54	Seed Bomb	added	R5	Candice's split; score 47
SPECIES_AMBIPOM	60	U-turn	added	R5	HQ's split; score 47
SPECIES_AMBIPOM	58	Throat Chop	added	R2	HQ's split; score 44
SPECIES_AMBIPOM	65	Upper Hand	added	late move	Galactic's split; score 76
SPECIES_ARMALDO	43	Slash	added	R8	Anorith learns it at 43, after evolving at 40 in the same split: holding it is no choice
SPECIES_ANORITH	1	Harden	removed	R1	filler past the one a first split may carry
SPECIES_ANORITH	27	Leech Life	added	R11	Fantina's split; score 264
SPECIES_ANORITH	29	Block	added	R7	Fantina's split; score 150
SPECIES_ANORITH	34	Bulldoze	added	R5, R16	Maylene's split; score 91
SPECIES_ANORITH	39	Aerial Ace	added	R5	Maylene's split; score 70
SPECIES_ARMALDO	50	Brick Break	added	R5	Byron's split; score 66
SPECIES_ARMALDO	48	Rock Slide	added	R2	Byron's split; score 54
SPECIES_ARMALDO	54	Rock Tomb	added	R2	Candice's split; score 52
SPECIES_ARMALDO	56	Lunge	added	R2	Candice's split; score 25
SPECIES_ARMALDO	61	Earthquake	added	R2	Galactic's split; score 50
SPECIES_ARMALDO	66	Superpower	added	R2	Volkner's split; score 51
SPECIES_ARTICUNO	68	Air Slash	added	R11	Volkner's split; score 267
SPECIES_ARTICUNO	71	Signal Beam	added	R5	Barry's split; score 54
SPECIES_MARILL	2	Defense Curl	removed	R25	below 14, the lowest level it is had at
SPECIES_AZUMARILL	2	Defense Curl	removed	R25	below 18, the lowest level it is had at
SPECIES_MARILL	11	Slam	added	R8	Azurill learns it at 15, after evolving at 10 in the same split: holding it is no choice
SPECIES_MARILL	18	BubbleBeam	removed	R8	Azumarill learns it at 20, in the same split
SPECIES_MARILL	27	Double-Edge	removed	R8	Azumarill learns it at 33, in the same split
SPECIES_AZUMARILL	23	Aqua Ring	added	R8	Marill learns it at 23, after evolving at 18 in the same split: holding it is no choice
SPECIES_MARILL	7	Tail Whip	removed	R1	filler past the one a first split may carry
SPECIES_AZURILL	15	Slam	removed	R8	Marill learns it at 11, in the same split
SPECIES_MARILL	14	Slam	moved from 11	R25	was below 14, the lowest level it is had at
SPECIES_MARILL	18	Alluring Voice	added	R11, check 1, R16	Gardenia's split; score 340
SPECIES_MARILL	17	Charm	added	R7	Gardenia's split; score 169
SPECIES_MARILL	16	Bulldoze	added	R4, R5	Gardenia's split; score 154
SPECIES_AZUMARILL	30	Aurora Beam	added	R5	Fantina's split; score 68
SPECIES_AZUMARILL	39	Brick Break	added	R5	Maylene's split; score 78
SPECIES_AZUMARILL	36	Play Rough	added	R2	Maylene's split; score 69
SPECIES_AZUMARILL	43	Liquidation	added	R2	Wake's split; score 56
SPECIES_AZUMARILL	41	Knock Off	added	R5	Wake's split; score 42
SPECIES_AZUMARILL	50	Ice Beam	added	R2	Byron's split; score 33
SPECIES_AZUMARILL	60	Ice Punch	added	R2	HQ's split; score 49
SPECIES_AZUMARILL	65	Superpower	added	late move	Galactic's split; score 101
SPECIES_BARBOACH	31	Rest	removed	R8	Whiscash learns it at 33, in the same split
SPECIES_BARBOACH	35	Aqua Tail	removed	R8	Whiscash learns it at 39, in the same split
SPECIES_BARBOACH	4	Scary Face	added	R7	Roark's split; score 132
SPECIES_BARBOACH	20	Rock Tomb	added	R4, R5	Gardenia's split; score 214
SPECIES_WHISCASH	30	Bulldoze	added	R16 due	Fantina's split; score 103
SPECIES_WHISCASH	36	Zen Headbutt	added	R5	Maylene's split; score 82
SPECIES_WHISCASH	42	Wild Charge	added	R5	Wake's split; score 78
SPECIES_WHISCASH	40	Earth Power	added	R2	Wake's split; score 57
SPECIES_WHISCASH	56	Ice Beam	added	R5	Candice's split; score 51
SPECIES_WHISCASH	54	Spark	added	R2	Candice's split; score 30
SPECIES_WHISCASH	60	Tickle	added	R2	HQ's split; score 2
SPECIES_WHISCASH	65	Swagger	added	late move	Galactic's split; score 50
SPECIES_METANG	31	Confusion	moved from 20	R25	was below 31, the lowest level it is had at
SPECIES_METANG	33	Metal Claw	moved from 20	R25	was below 31, the lowest level it is had at
SPECIES_METANG	34	Scary Face	moved from 24	R25	was below 31, the lowest level it is had at
SPECIES_METANG	35	Pursuit	moved from 28	R25	was below 31, the lowest level it is had at
SPECIES_METANG	48	Meteor Mash	removed	R8	Metagross learns it at 53, in the same split
SPECIES_METAGROSS	52	Zen Headbutt	added	R8	Metang learns it at 52, after evolving at 45 in the same split: holding it is no choice
SPECIES_METAGROSS	56	Ice Fang	added	R5	Candice's split; score 86
SPECIES_METAGROSS	54	Iron Head	added	R2	Candice's split; score 64
SPECIES_METAGROSS	59	Crunch	added	R2	HQ's split; score 42
SPECIES_METAGROSS	57	Throat Chop	added	R16 due	HQ's split; score 28
SPECIES_METAGROSS	65	Ice Punch	added	R2	Galactic's split; score 49
SPECIES_BIDOOF	17	Headbutt	removed	R8	Bibarel learns it at 18, in the same split
SPECIES_BIDOOF	21	Hyper Fang	removed	R8	Bibarel learns it at 23, in the same split
SPECIES_BIDOOF	29	Amnesia	removed	R8	Bibarel learns it at 33, in the same split
SPECIES_BIDOOF	45	Curse	removed	R8	Bibarel learns it at 53, in the same split
SPECIES_BIDOOF	9	Defense Curl	removed	R1	filler past the one a first split may carry
SPECIES_BIDOOF	5	Growl	removed	R1	filler past the one a first split may carry
SPECIES_BIBAREL	5	Growl	removed	R25	below 15, the lowest level it is had at
SPECIES_BIBAREL	9	Defense Curl	removed	R25	below 15, the lowest level it is had at
SPECIES_BIDOOF	4	Taunt	added	R7	Roark's split; score 165
SPECIES_BIDOOF	8	Swift	added	check 1	Roark's split; score 157
SPECIES_BIDOOF	6	Aqua Jet	added	R4	Roark's split; score 148
SPECIES_BIBAREL	20	Bite	added	R4, R5	Gardenia's split; score 238
SPECIES_BIBAREL	30	Bulldoze	added	R5, R16 due	Fantina's split; score 125
SPECIES_BIBAREL	35	Aqua Tail	added	R2	Maylene's split; score 68
SPECIES_BIBAREL	40	Rock Climb	added	R2	Wake's split; score 60
SPECIES_BIBAREL	56	Ice Fang	added	R5	Candice's split; score 86
SPECIES_BIBAREL	54	Crunch	added	R2	Candice's split; score 42
SPECIES_BIBAREL	60	Double-Edge	added	R2	HQ's split; score 65
SPECIES_BIBAREL	65	Swagger	added	late move	Galactic's split; score 50
SPECIES_ORBEETLE	30	Struggle Bug	moved from 4	R25	was below 30, the lowest level it is had at
SPECIES_ORBEETLE	31	Confuse Ray	moved from 8	R25	was below 30, the lowest level it is had at
SPECIES_ORBEETLE	33	Bug Bite	moved from 12	R25	was below 30, the lowest level it is had at
SPECIES_ORBEETLE	34	Hypnosis	moved from 20	R25	was below 30, the lowest level it is had at
SPECIES_ORBEETLE	35	Silver Wind	moved from 24	R25	was below 30, the lowest level it is had at
SPECIES_ORBEETLE	37	Mirror Coat	moved from 28	R25	was below 30, the lowest level it is had at
SPECIES_BLIPBUG	4	Calm Mind	added	R7	Roark's split; score 155
SPECIES_BLIPBUG	10	Trailblaze	added	R4, R5	Roark's split; score 41
SPECIES_DOTTLER	26	Snarl	added	R4, R5	Gardenia's split; score 54
SPECIES_ORBEETLE	53	Energy Ball	added	R5	Byron's split; score 90
SPECIES_ORBEETLE	56	Shadow Ball	added	R5	Candice's split; score 87
SPECIES_ORBEETLE	54	Giga Drain	added	R2	Candice's split; score 35
SPECIES_ORBEETLE	58	Recover	added	R2	HQ's split; score 9
SPECIES_ORBEETLE	65	Agility	added	R2	Galactic's split; score 2
SPECIES_ORBEETLE	68	Sticky Web	added	R2	Volkner's split; score -5
SPECIES_SUDOWOODO	35	Low Sweep	added	R5, R16	Maylene's split; score 93
SPECIES_SUDOWOODO	43	Bulldoze	added	R5	Wake's split; score 74
SPECIES_SUDOWOODO	54	Body Slam	added	R2	Candice's split; score 39
SPECIES_SUDOWOODO	56	Drain Punch	added	R2	Candice's split; score 35
SPECIES_SUDOWOODO	61	Fire Punch	added	R5, late move	Galactic's split; score 114
SPECIES_SUDOWOODO	65	Earthquake	added	R2	Galactic's split; score 50
SPECIES_SUDOWOODO	68	Foul Play	added	R2	Volkner's split; score 40
SPECIES_TSAREENA	33	Swagger	moved from 5	R25	was below 32, the lowest level it is had at
SPECIES_TSAREENA	34	Trop Kick	moved from 25	R25	was below 32, the lowest level it is had at
SPECIES_BOUNSWEET	7	Taunt	added	R7	Roark's split; score 132
SPECIES_BOUNSWEET	6	Magical Leaf	moved from 21	R1	brought into Roark's split; score 45
SPECIES_STEENEE	17	Draining Kiss	added	R4, R5	Gardenia's split; score 178
SPECIES_TSAREENA	41	Zen Headbutt	added	R5	Wake's split; score 87
SPECIES_TSAREENA	51	U-turn	added	R5	Byron's split; score 85
SPECIES_TSAREENA	54	Play Rough	added	R5	Candice's split; score 90
SPECIES_TSAREENA	60	Knock Off	added	R5	HQ's split; score 42
SPECIES_TSAREENA	65	Charm	added	late move	Galactic's split; score 50
SPECIES_BRONZOR	35	Gyro Ball	removed	R8	Bronzong learns it at 38, in the same split
SPECIES_BRONZOR	22	Bulldoze	added	R4, R5, R16	Gardenia's split; score 201
SPECIES_BRONZOR	17	Smart Strike	added	R11	Gardenia's split; score 88
SPECIES_BRONZONG	35	Iron Head	added	R2	Maylene's split; score 74
SPECIES_BRONZONG	40	Rock Tomb	added	R5	Wake's split; score 52
SPECIES_BRONZONG	46	Body Press	added	R5	Byron's split; score 47
SPECIES_BRONZONG	54	Shadow Ball	added	R5	Candice's split; score 45
SPECIES_BRONZONG	57	Earthquake	added	R2	HQ's split; score 50
SPECIES_ROSELIA	30	Poison Sting	moved from 7	R25	was below 30, the lowest level it is had at
SPECIES_ROSELIA	31	Leech Seed	moved from 16	R25	was below 30, the lowest level it is had at
SPECIES_ROSELIA	32	Magical Leaf	moved from 19	R25	was below 30, the lowest level it is had at
SPECIES_ROSELIA	33	GrassWhistle	moved from 22	R25	was below 30, the lowest level it is had at
SPECIES_ROSELIA	25	Giga Drain	removed	R25	below 30; onto Budew's list
SPECIES_BUDEW	25	Giga Drain	added	R25	from Roselia's 25, below its 30
SPECIES_ROSELIA	34	Toxic Spikes	moved from 28	R25	was below 30, the lowest level it is had at
SPECIES_BUDEW	4	Growth	removed	R1	filler past the one a first split may carry
SPECIES_ROSELIA	4	Growth	removed	R25	below 30, the lowest level it is had at
SPECIES_BUDEW	4	Acid	added	R11	Roark's split; score 241
SPECIES_BUDEW	15	Magical Leaf	added	check 1	Roark's split; score 215
SPECIES_BUDEW	20	Venoshock	added	R16	Gardenia's split; score 58
SPECIES_BUDEW	18	Confusion	added	R4, R5	Gardenia's split; score 58
SPECIES_ROSELIA	40	Sludge Bomb	added	R30	Wake's split; score 182
SPECIES_ROSELIA	53	Shadow Ball	added	R5	Byron's split; score 96
SPECIES_ROSERADE	40	Energy Ball	added	R30	Wake's split; score 144
SPECIES_ROSERADE	57	Shadow Ball	added	R5	HQ's split; score 87
SPECIES_ROSERADE	60	Dazzling Gleam	added	R5	HQ's split; score 85
SPECIES_ROSERADE	65	Leaf Storm	added	late move	Galactic's split; score 114
SPECIES_ROSERADE	62	Sludge Wave	added	R2	Galactic's split; score 25
SPECIES_ROSERADE	68	Sludge Bomb	added	R2	Volkner's split; score 72
SPECIES_ROSERADE	66	Synthesis	added	R2	Volkner's split; score 9
SPECIES_ROSERADE	78	Extrasensory	added	R2	League's split; score 41
SPECIES_BUIZEL	28	Agility	removed	R8	Floatzel learns it at 29, in the same split
SPECIES_BUIZEL	36	Whirlpool	removed	R8	Floatzel learns it at 39, in the same split
SPECIES_BUIZEL	1	Growl	removed	R1	filler past the one a first split may carry
SPECIES_FLOATZEL	29	Agility	removed	R32	no strong attack it boosts on the line; a catch would know it at level 1
SPECIES_BUIZEL	8	BubbleBeam	added	check 1	Roark's split; score 196
SPECIES_BUIZEL	12	Scary Face	added	R7	Roark's split; score 132
SPECIES_FLOATZEL	33	Flip Turn	added	R16 due	Fantina's split; score 94
SPECIES_FLOATZEL	29	Icy Wind	added	R5	Fantina's split; score 65
SPECIES_FLOATZEL	36	Waterfall	added	R30	Maylene's split; score 138
SPECIES_FLOATZEL	41	Liquidation	added	R2	Wake's split; score 76
SPECIES_FLOATZEL	44	Low Sweep	added	R5	Wake's split; score 76
SPECIES_FLOATZEL	53	Rock Tomb	added	R5	Byron's split; score 52
SPECIES_FLOATZEL	51	Agility	added	R2	Byron's split; score 52
SPECIES_FLOATZEL	56	Ice Fang	added	R2	Candice's split; score 46
SPECIES_FLOATZEL	62	Wave Crash	added	late move	Galactic's split; score 136
SPECIES_FLOATZEL	65	Ice Punch	added	R2	Galactic's split; score 49
SPECIES_LOPUNNY	13	Return	removed	R25	below 20; onto Buneary's list
SPECIES_BUNEARY	12	Return	added	R25	from Lopunny's 13, below its 20
SPECIES_BUNEARY	9	Power-Up Punch	added	R4, R16	Roark's split; score 150
SPECIES_BUNEARY	8	Baby-Doll Eyes	added	R7	Roark's split; score 110
SPECIES_BUNEARY	5	Covet	added	check 1	Roark's split; score 72
SPECIES_LOPUNNY	29	Bite	added	R5	Fantina's split; score 83
SPECIES_LOPUNNY	39	Strength	added	R30	Maylene's split; score 136
SPECIES_LOPUNNY	41	Body Slam	added	R2	Wake's split; score 68
SPECIES_LOPUNNY	53	U-turn	added	R5	Byron's split; score 47
SPECIES_LOPUNNY	49	Crunch	added	R2	Byron's split; score 42
SPECIES_LOPUNNY	56	Blaze Kick	added	R5	Candice's split; score 79
SPECIES_LOPUNNY	54	Low Sweep	added	R2	Candice's split; score 42
SPECIES_LOPUNNY	60	Drain Punch	added	R2	HQ's split; score 35
SPECIES_LOPUNNY	58	Slam	added	R2	HQ's split; score 26
SPECIES_LOPUNNY	65	Fire Punch	added	late move	Galactic's split; score 84
SPECIES_LOPUNNY	68	Close Combat	added	R2	Volkner's split; score 46
SPECIES_WORMADAM	29	Growth	removed	R32	too early: strong attacks it boosts come at 47
SPECIES_WORMADAM	40	Growth	added	R32	moved from Wormadam's 29, beside the attacks it boosts
SPECIES_BURMY	17	Confusion	added	R4, R5	Gardenia's split; score 171
SPECIES_BURMY	18	Roost	added	R7	Gardenia's split; score 169
SPECIES_WORMADAM	29	Lunge	added	R16	Fantina's split; score 92
SPECIES_WORMADAM	34	Stun Spore	added	R7	Maylene's split; score 155
SPECIES_WORMADAM	53	Earth Power	added	R5	Byron's split; score 131
SPECIES_WORMADAM	56	Iron Head	added	R5	Candice's split; score 84
SPECIES_WORMADAM	54	Leech Life	added	R2	Candice's split; score 64
SPECIES_WORMADAM	60	Giga Drain	added	R2	HQ's split; score 60
SPECIES_WORMADAM	58	Sucker Punch	added	R5	HQ's split; score 58
SPECIES_WORMADAM	65	U-turn	added	late move	Galactic's split; score 108
SPECIES_WORMADAM	62	Quiver Dance	added	R2	Galactic's split; score 23
SPECIES_MOTHIM	34	Lunge	added	R16 due	Maylene's split; score 132
SPECIES_MOTHIM	53	Giga Drain	added	R5	Byron's split; score 126
SPECIES_MOTHIM	56	Leech Life	added	R2	Candice's split; score 64
SPECIES_MOTHIM	54	Quiver Dance	added	R2	Candice's split; score 63
SPECIES_MOTHIM	60	Earth Power	added	R5	HQ's split; score 106
SPECIES_MOTHIM	58	Iron Head	added	R5	HQ's split; score 59
SPECIES_MOTHIM	65	Leaf Storm	added	late move	Galactic's split; score 111
SPECIES_MOTHIM	62	Sucker Punch	added	R5	Galactic's split; score 58
SPECIES_MOTHIM	68	U-turn	added	R2	Volkner's split; score 58
SPECIES_MOTHIM	66	Brave Bird	added	R2	Volkner's split; score 27
SPECIES_MOTHIM	71	Stun Spore	added	R2	Barry's split; score -5
SPECIES_WORMADAM	17	Confusion	moved from 23	R8	to Burmy's level, inside one split
SPECIES_MOTHIM	23	Confusion	removed	R8	Burmy learns it at 17, before evolving
SPECIES_CARBINK	1	Harden	removed	R1	filler past the one a first split may carry
SPECIES_CARBINK	8	Sharpen	removed	R1	filler past the one a first split may carry
SPECIES_CARBINK	21	Draining Kiss	added	R11	Gardenia's split; score 85
SPECIES_CARBINK	17	Bulldoze	added	R4, R5	Gardenia's split; score 45
SPECIES_CARBINK	30	Rock Tomb	added	R2	Fantina's split; score 52
SPECIES_CARBINK	27	Dazzling Gleam	added	R2	Fantina's split; score 51
SPECIES_CARBINK	56	Psychic	added	R5	Candice's split; score 90
SPECIES_CARBINK	54	Iron Head	added	R5	Candice's split; score 50
SPECIES_CARBINK	60	Body Press	added	R5	HQ's split; score 47
SPECIES_CARNIVINE	1	Growth	removed	R1	filler past the one a first split may carry
SPECIES_CARNIVINE	30	Leaf Tornado	added	check 1, R16	Fantina's split; score 229
SPECIES_CARNIVINE	33	Swagger	added	R7	Fantina's split; score 144
SPECIES_CARNIVINE	35	Seed Bomb	added	R2	Maylene's split; score 60
SPECIES_CARNIVINE	42	Leech Life	added	R5	Wake's split; score 59
SPECIES_CARNIVINE	40	Giga Drain	added	R2	Wake's split; score 58
SPECIES_CARNIVINE	53	Secret Power	added	R2	Byron's split; score 32
SPECIES_CARNIVINE	56	Fire Fang	added	R5	Candice's split; score 86
SPECIES_CARNIVINE	54	Sludge Bomb	added	R5	Candice's split; score 53
SPECIES_CARNIVINE	60	Leaf Storm	added	R2	HQ's split; score 28
SPECIES_CARNIVINE	65	Slam	added	late move	Galactic's split; score 85
SPECIES_SHARPEDO	31	Aqua Jet	added	R8	Carvanha learns it at 31, after evolving at 30 in the same split: holding it is no choice
SPECIES_CARVANHA	23	Aqua Cutter	added	R11, R16	Gardenia's split; score 282
SPECIES_SHARPEDO	37	Aerial Ace	added	R5	Maylene's split; score 70
SPECIES_SHARPEDO	35	Bug Bite	added	R5	Maylene's split; score 70
SPECIES_SHARPEDO	41	Liquidation	added	R2	Wake's split; score 76
SPECIES_SHARPEDO	54	Poison Fang	added	R5	Candice's split; score 90
SPECIES_SHARPEDO	60	Flip Turn	added	R2	HQ's split; score 42
SPECIES_SHARPEDO	58	Poison Jab	added	R2	HQ's split; score 37
SPECIES_SHARPEDO	65	Throat Chop	added	late move	Galactic's split; score 43
SPECIES_CASTFORM	39	Swagger	added	R7	Maylene's split; score 144
SPECIES_CASTFORM	44	Clear Smog	added	R5, R16	Wake's split; score 96
SPECIES_CASTFORM	41	Swift	added	R2	Wake's split; score 38
SPECIES_CASTFORM	53	Scald	added	R2	Byron's split; score 37
SPECIES_CASTFORM	56	Hyper Voice	added	R30	Candice's split; score 61
SPECIES_CASTFORM	54	Flamethrower	added	R2	Candice's split; score 46
SPECIES_CASTFORM	60	Ice Beam	added	R2	HQ's split; score 46
SPECIES_CASTFORM	65	Thunder Wave	added	late move	Galactic's split; score 78
SPECIES_ARMAROUGE	29	Clear Smog	moved from 8	R25	was below 28, the lowest level it is had at
SPECIES_ARMAROUGE	30	Fire Spin	moved from 12	R25	was below 28, the lowest level it is had at
SPECIES_ARMAROUGE	24	Flame Charge	removed	R25	below 28; onto Charcadet's list
SPECIES_CHARCADET	24	Flame Charge	added	R25	from Armarouge's 24, below its 28
SPECIES_CERULEDGE	17	Clear Smog	moved from 8	R25	was below 17, the lowest level it is had at
SPECIES_CERULEDGE	18	Fire Spin	moved from 12	R25	was below 17, the lowest level it is had at
SPECIES_CERULEDGE	37	Swords Dance	removed	R32	too early: strong attacks it boosts come at 48
SPECIES_CERULEDGE	40	Swords Dance	added	R32	moved from Ceruledge's 37, beside the attacks it boosts
SPECIES_CHARCADET	32	Lava Plume	moved from 50	R1	brought into Fantina's split; score 74
SPECIES_CHARCADET	36	Bitter Blade	added	R2	Maylene's split; score 72
SPECIES_CHARCADET	34	Mystical Fire	added	R2	Maylene's split; score 68
SPECIES_CHARCADET	44	Throat Chop	added	R5	Wake's split; score 57
SPECIES_CHARCADET	53	Expanding Force	added	R5	Byron's split; score 65
SPECIES_CHARCADET	48	Energy Ball	added	R5	Byron's split; score 52
SPECIES_CHARCADET	56	Psychic	added	R2	Candice's split; score 39
SPECIES_CHARCADET	54	Poison Jab	added	R2	Candice's split; score 37
SPECIES_ARMAROUGE	52	Psyshock	added	R11	Byron's split; score 260
SPECIES_ARMAROUGE	65	Energy Ball	added	R5	Galactic's split; score 90
SPECIES_ARMAROUGE	68	Dragon Pulse	added	R5	Volkner's split; score 87
SPECIES_ARMAROUGE	66	Overheat	added	R2	Volkner's split; score 72
SPECIES_ARMAROUGE	71	Psychic	added	R2	Barry's split; score 59
SPECIES_ARMAROUGE	69	Dark Pulse	added	R5	Barry's split; score 49
SPECIES_CERULEDGE	30	Shadow Claw	added	R11	Fantina's split; score 252
SPECIES_CERULEDGE	27	Iron Defense	added	R7	Fantina's split; score 138
SPECIES_CERULEDGE	29	Bulldoze	added	R4, R5	Fantina's split; score 45
SPECIES_CERULEDGE	52	Throat Chop	added	R5	Byron's split; score 57
SPECIES_CERULEDGE	54	Iron Head	added	R5	Candice's split; score 50
SPECIES_CERULEDGE	65	Poltergeist	added	R2	Galactic's split; score 63
SPECIES_CHARIZARD	17	Dragon Rage	removed	R25	below 36, the lowest level it is had at
SPECIES_CHARMANDER	19	Scary Face	removed	R8	Charmeleon learns it at 21, in the same split
SPECIES_CHARMANDER	28	Slash	removed	R8	Charmeleon learns it at 32, in the same split
SPECIES_CHARMANDER	34	Flamethrower	removed	R8	Charmeleon learns it at 39, in the same split
SPECIES_CHARIZARD	39	Flamethrower	added	R8	Charmeleon learns it at 39, after evolving at 36 in the same split: holding it is no choice
SPECIES_CHARMANDER	1	Growl	removed	R1	filler past the one a first split may carry
SPECIES_CHARMANDER	10	SmokeScreen	removed	R1	filler past the one a first split may carry
SPECIES_CHARMELEON	10	SmokeScreen	removed	R25	below 16, the lowest level it is had at
SPECIES_CHARIZARD	10	SmokeScreen	removed	R25	below 36, the lowest level it is had at
SPECIES_CHARMANDER	16	Flame Wheel	added	check 1	Roark's split; score 190
SPECIES_CHARMANDER	11	Metal Claw	added	R4, R5	Roark's split; score 181
SPECIES_CHARMANDER	9	Scary Face	added	R7	Roark's split; score 165
SPECIES_CHARMELEON	17	Acrobatics	added	R5, R16	Gardenia's split; score 70
SPECIES_CHARMELEON	24	Bite	added	R5	Gardenia's split; score 67
SPECIES_CHARIZARD	37	DragonBreath	added	R11	Maylene's split; score 248
SPECIES_CHARIZARD	44	Air Slash	added	R5	Wake's split; score 124
SPECIES_CHARIZARD	40	Scorching Sands	added	R5	Wake's split; score 83
SPECIES_CHARIZARD	53	Dragon Pulse	added	R2	Byron's split; score 64
SPECIES_CHARIZARD	56	Dark Pulse	added	R5	Candice's split; score 32
SPECIES_CHARIZARD	62	Overheat	added	R2	Galactic's split; score 72
SPECIES_CHARIZARD	64	Draco Meteor	added	R2	Galactic's split; score 29
SPECIES_CHATOT	34	Round	added	R11, R16	Maylene's split; score 285
SPECIES_CHATOT	39	U-turn	added	R4, R5	Maylene's split; score 154
SPECIES_CHATOT	43	Air Slash	added	R2	Wake's split; score 67
SPECIES_CHATOT	53	Steel Wing	added	R5	Byron's split; score 46
SPECIES_CHATOT	56	Brave Bird	added	R2	Candice's split; score 24
SPECIES_CHATOT	54	Parting Shot	added	R2	Candice's split; score 5
SPECIES_CHATOT	61	Heat Wave	added	R5, late move	Galactic's split; score 134
SPECIES_CHATOT	72	Boomburst	added	R2	League's split; score 89
SPECIES_CHERUBI	28	Worry Seed	removed	R8	Cherrim learns it at 30, in the same split
SPECIES_CHERUBI	7	Growth	removed	R1	filler past the one a first split may carry
SPECIES_CHERRIM	7	Growth	removed	R25	below 25, the lowest level it is had at
SPECIES_CHERUBI	25	Draining Kiss	added	R4, R5, R16	Gardenia's split; score 156
SPECIES_CHERUBI	22	Stun Spore	added	R7	Gardenia's split; score 155
SPECIES_CHERRIM	27	Flame Wheel	added	R5	Fantina's split; score 81
SPECIES_CHERRIM	34	Petal Blizzard	added	R2	Maylene's split; score 78
SPECIES_CHERRIM	40	Rock Slide	added	R5	Wake's split; score 77
SPECIES_CHERRIM	53	Giga Drain	added	R2	Byron's split; score 51
SPECIES_CHERRIM	56	Pollen Puff	added	R5	Candice's split; score 51
SPECIES_CHERRIM	54	Body Slam	added	R2	Candice's split; score 46
SPECIES_CHERRIM	60	Blaze Kick	added	R2	HQ's split; score 39
SPECIES_CHERRIM	58	Play Rough	added	R2	HQ's split; score 39
SPECIES_CHERRIM	65	Flare Blitz	added	late move	Galactic's split; score 103
SPECIES_CHERRIM	62	Leaf Storm	added	R2	Galactic's split; score 29
SPECIES_CHERRIM	68	Morning Sun	added	R2	Volkner's split; score 9
SPECIES_CHINCHOU	28	BubbleBeam	removed	R8	Lanturn learns it at 30, in the same split
SPECIES_LANTURN	31	Signal Beam	added	R8	Chinchou learns it at 31, after evolving at 27 in the same split: holding it is no choice
SPECIES_CHINCHOU	4	Shock Wave	added	R11, check 1	Roark's split; score 405
SPECIES_CHINCHOU	14	Screech	added	R7	Roark's split; score 132
SPECIES_CHINCHOU	26	Icy Wind	added	R4, R5	Gardenia's split; score 209
SPECIES_LANTURN	33	Scald	added	R16 due	Fantina's split; score 105
SPECIES_LANTURN	37	Thunderbolt	added	R2	Maylene's split; score 59
SPECIES_LANTURN	34	Surf	added	R2	Maylene's split; score 57
SPECIES_LANTURN	43	Flash Cannon	added	R5	Wake's split; score 56
SPECIES_LANTURN	54	Volt Switch	added	R2	Candice's split; score 49
SPECIES_LANTURN	55	Dazzling Gleam	added	R5	Candice's split; score 47
SPECIES_LANTURN	60	Ice Beam	added	R2	HQ's split; score 39
SPECIES_LANTURN	65	Swagger	added	late move	Galactic's split; score 50
SPECIES_CHIMECHO	20	Last Resort	added	R8	Chingling learns it at 22, after evolving at 20 in the same split: holding it is no choice
SPECIES_CHINGLING	22	Last Resort	removed	R8	Chimecho learns it at 20, in the same split
SPECIES_CHINGLING	20	Yawn	added	R7	Gardenia's split; score 179
SPECIES_CHINGLING	18	Snarl	added	R4, R5, R16	Gardenia's split; score 162
SPECIES_CHIMECHO	27	Psybeam	added	R2	Fantina's split; score 50
SPECIES_CHIMECHO	35	Confuse Ray	added	R2	Maylene's split; score 56
SPECIES_CHIMECHO	43	Psychic	added	R30	Wake's split; score 169
SPECIES_CHIMECHO	53	Shadow Ball	added	R5	Byron's split; score 127
SPECIES_CHIMECHO	56	Flash Cannon	added	R5	Candice's split; score 81
SPECIES_CHIMECHO	54	Aura Sphere	added	R5	Candice's split; score 80
SPECIES_CHIMECHO	60	Recover	added	R2	HQ's split; score 9
SPECIES_CHIMECHO	65	Wish	added	late move	Galactic's split; score 56
SPECIES_CHINGLING	20	Yawn	removed	R8	Chimecho learns it at 25, in the same split
SPECIES_CLAMPERL	19	Brine	added	check 1	Gardenia's split; score 209
SPECIES_CLAMPERL	26	Bite	added	R4, R5	Gardenia's split; score 199
SPECIES_CLAMPERL	33	Aurora Beam	added	R5	Fantina's split; score 73
SPECIES_CLAMPERL	29	Scald	added	R16	Fantina's split; score 71
SPECIES_HUNTAIL	35	Flip Turn	added	R16 due	Maylene's split; score 38
SPECIES_HUNTAIL	40	Waterfall	added	R30	Wake's split; score 138
SPECIES_HUNTAIL	56	Leech Life	added	R5	Candice's split; score 59
SPECIES_HUNTAIL	54	Rock Tomb	added	R5	Candice's split; score 52
SPECIES_HUNTAIL	60	Sucker Punch	added	R2	HQ's split; score 42
SPECIES_HUNTAIL	58	Shell Smash	added	R2	HQ's split; score 23
SPECIES_HUNTAIL	65	Confuse Ray	added	late move	Galactic's split; score 56
SPECIES_HUNTAIL	62	Agility	added	R2	Galactic's split; score 2
SPECIES_GOREBYSS	35	Draining Kiss	added	R5, R16 due	Maylene's split; score 114
SPECIES_GOREBYSS	40	Surf	added	R30	Wake's split; score 142
SPECIES_GOREBYSS	56	Ice Beam	added	R5	Candice's split; score 86
SPECIES_GOREBYSS	54	Shadow Ball	added	R5	Candice's split; score 82
SPECIES_GOREBYSS	60	Scald	added	R2	HQ's split; score 54
SPECIES_GOREBYSS	58	Shell Smash	added	R2	HQ's split; score 23
SPECIES_GOREBYSS	65	Confuse Ray	added	late move	Galactic's split; score 56
SPECIES_GOREBYSS	62	Scary Face	added	R2	Galactic's split; score -5
SPECIES_GOREBYSS	68	Screech	added	R2	Volkner's split; score -5
SPECIES_CLEFAIRY	10	DoubleSlap	removed	R25	below 14, the lowest level it is had at
SPECIES_CLEFAIRY	13	Defense Curl	removed	R25	below 14, the lowest level it is had at
SPECIES_CLEFAIRY	10	Magical Leaf	added	R8	Cleffa learns it at 16, after evolving at 10 in the same split: holding it is no choice
SPECIES_CLEFFA	16	Magical Leaf	removed	R8	Clefairy learns it at 10, in the same split
SPECIES_CLEFAIRY	14	Magical Leaf	moved from 10	R25	was below 14, the lowest level it is had at
SPECIES_CLEFAIRY	17	Play Rough	added	R11, check 1, R16	Gardenia's split; score 367
SPECIES_CLEFAIRY	18	Icy Wind	added	R5	Gardenia's split; score 56
SPECIES_CLEFAIRY	20	Chilling Water	added	R5	Gardenia's split; score 49
SPECIES_CLEFAIRY	21	Charge Beam	added	R5	Gardenia's split; score 47
SPECIES_CLEFAIRY	23	Draining Kiss	added	R1	Gardenia's split; score 35
SPECIES_CLEFAIRY	31	Alluring Voice	added	R2	Fantina's split; score 51
SPECIES_CLEFABLE	17	Play Rough	added	R11, check 1, R16	Gardenia's split; score 366
SPECIES_CLEFABLE	40	Alluring Voice	added	R30	Wake's split; score 144
SPECIES_CLEFABLE	44	Shadow Ball	added	R5	Wake's split; score 82
SPECIES_CLEFABLE	53	Psychic	added	R5	Byron's split; score 86
SPECIES_CLEFABLE	48	Moonblast	added	R2	Byron's split; score 83
SPECIES_CLEFABLE	56	Air Slash	added	R5	Candice's split; score 79
SPECIES_CLEFABLE	54	Follow Me	added	R2	Candice's split; score 63
SPECIES_CLEFABLE	60	Charm	added	R2	HQ's split; score 9
SPECIES_CLEFABLE	58	Moonlight	added	R2	HQ's split; score 9
SPECIES_CLEFABLE	65	Sweet Kiss	added	late move	Galactic's split; score 59
SPECIES_CLEFABLE	62	Life Dew	added	R2	Galactic's split; score -5
SPECIES_CLOBBOPUS	30	Skitter Smack	added	R4, R5, R16	Wake's split; score 170
SPECIES_GRAPPLOCT	53	Drain Punch	added	R2	Byron's split; score 51
SPECIES_GRAPPLOCT	56	Liquidation	added	R5	Candice's split; score 51
SPECIES_GRAPPLOCT	54	Sucker Punch	added	R5	Candice's split; score 49
SPECIES_GRAPPLOCT	60	StompingTantrum	added	R5	HQ's split; score 45
SPECIES_GRAPPLOCT	65	Close Combat	added	late move	Galactic's split; score 111
SPECIES_VESPIQUEN	22	Poison Sting	moved from 3	R25	was below 21, the lowest level it is had at
SPECIES_VESPIQUEN	23	Confuse Ray	moved from 7	R25	was below 21, the lowest level it is had at
SPECIES_VESPIQUEN	9	Fury Cutter	removed	R25	below 21, the lowest level it is had at
SPECIES_VESPIQUEN	24	Defend Order	moved from 13	R25	was below 21, the lowest level it is had at
SPECIES_VESPIQUEN	26	Pursuit	moved from 15	R25	was below 21, the lowest level it is had at
SPECIES_VESPIQUEN	19	Fury Swipes	removed	R25	below 21, the lowest level it is had at
SPECIES_COMBEE	21	Roost	added	R7	Gardenia's split; score 179
SPECIES_COMBEE	17	Pursuit	added	R4	Gardenia's split; score 150
SPECIES_VESPIQUEN	35	Pounce	added	R16 due	Maylene's split; score 96
SPECIES_VESPIQUEN	44	Air Slash	added	R2	Wake's split; score 57
SPECIES_VESPIQUEN	41	U-turn	added	R2	Wake's split; score 49
SPECIES_VESPIQUEN	53	Psychic Noise	added	R5	Byron's split; score 83
SPECIES_VESPIQUEN	48	Poison Jab	added	R2	Byron's split; score 44
SPECIES_VESPIQUEN	56	Sludge Bomb	added	R2	Candice's split; score 42
SPECIES_VESPIQUEN	54	Take Down	added	R2	Candice's split; score 34
SPECIES_VESPIQUEN	60	Secret Power	added	R2	HQ's split; score 32
SPECIES_VESPIQUEN	65	Brave Bird	added	late move	Galactic's split; score 44
SPECIES_VESPIQUEN	17	Pursuit	moved from 26	R8	to Combee's level, inside one split
SPECIES_CORPHISH	35	Night Slash	removed	R8	Crawdaunt learns it at 39, in the same split
SPECIES_CRAWDAUNT	32	Taunt	added	R8	Corphish learns it at 32, after evolving at 30 in the same split: holding it is no choice
SPECIES_CORPHISH	7	Harden	removed	R1	filler past the one a first split may carry
SPECIES_CRAWDAUNT	7	Harden	removed	R25	below 30, the lowest level it is had at
SPECIES_CORPHISH	12	BubbleBeam	moved from 20	check 1	brought into Roark's split; score 191
SPECIES_CORPHISH	8	Taunt	moved from 32	R7	brought into Roark's split; score 165
SPECIES_CORPHISH	17	Razor Shell	added	R16	Gardenia's split; score 82
SPECIES_CRAWDAUNT	36	Aerial Ace	added	R5	Maylene's split; score 115
SPECIES_CRAWDAUNT	35	Throat Chop	added	R30	Maylene's split; score 60
SPECIES_CRAWDAUNT	41	X-Scissor	added	R5	Wake's split; score 125
SPECIES_CRAWDAUNT	48	Brick Break	added	R5	Byron's split; score 66
SPECIES_CRAWDAUNT	54	Rock Tomb	added	R5	Candice's split; score 52
SPECIES_CRAWDAUNT	61	Swagger	added	late move	Galactic's split; score 84
SPECIES_CRAWDAUNT	66	Close Combat	added	R2	Volkner's split; score 46
SPECIES_CORSOLA	4	Harden	removed	R1	filler past the one a first split may carry
SPECIES_CORSOLA	16	Refresh	removed	R1	filler past the one a first split may carry
SPECIES_CORSOLA	16	AncientPower	moved from 32	R11, check 1	brought into Roark's split; score 392
SPECIES_CORSOLA	6	Life Dew	added	R16	Roark's split; score 55
SPECIES_CORSOLA	18	Bulldoze	added	R4, R5	Gardenia's split; score 193
SPECIES_CORSOLA	33	Aqua Cutter	added	R2	Fantina's split; score 52
SPECIES_CORSOLA	35	Liquidation	added	R30	Maylene's split; score 141
SPECIES_CORSOLA	42	Throat Chop	added	R5	Wake's split; score 95
SPECIES_CORSOLA	56	Rock Tomb	added	R2	Candice's split; score 52
SPECIES_CORSOLA	54	Rock Slide	added	R2	Candice's split; score 46
SPECIES_CORSOLA	60	Earthquake	added	R2	HQ's split; score 42
SPECIES_CORSOLA	58	Body Slam	added	R2	HQ's split; score 39
SPECIES_CORSOLA	65	Sucker Punch	added	late move	Galactic's split; score 79
SPECIES_CORSOLA	62	Ice Punch	added	R5	Galactic's split; score 33
SPECIES_RAMPARDOS	33	Zen Headbutt	added	R8	Cranidos learns it at 33, after evolving at 30 in the same split: holding it is no choice
SPECIES_RAMPARDOS	39	Bulldoze	added	R5, R16	Maylene's split; score 91
SPECIES_RAMPARDOS	34	Revenge	added	R5	Maylene's split; score 70
SPECIES_RAMPARDOS	41	Rock Slide	added	R2	Wake's split; score 54
SPECIES_RAMPARDOS	47	Rock Tomb	added	R2	Byron's split; score 52
SPECIES_RAMPARDOS	56	Crunch	added	R2	Candice's split; score 42
SPECIES_RAMPARDOS	54	Body Press	added	R2	Candice's split; score 34
SPECIES_RAMPARDOS	61	Earthquake	added	late move	Galactic's split; score 85
SPECIES_RAMPARDOS	65	Hammer Arm	added	R2	Galactic's split; score 40
SPECIES_RAMPARDOS	68	Superpower	added	R2	Volkner's split; score 43
SPECIES_CRESSELIA	68	Confuse Ray	added	R7	Volkner's split; score 150
SPECIES_CRESSELIA	71	Moonblast	added	R5, R16	Barry's split; score 84
SPECIES_CRESSELIA	69	Signal Beam	added	R5	Barry's split; score 79
SPECIES_CRESSELIA	78	Swagger	added	R7	League's split; score 110
SPECIES_TOXICROAK	38	Poison Jab	added	R8	Croagunk learns it at 38, after evolving at 37 in the same split: holding it is no choice
SPECIES_CROAGUNK	36	Nasty Plot	removed	R32	too early: strong attacks it boosts come at 49
SPECIES_TOXICROAK	40	Nasty Plot	added	R32	moved from Croagunk's 36, beside the attacks it boosts
SPECIES_TOXICROAK	44	Low Sweep	added	R16	Wake's split; score 73
SPECIES_TOXICROAK	46	X-Scissor	added	R5	Byron's split; score 68
SPECIES_TOXICROAK	56	Rock Tomb	added	R5	Candice's split; score 52
SPECIES_TOXICROAK	60	Drain Punch	added	R2	HQ's split; score 51
SPECIES_TOXICROAK	58	Upper Hand	added	R2	HQ's split; score 48
SPECIES_TOXICROAK	65	Close Combat	added	late move	Galactic's split; score 111
SPECIES_TOXICROAK	62	Throat Chop	added	R2	Galactic's split; score 44
SPECIES_TOXICROAK	68	Earthquake	added	R2	Volkner's split; score 42
SPECIES_TOXICROAK	66	Bulldoze	added	R2	Volkner's split; score 40
SPECIES_TOXICROAK	71	Toxic	added	R2	Barry's split; score 23
SPECIES_TOXICROAK	36	Nasty Plot	removed	R25	below 37, the lowest level it is had at
SPECIES_DELIBIRD	54	Ice Beam	added	R11, check 1	Candice's split; score 415
SPECIES_DELIBIRD	56	Drill Peck	added	R11	Candice's split; score 260
SPECIES_DELIBIRD	55	Drill Run	added	R4, R5, R16	Candice's split; score 220
SPECIES_DELIBIRD	34	Swagger	added	R7	Candice's split; score 144
SPECIES_DELIBIRD	60	Brave Bird	added	R2	HQ's split; score 65
SPECIES_DELIBIRD	58	Ice Punch	added	R2	HQ's split; score 62
SPECIES_DELIBIRD	65	Foul Play	added	R5, late move	Galactic's split; score 96
SPECIES_DELIBIRD	62	Seed Bomb	added	R5	Galactic's split; score 47
SPECIES_DELIBIRD	68	Brick Break	added	R5	Volkner's split; score 45
SPECIES_DELIBIRD	66	Signal Beam	added	R5	Volkner's split; score 44
SPECIES_DEWPIDER	25	Headbutt	removed	R8	Araquanid learns it at 26, in the same split
SPECIES_DEWPIDER	29	Soak	removed	R8	Araquanid learns it at 31, in the same split
SPECIES_DEWPIDER	19	Sticky Web	added	R7	Gardenia's split; score 155
SPECIES_ARAQUANID	28	Spider Web	added	R2	Fantina's split; score 56
SPECIES_ARAQUANID	34	Skitter Smack	added	R2	Maylene's split; score 54
SPECIES_ARAQUANID	38	Waterfall	added	R2	Maylene's split; score 53
SPECIES_ARAQUANID	44	Poison Jab	added	R5	Wake's split; score 50
SPECIES_ARAQUANID	51	Crunch	added	R2	Byron's split; score 42
SPECIES_ARAQUANID	54	Body Slam	added	R2	Candice's split; score 39
SPECIES_ARAQUANID	58	Ice Punch	added	R5	HQ's split; score 27
SPECIES_DHELMISE	37	Astonish	added	R11	Maylene's split; score 224
SPECIES_DHELMISE	35	Synthesis	added	R7	Maylene's split; score 169
SPECIES_DHELMISE	36	Seed Bomb	added	check 1	Maylene's split; score 74
SPECIES_DHELMISE	43	Bulldoze	added	R5	Wake's split; score 52
SPECIES_DHELMISE	54	Liquidation	added	R5	Candice's split; score 60
SPECIES_DHELMISE	60	Body Press	added	R5	HQ's split; score 47
SPECIES_DHELMISE	57	Iron Head	added	R2	HQ's split; score 37
SPECIES_DHELMISE	62	Poltergeist	added	R2	Galactic's split; score 74
SPECIES_DHELMISE	61	Earthquake	added	R2	Galactic's split; score 42
SPECIES_DHELMISE	46	Grassy Glide	removed	R6	weaker than Seed Bomb, already had
SPECIES_DRIFLOON	30	Ominous Wind	removed	R8	Drifblim learns it at 32, in the same split
SPECIES_DRIFBLIM	33	Baton Pass	added	R8	Drifloon learns it at 33, after evolving at 28 in the same split: holding it is no choice
SPECIES_DRIFLOON	19	Hex	added	check 1, R16	Maylene's split; score 229
SPECIES_DRIFLOON	24	Strength Sap	added	R7	Maylene's split; score 169
SPECIES_DRIFBLIM	40	Air Slash	added	R2	Wake's split; score 57
SPECIES_DRIFBLIM	53	Psychic	added	R5	Byron's split; score 52
SPECIES_DRIFBLIM	48	Thunderbolt	added	R5	Byron's split; score 52
SPECIES_DRIFBLIM	56	Temper Flare	added	R5	Candice's split; score 41
SPECIES_DRIFBLIM	54	Body Slam	added	R2	Candice's split; score 35
SPECIES_DRIFBLIM	60	Sucker Punch	added	R2	HQ's split; score 33
SPECIES_DRIFBLIM	58	Brave Bird	added	R2	HQ's split; score 24
SPECIES_DRIFBLIM	65	Swagger	added	late move	Galactic's split; score 50
SPECIES_DRIFBLIM	62	Poltergeist	added	R2	Galactic's split; score 23
SPECIES_DRIFBLIM	68	Tailwind	added	R2	Volkner's split; score -5
SPECIES_DUSCLOPS	38	Mean Look	added	R8	Duskull learns it at 38, after evolving at 37 in the same split: holding it is no choice
SPECIES_DUSKULL	27	Shadow Claw	added	check 1	Fantina's split; score 74
SPECIES_DUSCLOPS	40	Skitter Smack	added	R5, R16 due	Wake's split; score 149
SPECIES_DUSCLOPS	41	Zen Headbutt	added	R5	Wake's split; score 82
SPECIES_DUSCLOPS	47	Rock Tomb	added	R5	Byron's split; score 74
SPECIES_DUSCLOPS	56	Leech Life	added	R2	Candice's split; score 37
SPECIES_DUSCLOPS	54	Sucker Punch	added	R2	Candice's split; score 36
SPECIES_DUSKNOIR	66	Leech Life	added	R2	Volkner's split; score 37
SPECIES_DUSKNOIR	68	Sucker Punch	added	R2	Volkner's split; score 36
SPECIES_DWEBBLE	46	Leech Life	removed	R8	Crustle learns it at 48, in the same split
SPECIES_CRUSTLE	39	StompingTantrum	added	R8	Dwebble learns it at 39, after evolving at 34 in the same split: holding it is no choice
SPECIES_CRUSTLE	44	Shell Smash	added	R2	Wake's split; score 73
SPECIES_CRUSTLE	42	Body Press	added	R5	Wake's split; score 55
SPECIES_CRUSTLE	54	Skitter Smack	added	R2	Candice's split; score 54
SPECIES_CRUSTLE	56	Poison Jab	added	R5	Candice's split; score 50
SPECIES_CRUSTLE	58	Bulldoze	added	R2	HQ's split; score 40
SPECIES_CRUSTLE	57	Rock Polish	added	R2	HQ's split; score 35
SPECIES_CRUSTLE	65	Earthquake	added	late move	Galactic's split; score 100
SPECIES_CRUSTLE	63	Lunge	added	R2	Galactic's split; score 25
SPECIES_ESPEON	44	Confusion	moved from 15	R25	was below 44, the lowest level it is had at
SPECIES_ESPEON	29	Swift	removed	R25	below 44; onto Eevee's list
SPECIES_EEVEE	28	Swift	added	R25	from Espeon's 29, below its 44
SPECIES_ESPEON	45	Psybeam	moved from 36	R25	was below 44, the lowest level it is had at
SPECIES_ESPEON	46	Future Sight	moved from 43	R25	was below 44, the lowest level it is had at
SPECIES_FLAREON	33	Ember	moved from 15	R25	was below 33, the lowest level it is had at
SPECIES_GLACEON	30	Icy Wind	moved from 15	R25	was below 30, the lowest level it is had at
SPECIES_JOLTEON	33	ThunderShock	moved from 15	R25	was below 33, the lowest level it is had at
SPECIES_JOLTEON	29	Double Kick	removed	R25	below 33, the lowest level it is had at
SPECIES_LEAFEON	30	Razor Leaf	moved from 15	R25	was below 30, the lowest level it is had at
SPECIES_LEAFEON	31	Synthesis	moved from 29	R25	was below 30, the lowest level it is had at
SPECIES_SYLVEON	32	Baby-Doll Eyes	moved from 12	R25	was below 32, the lowest level it is had at
SPECIES_SYLVEON	34	Draining Kiss	moved from 25	R25	was below 32, the lowest level it is had at
SPECIES_SYLVEON	35	Light Screen	moved from 28	R25	was below 32, the lowest level it is had at
SPECIES_UMBREON	20	Pursuit	moved from 15	R25	was below 20, the lowest level it is had at
SPECIES_VAPOREON	33	Water Gun	moved from 15	R25	was below 33, the lowest level it is had at
SPECIES_EEVEE	27	Charm	added	check 20	Sylveon needs it known
SPECIES_EEVEE	15	Growl	removed	R1	filler past the one a first split may carry
SPECIES_EEVEE	1	Tail Whip	removed	R1	filler past the one a first split may carry
SPECIES_LEAFEON	39	Aerial Ace	added	R5	Maylene's split; score 70
SPECIES_LEAFEON	41	Wild Charge	added	R5, R16 due	Wake's split; score 113
SPECIES_LEAFEON	46	Seed Bomb	added	R30	Byron's split; score 136
SPECIES_LEAFEON	54	X-Scissor	added	R5	Candice's split; score 80
SPECIES_LEAFEON	55	Thunder Fang	added	R2	Candice's split; score 46
SPECIES_LEAFEON	60	Throat Chop	added	R2	HQ's split; score 44
SPECIES_LEAFEON	65	Sucker Punch	added	R2	Galactic's split; score 36
SPECIES_LEAFEON	62	Mean Look	added	R2	Galactic's split; score 26
SPECIES_LEAFEON	68	Petal Blizzard	added	R2	Volkner's split; score 24
SPECIES_LEAFEON	66	Moonlight	added	R2	Volkner's split; score 19
SPECIES_LEAFEON	70	Morning Sun	added	R2	Barry's split; score 19
SPECIES_LEAFEON	74	Confuse Ray	added	R2	League's split; score 16
SPECIES_GLACEON	33	Snarl	added	R4, R5, R16	Fantina's split; score 216
SPECIES_GLACEON	39	Water Pulse	added	R5	Maylene's split; score 72
SPECIES_GLACEON	41	Signal Beam	added	R5	Wake's split; score 79
SPECIES_GLACEON	53	Shadow Ball	added	R5	Byron's split; score 82
SPECIES_GLACEON	55	Mean Look	added	R2	Candice's split; score 66
SPECIES_GLACEON	54	Muddy Water	added	R2	Candice's split; score 49
SPECIES_GLACEON	60	Dark Pulse	added	R2	HQ's split; score 42
SPECIES_GLACEON	65	Scald	added	R2	Galactic's split; score 37
SPECIES_GLACEON	62	Confuse Ray	added	R2	Galactic's split; score 16
SPECIES_GLACEON	68	Moonlight	added	R2	Volkner's split; score 19
SPECIES_GLACEON	66	Morning Sun	added	R2	Volkner's split; score 19
SPECIES_GLACEON	69	Wish	added	R2	Barry's split; score 16
SPECIES_GLACEON	74	Synthesis	added	R2	League's split; score 9
SPECIES_JOLTEON	39	Snarl	added	R4, R5, R16	Maylene's split; score 261
SPECIES_JOLTEON	34	Volt Switch	added	check 1	Maylene's split; score 176
SPECIES_JOLTEON	46	Thunderbolt	added	R30	Byron's split; score 144
SPECIES_JOLTEON	54	Signal Beam	added	R5	Candice's split; score 124
SPECIES_JOLTEON	55	Mean Look	added	R2	Candice's split; score 66
SPECIES_JOLTEON	60	Psychic	added	R5	HQ's split; score 71
SPECIES_JOLTEON	62	Muddy Water	added	R5	Galactic's split; score 64
SPECIES_JOLTEON	68	Dark Pulse	added	R2	Volkner's split; score 42
SPECIES_JOLTEON	66	Scald	added	R2	Volkner's split; score 37
SPECIES_JOLTEON	71	Moonlight	added	R2	Barry's split; score 19
SPECIES_JOLTEON	70	Morning Sun	added	R2	Barry's split; score 19
SPECIES_JOLTEON	74	Confuse Ray	added	R2	League's split; score 16
SPECIES_VAPOREON	39	Scald	added	check 1, R16	Maylene's split; score 199
SPECIES_VAPOREON	54	Dark Pulse	added	R5	Candice's split; score 127
SPECIES_VAPOREON	56	Earth Power	added	R5	Candice's split; score 61
SPECIES_VAPOREON	60	Psychic	added	R5	HQ's split; score 71
SPECIES_VAPOREON	58	Surf	added	R2	HQ's split; score 57
SPECIES_VAPOREON	62	Ice Beam	added	R2	Galactic's split; score 46
SPECIES_VAPOREON	68	Moonlight	added	R2	Volkner's split; score 19
SPECIES_VAPOREON	66	Morning Sun	added	R2	Volkner's split; score 19
SPECIES_VAPOREON	71	Confuse Ray	added	R2	Barry's split; score 16
SPECIES_VAPOREON	69	Mean Look	added	R2	Barry's split; score 16
SPECIES_VAPOREON	74	Wish	added	R2	League's split; score 16
SPECIES_FLAREON	39	Temper Flare	added	check 1, R16	Maylene's split; score 192
SPECIES_FLAREON	54	Leaf Blade	added	R5	Candice's split; score 115
SPECIES_FLAREON	55	Mean Look	added	R2	Candice's split; score 66
SPECIES_FLAREON	60	Ice Fang	added	R5	HQ's split; score 61
SPECIES_FLAREON	62	Flare Blitz	added	R2	Galactic's split; score 78
SPECIES_FLAREON	67	Superpower	added	R5	Volkner's split; score 91
SPECIES_FLAREON	66	Throat Chop	added	R2	Volkner's split; score 44
SPECIES_FLAREON	69	Sucker Punch	added	R2	Barry's split; score 36
SPECIES_FLAREON	74	Moonlight	added	R2	League's split; score 19
SPECIES_ESPEON	53	Freeze-Dry	added	R5, R16 due	Byron's split; score 166
SPECIES_ESPEON	61	Dark Pulse	added	R5	Galactic's split; score 127
SPECIES_ESPEON	67	Signal Beam	added	R5	Volkner's split; score 124
SPECIES_ESPEON	66	Leaf Storm	added	R5	Volkner's split; score 64
SPECIES_ESPEON	69	Ice Beam	added	R2	Barry's split; score 46
SPECIES_ESPEON	74	Giga Drain	added	R2	League's split; score 42
SPECIES_UMBREON	32	Snarl	added	check 1, R16	Fantina's split; score 216
SPECIES_UMBREON	30	Aurora Beam	added	R4, R5	Fantina's split; score 176
SPECIES_UMBREON	40	Charm	added	R7	Wake's split; score 179
SPECIES_UMBREON	46	Crunch	added	R30	Byron's split; score 162
SPECIES_UMBREON	54	Moonblast	added	R5	Candice's split; score 115
SPECIES_UMBREON	55	Leaf Blade	added	R5	Candice's split; score 70
SPECIES_UMBREON	60	Psychic	added	R5	HQ's split; score 68
SPECIES_UMBREON	62	Throat Chop	added	R2	Galactic's split; score 61
SPECIES_UMBREON	67	Sucker Punch	added	R2	Volkner's split; score 51
SPECIES_UMBREON	66	Leaf Storm	added	R2	Volkner's split; score 49
SPECIES_UMBREON	69	Ice Fang	added	R2	Barry's split; score 46
SPECIES_UMBREON	74	Giga Drain	added	R2	League's split; score 39
SPECIES_SYLVEON	39	Snarl	added	R4, R5	Maylene's split; score 251
SPECIES_SYLVEON	40	Giga Drain	added	R5	Wake's split; score 66
SPECIES_SYLVEON	54	Muddy Water	added	R5	Candice's split; score 64
SPECIES_SYLVEON	56	Earth Power	added	R5	Candice's split; score 61
SPECIES_SYLVEON	60	Dark Pulse	added	R2	HQ's split; score 42
SPECIES_SYLVEON	58	Energy Ball	added	R2	HQ's split; score 39
SPECIES_SYLVEON	65	Scald	added	late move	Galactic's split; score 80
SPECIES_SYLVEON	62	Mean Look	added	R2	Galactic's split; score 26
SPECIES_SYLVEON	68	Leaf Storm	added	R2	Volkner's split; score 52
SPECIES_SYLVEON	66	Moonlight	added	R2	Volkner's split; score 19
SPECIES_SYLVEON	71	Morning Sun	added	R2	Barry's split; score 19
SPECIES_SYLVEON	69	Confuse Ray	added	R2	Barry's split; score 16
SPECIES_SYLVEON	78	Wish	added	R2	League's split; score 16
SPECIES_SYLVEON	74	Synthesis	added	R2	League's split; score 9
SPECIES_ELEKID	34	Discharge	removed	R8	Electabuzz learns it at 37, in the same split
SPECIES_ELEKID	30	Bulldoze	added	R4, R5, R16	Maylene's split; score 192
SPECIES_ELECTABUZZ	40	Low Sweep	added	R5	Wake's split; score 52
SPECIES_ELECTIVIRE	34	Karate Chop	added	R11	Maylene's split; score 238
SPECIES_ELECTIVIRE	56	Hammer Arm	added	R2	Candice's split; score 71
SPECIES_ELECTIVIRE	54	Low Sweep	added	R2	Candice's split; score 56
SPECIES_ELECTIVIRE	60	Rock Tomb	added	R5	HQ's split; score 91
SPECIES_ELECTIVIRE	58	Knock Off	added	R5	HQ's split; score 42
SPECIES_ELECTIVIRE	63	Fire Punch	added	R5, late move	Galactic's split; score 139
SPECIES_ELECTIVIRE	65	Earthquake	added	R2	Galactic's split; score 50
SPECIES_ELECTIVIRE	66	Thunder Wave	added	R2	Volkner's split; score 42
SPECIES_ELECTIVIRE	68	Close Combat	added	R2	Volkner's split; score 28
SPECIES_EMOLGA	26	Electro Ball	removed	R6	weaker than ThunderShock, already had
SPECIES_EMOLGA	19	Taunt	added	R7	Gardenia's split; score 132
SPECIES_EMOLGA	24	Air Cutter	added	R11	Gardenia's split; score 86
SPECIES_EMOLGA	17	Snarl	added	R4, R5	Gardenia's split; score 43
SPECIES_EMOLGA	31	Electroweb	added	R2	Fantina's split; score 48
SPECIES_EMOLGA	44	Thunderbolt	added	R30	Wake's split; score 144
SPECIES_EMOLGA	54	Energy Ball	added	R5	Candice's split; score 90
SPECIES_EMOLGA	56	Air Slash	added	R2	Candice's split; score 48
SPECIES_EMOLGA	60	Shadow Ball	added	R5	HQ's split; score 26
SPECIES_EMOLGA	65	Charm	added	late move	Galactic's split; score 50
SPECIES_MILOTIC	5	Water Sport	removed	R25	below 30, the lowest level it is had at
SPECIES_MILOTIC	9	Refresh	removed	R25	below 30, the lowest level it is had at
SPECIES_MILOTIC	13	Water Pulse	removed	R25	below 30; onto Feebas's list
SPECIES_FEEBAS	13	Water Pulse	added	R25	from Milotic's 13, below its 30
SPECIES_MILOTIC	30	Twister	moved from 17	R25	was below 30, the lowest level it is had at
SPECIES_MILOTIC	31	Recover	moved from 21	R25	was below 30, the lowest level it is had at
SPECIES_MILOTIC	25	Captivate	removed	R25	below 30; onto Feebas's list
SPECIES_FEEBAS	25	Captivate	added	R25	from Milotic's 25, below its 30
SPECIES_MILOTIC	32	Aqua Tail	moved from 29	R25	was below 30, the lowest level it is had at
SPECIES_FEEBAS	24	Dragon Tail	added	R4, R5, R16	Gardenia's split; score 195
SPECIES_FEEBAS	21	Recover	added	R7	Gardenia's split; score 179
SPECIES_MILOTIC	33	Aurora Beam	added	R4, R5	Fantina's split; score 238
SPECIES_MILOTIC	35	Dragon Pulse	added	R2	Maylene's split; score 64
SPECIES_MILOTIC	43	Muddy Water	added	R2	Wake's split; score 61
SPECIES_MILOTIC	54	Alluring Voice	added	R5	Candice's split; score 85
SPECIES_MILOTIC	56	Scald	added	R2	Candice's split; score 54
SPECIES_MILOTIC	60	Hyper Voice	added	R2	HQ's split; score 50
SPECIES_MILOTIC	58	Ice Beam	added	R2	HQ's split; score 46
SPECIES_MILOTIC	65	Confuse Ray	added	late move	Galactic's split; score 56
SPECIES_MILOTIC	62	Draco Meteor	added	R2	Galactic's split; score 29
SPECIES_MILOTIC	68	Earth Power	added	R5	Volkner's split; score 27
SPECIES_MILOTIC	66	Life Dew	added	R2	Volkner's split; score -5
SPECIES_BRAIXEN	50	Flamethrower	removed	R8	Delphox learns it at 51, in the same split
SPECIES_BRAIXEN	54	Psychic	removed	R8	Delphox learns it at 55, in the same split
SPECIES_BRAIXEN	61	Future Sight	removed	R8	Delphox learns it at 64, in the same split
SPECIES_DELPHOX	39	Hypnosis	added	R8	Braixen learns it at 39, after evolving at 36 in the same split: holding it is no choice
SPECIES_FENNEKIN	18	Lucky Chant	removed	R8	Braixen learns it at 19, in the same split
SPECIES_FENNEKIN	22	Light Screen	removed	R8	Braixen learns it at 24, in the same split
SPECIES_FENNEKIN	27	Flame Burst	removed	R8	Braixen learns it at 29, in the same split
SPECIES_FENNEKIN	36	Hypnosis	removed	R8	Braixen learns it at 39, in the same split
SPECIES_FENNEKIN	40	Will-O-Wisp	removed	R8	Braixen learns it at 43, in the same split
SPECIES_FENNEKIN	1	Tail Whip	removed	R1	filler past the one a first split may carry
SPECIES_DELPHOX	72	Expanding Force	removed	R6	weaker than Psychic, already had
SPECIES_FENNEKIN	14	Flame Charge	added	check 1, R16	Roark's split; score 215
SPECIES_BRAIXEN	17	Charm	added	R7	Gardenia's split; score 144
SPECIES_BRAIXEN	27	Mystical Fire	added	R2	Fantina's split; score 68
SPECIES_DELPHOX	42	Shadow Ball	added	R5	Wake's split; score 102
SPECIES_DELPHOX	41	Mud Shot	added	R5	Wake's split; score 88
SPECIES_DELPHOX	54	Dazzling Gleam	added	R5	Candice's split; score 85
SPECIES_DELPHOX	58	BurningJealousy	added	R2	HQ's split; score 54
SPECIES_DELPHOX	57	Scorching Sands	added	R2	HQ's split; score 32
SPECIES_DELPHOX	68	Hyper Voice	added	R2	Volkner's split; score 42
SPECIES_DELPHOX	71	Burn Up	added	R2	Barry's split; score 98
SPECIES_DELPHOX	69	Encore	added	R2	Barry's split; score 23
SPECIES_DELPHOX	78	Wish	added	R2	League's split; score 16
SPECIES_BRAIXEN	29	Flame Burst	removed	R6	weaker than Mystical Fire, already had
SPECIES_FERROSEED	43	Knock Off	removed	R8	Ferrothorn learns it at 44, in the same split
SPECIES_FERROSEED	47	Seed Bomb	removed	R8	Ferrothorn learns it at 48, in the same split
SPECIES_FERROSEED	52	Iron Head	removed	R8	Ferrothorn learns it at 51, in the same split
SPECIES_FERROSEED	40	Seed Bomb	added	R11	Wake's split; score 260
SPECIES_FERROSEED	34	Iron Defense	added	R7	Wake's split; score 172
SPECIES_FERROTHORN	46	Bulldoze	added	R5, R16	Byron's split; score 69
SPECIES_FERROTHORN	56	Poison Jab	added	R5	Candice's split; score 50
SPECIES_FERROTHORN	54	Body Press	added	R5	Candice's split; score 47
SPECIES_FERROTHORN	60	Curse	added	R2	HQ's split; score 35
SPECIES_FINNEON	45	Bounce	removed	R8	Lumineon learns it at 53, in the same split
SPECIES_LUMINEON	33	Aqua Ring	added	R8	Finneon learns it at 33, after evolving at 31 in the same split: holding it is no choice
SPECIES_FINNEON	13	Water Pulse	moved from 22	check 1	brought into Roark's split; score 197
SPECIES_FINNEON	8	Tailwind	added	R7	Roark's split; score 155
SPECIES_FINNEON	15	Pursuit	added	R4	Roark's split; score 140
SPECIES_LUMINEON	31	Flip Turn	added	R16 due	Fantina's split; score 94
SPECIES_LUMINEON	38	Aqua Tail	added	R30	Maylene's split; score 168
SPECIES_LUMINEON	34	Icy Wind	added	R5	Maylene's split; score 123
SPECIES_LUMINEON	40	Signal Beam	added	R5	Wake's split; score 119
SPECIES_LUMINEON	45	Ice Fang	added	R2	Byron's split; score 46
SPECIES_LUMINEON	56	Crunch	added	R2	Candice's split; score 42
SPECIES_LUMINEON	54	Air Slash	added	R2	Candice's split; score 35
SPECIES_LUMINEON	57	Confuse Ray	added	R2	HQ's split; score 16
SPECIES_LUMINEON	65	Charm	added	late move	Galactic's split; score 50
SPECIES_FLABEBE	20	Draining Kiss	removed	R8	Floette learns it at 21, in the same split
SPECIES_FLABEBE	22	Magical Leaf	removed	R8	Floette learns it at 24, in the same split
SPECIES_FLABEBE	24	Aromatherapy	removed	R8	Floette learns it at 26, in the same split
SPECIES_FLABEBE	28	Giga Drain	removed	R8	Floette learns it at 31, in the same split
SPECIES_FLABEBE	45	SolarBeam	removed	R8	Floette learns it at 49, in the same split
SPECIES_FLABEBE	48	Moonblast	removed	R8	Floette learns it at 52, in the same split
SPECIES_FLOETTE	30	Draining Kiss	moved from 21	R25	was below 30, the lowest level it is had at
SPECIES_FLOETTE	32	Magical Leaf	moved from 24	R25	was below 30, the lowest level it is had at
SPECIES_FLOETTE	33	Aromatherapy	moved from 26	R25	was below 30, the lowest level it is had at
SPECIES_FLOETTE	38	Wish	added	R7	Maylene's split; score 176
SPECIES_FLOETTE	42	Psychic Noise	added	R5	Wake's split; score 45
SPECIES_FLORGES	60	Psychic	added	R5	HQ's split; score 90
SPECIES_FLORGES	65	Energy Ball	added	late move	Galactic's split; score 96
SPECIES_FLORGES	62	Pollen Puff	added	R5	Galactic's split; score 51
SPECIES_FLETCHINDER	37	Acrobatics	removed	R8	Talonflame learns it at 38, in the same split
SPECIES_FLETCHINDER	45	Tailwind	removed	R8	Talonflame learns it at 46, in the same split
SPECIES_FLETCHLING	20	Roost	removed	R8	Fletchinder learns it at 22, in the same split
SPECIES_FLETCHLING	29	Natural Gift	removed	R8	Fletchinder learns it at 31, in the same split
SPECIES_FLETCHLING	1	Growl	removed	R1	filler past the one a first split may carry
SPECIES_FLETCHLING	16	Tailwind	moved from 45	R7	brought into Roark's split; score 155
SPECIES_FLETCHLING	10	Ember	added	R4	Roark's split; score 147
SPECIES_FLETCHINDER	19	Bite	added	R4, R5	Gardenia's split; score 53
SPECIES_TALONFLAME	42	Flamethrower	added	R30	Wake's split; score 139
SPECIES_TALONFLAME	40	Steel Wing	added	R5	Wake's split; score 102
SPECIES_TALONFLAME	48	Upper Hand	added	R5	Byron's split; score 47
SPECIES_TALONFLAME	54	Overheat	added	R2	Candice's split; score 66
SPECIES_TALONFLAME	60	U-turn	added	R5	HQ's split; score 47
SPECIES_TALONFLAME	57	Agility	added	R2	HQ's split; score 2
SPECIES_TALONFLAME	65	Bulk Up	added	late move	Galactic's split; score 38
SPECIES_FOMANTIS	9	Growth	removed	R32	no strong attack it boosts on the line; a catch would know it at level 1
SPECIES_LURANTIS	40	Low Sweep	added	R5	Wake's split; score 55
SPECIES_LURANTIS	44	Night Slash	added	R5	Wake's split; score 50
SPECIES_LURANTIS	49	Poison Jab	added	R5	Byron's split; score 50
SPECIES_LURANTIS	52	Skitter Smack	added	R2	Byron's split; score 39
SPECIES_LURANTIS	54	Leech Life	added	R2	Candice's split; score 37
SPECIES_LURANTIS	61	Scary Face	added	late move	Galactic's split; score 72
SPECIES_LURANTIS	14	Growth	removed	R25	below 34, the lowest level it is had at
SPECIES_FRILLISH	48	Shadow Ball	removed	R8	Jellicent learns it at 51, in the same split
SPECIES_FRILLISH	61	Water Spout	removed	R8	Jellicent learns it at 65, in the same split
SPECIES_FRILLISH	36	Dark Pulse	added	R4, R5	Maylene's split; score 151
SPECIES_JELLICENT	45	Muddy Water	added	R2	Byron's split; score 61
SPECIES_JELLICENT	54	Sludge Bomb	added	R5	Candice's split; score 54
SPECIES_JELLICENT	60	Energy Ball	added	R5	HQ's split; score 52
SPECIES_JELLICENT	57	Ice Beam	added	R5	HQ's split; score 52
SPECIES_JELLICENT	62	Will-O-Wisp	added	R2	Galactic's split; score 42
SPECIES_JELLICENT	67	Giga Drain	added	R2	Volkner's split; score 35
SPECIES_GRENINJA	36	Shadow Sneak	moved from 10	R25	was below 36, the lowest level it is had at
SPECIES_GRENINJA	16	Bounce	removed	R25	below 36, the lowest level it is had at
SPECIES_GRENINJA	20	Thief	removed	R25	below 36; onto Frogadier's list
SPECIES_FROGADIER	19	Thief	added	R25	from Greninja's 20, below its 36
SPECIES_FROAKIE	32	Waterfall	removed	R8	Frogadier learns it at 30, in the same split
SPECIES_FROAKIE	7	Growl	removed	R1	filler past the one a first split may carry
SPECIES_FROGADIER	7	Growl	removed	R25	below 16, the lowest level it is had at
SPECIES_GRENINJA	7	Growl	removed	R25	below 36, the lowest level it is had at
SPECIES_FROGADIER	27	Mud Shot	added	R5	Fantina's split; score 58
SPECIES_GRENINJA	56	Surf	added	R2	Candice's split; score 57
SPECIES_GRENINJA	54	Ice Beam	added	R2	Candice's split; score 46
SPECIES_GRENINJA	60	Muddy Water	added	R2	HQ's split; score 25
SPECIES_GRENINJA	58	Throat Chop	added	R2	HQ's split; score 24
SPECIES_GRENINJA	62	Taunt	added	late move	Galactic's split; score 72
SPECIES_GALARIAN_MR_MIME	42	Dazzling Gleam	added	R4, R5, R16	Wake's split; score 195
SPECIES_MR_RIME	56	Encore	added	R2	Candice's split; score 63
SPECIES_MR_RIME	54	Ice Beam	added	R2	Candice's split; score 59
SPECIES_MR_RIME	60	Block	added	R2	HQ's split; score 56
SPECIES_MR_RIME	58	Energy Ball	added	R5	HQ's split; score 52
SPECIES_MR_RIME	65	Thunderbolt	added	R5, late move	Galactic's split; score 95
SPECIES_MR_RIME	62	Shadow Ball	added	R5	Galactic's split; score 49
SPECIES_MR_RIME	68	Slack Off	added	R2	Volkner's split; score 9
SPECIES_MR_RIME	66	Tickle	added	R2	Volkner's split; score 2
SPECIES_GASTLY	29	Shadow Ball	removed	R8	Haunter learns it at 33, in the same split
SPECIES_HAUNTER	26	Payback	added	R8	Gastly learns it at 26, after evolving at 25 in the same split: holding it is no choice
SPECIES_GASTLY	17	Sludge	added	R11, check 1	Fantina's split; score 412
SPECIES_GASTLY	24	Icy Wind	added	R4, R5	Fantina's split; score 179
SPECIES_HAUNTER	36	Clear Smog	added	R16	Maylene's split; score 55
SPECIES_GENGAR	49	Sludge Bomb	added	R2	Byron's split; score 72
SPECIES_GENGAR	52	Giga Drain	added	R5	Byron's split; score 48
SPECIES_GENGAR	54	Psychic	added	R5	Candice's split; score 52
SPECIES_GENGAR	60	Energy Ball	added	R2	HQ's split; score 39
SPECIES_GENGAR	57	Toxic	added	R2	HQ's split; score 23
SPECIES_GENGAR	65	Swagger	added	late move	Galactic's split; score 50
SPECIES_GEODUDE	29	Earthquake	removed	R8	Graveler learns it at 33, in the same split
SPECIES_GEODUDE	1	Defense Curl	removed	R1	filler past the one a first split may carry
SPECIES_GEODUDE	8	Rock Polish	removed	R32	too early: strong attacks it boosts come at 33
SPECIES_GEODUDE	17	Rock Polish	added	R32	moved from Geodude's 8, beside the attacks it boosts
SPECIES_GEODUDE	12	Bulldoze	added	R11, R16	Roark's split; score 292
SPECIES_GEODUDE	5	Smack Down	added	R1	Roark's split; score 55
SPECIES_GRAVELER	25	Karate Chop	added	R4, R5	Gardenia's split; score 230
SPECIES_GRAVELER	30	Rock Tomb	added	R2	Fantina's split; score 52
SPECIES_GRAVELER	39	Iron Head	added	R5	Maylene's split; score 50
SPECIES_GRAVELER	36	Sucker Punch	added	R5	Maylene's split; score 49
SPECIES_GOLEM	53	Body Press	added	R2	Byron's split; score 34
SPECIES_GOLEM	56	Body Slam	added	R2	Candice's split; score 46
SPECIES_GOLEM	61	Fire Punch	added	R5, late move	Galactic's split; score 139
SPECIES_GOLEM	65	Hammer Arm	added	R2	Galactic's split; score 48
SPECIES_GOLEM	68	Superpower	added	R2	Volkner's split; score 43
SPECIES_GARCHOMP	49	Dragon Rush	added	R8	Gabite learns it at 49, after evolving at 48 in the same split: holding it is no choice
SPECIES_GIBLE	27	Dragon Claw	removed	R8	Gabite learns it at 33, in the same split
SPECIES_GABITE	25	Slash	added	R8	Gible learns it at 25, after evolving at 24 in the same split: holding it is no choice
SPECIES_GIBLE	22	Dragon Claw	added	R11, check 1	Fantina's split; score 420
SPECIES_GIBLE	20	Bite	added	R4, R5	Fantina's split; score 203
SPECIES_GIBLE	21	Block	added	R7	Fantina's split; score 176
SPECIES_GABITE	36	Bulldoze	added	R16	Maylene's split; score 82
SPECIES_GABITE	38	Aerial Ace	added	R5	Maylene's split; score 60
SPECIES_GABITE	44	Crunch	added	R2	Wake's split; score 52
SPECIES_GABITE	42	Rock Tomb	added	R5	Wake's split; score 52
SPECIES_GARCHOMP	54	Earthquake	added	R2	Candice's split; score 75
SPECIES_GARCHOMP	61	Swagger	added	late move	Galactic's split; score 84
SPECIES_GABITE	66	Outrage	added	R19	payoff for holding past 66; Garchomp comes at 48
SPECIES_GIRAFARIG	43	Bulldoze	added	R5, R16	Wake's split; score 88
SPECIES_GIRAFARIG	53	Body Slam	added	R2	Byron's split; score 62
SPECIES_GIRAFARIG	56	Hyper Voice	added	R2	Candice's split; score 64
SPECIES_GIRAFARIG	54	Energy Ball	added	R5	Candice's split; score 52
SPECIES_GIRAFARIG	60	Thunderbolt	added	R5	HQ's split; score 52
SPECIES_GIRAFARIG	58	Shadow Ball	added	R5	HQ's split; score 49
SPECIES_GIRAFARIG	65	Confuse Ray	added	late move	Galactic's split; score 90
SPECIES_GIRAFARIG	62	Foul Play	added	R2	Galactic's split; score 37
SPECIES_GIRAFARIG	68	Sucker Punch	added	R2	Volkner's split; score 33
SPECIES_GIRAFARIG	66	Nasty Plot	added	R2	Volkner's split; score -5
SPECIES_GIRATINA	65	Scary Face	added	R7	Galactic's split; score 155
SPECIES_GIRATINA	67	Poltergeist	added	R16	Volkner's split; score 80
SPECIES_GIRATINA	66	Draco Meteor	added	R2	Volkner's split; score 72
SPECIES_GIRATINA	69	Aura Sphere	added	R5	Barry's split; score 55
SPECIES_GIRATINA	78	Energy Ball	added	R5	League's split; score 52
SPECIES_GIRATINA	74	Earthquake	added	R2	League's split; score 50
SPECIES_GLAMEOW	45	Attract	removed	R8	Purugly learns it at 53, in the same split
SPECIES_GLAMEOW	10	Taunt	added	R7	Roark's split; score 155
SPECIES_GLAMEOW	22	Retaliate	added	check 1, R16	Gardenia's split; score 232
SPECIES_GLAMEOW	28	Aerial Ace	added	R5	Fantina's split; score 80
SPECIES_PURUGLY	39	Strength	added	R30	Maylene's split; score 56
SPECIES_PURUGLY	42	Shadow Claw	added	R5	Wake's split; score 75
SPECIES_PURUGLY	40	Metal Claw	added	R5	Wake's split; score 64
SPECIES_PURUGLY	56	Sucker Punch	added	R2	Candice's split; score 42
SPECIES_PURUGLY	54	Slam	added	R2	Candice's split; score 26
SPECIES_PURUGLY	61	Crush Claw	added	late move	Galactic's split; score 41
SPECIES_GLIGAR	34	Swords Dance	removed	R32	no strong attack it boosts on the line; a catch would know it at level 1
SPECIES_GLIGAR	14	Acrobatics	added	R11, check 1, R16	Roark's split; score 411
SPECIES_GLIGAR	10	Sand Tomb	added	R11	Roark's split; score 226
SPECIES_GLIGAR	11	Rock Polish	added	R7	Roark's split; score 132
SPECIES_GLIGAR	18	Rock Tomb	added	R5	Gardenia's split; score 74
SPECIES_GLIGAR	34	Drill Run	added	R30	Maylene's split; score 56
SPECIES_GLIGAR	40	Bulldoze	added	R2	Wake's split; score 52
SPECIES_GLIGAR	53	Earthquake	added	R2	Byron's split; score 75
SPECIES_GLIGAR	47	Lunge	added	R2	Byron's split; score 44
SPECIES_GLISCOR	57	Earthquake	added	R2	HQ's split; score 75
SPECIES_GLISCOR	60	Bulldoze	added	R2	HQ's split; score 52
SPECIES_GLISCOR	65	Poison Jab	added	late move	Galactic's split; score 94
SPECIES_GLISCOR	62	Lunge	added	R2	Galactic's split; score 44
SPECIES_GLISCOR	68	Throat Chop	added	R2	Volkner's split; score 44
SPECIES_GLISCOR	66	Skitter Smack	added	R2	Volkner's split; score 39
SPECIES_GLISCOR	71	Brave Bird	added	R2	Barry's split; score 27
SPECIES_GLIMMET	37	Power Gem	removed	R8	Glimmora learns it at 39, in the same split
SPECIES_GLIMMET	41	Acid Armor	removed	R8	Glimmora learns it at 44, in the same split
SPECIES_GLIMMET	46	Sludge Wave	removed	R8	Glimmora learns it at 50, in the same split
SPECIES_GLIMMET	26	Mud Shot	added	R4, R5	Gardenia's split; score 152
SPECIES_GLIMMET	29	Toxic Spikes	added	R2	Fantina's split; score 35
SPECIES_GLIMMORA	41	Sludge Bomb	added	R2	Wake's split; score 61
SPECIES_GLIMMORA	47	Flash Cannon	added	R5	Byron's split; score 86
SPECIES_GLIMMORA	54	Energy Ball	added	R5	Candice's split; score 52
SPECIES_GLIMMORA	56	Dazzling Gleam	added	R5	Candice's split; score 47
SPECIES_GLIMMORA	60	Earth Power	added	R2	HQ's split; score 39
SPECIES_GLIMMORA	65	Confuse Ray	added	late move	Galactic's split; score 56
SPECIES_GOLDEEN	7	Supersonic	removed	R1	filler past the one a first split may carry
SPECIES_GOLDEEN	1	Tail Whip	removed	R1	filler past the one a first split may carry
SPECIES_SEAKING	7	Supersonic	removed	R25	below 30, the lowest level it is had at
SPECIES_GOLDEEN	10	Water Pulse	moved from 17	R11, check 1	brought into Roark's split; score 385
SPECIES_GOLDEEN	4	Flip Turn	added	R16	Roark's split; score 60
SPECIES_GOLDEEN	17	Swagger	added	R7	Gardenia's split; score 144
SPECIES_SEAKING	34	Aqua Jet	added	R2	Maylene's split; score 38
SPECIES_SEAKING	37	Skull Bash	added	R2	Maylene's split; score 36
SPECIES_SEAKING	44	Poison Jab	added	R5	Wake's split; score 129
SPECIES_SEAKING	50	Knock Off	added	R5	Byron's split; score 120
SPECIES_SEAKING	47	Drill Run	added	R5	Byron's split; score 68
SPECIES_SEAKING	54	Aqua Tail	added	R2	Candice's split; score 68
SPECIES_SEAKING	59	Throat Chop	added	R2	HQ's split; score 44
SPECIES_SEAKING	57	Drill Peck	added	R2	HQ's split; score 40
SPECIES_HISUIAN_GOODRA	50	Smart Strike	moved from 16	R25	was below 50, the lowest level it is had at
SPECIES_HISUIAN_GOODRA	42	Flash Cannon	removed	R25	below 50; onto Hisuian Sliggoo's list
SPECIES_HISUIAN_SLIGGOO	42	Flash Cannon	added	R25	from Hisuian Goodra's 42, below its 50
SPECIES_GOOMY	41	Body Slam	removed	R8	Sliggoo learns it at 42, in the same split
SPECIES_GOOMY	46	Muddy Water	removed	R8	Sliggoo learns it at 48, in the same split
SPECIES_GOOMY	54	Dragon Pulse	removed	R8	Sliggoo learns it at 55, in the same split
SPECIES_GOODRA	54	Iron Head	added	R5	Candice's split; score 65
SPECIES_GOODRA	57	Sludge Bomb	added	R5	HQ's split; score 54
SPECIES_GOODRA	63	Draco Meteor	added	R2	Galactic's split; score 84
SPECIES_GOODRA	68	Scald	added	R2	Volkner's split; score 37
SPECIES_GOODRA	67	Curse	added	R2	Volkner's split; score 35
SPECIES_HISUIAN_GOODRA	54	Sludge Bomb	added	R5	Candice's split; score 54
SPECIES_HISUIAN_GOODRA	56	Body Slam	added	R2	Candice's split; score 52
SPECIES_HISUIAN_GOODRA	57	Flamethrower	added	R5	HQ's split; score 52
SPECIES_HISUIAN_GOODRA	59	Ice Beam	added	R5	HQ's split; score 52
SPECIES_HISUIAN_GOODRA	63	Draco Meteor	added	R2	Galactic's split; score 84
SPECIES_HISUIAN_GOODRA	68	Aqua Tail	added	R2	Volkner's split; score 41
SPECIES_HISUIAN_GOODRA	67	Surf	added	R2	Volkner's split; score 38
SPECIES_HISUIAN_GOODRA	71	Scald	added	R2	Barry's split; score 37
SPECIES_GOTHITA	34	Flatter	removed	R8	Gothorita learns it at 37, in the same split
SPECIES_GOTHITA	36	Psychic	removed	R8	Gothorita learns it at 39, in the same split
SPECIES_GOTHORITA	33	Psych Up	added	R8	Gothita learns it at 33, after evolving at 32 in the same split: holding it is no choice
SPECIES_GOTHORITA	32	Heal Block	added	R8	Gothita learns it at 33, after evolving at 32 in the same split: holding it is no choice
SPECIES_GOTHORITA	42	Future Sight	removed	R8	Gothitelle learns it at 44, in the same split
SPECIES_GOTHITA	33	Heal Block	removed	R8	Gothorita learns it at 32, in the same split
SPECIES_GOTHITA	27	Dark Pulse	added	R4, R5	Maylene's split; score 159
SPECIES_GOTHITELLE	41	Shadow Ball	added	R4, R5	Wake's split; score 198
SPECIES_GOTHITELLE	54	Energy Ball	added	R5	Candice's split; score 61
SPECIES_GOTHITELLE	56	Thunderbolt	added	R5	Candice's split; score 61
SPECIES_GRUBBIN	21	Spark	removed	R8	Charjabug learns it at 23, in the same split
SPECIES_CHARJABUG	25	Sticky Web	added	R8	Grubbin learns it at 25, after evolving at 20 in the same split: holding it is no choice
SPECIES_CHARJABUG	32	Lunge	added	R2	Fantina's split; score 61
SPECIES_CHARJABUG	27	Skitter Smack	added	R2	Fantina's split; score 54
SPECIES_CHARJABUG	39	Supercell Slam	added	R2	Maylene's split; score 55
SPECIES_CHARJABUG	41	Bulldoze	added	R5	Wake's split; score 91
SPECIES_VIKAVOLT	40	Pollen Puff	added	R30	Wake's split; score 59
SPECIES_VIKAVOLT	54	Energy Ball	added	R5	Candice's split; score 90
SPECIES_VIKAVOLT	60	Flash Cannon	added	R5	HQ's split; score 86
SPECIES_VIKAVOLT	57	Air Slash	added	R5	HQ's split; score 84
SPECIES_VIKAVOLT	62	Agility	added	R2	Galactic's split; score 52
SPECIES_VIKAVOLT	68	Volt Switch	added	R2	Volkner's split; score 49
SPECIES_VIKAVOLT	66	Iron Defense	added	R2	Volkner's split; score 42
SPECIES_CHANSEY	5	Tail Whip	removed	R25	below 19, the lowest level it is had at
SPECIES_CHANSEY	19	Softboiled	moved from 12	R25	was below 19, the lowest level it is had at
SPECIES_CHANSEY	16	DoubleSlap	removed	R25	below 19, the lowest level it is had at
SPECIES_BLISSEY	5	Tail Whip	removed	R25	below 40, the lowest level it is had at
SPECIES_BLISSEY	16	DoubleSlap	removed	R25	below 40, the lowest level it is had at
SPECIES_HAPPINY	27	Chilling Water	added	R4, R5, R16	Fantina's split; score 174
SPECIES_HAPPINY	33	Swift	added	check 1	Fantina's split; score 174
SPECIES_HAPPINY	39	Softboiled	added	R2	Maylene's split; score 59
SPECIES_HAPPINY	36	Icy Wind	added	R5	Maylene's split; score 63
SPECIES_CHANSEY	29	Chilling Water	added	R4, R5, R16	Fantina's split; score 174
SPECIES_CHANSEY	28	Swift	added	check 1	Fantina's split; score 174
SPECIES_BLISSEY	53	Hyper Voice	added	R30	Byron's split; score 157
SPECIES_BLISSEY	56	Flamethrower	added	R5	Candice's split; score 100
SPECIES_BLISSEY	54	Ice Beam	added	R5	Candice's split; score 53
SPECIES_BLISSEY	60	Psychic	added	R5	HQ's split; score 53
SPECIES_BLISSEY	58	Life Dew	added	R2	HQ's split; score -5
SPECIES_BLISSEY	65	Block	added	late move	Galactic's split; score 56
SPECIES_HAWLUCHA	48	Lunge	added	R4, R5	Byron's split; score 167
SPECIES_HAWLUCHA	45	Air Slash	added	R11	Byron's split; score 86
SPECIES_HAWLUCHA	54	Throat Chop	added	R5	Candice's split; score 57
SPECIES_HAWLUCHA	57	Low Sweep	added	R2	HQ's split; score 56
SPECIES_HAWLUCHA	65	Brave Bird	added	late move	Galactic's split; score 126
SPECIES_HAWLUCHA	62	Fire Punch	added	R5	Galactic's split; score 54
SPECIES_HAWLUCHA	68	ThunderPunch	added	R5	Volkner's split; score 54
SPECIES_HAWLUCHA	66	Drain Punch	added	R2	Volkner's split; score 51
SPECIES_HAWLUCHA	71	Roost	added	R2	Barry's split; score 49
SPECIES_HAWLUCHA	69	Upper Hand	added	R2	Barry's split; score 48
SPECIES_HAWLUCHA	78	U-turn	added	R2	League's split; score 34
SPECIES_HAWLUCHA	74	Taunt	added	R2	League's split; score -5
SPECIES_HERACROSS	1	Leer	removed	R1	filler past the one a first split may carry
SPECIES_HERACROSS	22	Pounce	added	R11, R16	Gardenia's split; score 232
SPECIES_HERACROSS	28	Rock Tomb	added	R5	Fantina's split; score 74
SPECIES_HERACROSS	34	Leech Life	added	R2	Maylene's split; score 64
SPECIES_HERACROSS	40	Throat Chop	added	R2	Wake's split; score 62
SPECIES_HERACROSS	49	Lunge	added	R2	Byron's split; score 61
SPECIES_HERACROSS	46	Skitter Smack	added	R2	Byron's split; score 54
SPECIES_HERACROSS	54	Bulldoze	added	R5	Candice's split; score 52
SPECIES_HERACROSS	60	Upper Hand	added	R2	HQ's split; score 48
SPECIES_HERACROSS	65	Earthquake	added	late move	Galactic's split; score 85
SPECIES_HIPPOWDON	37	Earthquake	added	R8	Hippopotas learns it at 37, after evolving at 34 in the same split: holding it is no choice
SPECIES_HIPPOPOTAS	28	Bulldoze	added	check 1, R16	Fantina's split; score 197
SPECIES_HIPPOWDON	44	Rock Tomb	added	R5	Wake's split; score 74
SPECIES_HIPPOWDON	42	Iron Head	added	R5	Wake's split; score 50
SPECIES_HIPPOWDON	52	Slack Off	added	R2	Byron's split; score 59
SPECIES_HIPPOWDON	56	Ice Fang	added	R5	Candice's split; score 86
SPECIES_HIPPOWDON	61	Swagger	added	late move	Galactic's split; score 84
SPECIES_HOOTHOOT	21	Confusion	removed	R8	Noctowl learns it at 22, in the same split
SPECIES_HOOTHOOT	29	Air Slash	removed	R8	Noctowl learns it at 32, in the same split
SPECIES_HOOTHOOT	45	Roost	removed	R8	Noctowl learns it at 52, in the same split
SPECIES_NOCTOWL	25	Take Down	added	R8	Hoothoot learns it at 25, after evolving at 20 in the same split: holding it is no choice
SPECIES_HOOTHOOT	20	Swift	added	R11, check 1	Gardenia's split; score 405
SPECIES_HOOTHOOT	18	Confusion	added	R4, R5	Gardenia's split; score 206
SPECIES_HOOTHOOT	19	Roost	added	R7	Gardenia's split; score 169
SPECIES_NOCTOWL	29	Secret Power	added	R2	Fantina's split; score 47
SPECIES_NOCTOWL	34	Steel Wing	added	R5	Maylene's split; score 72
SPECIES_NOCTOWL	39	Throat Chop	added	R5, R16 due	Maylene's split; score 32
SPECIES_NOCTOWL	44	Body Slam	added	R2	Wake's split; score 57
SPECIES_NOCTOWL	49	Hyper Voice	added	R2	Byron's split; score 75
SPECIES_NOCTOWL	54	Shadow Ball	added	R5	Candice's split; score 49
SPECIES_NOCTOWL	55	Psychic	added	R2	Candice's split; score 39
SPECIES_NOCTOWL	60	Brave Bird	added	R2	HQ's split; score 65
SPECIES_NOCTOWL	65	Moonblast	added	R5, late move	Galactic's split; score 114
SPECIES_NOCTOWL	22	Confusion	removed	R8	Hoothoot learns it at 18, before evolving
SPECIES_HOPPIP	19	Bullet Seed	removed	R8	Skiploom learns it at 20, in the same split
SPECIES_HOPPIP	22	Leech Seed	removed	R8	Skiploom learns it at 24, in the same split
SPECIES_HOPPIP	28	Cotton Spore	removed	R8	Skiploom learns it at 32, in the same split
SPECIES_SKIPLOOM	25	Mega Drain	added	R8	Hoppip learns it at 25, after evolving at 18 in the same split: holding it is no choice
SPECIES_HOPPIP	12	PoisonPowder	removed	R1	filler past the one a first split may carry
SPECIES_HOPPIP	7	Tail Whip	removed	R1	filler past the one a first split may carry
SPECIES_SKIPLOOM	7	Tail Whip	removed	R25	below 18, the lowest level it is had at
SPECIES_SKIPLOOM	12	PoisonPowder	removed	R25	below 18, the lowest level it is had at
SPECIES_JUMPLUFF	7	Tail Whip	removed	R25	below 27, the lowest level it is had at
SPECIES_JUMPLUFF	12	PoisonPowder	removed	R25	below 27, the lowest level it is had at
SPECIES_HOPPIP	18	Acrobatics	added	R11, check 1, R16	Gardenia's split; score 421
SPECIES_HOPPIP	17	Magical Leaf	added	R11	Gardenia's split; score 217
SPECIES_HOPPIP	13	Silver Wind	added	R4, R5	Gardenia's split; score 201
SPECIES_JUMPLUFF	34	Confusion	added	R5	Maylene's split; score 66
SPECIES_JUMPLUFF	42	Energy Ball	added	R30	Wake's split; score 169
SPECIES_JUMPLUFF	53	Dazzling Gleam	added	R5	Byron's split; score 47
SPECIES_JUMPLUFF	46	Lunge	added	R2	Byron's split; score 44
SPECIES_JUMPLUFF	56	Take Down	added	R2	Candice's split; score 40
SPECIES_JUMPLUFF	54	Headbutt	added	R2	Candice's split; score 38
SPECIES_JUMPLUFF	60	Secret Power	added	R2	HQ's split; score 38
SPECIES_JUMPLUFF	58	Air Slash	added	R2	HQ's split; score 20
SPECIES_JUMPLUFF	65	Leaf Storm	added	late move	Galactic's split; score 114
SPECIES_JUMPLUFF	62	Brave Bird	added	R2	Galactic's split; score 27
SPECIES_JUMPLUFF	68	Double-Edge	added	R2	Volkner's split; score 51
SPECIES_HORSEA	8	Leer	removed	R1	filler past the one a first split may carry
SPECIES_SEADRA	8	Leer	removed	R25	below 32, the lowest level it is had at
SPECIES_KINGDRA	8	Leer	removed	R25	below 32, the lowest level it is had at
SPECIES_KINGDRA	48	Dragon Dance	removed	R32	no strong attack it boosts on the line; a catch would know it at level 1
SPECIES_SEADRA	53	Ice Beam	added	R5	Byron's split; score 131
SPECIES_KINGDRA	44	Aurora Beam	added	R4, R5	Wake's split; score 193
SPECIES_KINGDRA	54	Scald	added	R16 due	Candice's split; score 105
SPECIES_KINGDRA	60	Wave Crash	added	R2	HQ's split; score 76
SPECIES_KINGDRA	65	Iron Head	added	R5, late move	Galactic's split; score 131
SPECIES_KINGDRA	62	Dragon Dance	added	R2	Galactic's split; score 73
SPECIES_KINGDRA	68	Draco Meteor	added	R2	Volkner's split; score 72
SPECIES_KINGDRA	66	Double-Edge	added	R2	Volkner's split; score 51
SPECIES_KINGDRA	71	Signal Beam	added	R5	Barry's split; score 84
SPECIES_KINGDRA	69	Ice Beam	added	R2	Barry's split; score 46
SPECIES_KINGDRA	78	Body Slam	added	R2	League's split; score 46
SPECIES_KINGDRA	74	Flip Turn	added	R2	League's split; score 42
SPECIES_HOUNDOUR	30	Fire Fang	removed	R8	Houndoom learns it at 32, in the same split
SPECIES_HOUNDOUR	35	Faint Attack	removed	R8	Houndoom learns it at 38, in the same split
SPECIES_HOUNDOUR	40	Embargo	removed	R8	Houndoom learns it at 44, in the same split
SPECIES_HOUNDOUR	1	Leer	removed	R1	filler past the one a first split may carry
SPECIES_HOUNDOUR	16	Bite	moved from 17	R11, check 1	brought into Roark's split; score 396
SPECIES_HOUNDOUR	7	Scary Face	added	R7	Roark's split; score 132
SPECIES_HOUNDOUR	20	Incinerate	added	R16	Gardenia's split; score 94
SPECIES_HOUNDOOM	35	Fire Pledge	added	R30	Maylene's split; score 56
SPECIES_HOUNDOOM	41	Mud Shot	added	R5	Wake's split; score 88
SPECIES_HOUNDOOM	51	Dark Pulse	added	R2	Byron's split; score 62
SPECIES_HOUNDOOM	56	Shadow Ball	added	R5	Candice's split; score 87
SPECIES_HOUNDOOM	58	BurningJealousy	added	R2	HQ's split; score 54
SPECIES_HOUNDOOM	65	Overheat	added	late move	Galactic's split; score 114
SPECIES_HOUNDOOM	62	Sludge Bomb	added	R2	Galactic's split; score 49
SPECIES_HOUNDOOM	68	Hyper Voice	added	R2	Volkner's split; score 42
SPECIES_HOUNDOOM	66	Toxic	added	R2	Volkner's split; score 23
SPECIES_HOUNDOOM	71	Will-O-Wisp	added	R2	Barry's split; score 2
SPECIES_HAKAMO_O	50	Scale Shot	removed	R8	Kommo-O learns it at 52, in the same split
SPECIES_JANGMO_O	41	Noble Roar	removed	R8	Hakamo-O learns it at 44, in the same split
SPECIES_JANGMO_O	31	Sky Uppercut	added	R4, R5	Byron's split; score 178
SPECIES_HAKAMO_O	45	Throat Chop	added	R4, R5	Byron's split; score 159
SPECIES_KOMMO_O	55	Draco Meteor	added	R2	Candice's split; score 78
SPECIES_KOMMO_O	54	Clangorous Soul	added	R2	Candice's split; score 63
SPECIES_KOMMO_O	60	Dragon Dance	added	R2	HQ's split; score 63
SPECIES_KOMMO_O	62	Earthquake	added	R5	Galactic's split; score 55
SPECIES_KOMMO_O	67	Fire Punch	added	R5	Volkner's split; score 54
SPECIES_KOMMO_O	66	Ice Punch	added	R5	Volkner's split; score 54
SPECIES_KOMMO_O	69	Upper Hand	added	R2	Barry's split; score 48
SPECIES_KOMMO_O	71	Bulldoze	added	R2	Barry's split; score 40
SPECIES_KOMMO_O	74	Iron Defense	added	R2	League's split; score 2
SPECIES_JOLTIK	34	Signal Beam	removed	R8	Galvantula learns it at 35, in the same split
SPECIES_JOLTIK	37	Energy Ball	removed	R8	Galvantula learns it at 39, in the same split
SPECIES_JOLTIK	40	Sucker Punch	removed	R8	Galvantula learns it at 43, in the same split
SPECIES_JOLTIK	45	Thunderbolt	removed	R8	Galvantula learns it at 48, in the same split
SPECIES_JOLTIK	48	Bug Buzz	removed	R8	Galvantula learns it at 51, in the same split
SPECIES_JOLTIK	28	Sucker Punch	added	R4, R5	Fantina's split; score 181
SPECIES_GALVANTULA	32	Snarl	added	R4, R5	Fantina's split; score 43
SPECIES_GALVANTULA	41	Giga Drain	added	R2	Wake's split; score 35
SPECIES_GALVANTULA	40	Swift	added	R2	Wake's split; score 26
SPECIES_GALVANTULA	56	Agility	added	R2	Candice's split; score 2
SPECIES_GALVANTULA	54	Screech	added	R2	Candice's split; score -5
SPECIES_GALVANTULA	60	Sticky Web	added	R2	HQ's split; score -5
SPECIES_GALVANTULA	62	Sludge Bomb	added	R5	Galactic's split; score 27
SPECIES_KABUTOPS	41	Metal Sound	added	R8	Kabuto learns it at 41, after evolving at 40 in the same split: holding it is no choice
SPECIES_KABUTO	1	Harden	removed	R1	filler past the one a first split may carry
SPECIES_KABUTO	11	Leer	removed	R1	filler past the one a first split may carry
SPECIES_KABUTOPS	11	Leer	removed	R25	below 40, the lowest level it is had at
SPECIES_KABUTO	28	Rock Slide	added	R11, check 1	Fantina's split; score 404
SPECIES_KABUTO	33	Bite	added	R4, R5	Fantina's split; score 193
SPECIES_KABUTO	38	Liquidation	added	R16	Maylene's split; score 86
SPECIES_KABUTOPS	49	Leech Life	added	R5	Byron's split; score 94
SPECIES_KABUTOPS	47	Brick Break	added	R5	Byron's split; score 66
SPECIES_KABUTOPS	56	Ice Fang	added	R5	Candice's split; score 86
SPECIES_KABUTOPS	60	Razor Shell	added	R2	HQ's split; score 53
SPECIES_KABUTOPS	58	Rock Tomb	added	R2	HQ's split; score 52
SPECIES_KABUTOPS	65	Flip Turn	added	R2	Galactic's split; score 42
SPECIES_KABUTOPS	62	Knock Off	added	R2	Galactic's split; score 30
SPECIES_KABUTOPS	68	Superpower	added	R2	Volkner's split; score 51
SPECIES_KLEFKI	16	Metal Sound	removed	R1	filler past the one a first split may carry
SPECIES_KLEFKI	35	Iron Defense	added	R7	Maylene's split; score 104
SPECIES_KLEFKI	47	Calm Mind	added	R7	Byron's split; score 98
SPECIES_KLEFKI	56	Psychic	added	R5	Candice's split; score 61
SPECIES_KLEFKI	54	Skitter Smack	added	R5	Candice's split; score 51
SPECIES_KLEFKI	60	Facade	added	R2	HQ's split; score 30
SPECIES_KLEFKI	58	Moonblast	added	R2	HQ's split; score 25
SPECIES_KLEFKI	65	Thunder Wave	added	late move	Galactic's split; score 44
SPECIES_GALARIAN_WEEZING	19	Clear Smog	moved from 15	R25	was below 18, the lowest level it is had at
SPECIES_WEEZING	33	Double Hit	removed	R25	below 35, the lowest level it is had at
SPECIES_KOFFING	10	SmokeScreen	removed	R1	filler past the one a first split may carry
SPECIES_KOFFING	1	Poison Gas	removed	R1	filler past the one a first split may carry
SPECIES_GALARIAN_WEEZING	4	SmokeScreen	removed	R25	below 18, the lowest level it is had at
SPECIES_WEEZING	10	SmokeScreen	removed	R25	below 35, the lowest level it is had at
SPECIES_KOFFING	35	Toxic	added	R7	Maylene's split; score 193
SPECIES_WEEZING	40	Shadow Ball	added	R5	Wake's split; score 82
SPECIES_WEEZING	44	Psybeam	added	R5	Wake's split; score 73
SPECIES_WEEZING	53	Strange Steam	added	R5, R16 due	Byron's split; score 123
SPECIES_WEEZING	56	Poison Fang	added	R2	Candice's split; score 73
SPECIES_WEEZING	54	Flamethrower	added	R5	Candice's split; score 52
SPECIES_WEEZING	60	Will-O-Wisp	added	R2	HQ's split; score 42
SPECIES_WEEZING	58	Dark Pulse	added	R2	HQ's split; score 36
SPECIES_WEEZING	65	Overheat	added	late move	Galactic's split; score 94
SPECIES_GALARIAN_WEEZING	34	Play Rough	added	R11	Maylene's split; score 229
SPECIES_GALARIAN_WEEZING	54	Poison Fang	added	R2	Candice's split; score 73
SPECIES_GALARIAN_WEEZING	56	Heat Wave	added	R5	Candice's split; score 57
SPECIES_GALARIAN_WEEZING	60	Shadow Ball	added	R5	HQ's split; score 55
SPECIES_GALARIAN_WEEZING	58	Thunderbolt	added	R5	HQ's split; score 50
SPECIES_GALARIAN_WEEZING	65	Overheat	added	late move	Galactic's split; score 92
SPECIES_GALARIAN_WEEZING	62	Double-Edge	added	R2	Galactic's split; score 43
SPECIES_GALARIAN_WEEZING	68	Body Slam	added	R2	Volkner's split; score 39
SPECIES_GALARIAN_WEEZING	66	Dark Pulse	added	R2	Volkner's split; score 34
SPECIES_KRABBY	11	Harden	removed	R1	filler past the one a first split may carry
SPECIES_KINGLER	11	Harden	removed	R25	below 28, the lowest level it is had at
SPECIES_KRABBY	12	Wide Guard	added	R16	Roark's split; score 48
SPECIES_KINGLER	36	Razor Shell	added	R2	Maylene's split; score 83
SPECIES_KINGLER	39	Rock Tomb	added	R5	Maylene's split; score 74
SPECIES_KINGLER	34	Waterfall	added	R30	Maylene's split; score 62
SPECIES_KINGLER	41	X-Scissor	added	R5	Wake's split; score 80
SPECIES_KINGLER	47	Night Slash	added	R5	Byron's split; score 75
SPECIES_KINGLER	54	Liquidation	added	R2	Candice's split; score 70
SPECIES_KINGLER	59	Rock Slide	added	R2	HQ's split; score 44
SPECIES_KRICKETUNE	16	Bug Bite	added	R8	Kricketot learns it at 16, after evolving at 10 in the same split: holding it is no choice
SPECIES_KRICKETOT	6	Struggle Bug	added	R11, check 1, R16	Roark's split; score 435
SPECIES_KRICKETOT	10	Screech	added	R7	Roark's split; score 155
SPECIES_KRICKETUNE	20	Karate Chop	added	R4, R5	Gardenia's split; score 230
SPECIES_KRICKETUNE	28	Skitter Smack	added	R2	Fantina's split; score 54
SPECIES_KRICKETUNE	36	Lunge	added	R2	Maylene's split; score 61
SPECIES_KRICKETUNE	40	Pounce	added	R2	Wake's split; score 45
SPECIES_KRICKETUNE	54	Throat Chop	added	R2	Candice's split; score 44
SPECIES_KRICKETUNE	56	Brick Break	added	R2	Candice's split; score 38
SPECIES_KRICKETUNE	60	Take Down	added	R2	HQ's split; score 34
SPECIES_KRICKETUNE	58	Secret Power	added	R2	HQ's split; score 32
SPECIES_KRICKETUNE	65	Swagger	added	late move	Galactic's split; score 50
SPECIES_KRICKETUNE	62	Earthquake	added	R5	Galactic's split; score 28
SPECIES_KRICKETUNE	68	Sticky Web	added	R2	Volkner's split; score -5
SPECIES_LAPRAS	56	Drill Run	added	R4, R5, R16	Candice's split; score 220
SPECIES_LAPRAS	54	Life Dew	added	R7	Candice's split; score 155
SPECIES_LAPRAS	60	Psychic	added	R5	HQ's split; score 53
SPECIES_LAPRAS	58	Thunderbolt	added	R5	HQ's split; score 53
SPECIES_LAPRAS	65	Iron Head	added	R5, late move	Galactic's split; score 95
SPECIES_LAPRAS	62	Dragon Pulse	added	R5	Galactic's split; score 49
SPECIES_LAPRAS	68	Bulldoze	added	R2	Volkner's split; score 47
SPECIES_LAPRAS	66	Ice Punch	added	R2	Volkner's split; score 26
SPECIES_VOLCARONA	59	Mystical Fire	moved from 20	R25	was below 59, the lowest level it is had at
SPECIES_VOLCARONA	30	U-turn	removed	R25	below 59; onto Larvesta's list
SPECIES_LARVESTA	29	U-turn	added	R25	from Volcarona's 30, below its 59
SPECIES_VOLCARONA	40	Fire Spin	removed	R25	below 59; onto Larvesta's list
SPECIES_LARVESTA	41	Fire Spin	added	R25	from Volcarona's 40, below its 59
SPECIES_VOLCARONA	62	Rage Powder	moved from 50	R25	was below 59, the lowest level it is had at
SPECIES_LARVESTA	45	Roost	added	R7	Byron's split; score 169
SPECIES_LARVESTA	53	Poison Jab	added	R4, R5	Byron's split; score 152
SPECIES_LARVESTA	56	Lunge	added	R2	Candice's split; score 61
SPECIES_LARVESTA	54	Skitter Smack	added	R2	Candice's split; score 54
SPECIES_VOLCARONA	68	Psychic	added	R5	Volkner's split; score 90
SPECIES_VOLCARONA	70	Giga Drain	added	R5	Barry's split; score 86
SPECIES_VOLCARONA	69	Quiver Dance	added	R2	Barry's split; score 63
SPECIES_VOLCARONA	74	Air Slash	added	R5	League's split; score 84
SPECIES_PUPITAR	32	Payback	added	R8	Larvitar learns it at 32, after evolving at 30 in the same split: holding it is no choice
SPECIES_LARVITAR	30	StompingTantrum	added	R11, R16	Fantina's split; score 296
SPECIES_PUPITAR	37	Body Press	added	R5	Maylene's split; score 68
SPECIES_PUPITAR	39	Bulldoze	added	R2	Maylene's split; score 62
SPECIES_PUPITAR	44	Iron Head	added	R5	Wake's split; score 59
SPECIES_PUPITAR	53	Foul Play	added	R2	Byron's split; score 61
SPECIES_TYRANITAR	57	Rock Tomb	added	R2	HQ's split; score 52
SPECIES_TYRANITAR	60	Iron Defense	added	R2	HQ's split; score 42
SPECIES_TYRANITAR	63	Block	added	late move	Galactic's split; score 56
SPECIES_TYRANITAR	68	Superpower	added	R2	Volkner's split; score 51
SPECIES_PUPITAR	66	Dragon Dance	added	R19	setup prize for holding past 66; Tyranitar comes at 55
SPECIES_LICKITUNG	9	Defense Curl	removed	R1	filler past the one a first split may carry
SPECIES_LICKILICKY	9	Defense Curl	removed	R25	below 32, the lowest level it is had at
SPECIES_LICKITUNG	23	Toxic	added	R7	Maylene's split; score 183
SPECIES_LICKILICKY	43	Zen Headbutt	added	R5	Wake's split; score 82
SPECIES_LICKILICKY	53	Bulldoze	added	R5, R16 due	Byron's split; score 103
SPECIES_LICKILICKY	55	Body Slam	added	R2	Candice's split; score 68
SPECIES_LICKILICKY	54	Shadow Ball	added	R2	Candice's split; score 34
SPECIES_LICKILICKY	60	Earthquake	added	R2	HQ's split; score 42
SPECIES_LICKILICKY	65	Block	added	late move	Galactic's split; score 56
SPECIES_LICKILICKY	62	Belly Drum	added	R2	Galactic's split; score 5
SPECIES_CRADILY	43	AncientPower	added	R8	Lileep learns it at 43, after evolving at 40 in the same split: holding it is no choice
SPECIES_LILEEP	32	Giga Drain	added	R11, check 1	Fantina's split; score 420
SPECIES_LILEEP	27	Power Gem	added	R11	Fantina's split; score 91
SPECIES_LILEEP	39	Brine	added	R5	Maylene's split; score 118
SPECIES_CRADILY	40	Recover	added	R7	Wake's split; score 169
SPECIES_CRADILY	41	Bulldoze	added	R5, R16 due	Wake's split; score 125
SPECIES_CRADILY	51	Rock Slide	added	R2	Byron's split; score 54
SPECIES_CRADILY	48	Rock Tomb	added	R2	Byron's split; score 52
SPECIES_CRADILY	54	Sludge Bomb	added	R2	Candice's split; score 42
SPECIES_CRADILY	60	Earthquake	added	R2	HQ's split; score 42
SPECIES_CRADILY	58	Body Slam	added	R2	HQ's split; score 39
SPECIES_CRADILY	63	Leaf Storm	added	R2	Galactic's split; score 29
SPECIES_CRADILY	61	Leech Seed	added	R2	Galactic's split; score -5
SPECIES_INCINEROAR	10	Leer	removed	R25	below 36, the lowest level it is had at
SPECIES_TORRACAT	45	Knock Off	removed	R8	Incineroar learns it at 48, in the same split
SPECIES_INCINEROAR	38	Flamethrower	added	R8	Torracat learns it at 38, after evolving at 36 in the same split: holding it is no choice
SPECIES_LITTEN	7	Growl	removed	R1	filler past the one a first split may carry
SPECIES_TORRACAT	7	Growl	removed	R25	below 16, the lowest level it is had at
SPECIES_INCINEROAR	7	Growl	removed	R25	below 36, the lowest level it is had at
SPECIES_LITTEN	12	Swagger	added	R7	Gardenia's split; score 169
SPECIES_TORRACAT	28	Low Sweep	added	R5, R16	Fantina's split; score 72
SPECIES_INCINEROAR	42	Throat Chop	added	R2	Wake's split; score 72
SPECIES_INCINEROAR	41	Bulldoze	added	R5	Wake's split; score 52
SPECIES_INCINEROAR	54	Leech Life	added	R5	Candice's split; score 50
SPECIES_INCINEROAR	60	Drain Punch	added	R2	HQ's split; score 35
SPECIES_INCINEROAR	57	Bulk Up	added	R2	HQ's split; score 35
SPECIES_INCINEROAR	65	Earthquake	added	late move	Galactic's split; score 85
SPECIES_INCINEROAR	62	U-turn	added	R2	Galactic's split; score 34
SPECIES_INCINEROAR	67	Close Combat	added	R2	Volkner's split; score 54
SPECIES_INCINEROAR	66	Shadow Claw	added	R2	Volkner's split; score 30
SPECIES_LITWICK	45	Mystical Fire	removed	R8	Lampent learns it at 46, in the same split
SPECIES_LITWICK	50	Pain Split	removed	R8	Lampent learns it at 51, in the same split
SPECIES_LITWICK	56	Shadow Ball	removed	R8	Lampent learns it at 55, in the same split
SPECIES_LITWICK	62	Heat Wave	removed	R8	Lampent learns it at 65, in the same split
SPECIES_LITWICK	36	Shadow Ball	added	R2	Maylene's split; score 72
SPECIES_CHANDELURE	60	Energy Ball	added	R5	HQ's split; score 90
SPECIES_CHANDELURE	57	BurningJealousy	added	R2	HQ's split; score 54
SPECIES_CHANDELURE	62	Psychic	added	R5	Galactic's split; score 90
SPECIES_CHANDELURE	61	Dark Pulse	added	R5	Galactic's split; score 49
SPECIES_LOMBRE	14	Fake Out	moved from 11	R25	was below 14, the lowest level it is had at
SPECIES_LOMBRE	16	Natural Gift	added	R8	Lotad learns it at 15, after evolving at 14 in the same split: holding it is no choice
SPECIES_LOTAD	3	Growl	removed	R1	filler past the one a first split may carry
SPECIES_LOTAD	15	Natural Gift	removed	R8	Lombre learns it at 16, in the same split
SPECIES_LOMBRE	3	Growl	removed	R25	below 14, the lowest level it is had at
SPECIES_LOTAD	4	Magical Leaf	added	R11, check 1	Roark's split; score 395
SPECIES_LOTAD	6	Water Gun	added	R11	Roark's split; score 240
SPECIES_LOTAD	14	Disarming Voice	added	R4, R16	Roark's split; score 136
SPECIES_LOMBRE	22	Swagger	added	R7	Gardenia's split; score 144
SPECIES_LOMBRE	28	Giga Drain	added	R2	Fantina's split; score 70
SPECIES_LOMBRE	34	Energy Ball	added	R30	Maylene's split; score 179
SPECIES_LOMBRE	39	Ice Punch	added	R5	Maylene's split; score 81
SPECIES_LOMBRE	42	Surf	added	R2	Wake's split; score 57
SPECIES_LOMBRE	40	Fire Punch	added	R5	Wake's split; score 56
SPECIES_LUDICOLO	34	Energy Ball	added	R30	Maylene's split; score 179
SPECIES_LUDICOLO	54	Ice Beam	added	R5	Candice's split; score 112
SPECIES_LUDICOLO	56	Muddy Water	added	R2	Candice's split; score 61
SPECIES_LUDICOLO	60	Leaf Storm	added	R2	HQ's split; score 72
SPECIES_LUDICOLO	58	Hyper Voice	added	R2	HQ's split; score 42
SPECIES_LUDICOLO	65	Synthesis	added	late move	Galactic's split; score 50
SPECIES_LUDICOLO	62	Psychic	added	R5	Galactic's split; score 33
SPECIES_LUDICOLO	68	Overheat	added	R5	Volkner's split; score 30
SPECIES_LUDICOLO	66	Leech Seed	added	R2	Volkner's split; score -5
SPECIES_LUNATONE	49	Power Gem	added	R11	Byron's split; score 270
SPECIES_LUNATONE	47	Aura Sphere	added	R4, R5	Byron's split; score 210
SPECIES_LUNATONE	56	Earth Power	added	R5	Candice's split; score 96
SPECIES_LUNATONE	54	Signal Beam	added	R5	Candice's split; score 79
SPECIES_LUNATONE	60	Dark Pulse	added	R5	HQ's split; score 57
SPECIES_LUNATONE	58	Moonlight	added	R2	HQ's split; score 9
SPECIES_LUNATONE	65	Swagger	added	late move	Galactic's split; score 50
SPECIES_ALOMOMOLA	9	Aqua Jet	removed	R25	below 30; onto Luvdisc's list
SPECIES_LUVDISC	8	Aqua Jet	added	R25	from Alomomola's 9, below its 30
SPECIES_ALOMOMOLA	13	DoubleSlap	removed	R25	below 30, the lowest level it is had at
SPECIES_ALOMOMOLA	30	Heal Pulse	moved from 17	R25	was below 30, the lowest level it is had at
SPECIES_ALOMOMOLA	31	Wake-Up Slap	moved from 29	R25	was below 30, the lowest level it is had at
SPECIES_LUVDISC	51	Safeguard	removed	R8	Alomomola learns it at 45, in the same split
SPECIES_ALOMOMOLA	32	Water Pulse	added	R8	Luvdisc learns it at 31, after evolving at 30 in the same split: holding it is no choice
SPECIES_LUVDISC	31	Water Pulse	removed	R8	Alomomola learns it at 32, in the same split
SPECIES_ALOMOMOLA	25	Water Pulse	removed	R25	below 30, the lowest level it is had at
SPECIES_LUVDISC	9	Agility	removed	R32	too early: strong attacks it boosts come at 32
SPECIES_LUVDISC	18	Agility	added	R32	moved from Luvdisc's 9, beside the attacks it boosts
SPECIES_LUVDISC	11	Draining Kiss	added	R11, check 1, R16	Roark's split; score 412
SPECIES_LUVDISC	20	Icy Wind	added	R4, R5	Gardenia's split; score 188
SPECIES_ALOMOMOLA	35	Play Rough	added	R30	Maylene's split; score 144
SPECIES_ALOMOMOLA	43	Zen Headbutt	added	R5	Wake's split; score 87
SPECIES_ALOMOMOLA	56	Liquidation	added	R2	Candice's split; score 56
SPECIES_ALOMOMOLA	54	Flip Turn	added	R2	Candice's split; score 42
SPECIES_ALOMOMOLA	58	Body Slam	added	R2	HQ's split; score 39
SPECIES_ALOMOMOLA	57	Ice Punch	added	R5	HQ's split; score 27
SPECIES_ALOMOMOLA	68	Baby-Doll Eyes	added	R2	Volkner's split; score -5
SPECIES_MACHOP	34	Wake-Up Slap	removed	R8	Machoke learns it at 36, in the same split
SPECIES_MACHOP	43	Scary Face	removed	R8	Machoke learns it at 44, in the same split
SPECIES_MACHOP	16	Bullet Punch	added	R4	Roark's split; score 158
SPECIES_MACHOP	6	Scary Face	added	R7	Roark's split; score 150
SPECIES_MACHOKE	30	Bulldoze	added	R5, R16 due	Fantina's split; score 142
SPECIES_MACHOKE	34	Throat Chop	added	R5	Maylene's split; score 78
SPECIES_MACHAMP	53	Rock Slide	added	R5	Byron's split; score 77
SPECIES_MACHAMP	48	Low Sweep	added	R2	Byron's split; score 66
SPECIES_MACHAMP	56	Meteor Mash	added	R2	Candice's split; score 43
SPECIES_MACHAMP	54	Rock Tomb	added	R2	Candice's split; score 40
SPECIES_MACHAMP	60	Bulk Up	added	R2	HQ's split; score -5
SPECIES_MACHAMP	65	Earthquake	added	late move	Galactic's split; score 85
SPECIES_MAGBY	34	Lava Plume	removed	R8	Magmar learns it at 36, in the same split
SPECIES_MAGBY	1	Leer	removed	R1	filler past the one a first split may carry
SPECIES_MAGBY	15	Flame Wheel	added	check 1	Roark's split; score 206
SPECIES_MAGBY	12	Scary Face	added	R7	Roark's split; score 155
SPECIES_MAGMAR	32	Low Sweep	added	R5, R16 due	Fantina's split; score 126
SPECIES_MAGMAR	34	BurningJealousy	added	R2	Maylene's split; score 54
SPECIES_MAGMORTAR	33	BurningJealousy	added	R16 due	Fantina's split; score 105
SPECIES_MAGMORTAR	53	Scorching Sands	added	R5	Byron's split; score 83
SPECIES_MAGMORTAR	48	Milk Drink	added	R2	Byron's split; score 49
SPECIES_MAGMORTAR	55	Psychic	added	R5	Candice's split; score 131
SPECIES_MAGMORTAR	54	Thunderbolt	added	R5	Candice's split; score 86
SPECIES_MAGMORTAR	62	Swagger	added	late move	Galactic's split; score 50
SPECIES_MAGNEMITE	46	Magnet Rise	removed	R8	Magneton learns it at 50, in the same split
SPECIES_MAGNETON	33	Screech	added	R8	Magnemite learns it at 33, after evolving at 30 in the same split: holding it is no choice
SPECIES_MAGNEZONE	48	Signal Beam	added	R4, R5	Byron's split; score 199
SPECIES_MAGNEZONE	56	Volt Switch	added	R16	Candice's split; score 66
SPECIES_MAGNEZONE	58	Tri Attack	added	R2	HQ's split; score 42
SPECIES_MAGNEZONE	65	Confuse Ray	added	late move	Galactic's split; score 56
SPECIES_MAGNEZONE	68	Psychic	added	R5	Volkner's split; score 27
SPECIES_MAKUHITA	28	Force Palm	removed	R8	Hariyama learns it at 32, in the same split
SPECIES_HARIYAMA	25	Belly Drum	added	R8	Makuhita learns it at 25, after evolving at 24 in the same split: holding it is no choice
SPECIES_MAKUHITA	5	Bulk Up	added	R7	Roark's split; score 155
SPECIES_MAKUHITA	6	Bullet Punch	added	R4	Roark's split; score 134
SPECIES_HARIYAMA	29	Low Sweep	added	R16 due	Fantina's split; score 107
SPECIES_HARIYAMA	34	Bulldoze	added	R5	Maylene's split; score 52
SPECIES_HARIYAMA	39	Rock Tomb	added	R5	Maylene's split; score 52
SPECIES_HARIYAMA	44	Drain Punch	added	R2	Wake's split; score 51
SPECIES_HARIYAMA	54	Upper Hand	added	R2	Candice's split; score 48
SPECIES_HARIYAMA	55	Throat Chop	added	R2	Candice's split; score 44
SPECIES_HARIYAMA	60	Iron Head	added	R2	HQ's split; score 37
SPECIES_HARIYAMA	65	Earthquake	added	late move	Galactic's split; score 85
SPECIES_HARIYAMA	68	Headlong Rush	added	R2	Volkner's split; score 54
SPECIES_MANAPHY	16	Supersonic	removed	R1	filler past the one a first split may carry
SPECIES_MANAPHY	42	Aura Sphere	added	R4, R5	Wake's split; score 210
SPECIES_MANAPHY	50	Earth Power	added	R5	Byron's split; score 86
SPECIES_MANAPHY	56	Liquidation	added	R16 due	Candice's split; score 107
SPECIES_MANAPHY	58	Energy Ball	added	R5	HQ's split; score 86
SPECIES_MANAPHY	57	Ice Beam	added	R5	HQ's split; score 86
SPECIES_MANAPHY	65	Scald	added	R2	Galactic's split; score 54
SPECIES_MANAPHY	63	Flip Turn	added	R2	Galactic's split; score 42
SPECIES_MANAPHY	68	Muddy Water	added	R2	Volkner's split; score 25
SPECIES_MANAPHY	66	Confuse Ray	added	R2	Volkner's split; score 16
SPECIES_MANAPHY	71	Take Heart	added	R2	Barry's split; score 5
SPECIES_ANNIHILAPE	50	Low Kick	moved from 8	R25	was below 50, the lowest level it is had at
SPECIES_ANNIHILAPE	35	Rage Fist	removed	R25	below 50; onto Primeape's list
SPECIES_PRIMEAPE	34	Rage Fist	added	R25	from Annihilape's 35, below its 50
SPECIES_ANNIHILAPE	48	StompingTantrum	removed	R25	below 50; onto Primeape's list
SPECIES_PRIMEAPE	48	StompingTantrum	added	R25	from Annihilape's 48, below its 50
SPECIES_MANKEY	45	Punishment	removed	R8	Primeape learns it at 53, in the same split
SPECIES_PRIMEAPE	33	Swagger	added	R8	Mankey learns it at 33, after evolving at 28 in the same split: holding it is no choice
SPECIES_ANNIHILAPE	53	Punishment	added	R8	Primeape learns it at 53, after evolving at 50 in the same split: holding it is no choice
SPECIES_PRIMEAPE	40	Rock Slide	added	R5	Wake's split; score 77
SPECIES_PRIMEAPE	44	Low Sweep	added	R2	Wake's split; score 56
SPECIES_ANNIHILAPE	56	Shadow Punch	added	R30	Candice's split; score 171
SPECIES_ANNIHILAPE	54	Drain Punch	added	R2	Candice's split; score 51
SPECIES_ANNIHILAPE	60	Poison Jab	added	R5	HQ's split; score 50
SPECIES_ANNIHILAPE	58	Throat Chop	added	R2	HQ's split; score 44
SPECIES_ANNIHILAPE	63	Earthquake	added	late move	Galactic's split; score 85
SPECIES_ANNIHILAPE	61	Bulldoze	added	R2	Galactic's split; score 40
SPECIES_ANNIHILAPE	67	Rock Tomb	added	R2	Volkner's split; score 40
SPECIES_ANNIHILAPE	68	Superpower	added	R2	Volkner's split; score 27
SPECIES_MANTYKE	4	Supersonic	removed	R1	filler past the one a first split may carry
SPECIES_MANTINE	4	Supersonic	removed	R25	below 30, the lowest level it is had at
SPECIES_MANTYKE	25	Icy Wind	added	R4, R5	Gardenia's split; score 171
SPECIES_MANTINE	34	Signal Beam	added	R5	Maylene's split; score 79
SPECIES_MANTINE	35	Round	added	R16 due	Maylene's split; score 76
SPECIES_MANTINE	43	Surf	added	R30	Wake's split; score 142
SPECIES_MANTINE	41	Psybeam	added	R5	Wake's split; score 73
SPECIES_MANTINE	54	Air Slash	added	R2	Candice's split; score 57
SPECIES_MANTINE	56	Roost	added	R2	Candice's split; score 49
SPECIES_MANTINE	60	Ice Beam	added	R2	HQ's split; score 46
SPECIES_MANTINE	58	Muddy Water	added	R2	HQ's split; score 25
SPECIES_MANTINE	65	Swagger	added	late move	Galactic's split; score 50
SPECIES_TOXAPEX	36	Toxic	moved from 39	R8	to Mareanie's level, inside one split
SPECIES_MAREANIE	40	Venom Drench	removed	R8	Toxapex learns it at 42, in the same split
SPECIES_MAREANIE	41	Poison Jab	removed	R8	Toxapex learns it at 43, in the same split
SPECIES_MAREANIE	38	Muddy Water	added	R11	Maylene's split; score 228
SPECIES_TOXAPEX	53	Lunge	added	R5	Byron's split; score 57
SPECIES_TOXAPEX	56	Sludge Bomb	added	R2	Candice's split; score 52
SPECIES_TOXAPEX	54	Ice Beam	added	R5	Candice's split; score 46
SPECIES_TOXAPEX	61	Iron Defense	added	late move	Galactic's split; score 44
SPECIES_AMPHAROS	31	Discharge	added	R8	Flaaffy learns it at 31, after evolving at 30 in the same split: holding it is no choice
SPECIES_MAREEP	19	Cotton Spore	removed	R8	Flaaffy learns it at 20, in the same split
SPECIES_MAREEP	23	Charge	removed	R8	Flaaffy learns it at 25, in the same split
SPECIES_MAREEP	28	Discharge	removed	R8	Flaaffy learns it at 31, in the same split
SPECIES_MAREEP	46	Thunderbolt	removed	R8	Flaaffy learns it at 53, in the same split
SPECIES_MAREEP	5	Growl	removed	R1	filler past the one a first split may carry
SPECIES_FLAAFFY	5	Growl	removed	R25	below 15, the lowest level it is had at
SPECIES_AMPHAROS	5	Growl	removed	R25	below 30, the lowest level it is had at
SPECIES_MAREEP	12	Shock Wave	added	check 1	Gardenia's split; score 195
SPECIES_MAREEP	13	Swagger	added	R7	Gardenia's split; score 144
SPECIES_MAREEP	15	AncientPower	added	R4, R5	Gardenia's split; score 48
SPECIES_AMPHAROS	32	DragonBreath	added	R11	Fantina's split; score 87
SPECIES_AMPHAROS	38	Volt Switch	added	R16 due	Maylene's split; score 100
SPECIES_AMPHAROS	36	Electroweb	added	R2	Maylene's split; score 48
SPECIES_AMPHAROS	44	Mirror Shot	added	R5	Wake's split; score 84
SPECIES_AMPHAROS	47	Dazzling Gleam	added	R5	Byron's split; score 65
SPECIES_AMPHAROS	55	Dragon Pulse	added	R2	Candice's split; score 64
SPECIES_AMPHAROS	54	Confuse Ray	added	R2	Candice's split; score 16
SPECIES_AMPHAROS	63	Draco Meteor	added	R2	Galactic's split; score 29
SPECIES_MAWILE	31	Baton Pass	removed	R21	no boost on the line to pass; a catch would know it at level 1
SPECIES_MAWILE	48	Play Rough	added	R11, check 1, R16	Byron's split; score 449
SPECIES_MAWILE	53	Meteor Mash	added	R11	Byron's split; score 263
SPECIES_MAWILE	54	Poison Fang	added	R5	Candice's split; score 90
SPECIES_MAWILE	60	Fire Fang	added	R5	HQ's split; score 86
SPECIES_MAWILE	58	Ice Fang	added	R5	HQ's split; score 86
SPECIES_MAWILE	65	Ice Punch	added	late move	Galactic's split; score 84
SPECIES_MAWILE	62	Foul Play	added	R2	Galactic's split; score 40
SPECIES_MAWILE	68	Taunt	added	R2	Volkner's split; score -5
SPECIES_MEDICHAM	39	Power Trick	added	R8	Meditite learns it at 39, after evolving at 37 in the same split: holding it is no choice
SPECIES_MEDITITE	4	Meditate	removed	R1	filler past the one a first split may carry
SPECIES_MEDICHAM	4	Meditate	removed	R25	below 37, the lowest level it is had at
SPECIES_MEDITITE	25	Calm Mind	removed	R32	no strong attack it boosts on the line; a catch would know it at level 1
SPECIES_MEDITITE	17	Force Palm	moved from 29	R11	brought into Gardenia's split; score 258
SPECIES_MEDITITE	26	Rock Throw	added	R4, R5	Gardenia's split; score 185
SPECIES_MEDITITE	22	Swagger	added	R7	Gardenia's split; score 144
SPECIES_MEDITITE	29	Low Sweep	added	R16	Fantina's split; score 73
SPECIES_MEDICHAM	44	Iron Head	added	R5	Wake's split; score 84
SPECIES_MEDICHAM	40	Poison Jab	added	R5	Wake's split; score 84
SPECIES_MEDICHAM	52	Zen Headbutt	added	R2	Byron's split; score 62
SPECIES_MEDICHAM	54	Drain Punch	added	R2	Candice's split; score 51
SPECIES_MEDICHAM	60	Fire Punch	added	R5	HQ's split; score 89
SPECIES_MEDICHAM	57	Upper Hand	added	R2	HQ's split; score 48
SPECIES_MEDICHAM	65	Axe Kick	added	late move	Galactic's split; score 136
SPECIES_MEDICHAM	62	Rock Tomb	added	R2	Galactic's split; score 40
SPECIES_MEDICHAM	25	Calm Mind	removed	R25	below 37; onto Meditite's list
SPECIES_MEDITITE	25	Calm Mind	added	R25	from Medicham's 25, below its 37
SPECIES_MEDITITE	25	Calm Mind	removed	R32	no strong attack it boosts on the line; a catch would know it at level 1
SPECIES_MELOETTA	36	Echoed Voice	removed	R6	weaker than Round, already had
SPECIES_MELOETTA	61	Energy Ball	added	R4, R5	Galactic's split; score 155
SPECIES_MELOETTA	62	Charm	added	R7	Galactic's split; score 144
SPECIES_MELOETTA	67	Thunderbolt	added	R5	Volkner's split; score 53
SPECIES_MELOETTA	66	Shadow Ball	added	R5	Volkner's split; score 51
SPECIES_MIENFOO	46	Dual Chop	removed	R8	Mienshao learns it at 48, in the same split
SPECIES_MIENFOO	54	Acrobatics	removed	R8	Mienshao learns it at 55, in the same split
SPECIES_MIENFOO	18	Acrobatics	added	R4, R5, R16	Gardenia's split; score 182
SPECIES_MIENFOO	19	Agility	added	R7	Gardenia's split; score 138
SPECIES_MIENFOO	28	Low Sweep	added	R2	Fantina's split; score 56
SPECIES_MIENSHAO	41	U-turn	added	R5	Wake's split; score 55
SPECIES_MIENSHAO	43	Rock Tomb	added	R5	Wake's split; score 52
SPECIES_MIENSHAO	51	Poison Jab	added	R5	Byron's split; score 50
SPECIES_MIENSHAO	54	Upper Hand	added	R2	Candice's split; score 48
SPECIES_MIENSHAO	56	Hammer Arm	added	R2	Candice's split; score 25
SPECIES_MIME_JR	27	Dazzling Gleam	added	R11, R16	Wake's split; score 290
SPECIES_MIME_JR	24	Signal Beam	added	R4, R5	Wake's split; score 209
SPECIES_MR_MIME	54	Energy Ball	added	R5	Candice's split; score 82
SPECIES_MR_MIME	56	Thunderbolt	added	R5	Candice's split; score 71
SPECIES_MR_MIME	60	Mystical Fire	added	R5	HQ's split; score 63
SPECIES_MR_MIME	58	Moonblast	added	R2	HQ's split; score 29
SPECIES_MR_MIME	65	Confuse Ray	added	late move	Galactic's split; score 43
SPECIES_MR_MIME	62	Tickle	added	R2	Galactic's split; score -13
SPECIES_MINCCINO	9	Swift	moved from 19	check 1	brought into Roark's split; score 206
SPECIES_MINCCINO	7	Chilling Water	added	R4, R5	Roark's split; score 147
SPECIES_MINCCINO	33	Facade	added	R2	Fantina's split; score 53
SPECIES_MINCCINO	41	Seed Bomb	added	R5	Wake's split; score 47
SPECIES_MINCCINO	53	Play Rough	added	R5	Byron's split; score 52
SPECIES_CINCCINO	57	Play Rough	added	R5	HQ's split; score 99
SPECIES_CINCCINO	60	Aqua Tail	added	R5	HQ's split; score 89
SPECIES_CINCCINO	65	Seed Bomb	added	R5, late move	Galactic's split; score 89
SPECIES_MINCCINO	19	Echoed Voice	removed	R6	weaker than Swift, already had
SPECIES_MINUN	25	Icy Wind	added	R4, R5	Gardenia's split; score 53
SPECIES_MINUN	34	Volt Switch	added	R16 due	Maylene's split; score 108
SPECIES_MINUN	56	Alluring Voice	added	R5	Candice's split; score 94
SPECIES_MINUN	54	Discharge	added	R2	Candice's split; score 74
SPECIES_MINUN	60	Signal Beam	added	R5	HQ's split; score 92
SPECIES_MINUN	65	Hyper Voice	added	late move	Galactic's split; score 110
SPECIES_MISDREAVUS	27	Hex	added	check 1, R16	Fantina's split; score 239
SPECIES_MISDREAVUS	30	Shadow Ball	moved from 37	R1	brought into Fantina's split; score 72
SPECIES_MISDREAVUS	29	Icy Wind	added	R5	Fantina's split; score 48
SPECIES_MISDREAVUS	31	Magical Leaf	added	R5	Fantina's split; score 45
SPECIES_MISDREAVUS	33	Charge Beam	added	R5	Fantina's split; score 38
SPECIES_MISDREAVUS	37	Psyshock	added	R2	Maylene's split; score 34
SPECIES_MISMAGIUS	27	Hex	added	check 1, R16	Fantina's split; score 239
SPECIES_MISMAGIUS	33	Confusion	added	R4, R5	Fantina's split; score 186
SPECIES_MISMAGIUS	45	Shadow Ball	added	R30	Byron's split; score 172
SPECIES_MISMAGIUS	50	Power Gem	added	R5	Byron's split; score 90
SPECIES_MISMAGIUS	54	Mystical Fire	added	R5	Candice's split; score 64
SPECIES_MISMAGIUS	56	Mean Look	added	R2	Candice's split; score 56
SPECIES_MISMAGIUS	60	Energy Ball	added	R5	HQ's split; score 52
SPECIES_MISMAGIUS	58	Psychic	added	R2	HQ's split; score 39
SPECIES_MISMAGIUS	65	Charm	added	late move	Galactic's split; score 84
SPECIES_MISMAGIUS	62	BurningJealousy	added	R2	Galactic's split; score 39
SPECIES_MARSHTOMP	37	Muddy Water	removed	R8	Swampert learns it at 39, in the same split
SPECIES_MARSHTOMP	46	Earthquake	removed	R8	Swampert learns it at 52, in the same split
SPECIES_MUDKIP	19	Foresight	removed	R8	Marshtomp learns it at 20, in the same split
SPECIES_MUDKIP	28	Take Down	removed	R8	Marshtomp learns it at 31, in the same split
SPECIES_MUDKIP	46	Endeavor	removed	R8	Marshtomp learns it at 53, in the same split
SPECIES_MUDKIP	1	Growl	removed	R1	filler past the one a first split may carry
SPECIES_MUDKIP	16	Water Pulse	added	check 1	Roark's split; score 194
SPECIES_MUDKIP	13	Screech	added	R7	Roark's split; score 155
SPECIES_MARSHTOMP	18	Rock Throw	added	R4, R5	Gardenia's split; score 230
SPECIES_MARSHTOMP	28	Bulldoze	added	R16 due	Fantina's split; score 103
SPECIES_SWAMPERT	36	Waterfall	added	R30	Maylene's split; score 138
SPECIES_SWAMPERT	44	Brick Break	added	R5	Wake's split; score 122
SPECIES_SWAMPERT	41	Aqua Tail	added	R2	Wake's split; score 68
SPECIES_SWAMPERT	48	Poison Jab	added	R5	Byron's split; score 50
SPECIES_SWAMPERT	56	Body Slam	added	R2	Candice's split; score 46
SPECIES_SWAMPERT	54	Flip Turn	added	R2	Candice's split; score 42
SPECIES_SWAMPERT	58	Knock Off	added	R5	HQ's split; score 42
SPECIES_SWAMPERT	57	Rock Tomb	added	R2	HQ's split; score 40
SPECIES_SWAMPERT	65	Body Press	added	R2	Galactic's split; score 34
SPECIES_SWAMPERT	67	Superpower	added	R2	Volkner's split; score 51
SPECIES_SWAMPERT	66	Bite	added	R2	Volkner's split; score 28
SPECIES_SNORLAX	17	Belly Drum	removed	R25	below 32; onto Munchlax's list
SPECIES_MUNCHLAX	18	Belly Drum	added	R25	from Snorlax's 17, below its 32
SPECIES_SNORLAX	32	Yawn	moved from 20	R25	was below 32, the lowest level it is had at
SPECIES_SNORLAX	25	Rest	removed	R25	below 32; onto Munchlax's list
SPECIES_MUNCHLAX	24	Rest	added	R25	from Snorlax's 25, below its 32
SPECIES_MUNCHLAX	4	Defense Curl	removed	R1	filler past the one a first split may carry
SPECIES_SNORLAX	4	Defense Curl	removed	R25	below 32, the lowest level it is had at
SPECIES_MUNCHLAX	22	Headbutt	added	check 1	Gardenia's split; score 216
SPECIES_SNORLAX	38	Bulldoze	added	R5, R16 due	Maylene's split; score 171
SPECIES_SNORLAX	53	Body Press	added	R5	Byron's split; score 76
SPECIES_SNORLAX	56	Slam	added	R2	Candice's split; score 30
SPECIES_SNORLAX	61	Hammer Arm	added	late move	Galactic's split; score 98
SPECIES_SNORLAX	68	Earthquake	added	R2	Volkner's split; score 50
SPECIES_SNORLAX	66	Superpower	added	R2	Volkner's split; score 43
SPECIES_HONCHKROW	35	Nasty Plot	removed	R32	too early: strong attacks it boosts come at 55
SPECIES_HONCHKROW	46	Nasty Plot	added	R32	moved from Honchkrow's 35, beside the attacks it boosts
SPECIES_MURKROW	10	Taunt	moved from 31	R7	brought into Roark's split; score 155
SPECIES_MURKROW	8	Twister	added	R4	Roark's split; score 120
SPECIES_MURKROW	18	Chilling Water	added	R5, R16	Gardenia's split; score 96
SPECIES_MURKROW	30	Dark Pulse	added	R2	Fantina's split; score 62
SPECIES_MURKROW	27	Drill Peck	added	R2	Fantina's split; score 60
SPECIES_MURKROW	38	Air Slash	added	R2	Maylene's split; score 57
SPECIES_HONCHKROW	34	Drill Peck	added	R30	Maylene's split; score 160
SPECIES_HONCHKROW	54	Heat Wave	added	R5	Candice's split; score 120
SPECIES_HONCHKROW	60	U-turn	added	R5	HQ's split; score 85
SPECIES_HONCHKROW	57	Foul Play	added	R2	HQ's split; score 71
SPECIES_HONCHKROW	65	Brave Bird	added	late move	Galactic's split; score 126
SPECIES_HONCHKROW	62	Sucker Punch	added	R2	Galactic's split; score 60
SPECIES_HONCHKROW	68	Mean Look	added	R2	Volkner's split; score 56
SPECIES_GARGANACL	38	Rock Tomb	moved from 10	R25	was below 38, the lowest level it is had at
SPECIES_GARGANACL	39	Salt Cure	moved from 24	R25	was below 38, the lowest level it is had at
SPECIES_NACLSTACK	25	Recover	added	R8	Nacli learns it at 25, after evolving at 24 in the same split: holding it is no choice
SPECIES_NACLSTACK	41	Heavy Slam	removed	R8	Garganacl learns it at 44, in the same split
SPECIES_NACLSTACK	45	Earthquake	removed	R8	Garganacl learns it at 49, in the same split
SPECIES_NACLI	1	Harden	removed	R1	filler past the one a first split may carry
SPECIES_NACLI	13	Rock Polish	removed	R32	too early: strong attacks it boosts come at 34
SPECIES_NACLSTACK	27	Rock Polish	added	R32	moved from Nacli's 13, beside the attacks it boosts
SPECIES_NACLSTACK	24	Bulldoze	added	R4, R5	Gardenia's split; score 193
SPECIES_NACLSTACK	32	Rock Tomb	added	R2	Fantina's split; score 62
SPECIES_GARGANACL	42	Iron Head	added	R5	Wake's split; score 88
SPECIES_GARGANACL	53	Zen Headbutt	added	R5	Byron's split; score 49
SPECIES_GARGANACL	56	Body Press	added	R5	Candice's split; score 47
SPECIES_GARGANACL	54	Block	added	R2	Candice's split; score 16
SPECIES_GARGANACL	60	Hammer Arm	added	R2	HQ's split; score 48
SPECIES_GARGANACL	65	Curse	added	late move	Galactic's split; score 38
SPECIES_NACLSTACK	13	Rock Polish	removed	R25	below 24, the lowest level it is had at
SPECIES_NIDORAN_F	19	Fury Swipes	removed	R8	Nidorina learns it at 20, in the same split
SPECIES_NIDORAN_F	21	Bite	removed	R8	Nidorina learns it at 23, in the same split
SPECIES_NIDORAN_F	1	Growl	removed	R1	filler past the one a first split may carry
SPECIES_NIDORAN_F	7	Tail Whip	removed	R1	filler past the one a first split may carry
SPECIES_NIDORINA	7	Tail Whip	removed	R25	below 16, the lowest level it is had at
SPECIES_NIDORAN_F	5	Sludge	added	check 1	Roark's split; score 194
SPECIES_NIDORAN_F	16	Toxic Spikes	moved from 31	R7	brought into Roark's split; score 165
SPECIES_NIDORAN_F	7	Pursuit	added	R4	Roark's split; score 119
SPECIES_NIDORINA	17	Hex	added	R5, R16	Gardenia's split; score 76
SPECIES_NIDORINA	31	Poison Jab	added	R2	Fantina's split; score 64
SPECIES_NIDOQUEEN	17	Bulldoze	added	R11, R16	Gardenia's split; score 239
SPECIES_NIDOQUEEN	34	Poison Fang	added	R30	Maylene's split; score 173
SPECIES_NIDOQUEEN	40	Drill Peck	added	R5	Wake's split; score 125
SPECIES_NIDOQUEEN	53	Shadow Ball	added	R5	Byron's split; score 124
SPECIES_NIDOQUEEN	48	Earthquake	added	R2	Byron's split; score 75
SPECIES_NIDOQUEEN	55	Body Press	added	R5	Candice's split; score 106
SPECIES_NIDOQUEEN	54	Toxic	added	R2	Candice's split; score 73
SPECIES_NIDOQUEEN	60	Poison Jab	added	R2	HQ's split; score 64
SPECIES_NIDOQUEEN	65	Ice Beam	added	R5, late move	Galactic's split; score 108
SPECIES_NIDOQUEEN	62	Sludge Bomb	added	R2	Galactic's split; score 56
SPECIES_NIDOQUEEN	68	Crunch	added	R2	Volkner's split; score 52
SPECIES_NIDOQUEEN	66	Throat Chop	added	R2	Volkner's split; score 44
SPECIES_NIDOQUEEN	71	Ice Punch	added	R2	Barry's split; score 42
SPECIES_NIDORAN_M	21	Horn Attack	removed	R8	Nidorino learns it at 23, in the same split
SPECIES_NIDORAN_M	7	Focus Energy	removed	R32	too early: strong attacks it boosts come at 43
SPECIES_NIDOKING	34	Focus Energy	added	R32	moved from Nidoran♂'s 7, beside the attacks it boosts
SPECIES_NIDORAN_M	5	Venoshock	added	check 1, R16	Roark's split; score 174
SPECIES_NIDORAN_M	16	Toxic Spikes	moved from 31	R7	brought into Roark's split; score 165
SPECIES_NIDORINO	17	Rock Tomb	added	R5	Gardenia's split; score 112
SPECIES_NIDORINO	31	Poison Tail	added	R2	Fantina's split; score 61
SPECIES_NIDOKING	17	Bulldoze	added	R11	Gardenia's split; score 222
SPECIES_NIDOKING	37	Poison Jab	added	R30	Maylene's split; score 174
SPECIES_NIDOKING	40	Rock Tomb	added	R5	Wake's split; score 112
SPECIES_NIDOKING	53	Body Press	added	R5	Byron's split; score 106
SPECIES_NIDOKING	50	Toxic	added	R2	Byron's split; score 73
SPECIES_NIDOKING	55	Throat Chop	added	R5	Candice's split; score 95
SPECIES_NIDOKING	54	Earthquake	added	R2	Candice's split; score 75
SPECIES_NIDOKING	60	Poison Fang	added	R2	HQ's split; score 73
SPECIES_NIDOKING	63	Sludge Bomb	added	late move	Galactic's split; score 99
SPECIES_NIDOKING	61	Drill Peck	added	R2	Galactic's split; score 40
SPECIES_NIDOKING	68	Superpower	added	R2	Volkner's split; score 43
SPECIES_NIDOKING	67	Sucker Punch	added	R2	Volkner's split; score 36
SPECIES_NIDORINO	7	Focus Energy	removed	R25	below 16; onto Nidoran♂'s list
SPECIES_NIDORAN_M	7	Focus Energy	added	R25	from Nidorino's 7, below its 16
SPECIES_PROBOPASS	7	Iron Defense	removed	R25	below 32; onto Nosepass's list
SPECIES_NOSEPASS	6	Iron Defense	added	R25	from Probopass's 7, below its 32
SPECIES_PROBOPASS	32	Magnet Bomb	moved from 13	R25	was below 32, the lowest level it is had at
SPECIES_NOSEPASS	7	Harden	removed	R1	filler past the one a first split may carry
SPECIES_NOSEPASS	9	Smack Down	added	R16	Roark's split; score 55
SPECIES_NOSEPASS	16	Rock Tomb	added	R1	Roark's split; score 52
SPECIES_NOSEPASS	22	Bulldoze	added	R4, R5	Gardenia's split; score 214
SPECIES_PROBOPASS	39	Spark	added	R5	Maylene's split; score 75
SPECIES_PROBOPASS	35	Iron Head	added	R2	Maylene's split; score 64
SPECIES_PROBOPASS	41	Body Press	added	R5	Wake's split; score 47
SPECIES_PROBOPASS	46	Dazzling Gleam	added	R5	Byron's split; score 47
SPECIES_PROBOPASS	54	Thunderbolt	added	R2	Candice's split; score 39
SPECIES_PROBOPASS	60	Earthquake	added	R2	HQ's split; score 50
SPECIES_PROBOPASS	57	ThunderPunch	added	R2	HQ's split; score 42
SPECIES_PROBOPASS	65	Volt Switch	added	R2	Galactic's split; score 34
SPECIES_OMASTAR	43	Tickle	added	R8	Omanyte learns it at 43, after evolving at 40 in the same split: holding it is no choice
SPECIES_OMANYTE	34	Shell Smash	added	R16	Maylene's split; score 83
SPECIES_OMASTAR	50	Surf	added	R30	Byron's split; score 178
SPECIES_OMASTAR	53	Scald	added	R2	Byron's split; score 54
SPECIES_OMASTAR	54	Ice Beam	added	R5	Candice's split; score 131
SPECIES_OMASTAR	55	Earth Power	added	R2	Candice's split; score 46
SPECIES_OMASTAR	60	Power Gem	added	R2	HQ's split; score 21
SPECIES_OMASTAR	63	Dark Pulse	added	R5	Galactic's split; score 32
SPECIES_ONIX	1	Harden	removed	R1	filler past the one a first split may carry
SPECIES_ONIX	1	Bind	removed	R1	filler past the one a first split may carry
SPECIES_STEELIX	30	Rock Polish	removed	R32	too early: strong attacks it boosts come at 41
SPECIES_STEELIX	34	Rock Polish	added	R32	moved from Steelix's 30, beside the attacks it boosts
SPECIES_ONIX	13	Bulldoze	added	R11, R16	Roark's split; score 239
SPECIES_ONIX	11	Rock Tomb	moved from 17	R1	brought into Roark's split; score 72
SPECIES_ONIX	17	Bite	added	R4, R5	Gardenia's split; score 238
SPECIES_STEELIX	21	Metal Claw	added	R11	Gardenia's split; score 83
SPECIES_STEELIX	43	Bite	added	R5	Wake's split; score 118
SPECIES_STEELIX	56	Aqua Tail	added	R5	Candice's split; score 130
SPECIES_STEELIX	60	Earthquake	added	R2	HQ's split; score 75
SPECIES_STEELIX	58	Fire Fang	added	R5	HQ's split; score 61
SPECIES_STEELIX	65	Block	added	late move	Galactic's split; score 90
SPECIES_PACHIRISU	7	Electroweb	added	R16	Roark's split; score 65
SPECIES_PACHIRISU	19	Bite	added	R4, R5	Gardenia's split; score 238
SPECIES_PACHIRISU	35	Thunder Fang	added	R2	Maylene's split; score 69
SPECIES_PACHIRISU	44	Mud Shot	added	R5	Wake's split; score 88
SPECIES_PACHIRISU	40	Volt Switch	added	R2	Wake's split; score 49
SPECIES_PACHIRISU	53	Fire Fang	added	R5	Byron's split; score 86
SPECIES_PACHIRISU	48	Ice Fang	added	R5	Byron's split; score 86
SPECIES_PACHIRISU	56	ThunderPunch	added	R2	Candice's split; score 62
SPECIES_PACHIRISU	54	Crunch	added	R2	Candice's split; score 42
SPECIES_PACHIRISU	60	Follow Me	added	R2	HQ's split; score 23
SPECIES_PACHIRISU	58	Thunder Wave	added	R2	HQ's split; score 2
SPECIES_PACHIRISU	65	Swagger	added	late move	Galactic's split; score 50
SPECIES_PAWMI	1	Growl	removed	R1	filler past the one a first split may carry
SPECIES_PAWMI	9	Electroweb	added	check 1	Roark's split; score 169
SPECIES_PAWMI	15	Mach Punch	added	R4	Roark's split; score 148
SPECIES_PAWMO	37	Thunder Fang	added	R30	Maylene's split; score 144
SPECIES_PAWMO	44	Low Sweep	added	R2	Wake's split; score 56
SPECIES_PAWMOT	36	Body Press	added	R30	Maylene's split; score 136
SPECIES_PAWMOT	54	Rock Tomb	added	R5	Candice's split; score 91
SPECIES_PAWMOT	56	ThunderPunch	added	R2	Candice's split; score 62
SPECIES_PAWMOT	58	Low Sweep	added	R2	HQ's split; score 56
SPECIES_PAWMOT	57	Agility	added	R2	HQ's split; score 52
SPECIES_PAWMOT	65	Fire Punch	added	R5	Galactic's split; score 54
SPECIES_PAWMOT	68	Throat Chop	added	R2	Volkner's split; score 44
SPECIES_PAWMOT	66	Thunder Wave	added	R2	Volkner's split; score 42
SPECIES_DONPHAN	25	Rapid Spin	moved from 6	R25	was below 25, the lowest level it is had at
SPECIES_DONPHAN	10	Knock Off	removed	R25	below 25; onto Phanpy's list
SPECIES_PHANPY	9	Knock Off	added	R25	from Donphan's 10, below its 25
SPECIES_DONPHAN	26	Magnitude	moved from 19	R25	was below 25, the lowest level it is had at
SPECIES_PHANPY	1	Defense Curl	removed	R1	filler past the one a first split may carry
SPECIES_PHANPY	1	Growl	removed	R1	filler past the one a first split may carry
SPECIES_PHANPY	14	Bulldoze	added	R11, check 1, R16	Roark's split; score 442
SPECIES_DONPHAN	28	Rock Tomb	added	R5	Fantina's split; score 74
SPECIES_DONPHAN	35	Trailblaze	added	R5	Maylene's split; score 40
SPECIES_DONPHAN	42	Iron Head	added	R5	Wake's split; score 50
SPECIES_DONPHAN	44	Throat Chop	added	R2	Wake's split; score 44
SPECIES_DONPHAN	50	Seed Bomb	added	R2	Byron's split; score 40
SPECIES_DONPHAN	56	Charm	added	R2	Candice's split; score 9
SPECIES_DONPHAN	61	Block	added	late move	Galactic's split; score 56
SPECIES_PHEROMOSA	67	Close Combat	added	R11	Volkner's split; score 239
SPECIES_PHEROMOSA	66	Throat Chop	added	R4, R5	Volkner's split; score 159
SPECIES_PHEROMOSA	69	Low Sweep	added	R2	Barry's split; score 56
SPECIES_PHEROMOSA	78	Skitter Smack	added	R2	League's split; score 54
SPECIES_PHEROMOSA	74	Ice Beam	added	R5	League's split; score 52
SPECIES_PIKACHU	11	Sweet Kiss	added	R8	Pichu learns it at 13, after evolving at 10 in the same split: holding it is no choice
SPECIES_PIKACHU	1	Growl	removed	R1	filler past the one a first split may carry
SPECIES_PICHU	13	Sweet Kiss	removed	R8	Pikachu learns it at 11, in the same split
SPECIES_PIKACHU	12	Sweet Kiss	moved from 11	R25	was below 12, the lowest level it is had at
SPECIES_PIKACHU	17	Trailblaze	added	R4, R5, R16	Gardenia's split; score 159
SPECIES_PIKACHU	30	Upper Hand	added	R5	Fantina's split; score 68
SPECIES_PIKACHU	28	Charm	added	R2	Fantina's split; score 49
SPECIES_PIKACHU	40	ExtremeSpeed	added	R2	Wake's split; score 48
SPECIES_RAICHU	54	ThunderPunch	added	R2	Candice's split; score 73
SPECIES_RAICHU	56	Discharge	added	R2	Candice's split; score 64
SPECIES_RAICHU	60	Surf	added	R5	HQ's split; score 105
SPECIES_RAICHU	58	Play Rough	added	R5	HQ's split; score 52
SPECIES_RAICHU	65	Volt Tackle	added	late move	Galactic's split; score 128
SPECIES_RAICHU	62	Volt Switch	added	R2	Galactic's split; score 49
SPECIES_RAICHU	68	ExtremeSpeed	added	R2	Volkner's split; score 48
SPECIES_RAICHU	66	Signal Beam	added	R5	Volkner's split; score 46
SPECIES_RAICHU	71	Agility	added	R2	Barry's split; score 2
SPECIES_RAICHU	69	Nasty Plot	added	R2	Barry's split; score -5
SPECIES_PIKIPEK	15	Pluck	removed	R8	Trumbeak learns it at 16, in the same split
SPECIES_PIKIPEK	19	Roost	removed	R8	Trumbeak learns it at 21, in the same split
SPECIES_PIKIPEK	27	Drill Peck	removed	R8	Trumbeak learns it at 32, in the same split
SPECIES_TRUMBEAK	29	Screech	removed	R8	Toucannon learns it at 30, in the same split
SPECIES_TRUMBEAK	40	FeatherDance	removed	R8	Toucannon learns it at 44, in the same split
SPECIES_TRUMBEAK	45	Hyper Voice	removed	R8	Toucannon learns it at 50, in the same split
SPECIES_TOUCANNON	32	Drill Peck	added	R8	Trumbeak learns it at 32, after evolving at 28 in the same split: holding it is no choice
SPECIES_PIKIPEK	3	Growl	removed	R1	filler past the one a first split may carry
SPECIES_PIKIPEK	4	Pluck	added	check 1	Roark's split; score 205
SPECIES_PIKIPEK	11	Scary Face	added	R7	Roark's split; score 132
SPECIES_TRUMBEAK	26	Flame Charge	added	R5	Gardenia's split; score 79
SPECIES_TOUCANNON	37	Facade	added	R2	Maylene's split; score 45
SPECIES_TOUCANNON	35	Smack Down	added	R5	Maylene's split; score 40
SPECIES_TOUCANNON	42	Throat Chop	added	R5	Wake's split; score 57
SPECIES_TOUCANNON	47	Take Down	added	R2	Byron's split; score 52
SPECIES_TOUCANNON	54	Brick Break	added	R2	Candice's split; score 32
SPECIES_TOUCANNON	56	Temper Flare	added	R2	Candice's split; score 32
SPECIES_TOUCANNON	60	Rock Climb	added	R2	HQ's split; score 31
SPECIES_TOUCANNON	65	Brave Bird	added	late move	Galactic's split; score 108
SPECIES_TOUCANNON	68	Beak Blast	added	R2	Volkner's split; score 90
SPECIES_TRUMBEAK	4	Pluck	moved from 16	R8	to Pikipek's level, inside one split
SPECIES_EMPOLEON	37	Swords Dance	moved from 11	R25	was below 36, the lowest level it is had at
SPECIES_EMPOLEON	24	Swagger	removed	R25	below 36; onto Prinplup's list
SPECIES_PRINPLUP	24	Swagger	added	R25	from Empoleon's 24, below its 36
SPECIES_PIPLUP	18	BubbleBeam	removed	R8	Prinplup learns it at 19, in the same split
SPECIES_PIPLUP	29	Brine	removed	R8	Prinplup learns it at 33, in the same split
SPECIES_PRINPLUP	37	Whirlpool	removed	R8	Empoleon learns it at 39, in the same split
SPECIES_PRINPLUP	46	Drill Peck	removed	R8	Empoleon learns it at 52, in the same split
SPECIES_PIPLUP	4	Growl	removed	R1	filler past the one a first split may carry
SPECIES_PIPLUP	11	Water Sport	removed	R1	filler past the one a first split may carry
SPECIES_PRINPLUP	4	Growl	removed	R25	below 16, the lowest level it is had at
SPECIES_PRINPLUP	11	Water Sport	removed	R25	below 16, the lowest level it is had at
SPECIES_EMPOLEON	4	Growl	removed	R25	below 36, the lowest level it is had at
SPECIES_PIPLUP	11	BubbleBeam	added	check 1	Roark's split; score 202
SPECIES_PIPLUP	6	Scary Face	added	R7	Roark's split; score 132
SPECIES_PRINPLUP	21	Bulldoze	added	R5, R16	Gardenia's split; score 91
SPECIES_PRINPLUP	28	Rock Tomb	added	R5	Fantina's split; score 74
SPECIES_EMPOLEON	42	X-Scissor	added	R5	Wake's split; score 80
SPECIES_EMPOLEON	44	Charm	added	R2	Wake's split; score 49
SPECIES_EMPOLEON	55	Steel Wing	added	R2	Candice's split; score 48
SPECIES_EMPOLEON	54	Flip Turn	added	R2	Candice's split; score 42
SPECIES_EMPOLEON	57	Iron Head	added	R2	HQ's split; score 22
SPECIES_EMPOLEON	65	Wave Crash	added	late move	Galactic's split; score 136
SPECIES_EMPOLEON	62	Earthquake	added	R2	Galactic's split; score 50
SPECIES_EMPOLEON	68	Yawn	added	R2	Volkner's split; score 9
SPECIES_PLUSLE	25	Trailblaze	added	R4, R5, R16	Gardenia's split; score 164
SPECIES_PLUSLE	27	Fire Punch	added	R5	Fantina's split; score 89
SPECIES_PLUSLE	34	Wish	added	R7	Maylene's split; score 116
SPECIES_PLUSLE	56	Ice Punch	added	R5	Candice's split; score 89
SPECIES_PLUSLE	54	Discharge	added	R2	Candice's split; score 74
SPECIES_PLUSLE	60	Hyper Voice	added	R2	HQ's split; score 60
SPECIES_PLUSLE	58	Volt Switch	added	R2	HQ's split; score 57
SPECIES_PLUSLE	65	Alluring Voice	added	R5, late move	Galactic's split; score 89
SPECIES_POLIWAG	28	Mud Shot	removed	R8	Poliwhirl learns it at 32, in the same split
SPECIES_POLIWHIRL	37	Belly Drum	removed	R32	no strong attack it boosts on the line; a catch would know it at level 1
SPECIES_POLIWAG	12	Mud Shot	added	R4, R5	Roark's split; score 208
SPECIES_POLIWAG	6	Water Pulse	added	check 1	Roark's split; score 188
SPECIES_POLIWHIRL	25	Bulldoze	added	R4, R5, R16	Gardenia's split; score 231
SPECIES_POLIWHIRL	28	Swagger	added	R2	Fantina's split; score 59
SPECIES_POLIWHIRL	30	Low Sweep	added	R5	Fantina's split; score 55
SPECIES_POLIWHIRL	39	Liquidation	added	R30	Maylene's split; score 141
SPECIES_POLIWHIRL	35	Throat Chop	added	R5	Maylene's split; score 57
SPECIES_POLIWHIRL	41	Rock Tomb	added	R5	Wake's split; score 52
SPECIES_POLIWRATH	34	Liquidation	added	R30	Maylene's split; score 141
SPECIES_POLIWRATH	56	Throat Chop	added	R5	Candice's split; score 95
SPECIES_POLIWRATH	54	Rock Tomb	added	R5	Candice's split; score 91
SPECIES_POLIWRATH	60	Ice Punch	added	R5	HQ's split; score 89
SPECIES_POLIWRATH	58	Close Combat	added	R2	HQ's split; score 69
SPECIES_POLIWRATH	65	Drain Punch	added	late move	Galactic's split; score 94
SPECIES_POLIWRATH	62	Upper Hand	added	R2	Galactic's split; score 48
SPECIES_POLIWRATH	68	Earthquake	added	R2	Volkner's split; score 42
SPECIES_POLIWRATH	66	Belly Drum	added	R2	Volkner's split; score -5
SPECIES_POLITOED	57	Ice Beam	added	R5	HQ's split; score 86
SPECIES_POLITOED	60	Muddy Water	added	R2	HQ's split; score 61
SPECIES_POLITOED	65	Belly Drum	added	late move	Galactic's split; score 95
SPECIES_POLITOED	62	Psychic	added	R5	Galactic's split; score 52
SPECIES_POLITOED	68	Close Combat	added	R2	Volkner's split; score 43
SPECIES_POLITOED	66	Earthquake	added	R2	Volkner's split; score 40
SPECIES_POLITOED	71	Drain Punch	added	R2	Barry's split; score 34
SPECIES_POLITOED	69	Upper Hand	added	R2	Barry's split; score 32
SPECIES_POLIWAG	11	Water Gun	removed	R6	weaker than Water Pulse, already had
SPECIES_PONYTA	1	Growl	removed	R1	filler past the one a first split may carry
SPECIES_PONYTA	6	Tail Whip	removed	R1	filler past the one a first split may carry
SPECIES_RAPIDASH	6	Tail Whip	removed	R25	below 40, the lowest level it is had at
SPECIES_PONYTA	14	Flame Charge	added	R16	Roark's split; score 75
SPECIES_PONYTA	6	Mystical Fire	added	R1	Roark's split; score 46
SPECIES_PONYTA	17	Charm	added	R7	Gardenia's split; score 144
SPECIES_PONYTA	21	Bulldoze	added	R4, R5	Gardenia's split; score 63
SPECIES_PONYTA	35	Blaze Kick	added	R30	Maylene's split; score 159
SPECIES_RAPIDASH	51	Psychic	added	R5	Byron's split; score 108
SPECIES_RAPIDASH	45	Overheat	added	R2	Byron's split; score 60
SPECIES_RAPIDASH	54	Jump Kick	added	R5	Candice's split; score 128
SPECIES_RAPIDASH	60	Poison Jab	added	R5	HQ's split; score 59
SPECIES_RAPIDASH	58	Zen Headbutt	added	R2	HQ's split; score 36
SPECIES_RAPIDASH	65	Morning Sun	added	late move	Galactic's split; score 84
SPECIES_GALARIAN_RAPIDASH	17	Draining Kiss	added	R11	Gardenia's split; score 82
SPECIES_GALARIAN_RAPIDASH	40	Overheat	added	R30	Wake's split; score 145
SPECIES_GALARIAN_RAPIDASH	46	Drill Run	added	R5	Byron's split; score 125
SPECIES_GALARIAN_RAPIDASH	54	Jump Kick	added	R5	Candice's split; score 128
SPECIES_GALARIAN_RAPIDASH	60	Poison Jab	added	R5	HQ's split; score 59
SPECIES_GALARIAN_RAPIDASH	58	Play Rough	added	R2	HQ's split; score 59
SPECIES_GALARIAN_RAPIDASH	63	Flare Blitz	added	late move	Galactic's split; score 138
SPECIES_GALARIAN_RAPIDASH	65	High Horsepower	added	R2	Galactic's split; score 40
SPECIES_GALARIAN_RAPIDASH	68	Zen Headbutt	added	R2	Volkner's split; score 36
SPECIES_POOCHYENA	29	Assurance	removed	R8	Mightyena learns it at 32, in the same split
SPECIES_POOCHYENA	45	Take Down	removed	R8	Mightyena learns it at 52, in the same split
SPECIES_MIGHTYENA	25	Swagger	added	R8	Poochyena learns it at 25, after evolving at 18 in the same split: holding it is no choice
SPECIES_POOCHYENA	7	Scary Face	moved from 33	R7	brought into Roark's split; score 155
SPECIES_MIGHTYENA	19	Trailblaze	added	R4, R5, R16	Gardenia's split; score 206
SPECIES_MIGHTYENA	29	Throat Chop	added	R2	Fantina's split; score 70
SPECIES_MIGHTYENA	39	Strength	added	R2	Maylene's split; score 34
SPECIES_MIGHTYENA	44	Headbutt	added	R2	Wake's split; score 32
SPECIES_MIGHTYENA	54	Poison Fang	added	R5	Candice's split; score 135
SPECIES_MIGHTYENA	55	Fire Fang	added	R5	Candice's split; score 131
SPECIES_MIGHTYENA	59	Thunder Fang	added	R5	HQ's split; score 86
SPECIES_MIGHTYENA	65	Yawn	added	R2	Galactic's split; score 9
SPECIES_BRIONNE	50	Hyper Voice	removed	R8	Primarina learns it at 51, in the same split
SPECIES_BRIONNE	55	Flip Turn	removed	R8	Primarina learns it at 56, in the same split
SPECIES_BRIONNE	61	Moonblast	removed	R8	Primarina learns it at 64, in the same split
SPECIES_PRIMARINA	39	Draining Kiss	added	R8	Brionne learns it at 39, after evolving at 36 in the same split: holding it is no choice
SPECIES_POPPLIO	18	Icy Wind	removed	R8	Brionne learns it at 19, in the same split
SPECIES_POPPLIO	22	Encore	removed	R8	Brionne learns it at 24, in the same split
SPECIES_POPPLIO	36	Draining Kiss	removed	R8	Brionne learns it at 39, in the same split
SPECIES_POPPLIO	41	Perish Song	removed	R8	Brionne learns it at 44, in the same split
SPECIES_POPPLIO	2	BubbleBeam	added	check 1	Gardenia's split; score 210
SPECIES_BRIONNE	31	Water Pledge	added	R2	Fantina's split; score 51
SPECIES_PRIMARINA	43	Alluring Voice	added	R2	Wake's split; score 51
SPECIES_PRIMARINA	41	Shadow Ball	added	R5	Wake's split; score 49
SPECIES_PRIMARINA	54	Energy Ball	added	R5	Candice's split; score 52
SPECIES_PRIMARINA	60	Psychic	added	R5	HQ's split; score 52
SPECIES_PRIMARINA	58	Ice Beam	added	R2	HQ's split; score 39
SPECIES_PRIMARINA	62	Muddy Water	added	R2	Galactic's split; score 25
SPECIES_PSYDUCK	35	Psych Up	removed	R8	Golduck learns it at 37, in the same split
SPECIES_PSYDUCK	40	Zen Headbutt	removed	R8	Golduck learns it at 44, in the same split
SPECIES_PSYDUCK	5	Tail Whip	removed	R1	filler past the one a first split may carry
SPECIES_PSYDUCK	1	Water Sport	removed	R1	filler past the one a first split may carry
SPECIES_GOLDUCK	5	Tail Whip	removed	R25	below 33, the lowest level it is had at
SPECIES_PSYDUCK	12	Water Pulse	moved from 22	check 1	brought into Roark's split; score 207
SPECIES_PSYDUCK	4	Screech	moved from 31	R7	brought into Roark's split; score 165
SPECIES_PSYDUCK	6	Trailblaze	added	R4, R5, R16	Roark's split; score 155
SPECIES_PSYDUCK	22	Low Sweep	added	R5	Gardenia's split; score 71
SPECIES_GOLDUCK	34	Surf	added	R30	Maylene's split; score 142
SPECIES_GOLDUCK	40	Aurora Beam	added	R5	Wake's split; score 73
SPECIES_GOLDUCK	47	Power Gem	added	R5	Byron's split; score 47
SPECIES_GOLDUCK	54	Ice Beam	added	R2	Candice's split; score 46
SPECIES_GOLDUCK	60	Psychic	added	R2	HQ's split; score 46
SPECIES_GOLDUCK	58	Flip Turn	added	R2	HQ's split; score 37
SPECIES_GOLDUCK	65	Confuse Ray	added	late move	Galactic's split; score 56
SPECIES_PURRLOIN	24	Assurance	removed	R8	Liepard learns it at 26, in the same split
SPECIES_LIEPARD	24	Hone Claws	added	R8	Purrloin learns it at 24, after evolving at 20 in the same split: holding it is no choice
SPECIES_PURRLOIN	1	Growl	removed	R1	filler past the one a first split may carry
SPECIES_LIEPARD	44	Nasty Plot	removed	R32	no strong attack it boosts on the line; a catch would know it at level 1
SPECIES_PURRLOIN	9	Snarl	added	check 1, R16	Roark's split; score 187
SPECIES_PURRLOIN	4	Taunt	added	R7	Roark's split; score 155
SPECIES_LIEPARD	20	Trailblaze	added	R4, R5	Gardenia's split; score 53
SPECIES_LIEPARD	30	Dark Pulse	added	R2	Fantina's split; score 48
SPECIES_LIEPARD	32	Nasty Plot	added	R2	Fantina's split; score 5
SPECIES_LIEPARD	36	Throat Chop	added	R30	Maylene's split; score 146
SPECIES_LIEPARD	50	Skitter Smack	added	R5	Byron's split; score 90
SPECIES_LIEPARD	56	BurningJealousy	added	R5	Candice's split; score 48
SPECIES_LIEPARD	60	Shadow Ball	added	R5	HQ's split; score 45
SPECIES_LIEPARD	58	Seed Bomb	added	R2	HQ's split; score 34
SPECIES_LIEPARD	65	U-turn	added	late move	Galactic's split; score 76
SPECIES_PURRLOIN	3	Growl	removed	R1	filler past the one a first split may carry
SPECIES_LIEPARD	3	Growl	removed	R25	below 20, the lowest level it is had at
SPECIES_QWILFISH	43	Throat Chop	added	R5, R16	Wake's split; score 95
SPECIES_QWILFISH	54	Flip Turn	added	R2	Candice's split; score 42
SPECIES_QWILFISH	55	Headbutt	added	R2	Candice's split; score 32
SPECIES_QWILFISH	60	Secret Power	added	R2	HQ's split; score 32
SPECIES_QWILFISH	65	Toxic	added	late move	Galactic's split; score 73
SPECIES_QWILFISH	68	Double-Edge	added	R2	Volkner's split; score 51
SPECIES_QWILFISH	66	Skitter Smack	added	R5	Volkner's split; score 33
SPECIES_GALLADE	17	Fury Cutter	removed	R25	below 20, the lowest level it is had at
SPECIES_GARDEVOIR	30	Wish	moved from 17	R25	was below 30, the lowest level it is had at
SPECIES_KIRLIA	31	Psychic	removed	R8	Gardevoir learns it at 33, in the same split
SPECIES_RALTS	21	Magical Leaf	removed	R8	Kirlia learns it at 22, in the same split
SPECIES_RALTS	23	Calm Mind	removed	R8	Kirlia learns it at 25, in the same split
SPECIES_RALTS	34	Future Sight	removed	R8	Kirlia learns it at 39, in the same split
SPECIES_RALTS	45	Dream Eater	removed	R8	Kirlia learns it at 53, in the same split
SPECIES_RALTS	20	Dazzling Gleam	added	R11, R16	Fantina's split; score 290
SPECIES_RALTS	19	Magical Leaf	added	R4, R5	Fantina's split; score 200
SPECIES_GARDEVOIR	36	Icy Wind	added	R5	Maylene's split; score 69
SPECIES_GARDEVOIR	38	Charge Beam	added	R5	Maylene's split; score 60
SPECIES_GARDEVOIR	42	Mystical Fire	added	R5	Wake's split; score 89
SPECIES_GARDEVOIR	56	Moonblast	added	R2	Candice's split; score 83
SPECIES_GARDEVOIR	54	Thunderbolt	added	R2	Candice's split; score 46
SPECIES_GARDEVOIR	58	Energy Ball	added	R2	HQ's split; score 39
SPECIES_GARDEVOIR	62	Charm	added	R2	Galactic's split; score 9
SPECIES_GARDEVOIR	68	Life Dew	added	R2	Volkner's split; score -5
SPECIES_GALLADE	61	Fire Punch	added	R5, late move	Galactic's split; score 184
SPECIES_GALLADE	65	ThunderPunch	added	R5	Galactic's split; score 134
SPECIES_GALLADE	68	Leaf Blade	added	R5	Volkner's split; score 130
SPECIES_GALLADE	66	Throat Chop	added	R5	Volkner's split; score 78
SPECIES_GALLADE	71	Zen Headbutt	added	R2	Barry's split; score 62
SPECIES_GALLADE	69	Low Sweep	added	R2	Barry's split; score 56
SPECIES_GALLADE	78	Drain Punch	added	R2	League's split; score 51
SPECIES_GALLADE	74	Upper Hand	added	R2	League's split; score 48
SPECIES_KIRLIA	19	Magical Leaf	moved from 22	R8	to Ralts's level, inside one split
SPECIES_RELICANTH	46	Bulldoze	added	R4, R5, R16	Byron's split; score 193
SPECIES_RELICANTH	54	Aqua Tail	added	R2	Candice's split; score 68
SPECIES_RELICANTH	55	Rock Slide	added	R2	Candice's split; score 54
SPECIES_RELICANTH	60	Earthquake	added	R2	HQ's split; score 50
SPECIES_RELICANTH	58	Zen Headbutt	added	R5	HQ's split; score 49
SPECIES_RELICANTH	62	Body Press	added	R5	Galactic's split; score 47
SPECIES_RELICANTH	67	Body Slam	added	R2	Volkner's split; score 46
SPECIES_REMORAID	27	Bullet Seed	removed	R8	Octillery learns it at 29, in the same split
SPECIES_REMORAID	8	Water Pulse	moved from 32	check 1	brought into Roark's split; score 207
SPECIES_REMORAID	12	Screech	added	R7	Roark's split; score 132
SPECIES_OCTILLERY	33	Round	added	R16 due	Fantina's split; score 76
SPECIES_OCTILLERY	27	Mud Shot	added	R5	Fantina's split; score 58
SPECIES_OCTILLERY	37	Scald	added	R2	Maylene's split; score 54
SPECIES_OCTILLERY	35	Charge Beam	added	R5	Maylene's split; score 38
SPECIES_OCTILLERY	40	Skitter Smack	added	R2	Wake's split; score 39
SPECIES_OCTILLERY	54	Psychic	added	R2	Candice's split; score 39
SPECIES_OCTILLERY	61	Swagger	added	late move	Galactic's split; score 84
SPECIES_RHYHORN	10	Bulldoze	added	R11, check 1, R16	Roark's split; score 442
SPECIES_RHYHORN	16	Smack Down	added	R11	Roark's split; score 255
SPECIES_RHYHORN	13	Peck	added	R4	Roark's split; score 140
SPECIES_RHYHORN	18	Bite	added	R5	Gardenia's split; score 118
SPECIES_RHYHORN	29	Rock Tomb	added	R2	Fantina's split; score 52
SPECIES_RHYHORN	39	Poison Jab	added	R5	Maylene's split; score 84
SPECIES_RHYHORN	36	Body Press	added	R5	Maylene's split; score 68
SPECIES_RHYDON	54	Crunch	added	R2	Candice's split; score 42
SPECIES_RHYPERIOR	65	Crunch	added	late move	Galactic's split; score 92
SPECIES_RHYPERIOR	68	Superpower	added	R2	Volkner's split; score 43
SPECIES_LUCARIO	19	Bone Rush	removed	R25	below 28, the lowest level it is had at
SPECIES_LUCARIO	24	Metal Sound	removed	R25	below 28, the lowest level it is had at
SPECIES_RIOLU	2	Crunch	added	R4, R5	Byron's split; score 212
SPECIES_LUCARIO	48	Meteor Mash	added	R11	Byron's split; score 271
SPECIES_LUCARIO	56	Bulldoze	added	R5, R16	Candice's split; score 89
SPECIES_LUCARIO	54	Extrasensory	added	R5	Candice's split; score 81
SPECIES_LUCARIO	60	Iron Head	added	R2	HQ's split; score 61
SPECIES_LUCARIO	58	Low Sweep	added	R2	HQ's split; score 54
SPECIES_LUCARIO	65	Ice Punch	added	R5, late move	Galactic's split; score 137
SPECIES_LUCARIO	62	Drain Punch	added	R2	Galactic's split; score 49
SPECIES_LUCARIO	68	Upper Hand	added	R2	Volkner's split; score 46
SPECIES_LUCARIO	66	Earthquake	added	R2	Volkner's split; score 41
SPECIES_LUCARIO	71	Psychic	added	R2	Barry's split; score 39
SPECIES_LUCARIO	69	Calm Mind	added	R2	Barry's split; score -5
SPECIES_LUCARIO	78	Life Dew	added	R2	League's split; score -5
SPECIES_CORVISQUIRE	48	Brave Bird	removed	R8	Corviknight learns it at 49, in the same split
SPECIES_ROOKIDEE	24	Drill Peck	removed	R8	Corvisquire learns it at 26, in the same split
SPECIES_ROOKIDEE	30	FeatherDance	removed	R8	Corvisquire learns it at 32, in the same split
SPECIES_ROOKIDEE	34	Revenge	removed	R8	Corvisquire learns it at 38, in the same split
SPECIES_ROOKIDEE	40	Defog	removed	R8	Corvisquire learns it at 42, in the same split
SPECIES_ROOKIDEE	4	Taunt	added	R7	Roark's split; score 165
SPECIES_CORVISQUIRE	29	Low Sweep	added	R5, R16 due	Fantina's split; score 31
SPECIES_CORVISQUIRE	35	U-turn	added	R5	Maylene's split; score 47
SPECIES_CORVIKNIGHT	52	Body Slam	added	R2	Byron's split; score 39
SPECIES_CORVIKNIGHT	54	Throat Chop	added	R5	Candice's split; score 28
SPECIES_CORVIKNIGHT	60	Swagger	added	R2	HQ's split; score 9
SPECIES_CORVIKNIGHT	57	Iron Defense	added	R2	HQ's split; score 2
SPECIES_CORVIKNIGHT	62	Double-Edge	added	R2	Galactic's split; score 43
SPECIES_CORVIKNIGHT	68	Scary Face	added	R2	Volkner's split; score -5
SPECIES_CORVIKNIGHT	66	Screech	added	R2	Volkner's split; score -5
SPECIES_ROTOM	32	Snarl	added	R4, R5, R16	Fantina's split; score 54
SPECIES_ROTOM	39	Shadow Ball	added	R2	Maylene's split; score 62
SPECIES_ROTOM	41	Signal Beam	added	R5	Wake's split; score 79
SPECIES_ROTOM	46	Thunderbolt	added	R2	Byron's split; score 59
SPECIES_ROTOM	54	Volt Switch	added	R2	Candice's split; score 49
SPECIES_ROTOM	56	Dark Pulse	added	R2	Candice's split; score 42
SPECIES_ROTOM	61	Hyper Voice	added	late move	Galactic's split; score 85
SPECIES_ROTOM	65	Earth Power	added	R5	Galactic's split; score 27
SPECIES_DECIDUEYE	36	Spirit Shackle	moved from 34	R25	was below 36, the lowest level it is had at
SPECIES_DARTRIX	36	Sucker Punch	removed	R8	Decidueye learns it at 38, in the same split
SPECIES_DARTRIX	47	Roost	removed	R8	Decidueye learns it at 51, in the same split
SPECIES_ROWLET	18	Pluck	removed	R8	Dartrix learns it at 19, in the same split
SPECIES_ROWLET	22	Ominous Wind	removed	R8	Dartrix learns it at 24, in the same split
SPECIES_ROWLET	30	Seed Bomb	removed	R8	Dartrix learns it at 32, in the same split
SPECIES_ROWLET	4	Growl	removed	R1	filler past the one a first split may carry
SPECIES_DARTRIX	4	Growl	removed	R25	below 16, the lowest level it is had at
SPECIES_DECIDUEYE	4	Growl	removed	R25	below 36, the lowest level it is had at
SPECIES_ROWLET	13	Ominous Wind	added	R4, R5	Gardenia's split; score 163
SPECIES_ROWLET	14	Spite	added	R7	Gardenia's split; score 155
SPECIES_DECIDUEYE	44	Low Sweep	added	R5	Wake's split; score 55
SPECIES_DECIDUEYE	41	U-turn	added	R5	Wake's split; score 55
SPECIES_DECIDUEYE	54	Giga Drain	added	R2	Candice's split; score 48
SPECIES_DECIDUEYE	58	Skitter Smack	added	R2	HQ's split; score 39
SPECIES_DECIDUEYE	57	Take Down	added	R2	HQ's split; score 34
SPECIES_DECIDUEYE	68	Brave Bird	added	R2	Volkner's split; score 51
SPECIES_DECIDUEYE	66	Nasty Plot	added	R2	Volkner's split; score -5
SPECIES_SALANDIT	34	Flamethrower	removed	R8	Salazzle learns it at 36, in the same split
SPECIES_SALANDIT	40	Sludge Bomb	removed	R8	Salazzle learns it at 42, in the same split
SPECIES_SALANDIT	48	Dragon Pulse	removed	R8	Salazzle learns it at 50, in the same split
SPECIES_SALANDIT	27	Mud Shot	added	R4, R5	Fantina's split; score 45
SPECIES_SALAZZLE	39	BurningJealousy	added	R2	Maylene's split; score 54
SPECIES_SALAZZLE	44	Encore	added	R2	Wake's split; score 63
SPECIES_SALAZZLE	47	Swagger	added	R2	Byron's split; score 49
SPECIES_SALAZZLE	54	Nasty Plot	added	R2	Candice's split; score -5
SPECIES_SALAZZLE	61	Overheat	added	late move	Galactic's split; score 114
SPECIES_SALAZZLE	65	Hyper Voice	added	R2	Galactic's split; score 42
SPECIES_SALAZZLE	68	Leaf Storm	added	R5	Volkner's split; score 30
SPECIES_SANDYGAST	43	Shadow Ball	removed	R8	Palossand learns it at 44, in the same split
SPECIES_SANDYGAST	47	Earth Power	removed	R8	Palossand learns it at 50, in the same split
SPECIES_PALOSSAND	47	Sludge Bomb	added	R5	Byron's split; score 54
SPECIES_PALOSSAND	54	Psychic	added	R5	Candice's split; score 52
SPECIES_PALOSSAND	55	Flash Cannon	added	R5	Candice's split; score 48
SPECIES_PALOSSAND	60	Energy Ball	added	R2	HQ's split; score 39
SPECIES_PALOSSAND	65	Confuse Ray	added	late move	Galactic's split; score 56
SPECIES_CINDERACE	38	Jump Kick	added	R8	Raboot learns it at 38, after evolving at 36 in the same split: holding it is no choice
SPECIES_SCORBUNNY	20	Headbutt	removed	R8	Raboot learns it at 21, in the same split
SPECIES_SCORBUNNY	29	Super Fang	removed	R8	Raboot learns it at 32, in the same split
SPECIES_SCORBUNNY	34	Jump Kick	removed	R8	Raboot learns it at 38, in the same split
SPECIES_SCORBUNNY	45	Flare Blitz	removed	R8	Raboot learns it at 52, in the same split
SPECIES_SCORBUNNY	8	Flame Charge	added	check 1, R16	Roark's split; score 225
SPECIES_SCORBUNNY	16	Taunt	added	R7	Roark's split; score 132
SPECIES_RABOOT	17	Acrobatics	added	R4, R5	Gardenia's split; score 208
SPECIES_CINDERACE	42	Fire Fang	added	R2	Wake's split; score 59
SPECIES_CINDERACE	41	U-turn	added	R5	Wake's split; score 55
SPECIES_CINDERACE	50	Iron Head	added	R5	Byron's split; score 50
SPECIES_CINDERACE	47	Low Sweep	added	R2	Byron's split; score 42
SPECIES_CINDERACE	54	Agility	added	R2	Candice's split; score 42
SPECIES_KLEAVOR	19	Bug Bite	moved from 5	R25	was below 18, the lowest level it is had at
SPECIES_KLEAVOR	20	Rock Smash	moved from 14	R25	was below 18, the lowest level it is had at
SPECIES_SCYTHER	35	Skitter Smack	added	R11, R16	Maylene's split; score 283
SPECIES_SCYTHER	43	Brick Break	added	R5	Wake's split; score 122
SPECIES_SCIZOR	34	Skitter Smack	added	R11, R16	Maylene's split; score 283
SPECIES_SCIZOR	55	Brick Break	added	R5	Candice's split; score 78
SPECIES_SCIZOR	54	Leech Life	added	R2	Candice's split; score 64
SPECIES_SCIZOR	60	Rock Tomb	added	R5	HQ's split; score 62
SPECIES_SCIZOR	65	Lunge	added	late move	Galactic's split; score 104
SPECIES_SCIZOR	62	U-turn	added	R2	Galactic's split; score 49
SPECIES_SCIZOR	68	Close Combat	added	R2	Volkner's split; score 54
SPECIES_SCIZOR	66	Double-Edge	added	R2	Volkner's split; score 51
SPECIES_KLEAVOR	34	Rock Tomb	added	R11	Maylene's split; score 266
SPECIES_KLEAVOR	54	Iron Head	added	R5	Candice's split; score 102
SPECIES_KLEAVOR	60	Lunge	added	R2	HQ's split; score 66
SPECIES_KLEAVOR	57	U-turn	added	R2	HQ's split; score 49
SPECIES_KLEAVOR	65	Iron Defense	added	late move	Galactic's split; score 92
SPECIES_KLEAVOR	62	Night Slash	added	R2	Galactic's split; score 35
SPECIES_SEEDOT	7	Growth	removed	R1	filler past the one a first split may carry
SPECIES_NUZLEAF	7	Growth	removed	R25	below 14, the lowest level it is had at
SPECIES_SEEDOT	14	Giga Drain	added	R11, check 1	Roark's split; score 406
SPECIES_SEEDOT	8	Scary Face	added	R7	Roark's split; score 132
SPECIES_SEEDOT	11	Trailblaze	added	R16	Roark's split; score 64
SPECIES_SEEDOT	5	Fake Out	added	R1	Roark's split; score 44
SPECIES_NUZLEAF	14	Payback	added	R11	Roark's split; score 255
SPECIES_NUZLEAF	16	Chilling Water	added	R4, R5	Roark's split; score 139
SPECIES_NUZLEAF	22	Rock Tomb	added	R5	Gardenia's split; score 74
SPECIES_NUZLEAF	30	Sucker Punch	added	R2	Fantina's split; score 70
SPECIES_SHIFTRY	34	Leaf Blade	added	R30	Maylene's split; score 168
SPECIES_SHIFTRY	43	Extrasensory	added	R5	Wake's split; score 132
SPECIES_SHIFTRY	40	Leech Life	added	R5	Wake's split; score 84
SPECIES_SHIFTRY	53	Rock Slide	added	R5	Byron's split; score 77
SPECIES_SHIFTRY	56	Sucker Punch	added	R2	Candice's split; score 70
SPECIES_SHIFTRY	54	Throat Chop	added	R2	Candice's split; score 61
SPECIES_SHIFTRY	60	Low Sweep	added	R5	HQ's split; score 55
SPECIES_SHIFTRY	58	Swagger	added	R2	HQ's split; score 49
SPECIES_SHIFTRY	65	Synthesis	added	late move	Galactic's split; score 99
SPECIES_SHIFTRY	62	Rock Tomb	added	R2	Galactic's split; score 40
SPECIES_SHIFTRY	68	Upper Hand	added	R2	Volkner's split; score 34
SPECIES_SHIFTRY	66	Nasty Plot	added	R2	Volkner's split; score -5
SPECIES_DEWGONG	34	Signal Beam	moved from 7	R25	was below 34, the lowest level it is had at
SPECIES_DEWGONG	40	Drill Run	added	R5, R16 due	Wake's split; score 140
SPECIES_DEWGONG	56	Bite	added	R5	Candice's split; score 73
SPECIES_DEWGONG	54	Muddy Water	added	R2	Candice's split; score 61
SPECIES_DEWGONG	60	Play Rough	added	R5	HQ's split; score 52
SPECIES_DEWGONG	58	Flip Turn	added	R2	HQ's split; score 42
SPECIES_DEWGONG	65	Knock Off	added	late move	Galactic's split; score 72
SPECIES_DEWGONG	62	Ice Punch	added	R2	Galactic's split; score 25
SPECIES_DEWGONG	68	Charm	added	R2	Volkner's split; score 9
SPECIES_SENTRET	19	Follow Me	removed	R8	Furret learns it at 21, in the same split
SPECIES_SENTRET	28	Rest	removed	R8	Furret learns it at 32, in the same split
SPECIES_FURRET	16	Helping Hand	added	R8	Sentret learns it at 16, after evolving at 15 in the same split: holding it is no choice
SPECIES_SENTRET	39	Baton Pass	removed	R21	no boost on the line to pass; a catch would know it at level 1
SPECIES_FURRET	1	Baton Pass	moved from 46 to level 1	R21	no boost on the line to pass
SPECIES_SENTRET	10	Covet	added	check 1	Roark's split; score 166
SPECIES_SENTRET	5	Baby-Doll Eyes	added	R7, R16	Roark's split; score 149
SPECIES_SENTRET	6	Pursuit	added	R4	Roark's split; score 119
SPECIES_FURRET	24	Trailblaze	added	R5	Gardenia's split; score 87
SPECIES_FURRET	39	Body Slam	added	R2	Maylene's split; score 68
SPECIES_FURRET	44	Zen Headbutt	added	R5	Wake's split; score 49
SPECIES_FURRET	50	Play Rough	added	R5	Byron's split; score 52
SPECIES_FURRET	47	Seed Bomb	added	R2	Byron's split; score 34
SPECIES_FURRET	54	Agility	added	R2	Candice's split; score 2
SPECIES_FURRET	60	Thunder Wave	added	R2	HQ's split; score 2
SPECIES_FURRET	65	Charm	added	late move	Galactic's split; score 50
SPECIES_LEAVANNY	30	Fell Stinger	moved from 29	R25	was below 30, the lowest level it is had at
SPECIES_SWADLOON	22	Struggle Bug	added	R8	Sewaddle learns it at 22, after evolving at 20 in the same split: holding it is no choice
SPECIES_SEWADDLE	1	String Shot	removed	R1	filler past the one a first split may carry
SPECIES_SEWADDLE	4	Sticky Web	moved from 31	R7, R16	brought into Roark's split; score 175
SPECIES_SEWADDLE	16	Pounce	added	R1	Roark's split; score 45
SPECIES_SWADLOON	26	Bite	added	R4, R5	Gardenia's split; score 53
SPECIES_LEAVANNY	41	Poison Jab	added	R5	Wake's split; score 88
SPECIES_LEAVANNY	54	Shadow Claw	added	R5	Candice's split; score 81
SPECIES_LEAVANNY	56	Lunge	added	R2	Candice's split; score 61
SPECIES_LEAVANNY	60	Skitter Smack	added	R2	HQ's split; score 54
SPECIES_LEAVANNY	58	Throat Chop	added	R2	HQ's split; score 44
SPECIES_LEAVANNY	65	Slash	added	late move	Galactic's split; score 85
SPECIES_LEAVANNY	62	Take Down	added	R2	Galactic's split; score 34
SPECIES_SHELLDER	20	Leer	removed	R1	filler past the one a first split may carry
SPECIES_SHELLDER	8	Supersonic	removed	R1	filler past the one a first split may carry
SPECIES_SHELLDER	53	Poison Fang	added	R5	Byron's split; score 90
SPECIES_SHELLDER	46	Toxic	added	R1	Byron's split; score 63
SPECIES_SHELLDER	51	Liquidation	added	R1	Byron's split; score 56
SPECIES_SHELLDER	45	Drill Run	added	R5	Byron's split; score 47
SPECIES_SHELLDER	47	Icicle Crash	added	R1	Byron's split; score 46
SPECIES_SHELLDER	56	Smart Strike	added	R5	Candice's split; score 42
SPECIES_SHELLDER	54	Take Down	added	R2	Candice's split; score 40
SPECIES_CLOYSTER	45	Icicle Crash	added	R11, check 1, R16	Byron's split; score 448
SPECIES_CLOYSTER	53	Razor Shell	added	R11	Byron's split; score 262
SPECIES_CLOYSTER	49	Poison Fang	added	R4, R5	Byron's split; score 210
SPECIES_CLOYSTER	56	Shell Smash	added	R7	Candice's split; score 183
SPECIES_CLOYSTER	61	Toxic	added	late move	Galactic's split; score 113
SPECIES_CLOYSTER	65	Liquidation	added	R2	Galactic's split; score 56
SPECIES_CLOYSTER	68	Drill Run	added	R5	Volkner's split; score 85
SPECIES_CLOYSTER	66	Smart Strike	added	R5	Volkner's split; score 42
SPECIES_CLOYSTER	71	Signal Beam	added	R5	Barry's split; score 42
SPECIES_CLOYSTER	69	Take Down	added	R2	Barry's split; score 40
SPECIES_CLOYSTER	78	Body Slam	added	R2	League's split; score 39
SPECIES_CLOYSTER	74	Poison Jab	added	R2	League's split; score 37
SPECIES_SHELLDER	4	Withdraw	removed	R1	filler past the one a first split may carry
SPECIES_SHELLOS	22	Swagger	added	R7	Gardenia's split; score 144
SPECIES_GASTRODON	33	AncientPower	added	R4, R5	Fantina's split; score 236
SPECIES_GASTRODON	37	Clear Smog	added	R5, R16 due	Maylene's split; score 113
SPECIES_GASTRODON	35	Earth Power	added	R2	Maylene's split; score 79
SPECIES_GASTRODON	44	Bulldoze	added	R2	Wake's split; score 49
SPECIES_GASTRODON	49	Ice Beam	added	R5	Byron's split; score 52
SPECIES_GASTRODON	46	Sludge Bomb	added	R2	Byron's split; score 49
SPECIES_GASTRODON	56	Skitter Smack	added	R5	Candice's split; score 49
SPECIES_GASTRODON	60	Rock Tomb	added	R2	HQ's split; score 37
SPECIES_GASTRODON	65	Block	added	late move	Galactic's split; score 90
SPECIES_BASTIODON	33	Endure	added	R8	Shieldon learns it at 33, after evolving at 30 in the same split: holding it is no choice
SPECIES_SHIELDON	30	Bulldoze	added	R4, R5, R16	Fantina's split; score 201
SPECIES_SHIELDON	27	Smart Strike	added	R11	Fantina's split; score 92
SPECIES_BASTIODON	39	Zen Headbutt	added	R5	Maylene's split; score 92
SPECIES_BASTIODON	34	Rock Slide	added	R2	Maylene's split; score 64
SPECIES_BASTIODON	41	Rock Tomb	added	R2	Wake's split; score 52
SPECIES_BASTIODON	47	Body Press	added	R5	Byron's split; score 47
SPECIES_BASTIODON	56	Body Slam	added	R2	Candice's split; score 46
SPECIES_BASTIODON	60	Foul Play	added	R5	HQ's split; score 53
SPECIES_BASTIODON	58	Earthquake	added	R2	HQ's split; score 50
SPECIES_BASTIODON	65	Curse	added	late move	Galactic's split; score 38
SPECIES_LUXRAY	23	Roar	removed	R25	below 30, the lowest level it is had at
SPECIES_LUXRAY	33	Thunder Fang	added	R8	Luxio learns it at 33, after evolving at 30 in the same split: holding it is no choice
SPECIES_SHINX	17	Bite	removed	R8	Luxio learns it at 18, in the same split
SPECIES_SHINX	29	Thunder Fang	removed	R8	Luxio learns it at 33, in the same split
SPECIES_SHINX	5	Leer	removed	R1	filler past the one a first split may carry
SPECIES_LUXIO	5	Leer	removed	R25	below 15, the lowest level it is had at
SPECIES_LUXRAY	5	Leer	removed	R25	below 30, the lowest level it is had at
SPECIES_SHINX	3	Scary Face	moved from 37	R7	brought into Roark's split; score 155
SPECIES_SHINX	6	Pursuit	added	R4	Roark's split; score 140
SPECIES_LUXIO	24	Volt Switch	added	R16	Gardenia's split; score 72
SPECIES_LUXRAY	38	Metal Claw	added	R5	Maylene's split; score 109
SPECIES_LUXRAY	34	Throat Chop	added	R2	Maylene's split; score 61
SPECIES_LUXRAY	40	Trailblaze	added	R5	Wake's split; score 79
SPECIES_LUXRAY	45	Mean Look	added	R2	Byron's split; score 56
SPECIES_LUXRAY	52	Headbutt	added	R2	Byron's split; score 38
SPECIES_LUXRAY	54	Fire Fang	added	R5	Candice's split; score 131
SPECIES_LUXRAY	58	Ice Fang	added	R5	HQ's split; score 86
SPECIES_LUXRAY	62	Thunder Wave	added	R2	Galactic's split; score 2
SPECIES_BRELOOM	24	PoisonPowder	added	R8	Shroomish learns it at 25, after evolving at 23 in the same split: holding it is no choice
SPECIES_SHROOMISH	25	PoisonPowder	removed	R8	Breloom learns it at 24, in the same split
SPECIES_SHROOMISH	7	Magical Leaf	added	R11, check 1	Roark's split; score 344
SPECIES_SHROOMISH	11	Mach Punch	added	R4	Roark's split; score 148
SPECIES_BRELOOM	26	Bulldoze	added	R4, R5, R16	Gardenia's split; score 210
SPECIES_BRELOOM	35	Low Sweep	added	R2	Maylene's split; score 56
SPECIES_BRELOOM	44	Poison Jab	added	R5	Wake's split; score 109
SPECIES_BRELOOM	53	Rock Tomb	added	R5	Byron's split; score 52
SPECIES_BRELOOM	48	Drain Punch	added	R2	Byron's split; score 51
SPECIES_BRELOOM	56	Zen Headbutt	added	R5	Candice's split; score 49
SPECIES_BRELOOM	54	Hammer Arm	added	R2	Candice's split; score 25
SPECIES_BRELOOM	60	Petal Blizzard	added	R2	HQ's split; score 24
SPECIES_BRELOOM	58	Toxic	added	R2	HQ's split; score 23
SPECIES_BRELOOM	65	Close Combat	added	late move	Galactic's split; score 111
SPECIES_BRELOOM	62	Spore	added	R2	Galactic's split; score 16
SPECIES_SINISTCHA	15	Life Dew	moved from 12	R25	was below 15, the lowest level it is had at
SPECIES_SINISTEA	29	Hex	added	check 1, R16	Fantina's split; score 229
SPECIES_SINISTEA	33	Strength Sap	added	R7	Fantina's split; score 169
SPECIES_SINISTEA	39	Scald	added	R5	Maylene's split; score 50
SPECIES_POLTEAGEIST	29	Hex	added	check 1, R16	Fantina's split; score 229
SPECIES_POLTEAGEIST	33	Strength Sap	added	R7	Fantina's split; score 169
SPECIES_POLTEAGEIST	53	Scald	added	R5	Byron's split; score 50
SPECIES_POLTEAGEIST	56	Psychic	added	R5	Candice's split; score 52
SPECIES_POLTEAGEIST	54	Dark Pulse	added	R5	Candice's split; score 49
SPECIES_POLTEAGEIST	58	Energy Ball	added	R2	HQ's split; score 39
SPECIES_POLTEAGEIST	63	Life Dew	added	R2	Galactic's split; score -5
SPECIES_POLTEAGEIST	61	Stun Spore	added	R2	Galactic's split; score -5
SPECIES_POLTEAGEIST	68	Leaf Storm	added	R2	Volkner's split; score 61
SPECIES_SINISTCHA	27	Snarl	added	R4, R5	Fantina's split; score 43
SPECIES_SINISTCHA	53	Giga Drain	added	R2	Byron's split; score 60
SPECIES_SINISTCHA	56	Psychic	added	R5	Candice's split; score 90
SPECIES_SINISTCHA	54	Energy Ball	added	R2	Candice's split; score 59
SPECIES_SINISTCHA	58	Scald	added	R5	HQ's split; score 50
SPECIES_SINISTCHA	65	Shell Smash	added	late move	Galactic's split; score 83
SPECIES_SINISTCHA	62	Dark Pulse	added	R2	Galactic's split; score 36
SPECIES_SINISTCHA	68	Nasty Plot	added	R2	Volkner's split; score -5
SPECIES_SINISTCHA	66	Stun Spore	added	R2	Volkner's split; score -5
SPECIES_SKARMORY	48	Iron Defense	added	R7	Byron's split; score 172
SPECIES_SKARMORY	54	Body Press	added	R5, R16	Candice's split; score 64
SPECIES_SKARMORY	56	Drill Peck	added	R2	Candice's split; score 60
SPECIES_SKARMORY	60	Brave Bird	added	R2	HQ's split; score 86
SPECIES_SKARMORY	58	Iron Head	added	R2	HQ's split; score 54
SPECIES_SKARMORY	65	Double-Edge	added	late move	Galactic's split; score 101
SPECIES_SKARMORY	62	Rock Tomb	added	R5	Galactic's split; score 52
SPECIES_SKARMORY	68	Drill Run	added	R5	Volkner's split; score 47
SPECIES_SKITTY	1	Growl	removed	R1	filler past the one a first split may carry
SPECIES_SKITTY	1	Tail Whip	removed	R1	filler past the one a first split may carry
SPECIES_SKITTY	6	Baby-Doll Eyes	added	R7, R16	Roark's split; score 160
SPECIES_SKITTY	22	Payback	added	R4, R5	Gardenia's split; score 230
SPECIES_SKITTY	18	Facade	added	check 1	Gardenia's split; score 222
SPECIES_DELCATTY	25	Faint Attack	added	R4, R5	Gardenia's split; score 230
SPECIES_DELCATTY	31	Facade	added	check 1	Fantina's split; score 222
SPECIES_DELCATTY	28	Charm	added	R7	Fantina's split; score 139
SPECIES_DELCATTY	40	Wake-Up Slap	added	R5	Wake's split; score 120
SPECIES_DELCATTY	44	Shadow Ball	added	R5	Wake's split; score 49
SPECIES_DELCATTY	53	Zen Headbutt	added	R5	Byron's split; score 49
SPECIES_DELCATTY	48	Sucker Punch	added	R2	Byron's split; score 36
SPECIES_DELCATTY	56	Play Rough	added	R5	Candice's split; score 61
SPECIES_DELCATTY	61	Wish	added	late move	Galactic's split; score 56
SPECIES_SKORUPI	45	Crunch	removed	R8	Drapion learns it at 49, in the same split
SPECIES_SKORUPI	40	Crunch	added	R4, R5	Wake's split; score 197
SPECIES_DRAPION	45	Aqua Tail	added	R5	Byron's split; score 85
SPECIES_DRAPION	53	Throat Chop	added	R16	Byron's split; score 78
SPECIES_DRAPION	55	Brick Break	added	R5	Candice's split; score 66
SPECIES_DRAPION	54	Poison Jab	added	R2	Candice's split; score 64
SPECIES_DRAPION	60	Toxic	added	R2	HQ's split; score 63
SPECIES_DRAPION	65	Fire Fang	added	R5, late move	Galactic's split; score 111
SPECIES_DRAPION	62	Leech Life	added	R2	Galactic's split; score 44
SPECIES_DRAPION	68	Skitter Smack	added	R2	Volkner's split; score 39
SPECIES_SLOWBRO	39	Slack Off	added	R8	Slowpoke learns it at 39, after evolving at 37 in the same split: holding it is no choice
SPECIES_SLOWPOKE	36	Bulldoze	added	R4, R5, R16	Maylene's split; score 171
SPECIES_SLOWBRO	38	Aurora Beam	added	R4, R5	Maylene's split; score 193
SPECIES_SLOWBRO	44	Surf	added	R2	Wake's split; score 68
SPECIES_SLOWBRO	40	Muddy Water	added	R2	Wake's split; score 61
SPECIES_SLOWBRO	50	Power Gem	added	R5	Byron's split; score 55
SPECIES_SLOWBRO	56	Scald	added	R2	Candice's split; score 54
SPECIES_SLOWBRO	60	Signal Beam	added	R5	HQ's split; score 54
SPECIES_SLOWBRO	58	Flamethrower	added	R5	HQ's split; score 52
SPECIES_SLOWBRO	63	Ice Beam	added	R2	Galactic's split; score 39
SPECIES_SLOWBRO	65	Swagger	added	R2	Galactic's split; score 9
SPECIES_SLOWBRO	66	Yawn	added	R2	Volkner's split; score 9
SPECIES_SLOWBRO	71	Nasty Plot	added	R2	Barry's split; score -5
SPECIES_SLOWKING	41	Power Gem	added	R4, R5	Wake's split; score 245
SPECIES_SLOWKING	60	Signal Beam	added	R5	HQ's split; score 99
SPECIES_SLOWKING	65	Surf	added	late move	Galactic's split; score 118
SPECIES_SLOWKING	62	Muddy Water	added	R2	Galactic's split; score 61
SPECIES_SLOWKING	68	Flamethrower	added	R5	Volkner's split; score 90
SPECIES_SLOWKING	66	Scald	added	R2	Volkner's split; score 54
SPECIES_SLOWKING	71	Ice Beam	added	R5	Barry's split; score 52
SPECIES_SLOWKING	69	Yawn	added	R2	Barry's split; score 9
SPECIES_SLUGMA	46	Body Slam	removed	R8	Magcargo learns it at 52, in the same split
SPECIES_MAGCARGO	42	Scorching Sands	added	R5, R16	Wake's split; score 83
SPECIES_MAGCARGO	41	Shell Smash	added	R2	Wake's split; score 63
SPECIES_MAGCARGO	56	Energy Ball	added	R5	Candice's split; score 86
SPECIES_MAGCARGO	54	BurningJealousy	added	R2	Candice's split; score 54
SPECIES_MAGCARGO	58	Power Gem	added	R2	HQ's split; score 51
SPECIES_MAGCARGO	57	Yawn	added	R2	HQ's split; score 9
SPECIES_MAGCARGO	63	Overheat	added	R2	Galactic's split; score 72
SPECIES_MAGCARGO	68	Will-O-Wisp	added	R2	Volkner's split; score 2
SPECIES_DOLLIV	37	Leech Seed	removed	R8	Arboliva learns it at 39, in the same split
SPECIES_SMOLIV	27	Seed Bomb	removed	R8	Dolliv learns it at 29, in the same split
SPECIES_SMOLIV	7	Growth	removed	R1	filler past the one a first split may carry
SPECIES_DOLLIV	7	Growth	removed	R25	below 25, the lowest level it is had at
SPECIES_ARBOLIVA	7	Growth	removed	R25	below 35, the lowest level it is had at
SPECIES_SMOLIV	6	Terrain Pulse	moved from 38	R16	brought into Roark's split; score 58
SPECIES_DOLLIV	25	Charm	added	R7	Gardenia's split; score 144
SPECIES_DOLLIV	26	Mud Shot	added	R4, R5	Gardenia's split; score 56
SPECIES_DOLLIV	31	Giga Drain	added	R2	Fantina's split; score 51
SPECIES_ARBOLIVA	42	Alluring Voice	added	R5	Wake's split; score 85
SPECIES_ARBOLIVA	44	Swift	added	R2	Wake's split; score 38
SPECIES_ARBOLIVA	55	Pollen Puff	added	R5	Candice's split; score 89
SPECIES_ARBOLIVA	54	Hyper Voice	added	R2	Candice's split; score 64
SPECIES_ARBOLIVA	60	Earth Power	added	R2	HQ's split; score 39
SPECIES_ARBOLIVA	65	Leaf Storm	added	late move	Galactic's split; score 114
SPECIES_ARBOLIVA	46	Terrain Pulse	removed	R6	weaker than Swift, already had
SPECIES_JYNX	30	Lovely Kiss	moved from 8	R25	was below 30, the lowest level it is had at
SPECIES_JYNX	15	DoubleSlap	removed	R25	below 30, the lowest level it is had at
SPECIES_JYNX	31	Ice Punch	moved from 18	R25	was below 30, the lowest level it is had at
SPECIES_JYNX	32	Wake-Up Slap	moved from 28	R25	was below 30, the lowest level it is had at
SPECIES_SMOOCHUM	31	Avalanche	removed	R8	Jynx learns it at 33, in the same split
SPECIES_SMOOCHUM	23	Draining Kiss	added	R4, R5, R16	Maylene's split; score 165
SPECIES_JYNX	44	Psychic	added	R2	Wake's split; score 79
SPECIES_JYNX	41	Aurora Beam	added	R2	Wake's split; score 50
SPECIES_JYNX	52	Shadow Ball	added	R5	Byron's split; score 49
SPECIES_JYNX	54	Energy Ball	added	R5	Candice's split; score 52
SPECIES_JYNX	60	Signal Beam	added	R5	HQ's split; score 46
SPECIES_JYNX	57	Sweet Kiss	added	R2	HQ's split; score 9
SPECIES_JYNX	65	Wish	added	late move	Galactic's split; score 56
SPECIES_WEAVILE	24	Nasty Plot	removed	R25	below 37; onto Sneasel's list
SPECIES_SNEASEL	23	Nasty Plot	added	R25	from Weavile's 24, below its 37
SPECIES_WEAVILE	37	Night Slash	moved from 35	R25	was below 37, the lowest level it is had at
SPECIES_SNEASEL	38	Low Sweep	added	R4, R5, R16	Maylene's split; score 195
SPECIES_SNEASEL	40	Poison Jab	added	R5	Wake's split; score 84
SPECIES_SNEASEL	53	Ice Fang	added	R2	Byron's split; score 69
SPECIES_SNEASEL	56	Ice Punch	added	R2	Candice's split; score 73
SPECIES_SNEASEL	54	Night Slash	added	R2	Candice's split; score 62
SPECIES_SNEASEL	60	Throat Chop	added	R2	HQ's split; score 61
SPECIES_SNEASEL	58	Icicle Crash	added	R2	HQ's split; score 57
SPECIES_SNEASEL	65	X-Scissor	added	R5	Galactic's split; score 55
SPECIES_SNEASEL	62	Upper Hand	added	R2	Galactic's split; score 34
SPECIES_WEAVILE	61	X-Scissor	added	R5, late move	Galactic's split; score 105
SPECIES_WEAVILE	69	Throat Chop	added	R2	Barry's split; score 61
SPECIES_WEAVILE	71	Icicle Crash	added	R2	Barry's split; score 57
SPECIES_WEAVILE	78	Upper Hand	added	R2	League's split; score 34
SPECIES_SNEASEL	65	X-Scissor	removed	R8	Weavile learns it at 61, in the same split
SPECIES_SERVINE	50	Synthesis	removed	R8	Serperior learns it at 51, in the same split
SPECIES_SERVINE	54	Leaf Storm	removed	R8	Serperior learns it at 55, in the same split
SPECIES_SNIVY	18	Magical Leaf	removed	R8	Servine learns it at 19, in the same split
SPECIES_SNIVY	22	Mega Drain	removed	R8	Servine learns it at 24, in the same split
SPECIES_SNIVY	28	Grass Knot	removed	R8	Servine learns it at 30, in the same split
SPECIES_SNIVY	40	Leaf Blade	removed	R8	Servine learns it at 43, in the same split
SPECIES_SNIVY	5	Leer	removed	R1	filler past the one a first split may carry
SPECIES_SERVINE	5	Leer	removed	R25	below 16, the lowest level it is had at
SPECIES_SERPERIOR	5	Leer	removed	R25	below 36, the lowest level it is had at
SPECIES_SNIVY	16	Magical Leaf	added	check 1	Roark's split; score 205
SPECIES_SNIVY	7	Calm Mind	added	R7	Roark's split; score 132
SPECIES_SNIVY	10	Twister	added	R4	Roark's split; score 120
SPECIES_SERVINE	17	Aerial Ace	added	R5	Gardenia's split; score 76
SPECIES_SERVINE	33	Synthesis	added	R7	Fantina's split; score 169
SPECIES_SERPERIOR	36	Grass Pledge	added	R30	Maylene's split; score 136
SPECIES_SERPERIOR	43	Knock Off	added	R5	Wake's split; score 81
SPECIES_SERPERIOR	54	Body Slam	added	R2	Candice's split; score 39
SPECIES_SERPERIOR	60	Dragon Pulse	added	R2	HQ's split; score 36
SPECIES_SERPERIOR	57	Breaking Swipe	added	R2	HQ's split; score 33
SPECIES_SERPERIOR	65	Slam	added	late move	Galactic's split; score 100
SPECIES_SERPERIOR	62	Leech Seed	added	R2	Galactic's split; score -5
SPECIES_FROSMOTH	30	Stun Spore	moved from 4	R25	was below 30, the lowest level it is had at
SPECIES_FROSMOTH	31	Infestation	moved from 8	R25	was below 30, the lowest level it is had at
SPECIES_FROSMOTH	12	Mist	removed	R25	below 30, the lowest level it is had at
SPECIES_FROSMOTH	33	Defog	moved from 16	R25	was below 30, the lowest level it is had at
SPECIES_FROSMOTH	21	FeatherDance	removed	R25	below 30, the lowest level it is had at
SPECIES_FROSMOTH	34	Aurora Beam	moved from 24	R25	was below 30, the lowest level it is had at
SPECIES_SNOM	27	Stun Spore	added	R7	Fantina's split; score 155
SPECIES_SNOM	30	Fairy Wind	added	R4	Fantina's split; score 119
SPECIES_FROSMOTH	56	Giga Drain	added	R5	Candice's split; score 86
SPECIES_FROSMOTH	54	Air Slash	added	R5	Candice's split; score 84
SPECIES_FROSMOTH	60	Dazzling Gleam	added	R2	HQ's split; score 34
SPECIES_FROSMOTH	65	Calm Mind	added	late move	Galactic's split; score 38
SPECIES_SNORUNT	22	Ominous Wind	added	R4, R5	Gardenia's split; score 201
SPECIES_SNORUNT	34	Draining Kiss	added	R5, R16 due	Maylene's split; score 104
SPECIES_GLALIE	42	Rock Slide	added	R11	Wake's split; score 244
SPECIES_GLALIE	44	Power Gem	added	R30	Wake's split; score 56
SPECIES_GLALIE	53	Earth Power	added	R5	Byron's split; score 86
SPECIES_GLALIE	48	Confuse Ray	added	R2	Byron's split; score 56
SPECIES_GLALIE	56	Shadow Ball	added	R2	Candice's split; score 52
SPECIES_GLALIE	54	Ice Punch	added	R2	Candice's split; score 50
SPECIES_GLALIE	60	Sweet Kiss	added	R2	HQ's split; score 49
SPECIES_GLALIE	58	Icicle Crash	added	R2	HQ's split; score 47
SPECIES_GLALIE	65	Will-O-Wisp	added	late move	Galactic's split; score 92
SPECIES_GLALIE	62	Dark Pulse	added	R2	Galactic's split; score 36
SPECIES_GLALIE	68	Bulldoze	added	R2	Volkner's split; score 34
SPECIES_GLALIE	66	Sucker Punch	added	R2	Volkner's split; score 30
SPECIES_FROSLASS	61	Aura Sphere	added	R5, late move	Galactic's split; score 175
SPECIES_FROSLASS	65	Dark Pulse	added	R5	Galactic's split; score 108
SPECIES_FROSLASS	68	Shadow Ball	added	R2	Volkner's split; score 72
SPECIES_FROSLASS	66	Earth Power	added	R5	Volkner's split; score 61
SPECIES_FROSLASS	71	Sweet Kiss	added	R2	Barry's split; score 49
SPECIES_FROSLASS	69	Will-O-Wisp	added	R2	Barry's split; score 42
SPECIES_ABOMASNOW	41	Ice Beam	added	R8	Snover learns it at 41, after evolving at 40 in the same split: holding it is no choice
SPECIES_SNOVER	1	Leer	removed	R1	filler past the one a first split may carry
SPECIES_SNOVER	19	Bulldoze	added	R4, R5, R16	Gardenia's split; score 193
SPECIES_SNOVER	31	Rock Tomb	added	R5	Fantina's split; score 74
SPECIES_SNOVER	28	Seed Bomb	added	R2	Fantina's split; score 60
SPECIES_SNOVER	34	Body Press	added	R5	Maylene's split; score 68
SPECIES_ABOMASNOW	53	Ice Punch	added	R2	Byron's split; score 73
SPECIES_ABOMASNOW	50	Giga Drain	added	R2	Byron's split; score 51
SPECIES_ABOMASNOW	56	Shadow Ball	added	R5	Candice's split; score 49
SPECIES_ABOMASNOW	54	Rock Climb	added	R2	Candice's split; score 41
SPECIES_ABOMASNOW	60	Leaf Storm	added	R2	HQ's split; score 84
SPECIES_ABOMASNOW	58	Earthquake	added	R2	HQ's split; score 50
SPECIES_ABOMASNOW	65	Hammer Arm	added	late move	Galactic's split; score 98
SPECIES_ABOMASNOW	62	Double-Edge	added	R2	Galactic's split; score 43
SPECIES_ABOMASNOW	68	Body Slam	added	R2	Volkner's split; score 39
SPECIES_SNUBBULL	23	Dazzling Gleam	added	R11, check 1, R16	Gardenia's split; score 340
SPECIES_GRANBULL	27	Bulldoze	added	R5	Fantina's split; score 74
SPECIES_GRANBULL	33	Rock Tomb	added	R5	Fantina's split; score 52
SPECIES_GRANBULL	42	Play Rough	added	R30	Wake's split; score 179
SPECIES_GRANBULL	47	Lash Out	added	R2	Byron's split; score 32
SPECIES_GRANBULL	65	Earthquake	added	late move	Galactic's split; score 100
SPECIES_SOLROCK	49	Zen Headbutt	added	R11	Byron's split; score 272
SPECIES_SOLROCK	47	Bulldoze	added	R4, R5, R16	Byron's split; score 193
SPECIES_SOLROCK	56	Rock Tomb	added	R2	Candice's split; score 52
SPECIES_SOLROCK	54	Iron Head	added	R5	Candice's split; score 50
SPECIES_SOLROCK	60	Body Slam	added	R2	HQ's split; score 39
SPECIES_SOLROCK	58	Morning Sun	added	R2	HQ's split; score 9
SPECIES_SOLROCK	65	Earthquake	added	late move	Galactic's split; score 100
SPECIES_SOLROCK	62	Will-O-Wisp	added	R2	Galactic's split; score 2
SPECIES_SOLROCK	68	Flare Blitz	added	R5	Volkner's split; score 93
SPECIES_SEALEO	47	Ice Beam	removed	R8	Walrein learns it at 52, in the same split
SPECIES_SPHEAL	37	Rest	removed	R8	Sealeo learns it at 39, in the same split
SPECIES_SPHEAL	32	Signal Beam	added	R4, R5	Wake's split; score 148
SPECIES_WALREIN	48	Body Press	added	R5, R16	Byron's split; score 85
SPECIES_WALREIN	56	Crunch	added	R5	Candice's split; score 82
SPECIES_WALREIN	54	Aqua Tail	added	R2	Candice's split; score 68
SPECIES_WALREIN	60	Earthquake	added	R5	HQ's split; score 55
SPECIES_WALREIN	58	Rock Tomb	added	R5	HQ's split; score 52
SPECIES_WALREIN	65	Close Combat	added	late move	Galactic's split; score 104
SPECIES_WALREIN	62	Yawn	added	R2	Galactic's split; score 49
SPECIES_WALREIN	68	Bulldoze	added	R2	Volkner's split; score 40
SPECIES_WALREIN	66	Ice Punch	added	R2	Volkner's split; score 25
SPECIES_WALREIN	71	Muddy Water	added	R2	Barry's split; score 25
SPECIES_SPIRITOMB	34	Silver Wind	added	R4, R5	Maylene's split; score 191
SPECIES_SPIRITOMB	44	Aura Sphere	added	R5	Wake's split; score 80
SPECIES_SPIRITOMB	40	Shadow Ball	added	R2	Wake's split; score 72
SPECIES_SPIRITOMB	53	BurningJealousy	added	R5, R16 due	Byron's split; score 102
SPECIES_SPIRITOMB	56	Earth Power	added	R5	Candice's split; score 86
SPECIES_SPIRITOMB	54	Foul Play	added	R2	Candice's split; score 61
SPECIES_SPIRITOMB	60	Confuse Ray	added	R2	HQ's split; score 56
SPECIES_SPIRITOMB	58	Rock Tomb	added	R5	HQ's split; score 52
SPECIES_SPIRITOMB	65	Poltergeist	added	late move	Galactic's split; score 106
SPECIES_SPIRITOMB	62	Curse	added	R2	Galactic's split; score 35
SPECIES_SPIRITOMB	68	Spite	added	R2	Volkner's split; score -5
SPECIES_MEOWSCARADA	37	Night Slash	moved from 33	R25	was below 36, the lowest level it is had at
SPECIES_SPRIGATITO	18	Seed Bomb	removed	R8	Floragato learns it at 20, in the same split
SPECIES_SPRIGATITO	21	Slash	removed	R8	Floragato learns it at 23, in the same split
SPECIES_SPRIGATITO	34	Energy Ball	removed	R8	Floragato learns it at 36, in the same split
SPECIES_SPRIGATITO	40	Play Rough	removed	R8	Floragato learns it at 42, in the same split
SPECIES_SPRIGATITO	46	Leaf Storm	removed	R8	Floragato learns it at 48, in the same split
SPECIES_FLORAGATO	34	Charm	added	R7	Maylene's split; score 144
SPECIES_MEOWSCARADA	39	Low Sweep	added	R4, R5	Maylene's split; score 157
SPECIES_MEOWSCARADA	44	Throat Chop	added	R2	Wake's split; score 61
SPECIES_MEOWSCARADA	40	Petal Blizzard	added	R2	Wake's split; score 57
SPECIES_MEOWSCARADA	54	Sucker Punch	added	R2	Candice's split; score 51
SPECIES_MEOWSCARADA	58	Shadow Claw	added	R5	HQ's split; score 42
SPECIES_SQUIRTLE	19	Rapid Spin	removed	R8	Wartortle learns it at 20, in the same split
SPECIES_SQUIRTLE	28	Aqua Tail	removed	R8	Wartortle learns it at 32, in the same split
SPECIES_WARTORTLE	36	Skull Bash	removed	R8	Blastoise learns it at 39, in the same split
SPECIES_SQUIRTLE	4	Tail Whip	removed	R1	filler past the one a first split may carry
SPECIES_SQUIRTLE	10	Withdraw	removed	R1	filler past the one a first split may carry
SPECIES_WARTORTLE	4	Tail Whip	removed	R25	below 16, the lowest level it is had at
SPECIES_WARTORTLE	10	Withdraw	removed	R25	below 16, the lowest level it is had at
SPECIES_BLASTOISE	4	Tail Whip	removed	R25	below 36, the lowest level it is had at
SPECIES_BLASTOISE	10	Withdraw	removed	R25	below 36, the lowest level it is had at
SPECIES_SQUIRTLE	15	Water Pulse	moved from 25	check 1	brought into Roark's split; score 207
SPECIES_SQUIRTLE	4	Life Dew	added	R7, R16	Roark's split; score 149
SPECIES_WARTORTLE	24	Icy Wind	added	R5	Gardenia's split; score 69
SPECIES_WARTORTLE	30	Rock Tomb	added	R5	Fantina's split; score 51
SPECIES_BLASTOISE	36	Water Pledge	added	R30	Maylene's split; score 136
SPECIES_BLASTOISE	42	Dark Pulse	added	R5	Wake's split; score 127
SPECIES_BLASTOISE	44	Flash Cannon	added	R5	Wake's split; score 81
SPECIES_BLASTOISE	53	Aura Sphere	added	R5	Byron's split; score 68
SPECIES_BLASTOISE	56	Shell Smash	added	R2	Candice's split; score 63
SPECIES_BLASTOISE	54	Surf	added	R2	Candice's split; score 57
SPECIES_BLASTOISE	58	Ice Beam	added	R2	HQ's split; score 46
SPECIES_BLASTOISE	65	Swagger	added	late move	Galactic's split; score 84
SPECIES_STARAPTOR	38	Agility	added	R8	Staravia learns it at 38, after evolving at 34 in the same split: holding it is no choice
SPECIES_STARLY	17	Endeavor	removed	R8	Staravia learns it at 18, in the same split
SPECIES_STARLY	29	Take Down	removed	R8	Staravia learns it at 33, in the same split
SPECIES_STARLY	1	Growl	removed	R1	filler past the one a first split may carry
SPECIES_STARLY	14	Pursuit	added	R4	Roark's split; score 140
SPECIES_STARLY	3	Tailwind	added	R7	Roark's split; score 132
SPECIES_STARAVIA	23	Headbutt	added	R2	Gardenia's split; score 56
SPECIES_STARAVIA	30	Low Sweep	added	R5, R16 due	Fantina's split; score 49
SPECIES_STARAPTOR	44	Steel Wing	added	R5	Wake's split; score 117
SPECIES_STARAPTOR	40	Secret Power	added	R2	Wake's split; score 56
SPECIES_STARAPTOR	53	U-turn	added	R5	Byron's split; score 47
SPECIES_STARAPTOR	56	Knock Off	added	R2	Candice's split; score 35
SPECIES_STARAPTOR	54	Bite	added	R2	Candice's split; score 33
SPECIES_STARAPTOR	60	Slam	added	R2	HQ's split; score 26
SPECIES_STARAPTOR	65	Roost	added	late move	Galactic's split; score 84
SPECIES_STARYU	35	Signal Beam	added	R4, R5	Maylene's split; score 199
SPECIES_STARYU	40	Scald	added	R16	Wake's split; score 71
SPECIES_STARMIE	34	Psybeam	added	R11, check 1	Maylene's split; score 410
SPECIES_STARMIE	39	Icy Wind	added	R4, R5	Maylene's split; score 150
SPECIES_STARMIE	45	Scald	added	R16 due	Byron's split; score 105
SPECIES_STARMIE	54	Power Gem	added	R5	Candice's split; score 80
SPECIES_STARMIE	56	Signal Beam	added	R5	Candice's split; score 79
SPECIES_STARMIE	60	Psychic	added	R2	HQ's split; score 69
SPECIES_STARMIE	58	Surf	added	R2	HQ's split; score 68
SPECIES_STARMIE	65	Thunderbolt	added	R5, late move	Galactic's split; score 95
SPECIES_STARMIE	62	Ice Beam	added	R2	Galactic's split; score 39
SPECIES_STARMIE	68	Flip Turn	added	R2	Volkner's split; score 35
SPECIES_STARMIE	66	Muddy Water	added	R2	Volkner's split; score 25
SPECIES_STUNKY	4	Poison Gas	removed	R1	filler past the one a first split may carry
SPECIES_SKUNTANK	4	Poison Gas	removed	R25	below 34, the lowest level it is had at
SPECIES_STUNKY	28	Venoshock	added	R11, R16	Fantina's split; score 287
SPECIES_STUNKY	30	Metal Claw	added	R4, R5	Fantina's split; score 194
SPECIES_SKUNTANK	40	Sludge Bomb	added	R2	Wake's split; score 70
SPECIES_SKUNTANK	44	Throat Chop	added	R2	Wake's split; score 61
SPECIES_SKUNTANK	53	Sucker Punch	added	R2	Byron's split; score 60
SPECIES_SKUNTANK	48	Poison Jab	added	R2	Byron's split; score 54
SPECIES_SKUNTANK	56	Play Rough	added	R5	Candice's split; score 52
SPECIES_SKUNTANK	54	Shadow Ball	added	R5	Candice's split; score 48
SPECIES_SKUNTANK	60	Body Slam	added	R2	HQ's split; score 39
SPECIES_SKUNTANK	58	BurningJealousy	added	R2	HQ's split; score 38
SPECIES_SKUNTANK	65	Double-Edge	added	late move	Galactic's split; score 86
SPECIES_SUICUNE	1	Leer	removed	R1	filler past the one a first split may carry
SPECIES_SUICUNE	54	Swagger	added	R7	Candice's split; score 144
SPECIES_SUICUNE	60	Scald	added	R16	HQ's split; score 71
SPECIES_SUICUNE	62	Ice Beam	added	R2	Galactic's split; score 46
SPECIES_SUICUNE	67	Air Slash	added	R2	Volkner's split; score 39
SPECIES_SUICUNE	66	Crunch	added	R2	Volkner's split; score 36
SPECIES_SUICUNE	69	Muddy Water	added	R2	Barry's split; score 25
SPECIES_MASQUERAIN	25	BubbleBeam	added	R8	Surskit learns it at 25, after evolving at 22 in the same split: holding it is no choice
SPECIES_SURSKIT	13	Silver Wind	added	R11, check 1	Roark's split; score 396
SPECIES_SURSKIT	3	Sticky Web	added	R7, R16	Roark's split; score 175
SPECIES_SURSKIT	10	Gust	added	R4	Roark's split; score 150
SPECIES_MASQUERAIN	29	Mud Bomb	added	R5	Fantina's split; score 120
SPECIES_MASQUERAIN	36	Surf	added	R30	Maylene's split; score 142
SPECIES_MASQUERAIN	38	Giga Drain	added	R5	Maylene's split; score 92
SPECIES_MASQUERAIN	43	Icy Wind	added	R5	Wake's split; score 69
SPECIES_MASQUERAIN	41	Signal Beam	added	R2	Wake's split; score 57
SPECIES_MASQUERAIN	53	Lunge	added	R2	Byron's split; score 51
SPECIES_MASQUERAIN	56	Ice Beam	added	R2	Candice's split; score 46
SPECIES_MASQUERAIN	54	Skitter Smack	added	R2	Candice's split; score 45
SPECIES_MASQUERAIN	58	Leech Life	added	R2	HQ's split; score 44
SPECIES_MASQUERAIN	57	U-turn	added	R2	HQ's split; score 40
SPECIES_MASQUERAIN	65	Energy Ball	added	R2	Galactic's split; score 39
SPECIES_MASQUERAIN	68	Muddy Water	added	R2	Volkner's split; score 25
SPECIES_MASQUERAIN	66	Quiver Dance	added	R2	Volkner's split; score 23
SPECIES_MASQUERAIN	71	Agility	added	R2	Barry's split; score 2
SPECIES_ALTARIA	36	Mirror Move	added	R8	Swablu learns it at 36, after evolving at 35 in the same split: holding it is no choice
SPECIES_SWABLU	1	Growl	removed	R1	filler past the one a first split may carry
SPECIES_ALTARIA	39	Dragon Dance	removed	R32	no strong attack it boosts on the line; a catch would know it at level 1
SPECIES_SWABLU	34	Play Rough	added	R11, check 1, R16	Maylene's split; score 382
SPECIES_SWABLU	35	Steel Wing	added	R4, R5	Maylene's split; score 192
SPECIES_SWABLU	20	Dragon Dance	added	R7	Maylene's split; score 153
SPECIES_ALTARIA	40	Bulldoze	added	R5	Wake's split; score 81
SPECIES_ALTARIA	43	Breaking Swipe	added	R2	Wake's split; score 54
SPECIES_ALTARIA	50	Moonblast	added	R2	Byron's split; score 84
SPECIES_ALTARIA	56	Dragon Rush	added	R2	Candice's split; score 81
SPECIES_ALTARIA	59	Draco Meteor	added	R2	HQ's split; score 84
SPECIES_ALTARIA	57	Flamethrower	added	R5	HQ's split; score 75
SPECIES_ALTARIA	65	Ice Beam	added	R5	Galactic's split; score 53
SPECIES_ALTARIA	67	Brave Bird	added	R2	Volkner's split; score 51
SPECIES_PILOSWINE	28	Ice Fang	removed	R25	below 33; onto Swinub's list
SPECIES_SWINUB	27	Ice Fang	added	R25	from Piloswine's 28, below its 33
SPECIES_MAMOSWINE	33	Double Hit	removed	R25	below 40, the lowest level it is had at
SPECIES_PILOSWINE	33	AncientPower	added	check 20	Mamoswine needs it known
SPECIES_SWINUB	18	Bite	added	R4, R5	Gardenia's split; score 193
SPECIES_PILOSWINE	36	Smack Down	added	R5, R16 due	Maylene's split; score 113
SPECIES_PILOSWINE	38	Bulldoze	added	R2	Maylene's split; score 52
SPECIES_MAMOSWINE	52	Brick Break	added	R5	Byron's split; score 78
SPECIES_MAMOSWINE	54	Icicle Crash	added	R2	Candice's split; score 57
SPECIES_MAMOSWINE	60	Iron Head	added	R5	HQ's split; score 50
SPECIES_MAMOSWINE	58	Throat Chop	added	R2	HQ's split; score 44
SPECIES_MAMOSWINE	62	Rock Tomb	added	R2	Galactic's split; score 40
SPECIES_MAMOSWINE	68	Superpower	added	R2	Volkner's split; score 51
SPECIES_MAMOSWINE	66	Ice Punch	added	R2	Volkner's split; score 25
SPECIES_TANGELA	12	Growth	removed	R1	filler past the one a first split may carry
SPECIES_TANGROWTH	12	Growth	removed	R25	below 35, the lowest level it is had at
SPECIES_TANGELA	34	Giga Drain	added	check 1	Maylene's split; score 220
SPECIES_TANGROWTH	50	Bulldoze	added	R5, R16 due	Byron's split; score 101
SPECIES_TANGROWTH	55	Sludge Bomb	added	R5	Candice's split; score 89
SPECIES_TANGROWTH	60	Brick Break	added	R5	HQ's split; score 74
SPECIES_TANGROWTH	65	Energy Ball	added	late move	Galactic's split; score 119
SPECIES_TANGROWTH	62	Leaf Storm	added	R2	Galactic's split; score 72
SPECIES_TANGROWTH	68	Rock Tomb	added	R2	Volkner's split; score 37
SPECIES_TENTACRUEL	33	Poison Jab	added	R8	Tentacool learns it at 33, after evolving at 30 in the same split: holding it is no choice
SPECIES_TENTACOOL	16	Water Pulse	moved from 29	R11, check 1	brought into Roark's split; score 407
SPECIES_TENTACOOL	8	Pounce	added	R4, R5, R16	Roark's split; score 183
SPECIES_TENTACRUEL	39	Sludge Bomb	added	R30	Maylene's split; score 172
SPECIES_TENTACRUEL	34	Aurora Beam	added	R5	Maylene's split; score 73
SPECIES_TENTACRUEL	44	Psybeam	added	R5	Wake's split; score 73
SPECIES_TENTACRUEL	53	Muddy Water	added	R2	Byron's split; score 61
SPECIES_TENTACRUEL	56	Power Gem	added	R5	Candice's split; score 55
SPECIES_TENTACRUEL	54	Throat Chop	added	R5	Candice's split; score 53
SPECIES_TENTACRUEL	60	Ice Beam	added	R2	HQ's split; score 46
SPECIES_TENTACRUEL	58	Flip Turn	added	R2	HQ's split; score 38
SPECIES_TENTACRUEL	65	Skitter Smack	added	late move	Galactic's split; score 78
SPECIES_TENTACRUEL	62	Toxic	added	R2	Galactic's split; score 23
SPECIES_TENTACRUEL	68	Confuse Ray	added	R2	Volkner's split; score 16
SPECIES_TOGEDEMARU	53	U-turn	added	R4, R5	Byron's split; score 175
SPECIES_TOGEDEMARU	56	Poison Jab	added	R5	Candice's split; score 50
SPECIES_TOGEDEMARU	54	Zen Headbutt	added	R5	Candice's split; score 49
SPECIES_TOGEDEMARU	60	Assurance	added	R5	HQ's split; score 42
SPECIES_TOGEDEMARU	58	Tickle	added	R2	HQ's split; score 42
SPECIES_TOGEDEMARU	65	Wish	added	late move	Galactic's split; score 90
SPECIES_TOGEDEMARU	62	ThunderPunch	added	R2	Galactic's split; score 25
SPECIES_TOGEPI	42	Baton Pass	removed	R21	no boost on the line to pass; a catch would know it at level 1
SPECIES_TOGETIC	1	Baton Pass	moved from 42 to level 1	R21	no boost on the line to pass
SPECIES_TOGEPI	2	Dazzling Gleam	added	R11, check 1, R16	Fantina's split; score 374
SPECIES_TOGEPI	6	Magical Leaf	added	R4, R5	Fantina's split; score 200
SPECIES_TOGETIC	30	Air Slash	added	R11	Fantina's split; score 270
SPECIES_TOGETIC	35	Shadow Ball	added	R5	Maylene's split; score 95
SPECIES_TOGETIC	41	Aura Sphere	added	R5	Wake's split; score 90
SPECIES_TOGETIC	43	Draining Kiss	added	R2	Wake's split; score 44
SPECIES_TOGEKISS	57	Aura Sphere	added	R5	HQ's split; score 90
SPECIES_TOGEKISS	60	Moonblast	added	R2	HQ's split; score 29
SPECIES_TOGEKISS	65	Morning Sun	added	late move	Galactic's split; score 37
SPECIES_TOGEKISS	62	Life Dew	added	R2	Galactic's split; score -20
SPECIES_BLAZIKEN	39	Slash	added	R8	Combusken learns it at 39, after evolving at 36 in the same split: holding it is no choice
SPECIES_TORCHIC	19	Sand-Attack	removed	R8	Combusken learns it at 21, in the same split
SPECIES_TORCHIC	28	Quick Attack	removed	R8	Combusken learns it at 32, in the same split
SPECIES_TORCHIC	34	Slash	removed	R8	Combusken learns it at 39, in the same split
SPECIES_TORCHIC	1	Growl	removed	R1	filler past the one a first split may carry
SPECIES_TORCHIC	7	Focus Energy	removed	R32	too early: strong attacks it boosts come at 36
SPECIES_COMBUSKEN	27	Focus Energy	added	R32	moved from Torchic's 7, beside the attacks it boosts
SPECIES_TORCHIC	13	Flame Charge	added	check 1, R16	Gardenia's split; score 220
SPECIES_TORCHIC	11	Swagger	added	R7	Gardenia's split; score 144
SPECIES_COMBUSKEN	24	Rolling Kick	added	R11	Gardenia's split; score 248
SPECIES_BLAZIKEN	44	Poison Jab	added	R5	Wake's split; score 129
SPECIES_BLAZIKEN	40	Night Slash	added	R5	Wake's split; score 75
SPECIES_BLAZIKEN	53	Bulldoze	added	R5	Byron's split; score 74
SPECIES_BLAZIKEN	56	Fire Punch	added	R2	Candice's split; score 73
SPECIES_BLAZIKEN	54	Overheat	added	R2	Candice's split; score 67
SPECIES_BLAZIKEN	57	Low Sweep	added	R2	HQ's split; score 56
SPECIES_BLAZIKEN	62	ThunderPunch	added	R5	Galactic's split; score 89
SPECIES_BLAZIKEN	64	Close Combat	added	R2	Galactic's split; score 69
SPECIES_BLAZIKEN	68	Upper Hand	added	R2	Volkner's split; score 48
SPECIES_BLAZIKEN	71	Earthquake	added	R2	Barry's split; score 42
SPECIES_BLAZIKEN	69	Mirror Move	added	R2	Barry's split; score 23
SPECIES_COMBUSKEN	7	Focus Energy	removed	R25	below 16, the lowest level it is had at
SPECIES_CROCONAW	30	Crunch	removed	R8	Feraligatr learns it at 32, in the same split
SPECIES_FERALIGATR	33	Slash	added	R8	Croconaw learns it at 33, after evolving at 30 in the same split: holding it is no choice
SPECIES_TOTODILE	20	Ice Fang	removed	R8	Croconaw learns it at 21, in the same split
SPECIES_TOTODILE	22	Flail	removed	R8	Croconaw learns it at 24, in the same split
SPECIES_TOTODILE	29	Slash	removed	R8	Croconaw learns it at 33, in the same split
SPECIES_TOTODILE	34	Screech	removed	R8	Croconaw learns it at 39, in the same split
SPECIES_TOTODILE	1	Leer	removed	R1	filler past the one a first split may carry
SPECIES_TOTODILE	10	Flip Turn	added	check 1, R16	Fantina's split; score 187
SPECIES_FERALIGATR	35	Bulldoze	added	R5	Maylene's split; score 74
SPECIES_FERALIGATR	39	Metal Claw	added	R5	Maylene's split; score 64
SPECIES_FERALIGATR	42	Liquidation	added	R2	Wake's split; score 56
SPECIES_FERALIGATR	40	Aqua Jet	added	R2	Wake's split; score 32
SPECIES_FERALIGATR	61	Earthquake	added	R2	Galactic's split; score 50
SPECIES_FERALIGATR	68	Ice Punch	added	R2	Volkner's split; score 49
SPECIES_CROCONAW	66	Dragon Dance	added	R19	setup prize for holding past 66; Feraligatr comes at 30
SPECIES_VIBRAVA	33	Supersonic	removed	R25	below 35, the lowest level it is had at
SPECIES_FLYGON	33	Supersonic	removed	R25	below 45, the lowest level it is had at
SPECIES_TRAPINCH	35	Bug Bite	added	R11, check 1	Maylene's split; score 395
SPECIES_TRAPINCH	34	Dragon Dance	added	R7	Maylene's split; score 183
SPECIES_VIBRAVA	38	Air Slash	added	R11	Maylene's split; score 218
SPECIES_VIBRAVA	44	Bulldoze	added	R5, R16	Wake's split; score 100
SPECIES_FLYGON	56	Dragon Rush	added	R30	Candice's split; score 181
SPECIES_FLYGON	54	Poison Fang	added	R5	Candice's split; score 86
SPECIES_FLYGON	60	Fire Punch	added	R5	HQ's split; score 85
SPECIES_FLYGON	58	Bug Buzz	added	R2	HQ's split; score 69
SPECIES_FLYGON	65	Draco Meteor	added	late move	Galactic's split; score 114
SPECIES_FLYGON	62	FirstImpression	added	R2	Galactic's split; score 64
SPECIES_FLYGON	68	Earth Power	added	R2	Volkner's split; score 56
SPECIES_FLYGON	66	U-turn	added	R2	Volkner's split; score 45
SPECIES_FLYGON	71	Throat Chop	added	R2	Barry's split; score 41
SPECIES_SCEPTILE	36	X-Scissor	moved from 16	R25	was below 36, the lowest level it is had at
SPECIES_GROVYLE	41	Slam	removed	R8	Sceptile learns it at 43, in the same split
SPECIES_TREECKO	21	Screech	removed	R8	Grovyle learns it at 23, in the same split
SPECIES_TREECKO	1	Leer	removed	R1	filler past the one a first split may carry
SPECIES_TREECKO	13	Giga Drain	moved from 46	R11, check 1	brought into Gardenia's split; score 420
SPECIES_TREECKO	10	DragonBreath	added	R4, R5	Gardenia's split; score 168
SPECIES_TREECKO	12	Screech	added	R7	Gardenia's split; score 165
SPECIES_GROVYLE	32	Swift	added	R2	Fantina's split; score 30
SPECIES_SCEPTILE	39	Low Sweep	added	R5, R16 due	Maylene's split; score 127
SPECIES_SCEPTILE	41	Rock Slide	added	R5	Wake's split; score 77
SPECIES_SCEPTILE	53	Bulldoze	added	R5	Byron's split; score 74
SPECIES_SCEPTILE	56	Dragon Claw	added	R2	Candice's split; score 60
SPECIES_SCEPTILE	54	Dragon Pulse	added	R2	Candice's split; score 54
SPECIES_SCEPTILE	57	Throat Chop	added	R2	HQ's split; score 44
SPECIES_SCEPTILE	63	Earthquake	added	R2	Galactic's split; score 42
SPECIES_SCEPTILE	61	Rock Tomb	added	R2	Galactic's split; score 40
SPECIES_SCEPTILE	66	Drain Punch	added	R2	Volkner's split; score 35
SPECIES_SCEPTILE	71	Upper Hand	added	R2	Barry's split; score 34
SPECIES_SCEPTILE	69	Draco Meteor	added	R2	Barry's split; score 29
SPECIES_TROPIUS	7	Growth	removed	R1	filler past the one a first split may carry
SPECIES_TROPIUS	22	Bulldoze	added	R4, R5, R16	Gardenia's split; score 193
SPECIES_TROPIUS	34	Leaf Blade	added	R2	Maylene's split; score 68
SPECIES_TROPIUS	44	Dragon Tail	added	R5	Wake's split; score 60
SPECIES_TROPIUS	54	Giga Drain	added	R2	Candice's split; score 51
SPECIES_TROPIUS	55	Zen Headbutt	added	R5	Candice's split; score 49
SPECIES_TROPIUS	59	Earthquake	added	R2	HQ's split; score 50
SPECIES_TROPIUS	65	Body Press	added	R5	Galactic's split; score 47
SPECIES_TROPIUS	68	U-turn	added	R5	Volkner's split; score 47
SPECIES_TROPIUS	66	Dragon Pulse	added	R2	Volkner's split; score 42
SPECIES_TROPIUS	71	Brave Bird	added	R2	Barry's split; score 27
SPECIES_TURTONATOR	45	Shell Smash	added	R7	Byron's split; score 193
SPECIES_TURTONATOR	53	Body Press	added	R4, R5	Byron's split; score 169
SPECIES_TURTONATOR	56	BurningJealousy	added	R2	Candice's split; score 54
SPECIES_TURTONATOR	54	Earthquake	added	R5	Candice's split; score 49
SPECIES_TURTONATOR	58	Rock Tomb	added	R5	HQ's split; score 49
SPECIES_TURTONATOR	57	Flash Cannon	added	R5	HQ's split; score 48
SPECIES_TURTONATOR	63	Iron Defense	added	R2	Galactic's split; score 42
SPECIES_TURTONATOR	68	Bulldoze	added	R2	Volkner's split; score 36
SPECIES_TURTONATOR	71	Shell Trap	added	R2	Barry's split; score 112
SPECIES_TURTONATOR	69	Scorching Sands	added	R2	Barry's split; score 32
SPECIES_TURTONATOR	78	Iron Head	added	R2	League's split; score 32
SPECIES_GROTLE	32	Leech Seed	removed	R8	Torterra learns it at 33, in the same split
SPECIES_GROTLE	37	Synthesis	removed	R8	Torterra learns it at 39, in the same split
SPECIES_GROTLE	47	Giga Drain	removed	R8	Torterra learns it at 51, in the same split
SPECIES_TURTWIG	21	Bite	removed	R8	Grotle learns it at 22, in the same split
SPECIES_TURTWIG	45	Leaf Storm	removed	R8	Grotle learns it at 52, in the same split
SPECIES_GROTLE	25	Mega Drain	added	R8	Turtwig learns it at 25, after evolving at 18 in the same split: holding it is no choice
SPECIES_TURTWIG	5	Withdraw	removed	R1	filler past the one a first split may carry
SPECIES_GROTLE	5	Withdraw	removed	R25	below 18, the lowest level it is had at
SPECIES_TORTERRA	5	Withdraw	removed	R25	below 32, the lowest level it is had at
SPECIES_TURTWIG	6	Curse	moved from 17	R7	brought into Roark's split; score 165
SPECIES_TURTWIG	9	Trailblaze	added	R16	Roark's split; score 55
SPECIES_TURTWIG	16	Giga Drain	moved from 41	R1	brought into Roark's split; score 41
SPECIES_TORTERRA	36	Rock Tomb	added	R5	Maylene's split; score 74
SPECIES_TORTERRA	42	Iron Head	added	R5	Wake's split; score 84
SPECIES_TORTERRA	40	Leaf Blade	added	R2	Wake's split; score 68
SPECIES_TORTERRA	48	Bulldoze	added	R2	Byron's split; score 52
SPECIES_TORTERRA	54	Zen Headbutt	added	R5	Candice's split; score 49
SPECIES_TORTERRA	63	Headlong Rush	added	late move	Galactic's split; score 141
SPECIES_TORTERRA	61	Wood Hammer	added	R2	Galactic's split; score 76
SPECIES_GROTLE	66	Shell Smash	added	R19	setup prize for holding past 66; Torterra comes at 32
SPECIES_UNOWN	34	Psychic Fangs	added	R11, check 1, R16	Maylene's split; score 152
SPECIES_UNOWN	39	Psychic	added	R1	Maylene's split; score 24
SPECIES_UNOWN	61	Double-Edge	added	late move	Galactic's split; score 25
SPECIES_VULLABY	2	Faint Attack	moved from 23	R11	brought into Roark's split; score 245
SPECIES_VULLABY	6	Scary Face	added	R7	Roark's split; score 132
SPECIES_VULLABY	16	Mud Shot	added	R4, R5	Roark's split; score 43
SPECIES_VULLABY	32	Throat Chop	added	R16 due	Fantina's split; score 112
SPECIES_VULLABY	38	Rock Tomb	added	R5	Maylene's split; score 52
SPECIES_VULLABY	43	U-turn	added	R5	Wake's split; score 47
SPECIES_MANDIBUZZ	57	Heat Wave	added	R5	HQ's split; score 45
SPECIES_MANDIBUZZ	60	Toxic	added	R2	HQ's split; score 23
SPECIES_VULPIX	7	Roar	removed	R1	filler past the one a first split may carry
SPECIES_VULPIX	16	Incinerate	added	check 1, R16	Roark's split; score 234
SPECIES_VULPIX	7	Powder Snow	added	R4	Roark's split; score 141
SPECIES_NINETALES	34	Dazzling Gleam	added	R11	Maylene's split; score 260
SPECIES_NINETALES	54	Energy Ball	added	R5	Candice's split; score 131
SPECIES_NINETALES	56	Extrasensory	added	R5	Candice's split; score 126
SPECIES_NINETALES	60	Mystical Fire	added	R2	HQ's split; score 68
SPECIES_NINETALES	58	Moonblast	added	R2	HQ's split; score 62
SPECIES_NINETALES	65	Overheat	added	late move	Galactic's split; score 114
SPECIES_NINETALES	62	Ice Beam	added	R2	Galactic's split; score 46
SPECIES_NINETALES	68	Dark Pulse	added	R2	Volkner's split; score 42
SPECIES_NINETALES	66	Nasty Plot	added	R2	Volkner's split; score -5
SPECIES_NINETALES	71	Spite	added	R2	Barry's split; score -5
SPECIES_ALOLAN_NINETALES	17	Draining Kiss	added	R11, check 1, R16	Gardenia's split; score 358
SPECIES_ALOLAN_NINETALES	18	Incinerate	added	R4, R5	Gardenia's split; score 239
SPECIES_ALOLAN_NINETALES	26	Spite	added	R7	Gardenia's split; score 165
SPECIES_ALOLAN_NINETALES	33	Icy Wind	added	R2	Fantina's split; score 64
SPECIES_ALOLAN_NINETALES	31	Payback	added	R5	Fantina's split; score 49
SPECIES_ALOLAN_NINETALES	39	Dazzling Gleam	added	R30	Maylene's split; score 160
SPECIES_ALOLAN_NINETALES	36	Chilling Water	added	R5	Maylene's split; score 40
SPECIES_ALOLAN_NINETALES	44	Ice Beam	added	R2	Wake's split; score 69
SPECIES_ALOLAN_NINETALES	43	Extrasensory	added	R5	Wake's split; score 66
SPECIES_ALOLAN_NINETALES	53	Mystical Fire	added	R2	Byron's split; score 49
SPECIES_ALOLAN_NINETALES	48	Dark Pulse	added	R2	Byron's split; score 42
SPECIES_ALOLAN_NINETALES	56	Moonblast	added	R2	Candice's split; score 62
SPECIES_ALOLAN_NINETALES	54	BurningJealousy	added	R2	Candice's split; score 39
SPECIES_ALOLAN_NINETALES	60	Confuse Ray	added	R2	HQ's split; score 16
SPECIES_ALOLAN_NINETALES	58	Will-O-Wisp	added	R2	HQ's split; score 2
SPECIES_ALOLAN_NINETALES	65	Charm	added	late move	Galactic's split; score 50
SPECIES_ALOLAN_NINETALES	62	Nasty Plot	added	R2	Galactic's split; score -5
SPECIES_ALOLAN_NINETALES	68	Overheat	added	R2	Volkner's split; score 52
SPECIES_WAILMER	4	Growl	removed	R1	filler past the one a first split may carry
SPECIES_WAILORD	4	Growl	removed	R25	below 40, the lowest level it is had at
SPECIES_WAILMER	29	Bulldoze	added	R4, R5, R16	Fantina's split; score 171
SPECIES_WAILORD	50	Rock Tomb	added	R5	Byron's split; score 52
SPECIES_WAILORD	48	Iron Head	added	R5	Byron's split; score 50
SPECIES_WAILORD	56	Ice Beam	added	R5	Candice's split; score 52
SPECIES_WAILORD	55	Zen Headbutt	added	R5	Candice's split; score 49
SPECIES_WAILORD	65	Earthquake	added	R2	Galactic's split; score 42
SPECIES_PELIPPER	25	Payback	moved from 24	R25	was below 25, the lowest level it is had at
SPECIES_WINGULL	29	Roost	removed	R8	Pelipper learns it at 31, in the same split
SPECIES_WINGULL	1	Growl	removed	R1	filler past the one a first split may carry
SPECIES_WINGULL	16	Mist	removed	R1	filler past the one a first split may carry
SPECIES_PELIPPER	16	Mist	removed	R25	below 25, the lowest level it is had at
SPECIES_WINGULL	15	Tailwind	added	R7	Roark's split; score 155
SPECIES_WINGULL	8	Twister	added	R4	Roark's split; score 120
SPECIES_PELIPPER	28	Liquidation	added	R16 due	Fantina's split; score 99
SPECIES_PELIPPER	34	Surf	added	R30	Maylene's split; score 142
SPECIES_PELIPPER	40	Icy Wind	added	R5	Wake's split; score 107
SPECIES_PELIPPER	47	Air Slash	added	R2	Byron's split; score 67
SPECIES_PELIPPER	53	Brave Bird	added	R2	Byron's split; score 55
SPECIES_PELIPPER	55	U-turn	added	R5	Candice's split; score 80
SPECIES_PELIPPER	54	Ice Beam	added	R2	Candice's split; score 46
SPECIES_PELIPPER	60	Bite	added	R2	HQ's split; score 28
SPECIES_PELIPPER	65	Knock Off	added	late move	Galactic's split; score 68
SPECIES_PELIPPER	62	Agility	added	R2	Galactic's split; score 2
SPECIES_WOOLOO	28	Guard Swap	removed	R8	Dubwool learns it at 32, in the same split
SPECIES_DUBWOOL	25	Take Down	added	R8	Wooloo learns it at 25, after evolving at 24 in the same split: holding it is no choice
SPECIES_WOOLOO	4	Defense Curl	removed	R1	filler past the one a first split may carry
SPECIES_WOOLOO	1	Growl	removed	R1	filler past the one a first split may carry
SPECIES_WOOLOO	3	Round	added	check 1	Roark's split; score 166
SPECIES_DUBWOOL	24	Payback	added	R4, R5	Gardenia's split; score 178
SPECIES_DUBWOOL	26	Swagger	added	R7	Gardenia's split; score 144
SPECIES_DUBWOOL	29	Agility	added	R7	Fantina's split; score 138
SPECIES_DUBWOOL	35	Body Slam	added	R2	Maylene's split; score 57
SPECIES_DUBWOOL	41	Zen Headbutt	added	R5	Wake's split; score 87
SPECIES_DUBWOOL	47	Body Press	added	R5	Byron's split; score 47
SPECIES_DUBWOOL	54	Wild Charge	added	R5	Candice's split; score 45
SPECIES_DUBWOOL	61	Thunder Wave	added	late move	Galactic's split; score 44
SPECIES_WOOPER	23	Amnesia	removed	R8	Quagsire learns it at 24, in the same split
SPECIES_WOOPER	29	Yawn	removed	R8	Quagsire learns it at 31, in the same split
SPECIES_WOOPER	47	Muddy Water	removed	R8	Quagsire learns it at 53, in the same split
SPECIES_WOOPER	5	Poison Sting	added	R4	Roark's split; score 142
SPECIES_QUAGSIRE	27	Trailblaze	added	R5, R16 due	Fantina's split; score 130
SPECIES_QUAGSIRE	39	Rock Slide	added	R5	Maylene's split; score 77
SPECIES_QUAGSIRE	40	Toxic	added	R2	Wake's split; score 73
SPECIES_QUAGSIRE	44	Drain Punch	added	R5	Wake's split; score 69
SPECIES_QUAGSIRE	56	Aqua Tail	added	R2	Candice's split; score 68
SPECIES_QUAGSIRE	54	Poison Jab	added	R2	Candice's split; score 44
SPECIES_QUAGSIRE	60	Rock Tomb	added	R2	HQ's split; score 40
SPECIES_QUAGSIRE	58	Recover	added	R2	HQ's split; score 9
SPECIES_QUAGSIRE	65	Swagger	added	late move	Galactic's split; score 50
SPECIES_QUAGSIRE	62	Toxic Spikes	added	R2	Galactic's split; score -5
SPECIES_CLODSIRE	18	Rock Tomb	added	R4, R5	Gardenia's split; score 214
SPECIES_CLODSIRE	34	Waterfall	added	R5	Maylene's split; score 70
SPECIES_CLODSIRE	44	Drain Punch	added	R5	Wake's split; score 69
SPECIES_CLODSIRE	51	Aqua Tail	added	R2	Byron's split; score 45
SPECIES_CLODSIRE	54	Toxic Spikes	added	R2	Candice's split; score -5
SPECIES_CLODSIRE	61	Swagger	added	late move	Galactic's split; score 50
SPECIES_SILCOON	15	Bug Bite	added	R8	Wurmple learns it at 15, after evolving at 7 in the same split: holding it is no choice
SPECIES_CASCOON	15	Bug Bite	added	R8	Wurmple learns it at 15, after evolving at 7 in the same split: holding it is no choice
SPECIES_WURMPLE	1	String Shot	removed	R1	filler past the one a first split may carry
SPECIES_DUSTOX	15	Bug Bite	added	R8	Cascoon learns it at 15, after evolving at 10 in the same split: holding it is no choice
SPECIES_BEAUTIFLY	15	Bug Bite	added	R8	Silcoon learns it at 15, after evolving at 10 in the same split: holding it is no choice
SPECIES_WURMPLE	7	Bug Bite	moved from 15	R11, check 1	brought into Roark's split; score 395
SPECIES_WURMPLE	6	Stun Spore	added	R7	Roark's split; score 155
SPECIES_BEAUTIFLY	10	Twister	added	R4	Roark's split; score 120
SPECIES_BEAUTIFLY	28	Venoshock	added	R5, R16 due	Fantina's split; score 152
SPECIES_BEAUTIFLY	36	Pollen Puff	added	R30	Maylene's split; score 59
SPECIES_BEAUTIFLY	44	Shadow Ball	added	R5	Wake's split; score 49
SPECIES_BEAUTIFLY	53	Sludge Bomb	added	R2	Byron's split; score 49
SPECIES_BEAUTIFLY	48	Energy Ball	added	R2	Byron's split; score 39
SPECIES_BEAUTIFLY	56	Quiver Dance	added	R2	Candice's split; score 23
SPECIES_BEAUTIFLY	54	Toxic	added	R2	Candice's split; score 23
SPECIES_BEAUTIFLY	60	Moonlight	added	R2	HQ's split; score 9
SPECIES_BEAUTIFLY	65	Roost	added	late move	Galactic's split; score 50
SPECIES_DUSTOX	27	Quiver Dance	added	R7, R16 due	Fantina's split; score 203
SPECIES_DUSTOX	36	Sludge Bomb	added	R30	Maylene's split; score 172
SPECIES_DUSTOX	44	Giga Drain	added	R5	Wake's split; score 112
SPECIES_DUSTOX	53	Shadow Ball	added	R5	Byron's split; score 49
SPECIES_DUSTOX	48	Energy Ball	added	R2	Byron's split; score 39
SPECIES_DUSTOX	56	Psychic	added	R2	Candice's split; score 39
SPECIES_DUSTOX	54	Air Slash	added	R2	Candice's split; score 39
SPECIES_DUSTOX	60	Morning Sun	added	R2	HQ's split; score 9
SPECIES_DUSTOX	58	Iron Defense	added	R2	HQ's split; score 2
SPECIES_DUSTOX	65	Roost	added	late move	Galactic's split; score 50
SPECIES_WURMPLE	7	Bug Bite	removed	R8	Silcoon learns it at 15, in the same split
SPECIES_RUNERIGUS	53	Brutal Swing	moved from 16	R25	was below 53, the lowest level it is had at
SPECIES_RUNERIGUS	54	Slam	moved from 32	R25	was below 53, the lowest level it is had at
SPECIES_RUNERIGUS	55	Earthquake	moved from 50	R25	was below 53, the lowest level it is had at
SPECIES_YAMASK	35	Mean Look	removed	R8	Cofagrigus learns it at 38, in the same split
SPECIES_COFAGRIGUS	34	Shadow Ball	added	R8	Yamask learns it at 38, after evolving at 34 in the same split: holding it is no choice
SPECIES_YAMASK	38	Shadow Ball	removed	R8	Cofagrigus learns it at 34, in the same split
SPECIES_RUNERIGUS	28	Mean Look	removed	R25	below 53; onto Yamask's list
SPECIES_YAMASK	28	Mean Look	added	R25	from Runerigus's 28, below its 53
SPECIES_RUNERIGUS	44	Shadow Ball	removed	R25	below 53; onto Yamask's list
SPECIES_YAMASK	43	Shadow Ball	added	R25	from Runerigus's 44, below its 53
SPECIES_YAMASK	30	Mud Shot	added	R4, R5	Fantina's split; score 47
SPECIES_COFAGRIGUS	43	Round	added	R2	Wake's split; score 34
SPECIES_COFAGRIGUS	40	Scary Face	added	R2	Wake's split; score -5
SPECIES_COFAGRIGUS	54	Energy Ball	added	R5	Candice's split; score 61
SPECIES_COFAGRIGUS	56	Psychic	added	R5	Candice's split; score 61
SPECIES_COFAGRIGUS	60	Earth Power	added	R2	HQ's split; score 39
SPECIES_COFAGRIGUS	65	Iron Defense	added	late move	Galactic's split; score 44
SPECIES_RUNERIGUS	61	Rock Tomb	added	R5, late move	Galactic's split; score 133
SPECIES_RUNERIGUS	66	Zen Headbutt	added	R5	Volkner's split; score 87
SPECIES_RUNERIGUS	68	Poltergeist	added	R2	Volkner's split; score 63
SPECIES_RUNERIGUS	71	Body Press	added	R5	Barry's split; score 47
SPECIES_RUNERIGUS	69	Scary Face	added	R2	Barry's split; score -5
SPECIES_YAMASK	43	Shadow Ball	removed	R8	Cofagrigus learns it at 41, in the same split
SPECIES_YANMEGA	38	Hypnosis	added	R8	Yanma learns it at 38, after evolving at 35 in the same split: holding it is no choice
SPECIES_YANMA	22	Supersonic	removed	R1	filler past the one a first split may carry
SPECIES_YANMEGA	22	Supersonic	removed	R25	below 35, the lowest level it is had at
SPECIES_YANMA	35	Signal Beam	added	R11, check 1	Maylene's split; score 407
SPECIES_YANMA	34	Air Cutter	added	R11	Maylene's split; score 245
SPECIES_YANMA	20	Roost	added	R7	Maylene's split; score 144
SPECIES_YANMEGA	40	Ominous Wind	added	R5	Wake's split; score 71
SPECIES_YANMEGA	51	Psychic Noise	added	R5, R16 due	Byron's split; score 96
SPECIES_YANMEGA	55	Pollen Puff	added	R30	Candice's split; score 59
SPECIES_YANMEGA	60	Giga Drain	added	R5	HQ's split; score 48
SPECIES_YANMEGA	65	Psychic	added	late move	Galactic's split; score 82
SPECIES_YANMEGA	62	Shadow Ball	added	R2	Galactic's split; score 36
SPECIES_ZUBAT	29	Mean Look	removed	R8	Golbat learns it at 33, in the same split
SPECIES_GOLBAT	25	Air Cutter	added	R8	Zubat learns it at 25, after evolving at 22 in the same split: holding it is no choice
SPECIES_ZUBAT	7	Wing Attack	moved from 17	R11, check 1	brought into Roark's split; score 405
SPECIES_ZUBAT	16	Venoshock	added	R11, R16	Roark's split; score 252
SPECIES_ZUBAT	11	Screech	added	R7	Roark's split; score 155
SPECIES_GOLBAT	30	Poison Jab	added	R2	Fantina's split; score 64
SPECIES_GOLBAT	36	Steel Wing	added	R5	Maylene's split; score 72
SPECIES_CROBAT	45	Zen Headbutt	added	R5	Byron's split; score 49
SPECIES_CROBAT	56	Crunch	added	R2	Candice's split; score 42
SPECIES_CROBAT	54	U-turn	added	R2	Candice's split; score 34
SPECIES_CROBAT	60	Toxic	added	R2	HQ's split; score 23
SPECIES_CROBAT	58	Tailwind	added	R2	HQ's split; score -5
SPECIES_CROBAT	65	Brave Bird	added	late move	Galactic's split; score 126
SPECIES_ABOMASNOW	47	Ice Beam	removed	tidy	on the list twice
SPECIES_ALOLAN_NINETALES	1	Dazzling Gleam	removed	tidy	the list is capped at 34 entries
SPECIES_ALOLAN_NINETALES	1	Dazzling Gleam	removed	tidy	the list is capped at 34 entries
SPECIES_AMPHAROS	34	Discharge	removed	tidy	on the list twice
SPECIES_ARBOK	27	Swallow	moved from 28	tidy	one move a level
SPECIES_ARBOK	29	Spit Up	moved from 28	tidy	one move a level
SPECIES_ARMALDO	46	Slash	removed	tidy	on the list twice
SPECIES_AZUMARILL	27	Aqua Ring	removed	tidy	on the list twice
SPECIES_BASTIODON	36	Endure	removed	tidy	on the list twice
SPECIES_BLAZIKEN	42	Slash	removed	tidy	on the list twice
SPECIES_BULBASAUR	12	Sleep Powder	moved from 13	tidy	one move a level
SPECIES_BUTTERFREE	11	Stun Spore	moved from 12	tidy	one move a level
SPECIES_BUTTERFREE	13	Sleep Powder	moved from 12	tidy	one move a level
SPECIES_CARBINK	26	Rock Polish	moved from 25	tidy	one move a level
SPECIES_CARNIVINE	32	Spit Up	moved from 31	tidy	one move a level
SPECIES_CARNIVINE	29	Swallow	moved from 31	tidy	one move a level
SPECIES_CASTFORM	9	Ember	moved from 10	tidy	one move a level
SPECIES_CASTFORM	11	Powder Snow	moved from 10	tidy	one move a level
SPECIES_CHARIZARD	42	Flamethrower	removed	tidy	on the list twice
SPECIES_CHARJABUG	29	Sticky Web	removed	tidy	on the list twice
SPECIES_CINDERACE	40	Jump Kick	removed	tidy	on the list twice
SPECIES_COFAGRIGUS	41	Shadow Ball	removed	tidy	on the list twice
SPECIES_COFAGRIGUS	19	Hex	moved from 20	tidy	one move a level
SPECIES_COFAGRIGUS	46	Guard Split	moved from 45	tidy	one move a level
SPECIES_CRADILY	36	AncientPower	removed	tidy	on the list twice
SPECIES_CRADILY	67	Spit Up	moved from 66	tidy	one move a level
SPECIES_CRADILY	68	Swallow	moved from 66	tidy	one move a level
SPECIES_CRAWDAUNT	34	Taunt	removed	tidy	on the list twice
SPECIES_CRUSTLE	40	StompingTantrum	removed	tidy	on the list twice
SPECIES_DELPHOX	40	Hypnosis	removed	tidy	on the list twice
SPECIES_DIANCIE	47	Trick Room	moved from 46	tidy	one move a level
SPECIES_DOTTLER	9	Light Screen	moved from 10	tidy	one move a level
SPECIES_DOTTLER	11	Confusion	moved from 10	tidy	one move a level
SPECIES_DRIFBLIM	37	Baton Pass	removed	tidy	on the list twice
SPECIES_DRIFBLIM	28	Spit Up	moved from 27	tidy	one move a level
SPECIES_DRIFLOON	28	Spit Up	moved from 27	tidy	one move a level
SPECIES_DROWZEE	32	Headbutt	removed	tidy	on the list twice
SPECIES_DUBWOOL	27	Take Down	removed	tidy	on the list twice
SPECIES_DUSCLOPS	43	Mean Look	removed	tidy	on the list twice
SPECIES_EKANS	24	Swallow	moved from 25	tidy	one move a level
SPECIES_EKANS	26	Spit Up	moved from 25	tidy	one move a level
SPECIES_EMOLGA	6	Tail Whip	moved from 7	tidy	one move a level
SPECIES_EMOLGA	14	Charge	moved from 15	tidy	one move a level
SPECIES_EMOLGA	13	Nuzzle	moved from 15	tidy	one move a level
SPECIES_EMOLGA	21	Shock Wave	moved from 22	tidy	one move a level
SPECIES_EMOLGA	49	Agility	moved from 50	tidy	one move a level
SPECIES_EMPOLEON	35	Aqua Jet	moved from 36	tidy	one move a level
SPECIES_FERALIGATR	37	Slash	removed	tidy	on the list twice
SPECIES_FLETCHLING	32	FeatherDance	moved from 33	tidy	one move a level
SPECIES_FURRET	17	Helping Hand	removed	tidy	on the list twice
SPECIES_GABITE	28	Slash	removed	tidy	on the list twice
SPECIES_GARCHOMP	55	Dragon Rush	removed	tidy	on the list twice
SPECIES_GOLBAT	27	Air Cutter	removed	tidy	on the list twice
SPECIES_GOTHITA	18	Embargo	moved from 19	tidy	one move a level
SPECIES_GOTHITA	23	Faint Attack	moved from 24	tidy	one move a level
SPECIES_GOTHITELLE	18	Embargo	moved from 19	tidy	one move a level
SPECIES_GOTHITELLE	23	Faint Attack	moved from 24	tidy	one move a level
SPECIES_GOTHORITA	34	Heal Block	removed	tidy	on the list twice
SPECIES_GOTHORITA	35	Psych Up	removed	tidy	on the list twice
SPECIES_GOTHORITA	18	Embargo	moved from 19	tidy	one move a level
SPECIES_GOTHORITA	23	Faint Attack	moved from 24	tidy	one move a level
SPECIES_GROTLE	27	Mega Drain	removed	tidy	on the list twice
SPECIES_GULPIN	35	Spit Up	moved from 34	tidy	one move a level
SPECIES_GULPIN	36	Swallow	moved from 34	tidy	one move a level
SPECIES_GUZZLORD	4	Stockpile	moved from 5	tidy	one move a level
SPECIES_HARIYAMA	27	Belly Drum	removed	tidy	on the list twice
SPECIES_HAUNTER	28	Payback	removed	tidy	on the list twice
SPECIES_HAWLUCHA	19	Sky Drop	moved from 20	tidy	one move a level
SPECIES_HIPPOWDON	40	Earthquake	removed	tidy	on the list twice
SPECIES_HITMONCHAN	15	Bullet Punch	moved from 16	tidy	one move a level
SPECIES_HITMONCHAN	30	Ice Punch	moved from 31	tidy	one move a level
SPECIES_HITMONCHAN	32	Fire Punch	moved from 31	tidy	one move a level
SPECIES_HYPNO	38	Headbutt	removed	tidy	on the list twice
SPECIES_INCINEROAR	40	Flamethrower	removed	tidy	on the list twice
SPECIES_IVYSAUR	12	Sleep Powder	moved from 13	tidy	one move a level
SPECIES_JIRACHI	30	Rest	removed	tidy	on the list twice
SPECIES_KABUTOPS	45	Metal Sound	removed	tidy	on the list twice
SPECIES_KLEFKI	20	Draining Kiss	moved from 21	tidy	one move a level
SPECIES_KLEFKI	32	Imprison	moved from 33	tidy	one move a level
SPECIES_LANTURN	35	Signal Beam	removed	tidy	on the list twice
SPECIES_LANTURN	28	Swallow	moved from 27	tidy	one move a level
SPECIES_LANTURN	29	Spit Up	moved from 27	tidy	one move a level
SPECIES_LEDIAN	13	Reflect	moved from 14	tidy	one move a level
SPECIES_LEDIAN	15	Safeguard	moved from 14	tidy	one move a level
SPECIES_LEDYBA	13	Reflect	moved from 14	tidy	one move a level
SPECIES_LEDYBA	15	Safeguard	moved from 14	tidy	one move a level
SPECIES_LIEPARD	27	Hone Claws	removed	tidy	on the list twice
SPECIES_LILEEP	58	Spit Up	moved from 57	tidy	one move a level
SPECIES_LILEEP	59	Swallow	moved from 57	tidy	one move a level
SPECIES_LUMINEON	35	Aqua Ring	removed	tidy	on the list twice
SPECIES_LUXRAY	35	Thunder Fang	removed	tidy	on the list twice
SPECIES_MAGNETON	34	Screech	removed	tidy	on the list twice
SPECIES_MANDIBUZZ	73	Brave Bird	moved from 72	tidy	one move a level
SPECIES_MAWILE	50	Swallow	moved from 51	tidy	one move a level
SPECIES_MAWILE	52	Spit Up	moved from 51	tidy	one move a level
SPECIES_MEDICHAM	42	Power Trick	removed	tidy	on the list twice
SPECIES_METAGROSS	62	Zen Headbutt	removed	tidy	on the list twice
SPECIES_METAGROSS	19	Confusion	moved from 20	tidy	one move a level
SPECIES_MEWTWO	63	Guard Swap	moved from 64	tidy	one move a level
SPECIES_MIGHTYENA	27	Swagger	removed	tidy	on the list twice
SPECIES_MIME_JR	21	Reflect	moved from 22	tidy	one move a level
SPECIES_MR_MIME	21	Reflect	moved from 22	tidy	one move a level
SPECIES_MR_RIME	1	Fake Tears	removed	tidy	the list is capped at 34 entries
SPECIES_NACLSTACK	30	Recover	removed	tidy	on the list twice
SPECIES_NATU	43	Guard Swap	moved from 44	tidy	one move a level
SPECIES_NIHILEGO	24	Guard Split	moved from 25	tidy	one move a level
SPECIES_NINJASK	21	Screech	moved from 20	tidy	one move a level
SPECIES_NOCTOWL	27	Take Down	removed	tidy	on the list twice
SPECIES_OMASTAR	48	Tickle	removed	tidy	on the list twice
SPECIES_PALOSSAND	13	Sand Tomb	moved from 14	tidy	one move a level
SPECIES_PARAS	5	PoisonPowder	moved from 6	tidy	one move a level
SPECIES_PARASECT	5	PoisonPowder	moved from 6	tidy	one move a level
SPECIES_PELIPPER	37	Swallow	moved from 38	tidy	one move a level
SPECIES_PELIPPER	39	Spit Up	moved from 38	tidy	one move a level
SPECIES_PLUSLE	31	Fake Tears	removed	tidy	on the list twice
SPECIES_PRIMARINA	40	Draining Kiss	removed	tidy	on the list twice
SPECIES_PRIMEAPE	35	Swagger	removed	tidy	on the list twice
SPECIES_PUPITAR	34	Payback	removed	tidy	on the list twice
SPECIES_PURRLOIN	11	Fury Swipes	moved from 12	tidy	one move a level
SPECIES_PURRLOIN	35	Nasty Plot	moved from 36	tidy	one move a level
SPECIES_PURRLOIN	37	Night Slash	moved from 36	tidy	one move a level
SPECIES_QWILFISH	8	Minimize	moved from 9	tidy	one move a level
SPECIES_QWILFISH	24	Spit Up	moved from 25	tidy	one move a level
SPECIES_RAMPARDOS	36	Zen Headbutt	removed	tidy	on the list twice
SPECIES_REGISTEEL	40	Amnesia	moved from 41	tidy	one move a level
SPECIES_REGISTEEL	72	Flash Cannon	moved from 73	tidy	one move a level
SPECIES_RUNERIGUS	56	Guard Split	removed	tidy	no free level in its split
SPECIES_SHARPEDO	34	Aqua Jet	removed	tidy	on the list twice
SPECIES_SKIPLOOM	28	Mega Drain	removed	tidy	on the list twice
SPECIES_SLOWBRO	41	Slack Off	removed	tidy	on the list twice
SPECIES_SMEARGLE	21	Sketch	removed	tidy	on the list twice
SPECIES_SMEARGLE	31	Sketch	removed	tidy	on the list twice
SPECIES_SMEARGLE	41	Sketch	removed	tidy	on the list twice
SPECIES_SMEARGLE	51	Sketch	removed	tidy	on the list twice
SPECIES_SMEARGLE	61	Sketch	removed	tidy	on the list twice
SPECIES_SMEARGLE	71	Sketch	removed	tidy	on the list twice
SPECIES_STARAPTOR	41	Agility	removed	tidy	on the list twice
SPECIES_SWALOT	37	Spit Up	moved from 38	tidy	one move a level
SPECIES_SWALOT	39	Swallow	moved from 38	tidy	one move a level
SPECIES_SYLVEON	1	Disarming Voice	removed	tidy	the list is capped at 34 entries
SPECIES_SYLVEON	1	Fairy Wind	removed	tidy	the list is capped at 34 entries
SPECIES_SYLVEON	1	Disarming Voice	removed	tidy	the list is capped at 34 entries
SPECIES_SYLVEON	1	Covet	removed	tidy	the list is capped at 34 entries
SPECIES_SYLVEON	1	Bite	removed	tidy	the list is capped at 34 entries
SPECIES_TENTACRUEL	36	Poison Jab	removed	tidy	on the list twice
SPECIES_TOUCANNON	34	Drill Peck	removed	tidy	on the list twice
SPECIES_TOXICROAK	41	Poison Jab	removed	tidy	on the list twice
SPECIES_VENUSAUR	12	Sleep Powder	moved from 13	tidy	one move a level
SPECIES_VICTREEBEL	46	Leaf Blade	moved from 47	tidy	one move a level
SPECIES_WYNAUT	14	Mirror Coat	moved from 15	tidy	one move a level
SPECIES_WYNAUT	16	Safeguard	moved from 15	tidy	one move a level
SPECIES_XATU	55	Guard Swap	moved from 54	tidy	one move a level
SPECIES_YAMASK	19	Hex	moved from 20	tidy	one move a level
SPECIES_YAMASK	40	Guard Split	moved from 41	tidy	one move a level
SPECIES_YVELTAL	54	Foul Play	moved from 55	tidy	one move a level
SPECIES_DOTTLER	12	Light Screen	moved from 9	R25	was below 10, the lowest level it is had at
SPECIES_DELPHOX	29	Flame Burst	removed	R25	below 36; onto Braixen's list
SPECIES_BRAIXEN	29	Flame Burst	added	R25	from Delphox's 29, below its 36
SPECIES_BRAIXEN	29	Flame Burst	removed	R6	weaker than Mystical Fire, already had
SPECIES_EMPOLEON	38	Aqua Jet	moved from 35	R25	was below 36, the lowest level it is had at
SPECIES_POLIWHIRL	11	Water Gun	removed	R25	below 25; onto Poliwag's list
SPECIES_POLIWAG	11	Water Gun	added	R25	from Poliwhirl's 11, below its 25
SPECIES_POLIWAG	11	Water Gun	removed	R6	weaker than Water Pulse, already had
SPECIES_ABRA	4	Psycho Cut	added	every catch knows an attack	caught at 4 in Roark's split
SPECIES_BOUNSWEET	8	Play Nice	moved from 5	every catch knows an attack	to make room at 5
SPECIES_BOUNSWEET	5	Trailblaze	added	every catch knows an attack	caught at 5 in Roark's split
SPECIES_BOUNSWEET	4	Grassy Glide	added	every catch knows an attack	caught at 4 in Roark's split
SPECIES_BUDEW	3	Razor Leaf	added	every catch knows an attack	caught at 3 in Roark's split
SPECIES_BUNEARY	1	Healing Wish	removed	R26	a wild catch at 4 would know it and could end the encounter
SPECIES_FEEBAS	9	Water Gun	added	every catch knows an attack	caught at 9 in Fantina's split
SPECIES_FEEBAS	6	Whirlpool	added	every catch knows an attack	caught at 6 in Gardenia's split
SPECIES_GEODUDE	1	Explosion	removed	R26	a wild catch at 6 would know it and could end the encounter
SPECIES_GEODUDE	1	Selfdestruct	removed	R26	a wild catch at 6 would know it and could end the encounter
SPECIES_HOPPIP	1	Memento	removed	R26	a wild catch at 12 would know it and could end the encounter
SPECIES_KOFFING	1	Selfdestruct	removed	R26	a wild catch at 19 would know it and could end the encounter
SPECIES_KOFFING	1	Explosion	removed	R26	a wild catch at 18 would know it and could end the encounter
SPECIES_KRICKETOT	3	Fell Stinger	added	every catch knows an attack	caught at 3 in Roark's split
SPECIES_MINCCINO	27	Strength	added	every catch knows an attack	caught at 27 in Wake's split
SPECIES_POLIWAG	4	Water Gun	added	every catch knows an attack	caught at 4 in Roark's split
SPECIES_RALTS	1	Draining Kiss	added	every catch knows an attack	caught at 1 in Byron's split
SPECIES_SEEDOT	1	Explosion	removed	R26	a wild catch at 5 would know it and could end the encounter
SPECIES_SEEDOT	4	Razor Leaf	added	every catch knows an attack	caught at 4 in Roark's split
SPECIES_SINISTEA	1	Memento	removed	R26	a wild catch at 16 would know it and could end the encounter
SPECIES_SKITTY	13	Quick Attack	added	every catch knows an attack	caught at 13 in Gardenia's split
SPECIES_SWABLU	24	Air Slash	added	every catch knows an attack	caught at 24 in Wake's split
SPECIES_TOGEPI	1	Fairy Wind	added	every catch knows an attack	caught at 1 in Fantina's split
SPECIES_VESPIQUEN	28	Air Cutter	added	every catch knows an attack	caught at 28 in Wake's split
SPECIES_VESPIQUEN	29	Toxic	moved from 27	every catch knows an attack	to make room at 27
SPECIES_VESPIQUEN	27	Bug Bite	added	every catch knows an attack	caught at 27 in Wake's split
SPECIES_BAGON	31	DragonBreath	removed	R8	Shelgon learns it at 32, in the same split
SPECIES_BAGON	35	Zen Headbutt	removed	R8	Shelgon learns it at 37, in the same split
SPECIES_BAGON	40	Scary Face	removed	R8	Shelgon learns it at 43, in the same split
SPECIES_BAGON	46	Crunch	removed	R8	Shelgon learns it at 50, in the same split
SPECIES_BALTOY	45	Cosmic Power	removed	R8	Claydol learns it at 51, in the same split
SPECIES_BULBASAUR	19	Razor Leaf	removed	R8	Ivysaur learns it at 20, in the same split
SPECIES_BULBASAUR	27	Double-Edge	removed	R8	Ivysaur learns it at 31, in the same split
SPECIES_CACNEA	45	Needle Arm	removed	R8	Cacturne learns it at 53, in the same split
SPECIES_CACTURNE	33	Spikes	added	R8	Cacnea learns it at 33, after evolving at 32 in the same split: holding it is no choice
SPECIES_METAPOD	15	Bug Bite	added	R8	Caterpie learns it at 15, after evolving at 7 in the same split: holding it is no choice
SPECIES_CHIKORITA	17	Reflect	removed	R8	Bayleef learns it at 18, in the same split
SPECIES_CHIKORITA	20	Magical Leaf	removed	R8	Bayleef learns it at 22, in the same split
SPECIES_CHIKORITA	23	Natural Gift	removed	R8	Bayleef learns it at 26, in the same split
SPECIES_CHIMCHAR	15	Fury Swipes	removed	R8	Monferno learns it at 16, in the same split
SPECIES_CHIMCHAR	17	Flame Wheel	removed	R8	Monferno learns it at 19, in the same split
SPECIES_MAROWAK	33	Fling	added	R8	Cubone learns it at 33, after evolving at 28 in the same split: holding it is no choice
SPECIES_CYNDAQUIL	19	Flame Wheel	removed	R8	Quilava learns it at 20, in the same split
SPECIES_CYNDAQUIL	22	Defense Curl	removed	R8	Quilava learns it at 24, in the same split
SPECIES_CYNDAQUIL	28	Swift	removed	R8	Quilava learns it at 31, in the same split
SPECIES_CYNDAQUIL	46	Double-Edge	removed	R8	Quilava learns it at 53, in the same split
SPECIES_DIGLETT	29	Mud Bomb	removed	R8	Dugtrio learns it at 33, in the same split
SPECIES_DRATINI	31	Aqua Tail	removed	R8	Dragonair learns it at 33, in the same split
SPECIES_DRATINI	35	Dragon Rush	removed	R8	Dragonair learns it at 39, in the same split
SPECIES_DRATINI	45	Dragon Dance	removed	R8	Dragonair learns it at 53, in the same split
SPECIES_DROWZEE	29	Psych Up	removed	R8	Hypno learns it at 33, in the same split
SPECIES_ARBOK	24	Swallow	added	R8	Ekans learns it at 24, after evolving at 22 in the same split: holding it is no choice
SPECIES_ARBOK	25	Stockpile	added	R8	Ekans learns it at 25, after evolving at 22 in the same split: holding it is no choice
SPECIES_ARBOK	23	Spit Up	added	R8	Ekans learns it at 26, after evolving at 22 in the same split: holding it is no choice
SPECIES_ELECTRIKE	28	Bite	removed	R8	Manectric learns it at 30, in the same split
SPECIES_MUK	39	Acid Armor	added	R8	Grimer learns it at 39, after evolving at 38 in the same split: holding it is no choice
SPECIES_GULPIN	28	Toxic	removed	R8	Swalot learns it at 30, in the same split
SPECIES_GULPIN	35	Spit Up	removed	R8	Swalot learns it at 37, in the same split
SPECIES_GULPIN	34	Stockpile	removed	R8	Swalot learns it at 38, in the same split
SPECIES_GULPIN	36	Swallow	removed	R8	Swalot learns it at 39, in the same split
SPECIES_JIGGLYPUFF	10	Sweet Kiss	added	R8	Igglybuff learns it at 13, after evolving at 10 in the same split: holding it is no choice
SPECIES_IVYSAUR	36	Worry Seed	removed	R8	Venusaur learns it at 39, in the same split
SPECIES_LEDYBA	22	Baton Pass	removed	R8	Ledian learns it at 24, in the same split
SPECIES_LEDIAN	25	Silver Wind	added	R8	Ledyba learns it at 25, after evolving at 18 in the same split: holding it is no choice
SPECIES_PERSIAN	30	Pay Day	added	R8	Meowth learns it at 30, after evolving at 28 in the same split: holding it is no choice
SPECIES_PERSIAN	33	Slash	added	R8	Meowth learns it at 33, after evolving at 28 in the same split: holding it is no choice
SPECIES_BUTTERFREE	15	Bug Bite	added	R8	Metapod learns it at 15, after evolving at 10 in the same split: holding it is no choice
SPECIES_INFERNAPE	39	Fire Spin	added	R8	Monferno learns it at 39, after evolving at 36 in the same split: holding it is no choice
SPECIES_NATU	28	Wish	removed	R8	Xatu learns it at 30, in the same split
SPECIES_NINJASK	22	False Swipe	added	R8	Nincada learns it at 25, after evolving at 20 in the same split: holding it is no choice
SPECIES_SHEDINJA	20	False Swipe	added	R8	Nincada learns it at 25, after evolving at 20 in the same split: holding it is no choice
SPECIES_NUMEL	35	Earth Power	removed	R8	Camerupt learns it at 39, in the same split
SPECIES_ODDISH	21	Mega Drain	removed	R8	Gloom learns it at 23, in the same split
SPECIES_ODDISH	45	Petal Dance	removed	R8	Gloom learns it at 53, in the same split
SPECIES_GLOOM	25	Lucky Chant	added	R8	Oddish learns it at 25, after evolving at 21 in the same split: holding it is no choice
SPECIES_PARAS	27	Growth	removed	R8	Parasect learns it at 30, in the same split
SPECIES_PIDGEOTTO	37	Wing Attack	removed	R8	Pidgeot learns it at 38, in the same split
SPECIES_PIDGEOTTO	42	Roost	removed	R8	Pidgeot learns it at 44, in the same split
SPECIES_PIDGEOTTO	47	Tailwind	removed	R8	Pidgeot learns it at 50, in the same split
SPECIES_PIDGEY	21	Twister	removed	R8	Pidgeotto learns it at 22, in the same split
SPECIES_PIDGEY	29	Agility	removed	R8	Pidgeotto learns it at 32, in the same split
SPECIES_PIDGEY	45	Mirror Move	removed	R8	Pidgeotto learns it at 52, in the same split
SPECIES_PIDGEOTTO	25	FeatherDance	added	R8	Pidgey learns it at 25, after evolving at 18 in the same split: holding it is no choice
SPECIES_PINECO	31	Payback	removed	R8	Forretress learns it at 33, in the same split
SPECIES_RATTATA	22	Crunch	removed	R8	Raticate learns it at 24, in the same split
SPECIES_RATICATE	25	Assurance	added	R8	Rattata learns it at 25, after evolving at 20 in the same split: holding it is no choice
SPECIES_SANDSHREW	27	Sand Tomb	removed	R8	Sandslash learns it at 33, in the same split
SPECIES_SHELGON	50	Crunch	removed	R8	Salamence learns it at 53, in the same split
SPECIES_BANETTE	38	Embargo	added	R8	Shuppet learns it at 38, after evolving at 37 in the same split: holding it is no choice
SPECIES_VIGOROTH	18	Faint Attack	added	R8	Slakoth learns it at 19, after evolving at 18 in the same split: holding it is no choice
SPECIES_VIGOROTH	20	Amnesia	added	R8	Slakoth learns it at 25, after evolving at 18 in the same split: holding it is no choice
SPECIES_SPEAROW	21	Mirror Move	removed	R8	Fearow learns it at 23, in the same split
SPECIES_FEAROW	25	Agility	added	R8	Spearow learns it at 25, after evolving at 20 in the same split: holding it is no choice
SPECIES_SPINARAK	22	Fury Swipes	removed	R8	Ariados learns it at 23, in the same split
SPECIES_SPINARAK	29	Spider Web	removed	R8	Ariados learns it at 32, in the same split
SPECIES_ARIADOS	26	Sucker Punch	added	R8	Spinarak learns it at 26, after evolving at 22 in the same split: holding it is no choice
SPECIES_SPOINK	34	Payback	removed	R8	Grumpig learns it at 37, in the same split
SPECIES_TAILLOW	34	Aerial Ace	removed	R8	Swellow learns it at 38, in the same split
SPECIES_SWELLOW	26	Endeavor	added	R8	Taillow learns it at 26, after evolving at 22 in the same split: holding it is no choice
SPECIES_VENONAT	35	Signal Beam	removed	R8	Venomoth learns it at 37, in the same split
SPECIES_ELECTRODE	33	Swift	added	R8	Voltorb learns it at 33, after evolving at 30 in the same split: holding it is no choice
SPECIES_KAKUNA	15	Bug Bite	added	R8	Weedle learns it at 15, after evolving at 7 in the same split: holding it is no choice
SPECIES_WHISMUR	21	Supersonic	removed	R8	Loudred learns it at 23, in the same split
SPECIES_LOUDRED	25	Stomp	added	R8	Whismur learns it at 25, after evolving at 20 in the same split: holding it is no choice
SPECIES_WOBBUFFET	16	Safeguard	added	R8	Wynaut learns it at 16, after evolving at 15 in the same split: holding it is no choice
