species	level	move	action	rule	detail
SPECIES_ABOMASNOW	31	Ingrain	removed	R24	out of every player list
SPECIES_ABOMASNOW	47	Blizzard	removed	R37	under 90% accuracy; Ice Beam takes its place
SPECIES_ABOMASNOW	47	Ice Beam	added	R37	in place of Blizzard
SPECIES_ABOMASNOW	58	Sheer Cold	removed	R24	out of every player list
SPECIES_ABRA	1	Teleport	removed	removed	leaves the game or every player list
SPECIES_ABSOL	1	Feint	removed	removed	leaves the game or every player list
SPECIES_ABSOL	17	Razor Wind	removed	dead weight	a weak attack that goes from every list (2026-09-27)
SPECIES_ABSOL	33	Double Team	removed	R24	out of every player list
SPECIES_ABSOL	49	Detect	removed	R24	out of every player list
SPECIES_ABSOL	57	Me First	removed	R7	calls a random or borrowed move, too random like Metronome; a catch would know it at level 1
SPECIES_AERODACTYL	9	Roar	removed	R18	Roar's use is on a wild catch, which this list's level never is; a catch would know it at level 1
SPECIES_AGGRON	1	Roar	moved from 22 to level 1	R18	Roar's use is on a wild catch, which this list's level never is
SPECIES_AGGRON	34	Protect	removed	R24	out of every player list
SPECIES_AGGRON	48	Iron Tail	removed	R37	under 90% accuracy, beside Iron Head
SPECIES_ALAKAZAM	1	Teleport	removed	removed	leaves the game or every player list
SPECIES_ALOLAN_NINETALES	1	Sheer Cold	removed	R24	out of every player list
SPECIES_ALOLAN_NINETALES	1	Grudge	removed	R7	a move Ian rates useless or terrible; a catch would know it at level 1
SPECIES_ALOMOMOLA	21	Protect	removed	R24	out of every player list
SPECIES_ALOMOMOLA	57	Healing Wish	moved from 57 to Luvdisc's egg list	R26	bad for the player, good for a trainer's fight
SPECIES_ALOMOMOLA	65	Hydro Pump	removed	R37	under 90% accuracy; Muddy Water takes its place
SPECIES_ALOMOMOLA	65	Muddy Water	added	R37	in place of Hydro Pump
SPECIES_ALTARIA	13	Fury Attack	removed	removed	leaves the game or every player list
SPECIES_AMPHAROS	68	Thunder	removed	R37	under 90% accuracy; Thunderbolt takes its place
SPECIES_AMPHAROS	68	Thunderbolt	added	R37	in place of Thunder
SPECIES_ANNIHILAPE	22	Cross Chop	removed	R37	under 90% accuracy, beside Close Combat
SPECIES_ANNIHILAPE	66	Thrash	moved from 30	R9	at its one-turn worth (102) it fits Volkner's split; waits on the engine change
SPECIES_ANNIHILAPE	69	Outrage	moved from 53	R9	at its one-turn worth (112) it fits Barry's split; waits on the engine change
SPECIES_ANNIHILAPE	57	Final Gambit	moved from 57 to Mankey's egg list	R26	bad for the player, good for a trainer's fight
SPECIES_ANORITH	7	Mud Sport	removed	R7	a move Ian rates useless or terrible; a catch would know it at level 1
SPECIES_ANORITH	25	Protect	removed	R24	out of every player list
SPECIES_ARAQUANID	51	Hydro Pump	removed	R37	under 90% accuracy, beside Scald
SPECIES_ARBOK	1	Haze	moved from 48 to level 1	R7	a move Ian rates useless or terrible
SPECIES_ARBOK	56	Gunk Shot	removed	R37	under 90% accuracy, beside Poison Fang
SPECIES_ARBOLIVA	1	Sweet Scent	removed	R7	a move Ian rates useless or terrible; a catch would know it at level 1
SPECIES_ARBOLIVA	5	Absorb	removed	dead weight	a weak attack that goes from every list (2026-09-27)
SPECIES_ARBOLIVA	23	Grassy Terrain	removed	removed	leaves the game or every player list
SPECIES_ARCEUS	80	Hyper Beam	removed	past the League	nothing is placed past 78
SPECIES_ARCEUS	90	Perish Song	removed	past the League	nothing is placed past 78
SPECIES_ARCEUS	100	Judgment	removed	past the League	nothing is placed past 78
SPECIES_ARIADOS	1	Constrict	removed	dead weight	a weak attack that goes from every list (2026-09-27)
SPECIES_ARIADOS	8	Constrict	removed	dead weight	a weak attack that goes from every list (2026-09-27)
SPECIES_ARMALDO	1	Mud Sport	moved from 7 to level 1	R7	a move Ian rates useless or terrible
SPECIES_ARMALDO	25	Protect	removed	R24	out of every player list
SPECIES_ARMAROUGE	42	Ally Switch	removed	removed	leaves the game or every player list
SPECIES_ARON	1	Roar	moved from 22 to level 1	R18	Roar's use is on a wild catch, which this list's level never is
SPECIES_ARON	32	Protect	removed	R24	out of every player list
SPECIES_ARON	39	Iron Tail	removed	R37	under 90% accuracy, beside Iron Head
SPECIES_ARTICUNO	71	Blizzard	removed	R37	under 90% accuracy, beside Ice Beam
SPECIES_ARTICUNO	78	Sheer Cold	removed	R24	out of every player list
SPECIES_AZELF	16	Detect	removed	R24	out of every player list
SPECIES_AZELF	1	Explosion	moved from 76 to level 1	R26	bad for the player, good for a trainer's fight
SPECIES_AZUMARILL	54	Hydro Pump	removed	R37	under 90% accuracy; Muddy Water takes its place
SPECIES_AZUMARILL	54	Muddy Water	added	R37	in place of Hydro Pump
SPECIES_AZURILL	1	Splash	removed	removed	leaves the game or every player list
SPECIES_BAGON	1	Rage	removed	dead weight	a weak attack that goes from every list (2026-09-27)
SPECIES_BALTOY	1	Selfdestruct	moved from 19 to level 1	R26	bad for the player, good for a trainer's fight
SPECIES_BALTOY	37	Sandstorm	removed	weather	the player never controls weather
SPECIES_BALTOY	1	Explosion	moved from 71 to level 1	R26	bad for the player, good for a trainer's fight
SPECIES_BANETTE	1	Grudge	moved from 58 to level 1	R7	a move Ian rates useless or terrible
SPECIES_BARBOACH	6	Mud Sport	removed	R7	a move Ian rates useless or terrible; a catch would know it at level 1
SPECIES_BARBOACH	31	Snore	removed	dead weight	a weak attack that goes from every list (2026-09-27)
SPECIES_BARBOACH	47	Fissure	removed	R24	out of every player list
SPECIES_BASTIODON	1	Protect	removed	R24	out of every player list
SPECIES_BAYLEEF	1	Sweet Scent	moved from 32 to level 1	R7	a move Ian rates useless or terrible
SPECIES_BEAUTIFLY	1	Absorb	removed	dead weight	a weak attack that goes from every list (2026-09-27)
SPECIES_BEAUTIFLY	10	Absorb	removed	dead weight	a weak attack that goes from every list (2026-09-27)
SPECIES_BEAUTIFLY	27	Whirlwind	removed	R18	Roar's use is on a wild catch, which this list's level never is; a catch would know it at level 1
SPECIES_BEEDRILL	1	Fury Attack	removed	removed	leaves the game or every player list
SPECIES_BEEDRILL	10	Fury Attack	removed	removed	leaves the game or every player list
SPECIES_BEEDRILL	19	Rage	removed	dead weight	a weak attack that goes from every list (2026-09-27)
SPECIES_BELLOSSOM	1	Sunny Day	removed	weather	the player never controls weather
SPECIES_BELLSPROUT	11	Wrap	removed	dead weight	a weak attack that goes from every list (2026-09-27)
SPECIES_BELLSPROUT	1	Sweet Scent	moved from 29 to level 1	R7	a move Ian rates useless or terrible
SPECIES_BELLSPROUT	1	Wring Out	moved from 47 to level 1	R7	a move Ian rates useless or terrible
SPECIES_BLACEPHALON	65	Fire Blast	removed	R37	under 90% accuracy; Overheat takes its place
SPECIES_BLACEPHALON	65	Overheat	added	R37	in place of Fire Blast
SPECIES_BLASTOISE	24	Protect	removed	R24	out of every player list
SPECIES_BLASTOISE	60	Hydro Pump	removed	R37	under 90% accuracy; Muddy Water takes its place
SPECIES_BLASTOISE	60	Muddy Water	added	R37	in place of Hydro Pump
SPECIES_BLIPBUG	81	Trick Room	removed	past the League	nothing is placed past 78
SPECIES_BLISSEY	42	Healing Wish	moved from 42 to Happiny's egg list	R26	bad for the player, good for a trainer's fight
SPECIES_BOUNSWEET	1	Splash	removed	removed	leaves the game or every player list
SPECIES_BOUNSWEET	17	Sweet Scent	removed	R7	a move Ian rates useless or terrible; a catch would know it at level 1
SPECIES_BOUNSWEET	33	Aromatic Mist	removed	removed	leaves the game or every player list
SPECIES_BRELOOM	1	Absorb	removed	dead weight	a weak attack that goes from every list (2026-09-27)
SPECIES_BRELOOM	45	DynamicPunch	removed	R37	under 90% accuracy, beside Sky Uppercut
SPECIES_BRIONNE	67	Hydro Pump	removed	R37	under 90% accuracy; Sparkling Aria takes its place
SPECIES_BRIONNE	67	Sparkling Aria	added	R37	in place of Hydro Pump
SPECIES_BUDEW	1	Absorb	removed	dead weight	a weak attack that goes from every list (2026-09-27)
SPECIES_BUIZEL	45	Razor Wind	removed	dead weight	a weak attack that goes from every list (2026-09-27)
SPECIES_BULBASAUR	1	Sweet Scent	moved from 21 to level 1	R7	a move Ian rates useless or terrible
SPECIES_BUNEARY	1	Splash	removed	removed	leaves the game or every player list
SPECIES_BUNEARY	53	Healing Wish	moved from 53 to Buneary's egg list	R26	bad for the player, good for a trainer's fight
SPECIES_BURMY	1	Protect	removed	R24	out of every player list
SPECIES_BUTTERFREE	1	Whirlwind	moved from 22 to level 1	R18	Roar's use is on a wild catch, which this list's level never is
SPECIES_BUZZWOLE	35	Mega Punch	removed	R37	under 90% accuracy; Body Slam takes its place
SPECIES_BUZZWOLE	35	Body Slam	added	R37	in place of Mega Punch
SPECIES_BUZZWOLE	50	DynamicPunch	removed	R37	under 90% accuracy, beside Superpower
SPECIES_CACNEA	5	Absorb	removed	dead weight	a weak attack that goes from every list (2026-09-27)
SPECIES_CACNEA	25	Ingrain	removed	R24	out of every player list
SPECIES_CACNEA	53	Sandstorm	removed	weather	the player never controls weather
SPECIES_CACNEA	57	Destiny Bond	moved from 57 to Cacnea's egg list	R26	bad for the player, good for a trainer's fight
SPECIES_CACTURNE	1	Absorb	removed	dead weight	a weak attack that goes from every list (2026-09-27)
SPECIES_CACTURNE	5	Absorb	removed	dead weight	a weak attack that goes from every list (2026-09-27)
SPECIES_CACTURNE	25	Ingrain	removed	R24	out of every player list
SPECIES_CACTURNE	65	Sandstorm	removed	weather	the player never controls weather
SPECIES_CACTURNE	71	Destiny Bond	removed	R26	bad for the player, good for a trainer's fight; Cacnea's egg list has it
SPECIES_CAMERUPT	67	Fissure	removed	R24	out of every player list
SPECIES_CARBINK	54	Stone Edge	removed	R37	under 90% accuracy, beside Rock Slide
SPECIES_CARNIVINE	17	Sweet Scent	removed	R7	a move Ian rates useless or terrible; a catch would know it at level 1
SPECIES_CARNIVINE	21	Ingrain	removed	R24	out of every player list
SPECIES_CARNIVINE	41	Wring Out	removed	R7	a move Ian rates useless or terrible; a catch would know it at level 1
SPECIES_CARNIVINE	47	Power Whip	removed	R37	under 90% accuracy; Petal Blizzard takes its place
SPECIES_CARNIVINE	47	Petal Blizzard	added	R37	in place of Power Whip
SPECIES_CARVANHA	6	Rage	removed	dead weight	a weak attack that goes from every list (2026-09-27)
SPECIES_CELEBI	1	Healing Wish	moved from 73 to level 1	R26	bad for the player, good for a trainer's fight
SPECIES_CELEBI	82	Leaf Storm	removed	past the League	nothing is placed past 78
SPECIES_CELEBI	91	Perish Song	removed	past the League	nothing is placed past 78
SPECIES_CELESTEELA	1	Absorb	removed	dead weight	a weak attack that goes from every list (2026-09-27)
SPECIES_CELESTEELA	25	Ingrain	removed	R24	out of every player list
SPECIES_CERULEDGE	42	Ally Switch	removed	removed	leaves the game or every player list
SPECIES_CHANDELURE	40	Memento	moved from 40 to Litwick's egg list	R26	bad for the player, good for a trainer's fight
SPECIES_CHANSEY	42	Healing Wish	removed	R26	bad for the player, good for a trainer's fight; Happiny's egg list has it
SPECIES_CHARMANDER	16	Dragon Rage	removed	Ian's ruling	Dragon Rage leaves the line's early list
SPECIES_CHARMELEON	17	Dragon Rage	removed	Ian's ruling	Dragon Rage leaves the line's early list
SPECIES_CHATOT	17	Fury Attack	removed	removed	leaves the game or every player list
SPECIES_CHERRIM	45	Petal Dance	moved from 25	R9	at its one-turn worth (100) it fits Byron's split; waits on the engine change
SPECIES_CHIKORITA	1	Sweet Scent	moved from 28 to level 1	R7	a move Ian rates useless or terrible
SPECIES_CHIMECHO	1	Wrap	removed	dead weight	a weak attack that goes from every list (2026-09-27)
SPECIES_CHIMECHO	49	Healing Wish	moved from 49 to Chingling's egg list	R26	bad for the player, good for a trainer's fight
SPECIES_CHINCHOU	42	Hydro Pump	removed	R37	under 90% accuracy; Muddy Water takes its place
SPECIES_CHINCHOU	42	Muddy Water	added	R37	in place of Hydro Pump
SPECIES_CHINGLING	1	Wrap	removed	dead weight	a weak attack that goes from every list (2026-09-27)
SPECIES_CLAYDOL	1	Teleport	removed	removed	leaves the game or every player list
SPECIES_CLAYDOL	1	Selfdestruct	moved from 19 to level 1	R26	bad for the player, good for a trainer's fight
SPECIES_CLAYDOL	40	Sandstorm	removed	weather	the player never controls weather
SPECIES_CLAYDOL	1	Explosion	moved from 86 to level 1	R26	bad for the player, good for a trainer's fight
SPECIES_CLEFAIRY	31	Metronome	removed	R7	a move Ian rates useless or terrible; a catch would know it at level 1
SPECIES_CLEFAIRY	46	Healing Wish	moved from 46 to Cleffa's egg list	R26	bad for the player, good for a trainer's fight
SPECIES_CLEFFA	1	Copycat	moved from 13 to level 1	R7	calls a random or borrowed move, too random like Metronome
SPECIES_CLOBBOPUS	5	Feint	removed	removed	leaves the game or every player list
SPECIES_CLOBBOPUS	10	Bind	removed	R37	under 90% accuracy; Body Slam takes its place
SPECIES_CLOBBOPUS	10	Body Slam	added	R37	in place of Bind
SPECIES_CLOBBOPUS	15	Detect	removed	R24	out of every player list
SPECIES_CLOBBOPUS	30	Submission	removed	dead weight	a weak attack that goes from every list (2026-09-27)
SPECIES_CLODSIRE	36	Megahorn	kept for Ian	R37	under 90% accuracy, no accurate twin fits
SPECIES_CLOYSTER	1	Protect	removed	R24	out of every player list
SPECIES_COFAGRIGUS	1	Protect	removed	R24	out of every player list
SPECIES_COFAGRIGUS	1	Haze	moved from 9 to level 1	R7	a move Ian rates useless or terrible
SPECIES_COFAGRIGUS	1	Grudge	moved from 38 to level 1	R7	a move Ian rates useless or terrible
SPECIES_COFAGRIGUS	59	Destiny Bond	moved from 59 to Yamask's egg list	R26	bad for the player, good for a trainer's fight
SPECIES_COMBEE	1	Sweet Scent	removed	R7	a move Ian rates useless or terrible; a catch would know it at level 1
SPECIES_CORPHISH	23	Protect	removed	R24	out of every player list
SPECIES_CORPHISH	53	Guillotine	removed	R24	out of every player list
SPECIES_CORVIKNIGHT	4	Fury Attack	removed	removed	leaves the game or every player list
SPECIES_CORVISQUIRE	4	Fury Attack	removed	removed	leaves the game or every player list
SPECIES_CRADILY	1	Constrict	removed	dead weight	a weak attack that goes from every list (2026-09-27)
SPECIES_CRADILY	1	Ingrain	removed	R24	out of every player list
SPECIES_CRADILY	15	Ingrain	removed	R24	out of every player list
SPECIES_CRADILY	1	Wring Out	moved from 76 to level 1	R7	a move Ian rates useless or terrible
SPECIES_CRANIDOS	43	Head Smash	kept for Ian	R37	under 90% accuracy, no accurate twin fits
SPECIES_CRAWDAUNT	23	Protect	removed	R24	out of every player list
SPECIES_CRAWDAUNT	65	Guillotine	removed	R24	out of every player list
SPECIES_CRESSELIA	1	Double Team	removed	R24	out of every player list
SPECIES_CRESSELIA	1	Lunar Dance	moved from 84 to level 1	R26	bad for the player, good for a trainer's fight
SPECIES_CRESSELIA	93	Psychic	removed	past the League	nothing is placed past 78
SPECIES_CROBAT	1	Haze	moved from 45 to level 1	R7	a move Ian rates useless or terrible
SPECIES_CROCONAW	8	Rage	removed	dead weight	a weak attack that goes from every list (2026-09-27)
SPECIES_CROCONAW	61	Thrash	moved from 42	R9	at its one-turn worth (102) it fits Galactic's split; waits on the engine change
SPECIES_CROCONAW	57	Hydro Pump	removed	R37	under 90% accuracy; Muddy Water takes its place
SPECIES_CROCONAW	57	Muddy Water	added	R37	in place of Hydro Pump
SPECIES_CRUSTLE	54	Stone Edge	removed	R37	under 90% accuracy, beside Rock Slide
SPECIES_CUBONE	7	Bone Club	removed	R37	under 90% accuracy; Earthquake takes its place
SPECIES_CUBONE	7	Earthquake	added	R37	in place of Bone Club
SPECIES_CUBONE	23	Rage	removed	dead weight	a weak attack that goes from every list (2026-09-27)
SPECIES_CUBONE	61	Thrash	moved from 31	R9	at its one-turn worth (102) it fits Galactic's split; waits on the engine change
SPECIES_DARKRAI	47	Double Team	removed	R24	out of every player list
SPECIES_DARKRAI	1	Haze	moved from 57 to level 1	R7	a move Ian rates useless or terrible
SPECIES_DARKRAI	84	Dream Eater	removed	past the League	nothing is placed past 78
SPECIES_DARKRAI	93	Dark Pulse	removed	past the League	nothing is placed past 78
SPECIES_DELPHOX	1	Teleport	removed	removed	leaves the game or every player list
SPECIES_DELPHOX	82	Encore	removed	past the League	nothing is placed past 78
SPECIES_DEOXYS	1	Wrap	removed	dead weight	a weak attack that goes from every list (2026-09-27)
SPECIES_DEOXYS	17	Teleport	removed	removed	leaves the game or every player list
SPECIES_DEOXYS	81	Recover	removed	past the League	nothing is placed past 78
SPECIES_DEOXYS	89	Psycho Boost	removed	past the League	nothing is placed past 78
SPECIES_DEOXYS	97	Hyper Beam	removed	past the League	nothing is placed past 78
SPECIES_DEWGONG	34	Sheer Cold	removed	R24	out of every player list
SPECIES_DEWPIDER	45	Hydro Pump	removed	R37	under 90% accuracy, beside Scald
SPECIES_DHELMISE	1	Steel Roller	removed	removed	leaves the game or every player list
SPECIES_DHELMISE	1	Absorb	removed	dead weight	a weak attack that goes from every list (2026-09-27)
SPECIES_DHELMISE	4	Wrap	removed	dead weight	a weak attack that goes from every list (2026-09-27)
SPECIES_DHELMISE	70	Power Whip	removed	R37	under 90% accuracy; Petal Blizzard takes its place
SPECIES_DHELMISE	70	Petal Blizzard	added	R37	in place of Power Whip
SPECIES_DIALGA	80	Flash Cannon	removed	past the League	nothing is placed past 78
SPECIES_DIALGA	90	Aura Sphere	removed	past the League	nothing is placed past 78
SPECIES_DIANCIE	67	Stone Edge	removed	R37	under 90% accuracy, beside Diamond Storm
SPECIES_DIGLETT	40	Fissure	removed	R24	out of every player list
SPECIES_DODRIO	1	Rage	removed	dead weight	a weak attack that goes from every list (2026-09-27)
SPECIES_DODRIO	10	Rage	removed	dead weight	a weak attack that goes from every list (2026-09-27)
SPECIES_DODRIO	14	Fury Attack	removed	removed	leaves the game or every player list
SPECIES_DODUO	10	Rage	removed	dead weight	a weak attack that goes from every list (2026-09-27)
SPECIES_DODUO	14	Fury Attack	removed	removed	leaves the game or every player list
SPECIES_DOLLIV	1	Sweet Scent	removed	R7	a move Ian rates useless or terrible; a catch would know it at level 1
SPECIES_DOLLIV	5	Absorb	removed	dead weight	a weak attack that goes from every list (2026-09-27)
SPECIES_DOLLIV	23	Grassy Terrain	removed	removed	leaves the game or every player list
SPECIES_DONPHAN	25	Fury Attack	removed	removed	leaves the game or every player list
SPECIES_DRAGONAIR	1	Wrap	removed	dead weight	a weak attack that goes from every list (2026-09-27)
SPECIES_DRAGONITE	1	Wrap	removed	dead weight	a weak attack that goes from every list (2026-09-27)
SPECIES_DRAGONITE	66	Outrage	moved from 64	R9	at its one-turn worth (112) it fits Volkner's split; waits on the engine change
SPECIES_DRATINI	1	Wrap	removed	dead weight	a weak attack that goes from every list (2026-09-27)
SPECIES_DRATINI	61	Outrage	moved from 51	R9	at its one-turn worth (112) it fits Galactic's split; waits on the engine change
SPECIES_DRIFBLIM	1	Constrict	removed	dead weight	a weak attack that goes from every list (2026-09-27)
SPECIES_DRIFBLIM	51	Explosion	moved from 51 to Drifloon's egg list	R26	bad for the player, good for a trainer's fight
SPECIES_DRIFLOON	1	Constrict	removed	dead weight	a weak attack that goes from every list (2026-09-27)
SPECIES_DRIFLOON	43	Explosion	removed	R26	bad for the player, good for a trainer's fight; Drifloon's egg list has it
SPECIES_DUGTRIO	50	Fissure	removed	R24	out of every player list
SPECIES_DUNSPARCE	1	Rage	removed	dead weight	a weak attack that goes from every list (2026-09-27)
SPECIES_DUSTOX	17	Protect	removed	R24	out of every player list
SPECIES_DUSTOX	1	Whirlwind	moved from 27 to level 1	R18	Roar's use is on a wild catch, which this list's level never is
SPECIES_DWEBBLE	49	Stone Edge	removed	R37	under 90% accuracy, beside Rock Slide
SPECIES_EKANS	1	Wrap	removed	dead weight	a weak attack that goes from every list (2026-09-27)
SPECIES_EKANS	1	Haze	moved from 36 to level 1	R7	a move Ian rates useless or terrible
SPECIES_EKANS	41	Gunk Shot	removed	R37	under 90% accuracy; Poison Fang takes its place
SPECIES_EKANS	41	Poison Fang	added	R37	in place of Gunk Shot
SPECIES_ELECTABUZZ	58	Thunder	removed	R37	under 90% accuracy, beside Thunderbolt
SPECIES_ELECTIVIRE	58	Thunder	removed	R37	under 90% accuracy, beside Thunderbolt
SPECIES_ELECTRIKE	1	Roar	moved from 36 to level 1	R18	Roar's use is on a wild catch, which this list's level never is
SPECIES_ELECTRIKE	49	Thunder	removed	R37	under 90% accuracy; Thunderbolt takes its place
SPECIES_ELECTRIKE	49	Thunderbolt	added	R37	in place of Thunder
SPECIES_ELECTRODE	1	Selfdestruct	moved from 29 to level 1	R26	bad for the player, good for a trainer's fight
SPECIES_ELECTRODE	1	Explosion	moved from 51 to level 1	R26	bad for the player, good for a trainer's fight
SPECIES_ELEKID	46	Thunder	removed	R37	under 90% accuracy, beside Thunderbolt
SPECIES_EMOLGA	11	Double Team	removed	R24	out of every player list
SPECIES_EMPOLEON	28	Fury Attack	removed	removed	leaves the game or every player list
SPECIES_EMPOLEON	59	Hydro Pump	removed	R37	under 90% accuracy; Surf takes its place
SPECIES_EMPOLEON	59	Surf	added	R37	in place of Hydro Pump
SPECIES_ENTEI	1	Roar	moved from 15 to level 1	R18	Roar's use is on a wild catch, which this list's level never is
SPECIES_ENTEI	71	Fire Blast	removed	R37	under 90% accuracy, beside Flamethrower
SPECIES_ENTEI	85	Eruption	removed	past the League	nothing is placed past 78
SPECIES_EXEGGCUTE	1	Barrage	removed	dead weight	a weak attack that goes from every list (2026-09-27)
SPECIES_EXEGGUTOR	1	Barrage	removed	dead weight	a weak attack that goes from every list (2026-09-27)
SPECIES_EXPLOUD	1	Roar	moved from 45 to level 1	R18	Roar's use is on a wild catch, which this list's level never is
SPECIES_EXPLOUD	1	Sleep Talk	moved from 55 to level 1	R7	calls a random or borrowed move, too random like Metronome
SPECIES_FARFETCHD	7	Fury Attack	removed	removed	leaves the game or every player list
SPECIES_FARFETCHD	43	Feint	removed	removed	leaves the game or every player list
SPECIES_FARFETCHD	45	False Swipe	removed	catch-only	it helps only to catch: early or not at all (Ian, 2026-10-06)
SPECIES_FEAROW	1	Fury Attack	removed	removed	leaves the game or every player list
SPECIES_FEAROW	9	Fury Attack	removed	removed	leaves the game or every player list
SPECIES_FEEBAS	1	Splash	removed	removed	leaves the game or every player list
SPECIES_FERALIGATR	1	Rage	removed	dead weight	a weak attack that goes from every list (2026-09-27)
SPECIES_FERALIGATR	8	Rage	removed	dead weight	a weak attack that goes from every list (2026-09-27)
SPECIES_FERALIGATR	66	Thrash	moved from 50	R9	at its one-turn worth (102) it fits Volkner's split; waits on the engine change
SPECIES_FERALIGATR	71	Hydro Pump	removed	R37	under 90% accuracy; Muddy Water takes its place
SPECIES_FERALIGATR	71	Muddy Water	added	R37	in place of Hydro Pump
SPECIES_FERROSEED	21	Ingrain	removed	R24	out of every player list
SPECIES_FERROSEED	38	Selfdestruct	moved from 38 to Ferroseed's egg list	R26	bad for the player, good for a trainer's fight
SPECIES_FERROSEED	55	Explosion	moved from 55 to Ferroseed's egg list	R26	bad for the player, good for a trainer's fight
SPECIES_FERROTHORN	21	Ingrain	removed	R24	out of every player list
SPECIES_FERROTHORN	38	Selfdestruct	removed	R26	bad for the player, good for a trainer's fight; Ferroseed's egg list has it
SPECIES_FERROTHORN	55	Explosion	removed	R26	bad for the player, good for a trainer's fight; Ferroseed's egg list has it
SPECIES_FERROTHORN	70	Power Whip	removed	R37	under 90% accuracy; Petal Blizzard takes its place
SPECIES_FERROTHORN	70	Petal Blizzard	added	R37	in place of Power Whip
SPECIES_FLAAFFY	53	Thunder	removed	R37	under 90% accuracy; Thunderbolt takes its place
SPECIES_FLAAFFY	53	Thunderbolt	added	R37	in place of Thunder
SPECIES_FLABEBE	1	Absorb	removed	dead weight	a weak attack that goes from every list (2026-09-27)
SPECIES_FLAREON	71	Fire Blast	removed	R37	under 90% accuracy; Heat Wave takes its place
SPECIES_FLAREON	71	Heat Wave	added	R37	in place of Fire Blast
SPECIES_FLETCHINDER	41	Me First	removed	R7	calls a random or borrowed move, too random like Metronome; a catch would know it at level 1
SPECIES_FLETCHLING	40	Me First	removed	R7	calls a random or borrowed move, too random like Metronome; a catch would know it at level 1
SPECIES_FLOATZEL	50	Razor Wind	removed	dead weight	a weak attack that goes from every list (2026-09-27)
SPECIES_FLOETTE	1	Absorb	removed	dead weight	a weak attack that goes from every list (2026-09-27)
SPECIES_FLORGES	1	Flower Shield	removed	removed	leaves the game or every player list
SPECIES_FLORGES	1	Absorb	removed	dead weight	a weak attack that goes from every list (2026-09-27)
SPECIES_FOMANTIS	14	Ingrain	removed	R24	out of every player list
SPECIES_FOMANTIS	27	Sweet Scent	removed	R7	a move Ian rates useless or terrible; a catch would know it at level 1
SPECIES_FORRETRESS	1	Protect	removed	R24	out of every player list
SPECIES_FORRETRESS	6	Selfdestruct	moved from 6 to Pineco's egg list	R26	bad for the player, good for a trainer's fight
SPECIES_FORRETRESS	20	Bide	removed	dead weight	a weak attack that goes from every list (2026-09-27)
SPECIES_FORRETRESS	38	Explosion	moved from 38 to Pineco's egg list	R26	bad for the player, good for a trainer's fight
SPECIES_FORRETRESS	67	Zap Cannon	removed	R37	under 90% accuracy; Volt Switch takes its place
SPECIES_FORRETRESS	67	Volt Switch	added	R37	in place of Zap Cannon
SPECIES_FRILLISH	1	Absorb	removed	dead weight	a weak attack that goes from every list (2026-09-27)
SPECIES_FRILLISH	44	Destiny Bond	moved from 44 to Frillish's egg list	R26	bad for the player, good for a trainer's fight
SPECIES_FROAKIE	40	Hydro Pump	removed	R37	under 90% accuracy; Scald takes its place
SPECIES_FROAKIE	40	Scald	added	R37	in place of Hydro Pump
SPECIES_FROGADIER	45	Hydro Pump	removed	R37	under 90% accuracy; Scald takes its place
SPECIES_FROGADIER	45	Scald	added	R37	in place of Hydro Pump
SPECIES_FROSLASS	1	Double Team	removed	R24	out of every player list
SPECIES_FROSLASS	4	Double Team	removed	R24	out of every player list
SPECIES_FROSLASS	51	Blizzard	removed	R37	under 90% accuracy; Ice Beam takes its place
SPECIES_FROSLASS	51	Ice Beam	added	R37	in place of Blizzard
SPECIES_FROSLASS	59	Destiny Bond	moved from 59 to Snorunt's egg list	R26	bad for the player, good for a trainer's fight
SPECIES_FROSMOTH	40	Blizzard	removed	R37	under 90% accuracy; Ice Beam takes its place
SPECIES_FROSMOTH	40	Ice Beam	added	R37	in place of Blizzard
SPECIES_FURRET	1	Me First	moved from 50 to level 1	R7	calls a random or borrowed move, too random like Metronome
SPECIES_GALARIAN_ARTICUNO	55	Hurricane	removed	R37	under 90% accuracy; Air Slash takes its place
SPECIES_GALARIAN_ARTICUNO	55	Air Slash	added	R37	in place of Hurricane
SPECIES_GALARIAN_MOLTRES	55	Hurricane	removed	R37	under 90% accuracy, beside Air Slash
SPECIES_GALARIAN_MOLTRES	65	Memento	moved from 65 to Galarian Moltres's egg list	R26	bad for the player, good for a trainer's fight
SPECIES_GALARIAN_MR_MIME	1	Protect	removed	R24	out of every player list
SPECIES_GALARIAN_MR_MIME	1	Misty Terrain	removed	removed	leaves the game or every player list
SPECIES_GALARIAN_MR_MIME	16	Ally Switch	removed	removed	leaves the game or every player list
SPECIES_GALARIAN_RAPIDASH	63	Healing Wish	moved from 63 to Ponyta's egg list	R26	bad for the player, good for a trainer's fight
SPECIES_GALARIAN_WEEZING	7	Grudge	removed	R7	a move Ian rates useless or terrible; a catch would know it at level 1
SPECIES_GALARIAN_WEEZING	12	Haze	removed	R7	a move Ian rates useless or terrible; a catch would know it at level 1
SPECIES_GALARIAN_WEEZING	34	Selfdestruct	moved from 34 to Koffing's egg list	R26	bad for the player, good for a trainer's fight
SPECIES_GALARIAN_WEEZING	55	Explosion	moved from 55 to Koffing's egg list	R26	bad for the player, good for a trainer's fight
SPECIES_GALARIAN_ZAPDOS	60	Detect	removed	R24	out of every player list
SPECIES_GALLADE	1	Double Team	removed	R24	out of every player list
SPECIES_GALLADE	1	Teleport	removed	removed	leaves the game or every player list
SPECIES_GALLADE	10	Double Team	removed	R24	out of every player list
SPECIES_GALLADE	12	Teleport	removed	removed	leaves the game or every player list
SPECIES_GALLADE	39	Feint	removed	removed	leaves the game or every player list
SPECIES_GALLADE	45	False Swipe	removed	catch-only	it helps only to catch: early or not at all (Ian, 2026-10-06)
SPECIES_GALLADE	50	Protect	removed	R24	out of every player list
SPECIES_GALVANTULA	1	Absorb	removed	dead weight	a weak attack that goes from every list (2026-09-27)
SPECIES_GALVANTULA	55	Thunder	removed	R37	under 90% accuracy, beside Thunderbolt
SPECIES_GARDEVOIR	1	Double Team	removed	R24	out of every player list
SPECIES_GARDEVOIR	1	Teleport	removed	removed	leaves the game or every player list
SPECIES_GARDEVOIR	10	Double Team	removed	R24	out of every player list
SPECIES_GARDEVOIR	12	Teleport	removed	removed	leaves the game or every player list
SPECIES_GARGANACL	54	Stone Edge	removed	R37	under 90% accuracy, beside Rock Slide
SPECIES_GARGANACL	60	Explosion	moved from 60 to Nacli's egg list	R26	bad for the player, good for a trainer's fight
SPECIES_GASTLY	40	Destiny Bond	moved from 40 to Gastly's egg list	R26	bad for the player, good for a trainer's fight
SPECIES_GASTRODON	1	Mud Sport	removed	R7	a move Ian rates useless or terrible; a catch would know it at level 1
SPECIES_GASTRODON	2	Mud Sport	removed	R7	a move Ian rates useless or terrible; a catch would know it at level 1
SPECIES_GENGAR	50	Destiny Bond	removed	R26	bad for the player, good for a trainer's fight; Gastly's egg list has it
SPECIES_GEODUDE	4	Mud Sport	removed	R7	a move Ian rates useless or terrible; a catch would know it at level 1
SPECIES_GEODUDE	18	Selfdestruct	moved from 18 to Geodude's egg list	R26	bad for the player, good for a trainer's fight
SPECIES_GEODUDE	32	Explosion	moved from 32 to Geodude's egg list	R26	bad for the player, good for a trainer's fight
SPECIES_GEODUDE	39	Stone Edge	removed	R37	under 90% accuracy; Rock Slide takes its place
SPECIES_GEODUDE	39	Rock Slide	added	R37	in place of Stone Edge
SPECIES_GIRATINA	80	Shadow Claw	removed	past the League	nothing is placed past 78
SPECIES_GIRATINA	90	Aura Sphere	removed	past the League	nothing is placed past 78
SPECIES_GLACEON	71	Blizzard	removed	R37	under 90% accuracy; Ice Beam takes its place
SPECIES_GLACEON	71	Ice Beam	added	R37	in place of Blizzard
SPECIES_GLALIE	1	Double Team	removed	R24	out of every player list
SPECIES_GLALIE	4	Double Team	removed	R24	out of every player list
SPECIES_GLALIE	22	Protect	removed	R24	out of every player list
SPECIES_GLALIE	51	Blizzard	removed	R37	under 90% accuracy, beside Ice Beam
SPECIES_GLALIE	59	Sheer Cold	removed	R24	out of every player list
SPECIES_GLAMEOW	29	Assist	removed	R7	calls a random or borrowed move, too random like Metronome; a catch would know it at level 1
SPECIES_GLIGAR	45	Guillotine	removed	R24	out of every player list
SPECIES_GLIMMET	29	Selfdestruct	moved from 29 to Glimmet's egg list	R26	bad for the player, good for a trainer's fight
SPECIES_GLIMMORA	1	Spiky Shield	removed	R24	out of every player list
SPECIES_GLIMMORA	29	Selfdestruct	removed	R26	bad for the player, good for a trainer's fight; Glimmet's egg list has it
SPECIES_GLISCOR	45	Guillotine	removed	R24	out of every player list
SPECIES_GLOOM	1	Absorb	removed	dead weight	a weak attack that goes from every list (2026-09-27)
SPECIES_GLOOM	1	Sweet Scent	moved from 5 to level 1	R7	a move Ian rates useless or terrible
SPECIES_GOLBAT	45	Haze	removed	R7	a move Ian rates useless or terrible; a catch would know it at level 1
SPECIES_GOLDEEN	31	Fury Attack	removed	removed	leaves the game or every player list
SPECIES_GOLDEEN	41	Horn Drill	removed	R24	out of every player list
SPECIES_GOLDEEN	51	Megahorn	kept for Ian	R37	under 90% accuracy, no accurate twin fits
SPECIES_GOLDUCK	56	Hydro Pump	removed	R37	under 90% accuracy; Muddy Water takes its place
SPECIES_GOLDUCK	56	Muddy Water	added	R37	in place of Hydro Pump
SPECIES_GOLEM	1	Mud Sport	removed	R7	a move Ian rates useless or terrible; a catch would know it at level 1
SPECIES_GOLEM	4	Mud Sport	removed	R7	a move Ian rates useless or terrible; a catch would know it at level 1
SPECIES_GOLEM	18	Selfdestruct	removed	R26	bad for the player, good for a trainer's fight; Geodude's egg list has it
SPECIES_GOLEM	38	Explosion	removed	R26	bad for the player, good for a trainer's fight; Geodude's egg list has it
SPECIES_GOLEM	49	Stone Edge	removed	R37	under 90% accuracy; Rock Slide takes its place
SPECIES_GOLEM	49	Rock Slide	added	R37	in place of Stone Edge
SPECIES_GOODRA	61	Power Whip	kept for Ian	R37	under 90% accuracy, no accurate twin fits
SPECIES_GOREBYSS	51	Hydro Pump	removed	R37	under 90% accuracy; Muddy Water takes its place
SPECIES_GOREBYSS	51	Muddy Water	added	R37	in place of Hydro Pump
SPECIES_GOTHITA	40	Telekinesis	removed	removed	leaves the game or every player list
SPECIES_GOTHITA	17	Confusion	moved from 3	R25	below 17, the lowest catch, which would not know it
SPECIES_GOTHITELLE	45	Telekinesis	removed	removed	leaves the game or every player list
SPECIES_GOTHORITA	43	Telekinesis	removed	removed	leaves the game or every player list
SPECIES_GRANBULL	1	Roar	moved from 27 to level 1	R18	Roar's use is on a wild catch, which this list's level never is
SPECIES_GRANBULL	35	Rage	removed	dead weight	a weak attack that goes from every list (2026-09-27)
SPECIES_GRAPPLOCT	1	Feint	removed	removed	leaves the game or every player list
SPECIES_GRAPPLOCT	15	Detect	removed	R24	out of every player list
SPECIES_GRAPPLOCT	30	Submission	removed	dead weight	a weak attack that goes from every list (2026-09-27)
SPECIES_GRAPPLOCT	50	Topsy-Turvy	removed	removed	leaves the game or every player list
SPECIES_GRAVELER	1	Mud Sport	removed	R7	a move Ian rates useless or terrible; a catch would know it at level 1
SPECIES_GRAVELER	4	Mud Sport	removed	R7	a move Ian rates useless or terrible; a catch would know it at level 1
SPECIES_GRAVELER	18	Selfdestruct	removed	R26	bad for the player, good for a trainer's fight; Geodude's egg list has it
SPECIES_GRAVELER	38	Explosion	removed	R26	bad for the player, good for a trainer's fight; Geodude's egg list has it
SPECIES_GRAVELER	49	Stone Edge	removed	R37	under 90% accuracy; Rock Slide takes its place
SPECIES_GRAVELER	49	Rock Slide	added	R37	in place of Stone Edge
SPECIES_GRENINJA	51	Gunk Shot	kept for Ian	R37	under 90% accuracy, no accurate twin fits
SPECIES_GRENINJA	55	Hydro Pump	removed	R37	under 90% accuracy, beside Scald
SPECIES_GRIMER	44	Gunk Shot	kept for Ian	R37	under 90% accuracy, no accurate twin fits
SPECIES_GRIMER	49	Memento	moved from 49 to Grimer's egg list	R26	bad for the player, good for a trainer's fight
SPECIES_GROTLE	9	Absorb	removed	dead weight	a weak attack that goes from every list (2026-09-27)
SPECIES_GROUDON	45	Fire Blast	removed	R37	under 90% accuracy; Lava Plume takes its place
SPECIES_GROUDON	45	Lava Plume	added	R37	in place of Fire Blast
SPECIES_GROUDON	60	Fissure	removed	R24	out of every player list
SPECIES_GROUDON	80	Eruption	removed	past the League	nothing is placed past 78
SPECIES_GROVYLE	1	Absorb	removed	dead weight	a weak attack that goes from every list (2026-09-27)
SPECIES_GROVYLE	6	Absorb	removed	dead weight	a weak attack that goes from every list (2026-09-27)
SPECIES_GROVYLE	47	Detect	removed	R24	out of every player list
SPECIES_GROVYLE	53	False Swipe	removed	catch-only	it helps only to catch: early or not at all (Ian, 2026-10-06)
SPECIES_GRUMPIG	1	Splash	removed	removed	leaves the game or every player list
SPECIES_GRUMPIG	29	Snore	removed	dead weight	a weak attack that goes from every list (2026-09-27)
SPECIES_GULPIN	1	Wring Out	moved from 49 to level 1	R7	a move Ian rates useless or terrible
SPECIES_GULPIN	54	Gunk Shot	kept for Ian	R37	under 90% accuracy, no accurate twin fits
SPECIES_GUZZLORD	66	Thrash	moved from 65	R9	at its one-turn worth (102) it fits Volkner's split; waits on the engine change
SPECIES_GYARADOS	38	Rain Dance	removed	weather	the player never controls weather
SPECIES_GYARADOS	41	Hydro Pump	removed	R37	under 90% accuracy; Muddy Water takes its place
SPECIES_GYARADOS	41	Muddy Water	added	R37	in place of Hydro Pump
SPECIES_GYARADOS_M	45	Hydro Pump	removed	R37	under 90% accuracy, beside Surf
SPECIES_GYARADOS_M	69	Outrage	moved from 53	R9	at its one-turn worth (112) it fits Barry's split; waits on the engine change
SPECIES_GYARADOS_M	67	Thrash	moved from 60	R9	at its one-turn worth (102) it fits Volkner's split; waits on the engine change
SPECIES_HAKAMO_O	9	Bide	removed	dead weight	a weak attack that goes from every list (2026-09-27)
SPECIES_HAKAMO_O	13	Protect	removed	R24	out of every player list
SPECIES_HAKAMO_O	1	Roar	moved from 39 to level 1	R18	Roar's use is on a wild catch, which this list's level never is
SPECIES_HAKAMO_O	61	Outrage	moved from 55	R9	at its one-turn worth (112) it fits Galactic's split; waits on the engine change
SPECIES_HAPPINY	5	Copycat	removed	R7	calls a random or borrowed move, too random like Metronome; a catch would know it at level 1
SPECIES_HAUNTER	50	Destiny Bond	removed	R26	bad for the player, good for a trainer's fight; Gastly's egg list has it
SPECIES_HAWLUCHA	4	Feint	removed	removed	leaves the game or every player list
SPECIES_HAWLUCHA	24	Submission	removed	dead weight	a weak attack that goes from every list (2026-09-27)
SPECIES_HAWLUCHA	48	Me First	removed	R7	calls a random or borrowed move, too random like Metronome; a catch would know it at level 1
SPECIES_HAWLUCHA	82	Brave Bird	removed	past the League	nothing is placed past 78
SPECIES_HAWLUCHA	83	Entrainment	removed	past the League	nothing is placed past 78
SPECIES_HAWLUCHA	27	Brick Break	moved from 8	R25	below 27, the lowest catch, which would not know it
SPECIES_HEATRAN	81	Heat Wave	removed	past the League	nothing is placed past 78
SPECIES_HEATRAN	88	Stone Edge	removed	past the League	nothing is placed past 78
SPECIES_HEATRAN	96	Magma Storm	removed	past the League	nothing is placed past 78
SPECIES_HERACROSS	7	Fury Attack	removed	removed	leaves the game or every player list
SPECIES_HERACROSS	49	Feint	removed	removed	leaves the game or every player list
SPECIES_HERACROSS	55	Megahorn	kept for Ian	R37	under 90% accuracy, no accurate twin fits
SPECIES_HIPPOPOTAS	50	Fissure	removed	R24	out of every player list
SPECIES_HIPPOWDON	60	Fissure	removed	R24	out of every player list
SPECIES_HISUIAN_GOODRA	55	Iron Tail	removed	R37	under 90% accuracy; Iron Head takes its place
SPECIES_HISUIAN_GOODRA	55	Iron Head	added	R37	in place of Iron Tail
SPECIES_HISUIAN_GOODRA	61	Power Whip	kept for Ian	R37	under 90% accuracy, no accurate twin fits
SPECIES_HISUIAN_SLIGGOO	1	Absorb	removed	dead weight	a weak attack that goes from every list (2026-09-27)
SPECIES_HISUIAN_SLIGGOO	15	Protect	removed	R24	out of every player list
SPECIES_HITMONCHAN	21	Feint	removed	removed	leaves the game or every player list
SPECIES_HITMONCHAN	41	Mega Punch	removed	R37	under 90% accuracy; Double-Edge takes its place
SPECIES_HITMONCHAN	41	Double-Edge	added	R37	in place of Mega Punch
SPECIES_HITMONCHAN	46	Detect	removed	R24	out of every player list
SPECIES_HITMONLEE	25	Feint	removed	removed	leaves the game or every player list
SPECIES_HITMONLEE	49	Mega Kick	removed	R37	under 90% accuracy; Body Slam takes its place
SPECIES_HITMONLEE	49	Body Slam	added	R37	in place of Mega Kick
SPECIES_HITMONTOP	33	Feint	removed	removed	leaves the game or every player list
SPECIES_HITMONTOP	46	Detect	removed	R24	out of every player list
SPECIES_HONCHKROW	1	Haze	removed	R7	a move Ian rates useless or terrible; a catch would know it at level 1
SPECIES_HOPPIP	1	Splash	removed	removed	leaves the game or every player list
SPECIES_HOPPIP	43	Memento	moved from 43 to Hoppip's egg list	R26	bad for the player, good for a trainer's fight
SPECIES_HORSEA	35	Hydro Pump	removed	R37	under 90% accuracy; Octazooka takes its place
SPECIES_HORSEA	35	Octazooka	added	R37	in place of Hydro Pump
SPECIES_HO_OH	29	Fire Blast	removed	R37	under 90% accuracy; Overheat takes its place
SPECIES_HO_OH	29	Overheat	added	R37	in place of Fire Blast
SPECIES_HO_OH	37	Sunny Day	removed	weather	the player never controls weather
SPECIES_HO_OH	79	Future Sight	removed	past the League	nothing is placed past 78
SPECIES_HO_OH	85	Sacred Fire	removed	past the League	nothing is placed past 78
SPECIES_HO_OH	93	Calm Mind	removed	past the League	nothing is placed past 78
SPECIES_HO_OH	99	Sky Attack	removed	past the League	nothing is placed past 78
SPECIES_HUNTAIL	51	Hydro Pump	removed	R37	under 90% accuracy; Muddy Water takes its place
SPECIES_HUNTAIL	51	Muddy Water	added	R37	in place of Hydro Pump
SPECIES_IGGLYBUFF	1	Copycat	moved from 17 to level 1	R7	calls a random or borrowed move, too random like Metronome
SPECIES_ILLUMISE	1	Sweet Scent	moved from 5 to level 1	R7	a move Ian rates useless or terrible
SPECIES_INCINEROAR	69	Outrage	moved from 64	R9	at its one-turn worth (112) it fits Barry's split; waits on the engine change
SPECIES_INCINEROAR	83	Fling	removed	past the League	nothing is placed past 78
SPECIES_INFERNAPE	29	Feint	removed	removed	leaves the game or every player list
SPECIES_IVYSAUR	1	Sweet Scent	moved from 23 to level 1	R7	a move Ian rates useless or terrible
SPECIES_JANGMO_O	9	Bide	removed	dead weight	a weak attack that goes from every list (2026-09-27)
SPECIES_JANGMO_O	13	Protect	removed	R24	out of every player list
SPECIES_JANGMO_O	37	Roar	removed	R18	Roar's use is on a wild catch, which this list's level never is; a catch would know it at level 1
SPECIES_JANGMO_O	61	Outrage	moved from 49	R9	at its one-turn worth (112) it fits Galactic's split; waits on the engine change
SPECIES_JELLICENT	1	Wring Out	removed	R7	a move Ian rates useless or terrible; a catch would know it at level 1
SPECIES_JELLICENT	1	Absorb	removed	dead weight	a weak attack that goes from every list (2026-09-27)
SPECIES_JELLICENT	45	Destiny Bond	removed	R26	bad for the player, good for a trainer's fight; Frillish's egg list has it
SPECIES_JIRACHI	1	Healing Wish	moved from 50 to level 1	R26	bad for the player, good for a trainer's fight
SPECIES_JOLTEON	71	Thunder	removed	R37	under 90% accuracy, beside Discharge
SPECIES_JOLTIK	1	Absorb	removed	dead weight	a weak attack that goes from every list (2026-09-27)
SPECIES_JUMPLUFF	1	Splash	removed	removed	leaves the game or every player list
SPECIES_JUMPLUFF	52	Memento	removed	R26	bad for the player, good for a trainer's fight; Hoppip's egg list has it
SPECIES_JYNX	44	Wring Out	removed	R7	a move Ian rates useless or terrible; a catch would know it at level 1
SPECIES_JYNX	55	Blizzard	removed	R37	under 90% accuracy; Ice Beam takes its place
SPECIES_JYNX	55	Ice Beam	added	R37	in place of Blizzard
SPECIES_KABUTO	6	Absorb	removed	dead weight	a weak attack that goes from every list (2026-09-27)
SPECIES_KABUTO	51	Wring Out	removed	R7	a move Ian rates useless or terrible; a catch would know it at level 1
SPECIES_KABUTOPS	1	Feint	removed	removed	leaves the game or every player list
SPECIES_KABUTOPS	1	Absorb	removed	dead weight	a weak attack that goes from every list (2026-09-27)
SPECIES_KABUTOPS	6	Absorb	removed	dead weight	a weak attack that goes from every list (2026-09-27)
SPECIES_KABUTOPS	1	Wring Out	moved from 63 to level 1	R7	a move Ian rates useless or terrible
SPECIES_KADABRA	1	Teleport	removed	removed	leaves the game or every player list
SPECIES_KANGASKHAN	19	Mega Punch	removed	R37	under 90% accuracy; Double-Edge takes its place
SPECIES_KANGASKHAN	19	Double-Edge	added	R37	in place of Mega Punch
SPECIES_KANGASKHAN	22	Rage	removed	dead weight	a weak attack that goes from every list (2026-09-27)
SPECIES_KANGASKHAN	66	Outrage	moved from 37	R9	at its one-turn worth (112) it fits Volkner's split; waits on the engine change
SPECIES_KARTANA	30	Detect	removed	R24	out of every player list
SPECIES_KARTANA	70	Guillotine	removed	R24	out of every player list
SPECIES_KECLEON	4	Bind	removed	R37	under 90% accuracy; Body Slam takes its place
SPECIES_KECLEON	4	Body Slam	added	R37	in place of Bind
SPECIES_KECLEON	14	Feint	removed	removed	leaves the game or every player list
SPECIES_KINGDRA	40	Hydro Pump	removed	R37	under 90% accuracy; Octazooka takes its place
SPECIES_KINGDRA	40	Octazooka	added	R37	in place of Hydro Pump
SPECIES_KINGLER	1	Mud Sport	removed	R7	a move Ian rates useless or terrible; a catch would know it at level 1
SPECIES_KINGLER	32	Protect	removed	R24	out of every player list
SPECIES_KINGLER	37	Guillotine	removed	R24	out of every player list
SPECIES_KIRLIA	1	Double Team	removed	R24	out of every player list
SPECIES_KIRLIA	1	Teleport	removed	removed	leaves the game or every player list
SPECIES_KIRLIA	10	Double Team	removed	R24	out of every player list
SPECIES_KIRLIA	12	Teleport	removed	removed	leaves the game or every player list
SPECIES_KLEAVOR	48	Stone Edge	removed	R37	under 90% accuracy; Rock Slide takes its place
SPECIES_KLEAVOR	48	Rock Slide	added	R37	in place of Stone Edge
SPECIES_KLEFKI	1	Fairy Lock	removed	removed	leaves the game or every player list
SPECIES_KOFFING	19	Selfdestruct	removed	R26	bad for the player, good for a trainer's fight; Koffing's egg list has it
SPECIES_KOFFING	28	Haze	removed	R7	a move Ian rates useless or terrible; a catch would know it at level 1
SPECIES_KOFFING	37	Explosion	removed	R26	bad for the player, good for a trainer's fight; Koffing's egg list has it
SPECIES_KOFFING	46	Destiny Bond	removed	R26	bad for the player, good for a trainer's fight; Koffing's egg list has it
SPECIES_KOFFING	51	Memento	moved from 51 to Koffing's egg list	R26	bad for the player, good for a trainer's fight
SPECIES_KOMMO_O	9	Bide	removed	dead weight	a weak attack that goes from every list (2026-09-27)
SPECIES_KOMMO_O	13	Protect	removed	R24	out of every player list
SPECIES_KOMMO_O	1	Roar	moved from 39 to level 1	R18	Roar's use is on a wild catch, which this list's level never is
SPECIES_KRABBY	1	Mud Sport	removed	R7	a move Ian rates useless or terrible; a catch would know it at level 1
SPECIES_KRABBY	29	Protect	removed	R24	out of every player list
SPECIES_KRABBY	31	Guillotine	removed	R24	out of every player list
SPECIES_KRICKETOT	1	Bide	removed	dead weight	a weak attack that goes from every list (2026-09-27)
SPECIES_KRICKETUNE	1	Bide	removed	dead weight	a weak attack that goes from every list (2026-09-27)
SPECIES_KYOGRE	45	Hydro Pump	removed	R37	under 90% accuracy; Origin Pulse takes its place
SPECIES_KYOGRE	45	Origin Pulse	added	R37	in place of Hydro Pump
SPECIES_KYOGRE	60	Sheer Cold	removed	R24	out of every player list
SPECIES_KYOGRE	80	Water Spout	removed	past the League	nothing is placed past 78
SPECIES_LAIRON	1	Roar	moved from 22 to level 1	R18	Roar's use is on a wild catch, which this list's level never is
SPECIES_LAIRON	34	Protect	removed	R24	out of every player list
SPECIES_LAIRON	45	Iron Tail	removed	R37	under 90% accuracy, beside Iron Head
SPECIES_LAMPENT	40	Memento	removed	R26	bad for the player, good for a trainer's fight; Litwick's egg list has it
SPECIES_LANTURN	52	Hydro Pump	removed	R37	under 90% accuracy; Muddy Water takes its place
SPECIES_LANTURN	52	Muddy Water	added	R37	in place of Hydro Pump
SPECIES_LAPRAS	49	Hydro Pump	removed	R37	under 90% accuracy; Muddy Water takes its place
SPECIES_LAPRAS	49	Muddy Water	added	R37	in place of Hydro Pump
SPECIES_LAPRAS	55	Sheer Cold	removed	R24	out of every player list
SPECIES_LAPRAS	33	Confuse Ray	moved from 7	R25	below 32, the lowest catch, which would not know it
SPECIES_LARVESTA	82	Flare Blitz	removed	past the League	nothing is placed past 78
SPECIES_LARVITAR	61	Thrash	moved from 23	R9	at its one-turn worth (102) it fits Galactic's split; waits on the engine change
SPECIES_LARVITAR	46	Stone Edge	removed	R37	under 90% accuracy, beside Rock Slide
SPECIES_LATIAS	1	Healing Wish	moved from 60 to level 1	R26	bad for the player, good for a trainer's fight
SPECIES_LATIOS	25	Protect	removed	R24	out of every player list
SPECIES_LATIOS	1	Memento	moved from 60 to level 1	R26	bad for the player, good for a trainer's fight
SPECIES_LEDIAN	9	Comet Punch	removed	R37	under 90% accuracy, beside Double-Edge
SPECIES_LEDYBA	9	Comet Punch	removed	R37	under 90% accuracy, beside Double-Edge
SPECIES_LICKILICKY	17	Wrap	removed	dead weight	a weak attack that goes from every list (2026-09-27)
SPECIES_LICKILICKY	1	Me First	moved from 37 to level 1	R7	calls a random or borrowed move, too random like Metronome
SPECIES_LICKILICKY	49	Power Whip	kept for Ian	R37	under 90% accuracy, no accurate twin fits
SPECIES_LICKILICKY	1	Wring Out	moved from 53 to level 1	R7	a move Ian rates useless or terrible
SPECIES_LICKITUNG	17	Wrap	removed	dead weight	a weak attack that goes from every list (2026-09-27)
SPECIES_LICKITUNG	37	Me First	removed	R7	calls a random or borrowed move, too random like Metronome; a catch would know it at level 1
SPECIES_LICKITUNG	49	Power Whip	kept for Ian	R37	under 90% accuracy, no accurate twin fits
SPECIES_LICKITUNG	53	Wring Out	removed	R7	a move Ian rates useless or terrible; a catch would know it at level 1
SPECIES_LIEPARD	6	Assist	removed	R7	calls a random or borrowed move, too random like Metronome; a catch would know it at level 1
SPECIES_LILEEP	1	Constrict	removed	dead weight	a weak attack that goes from every list (2026-09-27)
SPECIES_LILEEP	15	Ingrain	removed	R24	out of every player list
SPECIES_LILEEP	64	Wring Out	removed	R7	a move Ian rates useless or terrible; a catch would know it at level 1
SPECIES_LINOONE	1	Mud Sport	moved from 23 to level 1	R7	a move Ian rates useless or terrible
SPECIES_LITTEN	66	Outrage	moved from 56	R9	at its one-turn worth (112) it fits Volkner's split; waits on the engine change
SPECIES_LITWICK	40	Memento	removed	R26	bad for the player, good for a trainer's fight; Litwick's egg list has it
SPECIES_LOMBRE	5	Absorb	removed	dead weight	a weak attack that goes from every list (2026-09-27)
SPECIES_LOMBRE	7	Nature Power	removed	R7	calls a random or borrowed move, too random like Metronome; a catch would know it at level 1
SPECIES_LOMBRE	45	Hydro Pump	removed	R37	under 90% accuracy; Muddy Water takes its place
SPECIES_LOMBRE	45	Muddy Water	added	R37	in place of Hydro Pump
SPECIES_LOPUNNY	1	Splash	removed	removed	leaves the game or every player list
SPECIES_LOPUNNY	53	Healing Wish	removed	R26	bad for the player, good for a trainer's fight; Buneary's egg list has it
SPECIES_LOPUNNY_M	1	Splash	removed	removed	leaves the game or every player list
SPECIES_LOPUNNY_M	1	Copycat	moved from 42 to level 1	R7	calls a random or borrowed move, too random like Metronome
SPECIES_LOPUNNY_M	83	Encore	removed	past the League	nothing is placed past 78
SPECIES_LOTAD	5	Absorb	removed	dead weight	a weak attack that goes from every list (2026-09-27)
SPECIES_LOTAD	7	Nature Power	removed	R7	calls a random or borrowed move, too random like Metronome; a catch would know it at level 1
SPECIES_LOUDRED	1	Roar	moved from 43 to level 1	R18	Roar's use is on a wild catch, which this list's level never is
SPECIES_LOUDRED	1	Sleep Talk	moved from 51 to level 1	R7	calls a random or borrowed move, too random like Metronome
SPECIES_LUCARIO	1	Detect	removed	R24	out of every player list
SPECIES_LUCARIO	15	Feint	removed	removed	leaves the game or every player list
SPECIES_LUCARIO	1	Me First	moved from 29 to level 1	R7	calls a random or borrowed move, too random like Metronome
SPECIES_LUGIA	29	Hydro Pump	removed	R37	under 90% accuracy; Surf takes its place
SPECIES_LUGIA	29	Surf	added	R37	in place of Hydro Pump
SPECIES_LUGIA	37	Rain Dance	removed	weather	the player never controls weather
SPECIES_LUGIA	79	Future Sight	removed	past the League	nothing is placed past 78
SPECIES_LUGIA	93	Calm Mind	removed	past the League	nothing is placed past 78
SPECIES_LUGIA	99	Sky Attack	removed	past the League	nothing is placed past 78
SPECIES_LUNATONE	1	Explosion	moved from 56 to level 1	R26	bad for the player, good for a trainer's fight
SPECIES_LUNATONE	32	Rock Throw	moved from 9	R25	below 31, the lowest catch, which would not know it
SPECIES_LURANTIS	1	Ingrain	removed	R24	out of every player list
SPECIES_LURANTIS	19	Ingrain	removed	R24	out of every player list
SPECIES_LURANTIS	29	Sweet Scent	removed	R7	a move Ian rates useless or terrible; a catch would know it at level 1
SPECIES_LUXIO	1	Roar	moved from 23 to level 1	R18	Roar's use is on a wild catch, which this list's level never is
SPECIES_LUXRAY	1	Submission	removed	dead weight	a weak attack that goes from every list (2026-09-27)
SPECIES_MACHAMP	32	Submission	removed	dead weight	a weak attack that goes from every list (2026-09-27)
SPECIES_MACHAMP	40	Cross Chop	removed	R37	under 90% accuracy; Close Combat takes its place
SPECIES_MACHAMP	40	Close Combat	added	R37	in place of Cross Chop
SPECIES_MACHAMP	51	DynamicPunch	removed	R37	under 90% accuracy, beside Close Combat
SPECIES_MACHOKE	32	Submission	removed	dead weight	a weak attack that goes from every list (2026-09-27)
SPECIES_MACHOKE	40	Cross Chop	removed	R37	under 90% accuracy; Close Combat takes its place
SPECIES_MACHOKE	40	Close Combat	added	R37	in place of Cross Chop
SPECIES_MACHOKE	51	DynamicPunch	removed	R37	under 90% accuracy, beside Close Combat
SPECIES_MACHOP	31	Submission	removed	dead weight	a weak attack that goes from every list (2026-09-27)
SPECIES_MACHOP	37	Cross Chop	removed	R37	under 90% accuracy; Close Combat takes its place
SPECIES_MACHOP	37	Close Combat	added	R37	in place of Cross Chop
SPECIES_MACHOP	46	DynamicPunch	removed	R37	under 90% accuracy, beside Close Combat
SPECIES_MAGBY	46	Fire Blast	removed	R37	under 90% accuracy; Overheat takes its place
SPECIES_MAGBY	46	Overheat	added	R37	in place of Fire Blast
SPECIES_MAGEARNA	24	Magnetic Flux	removed	removed	leaves the game or every player list
SPECIES_MAGEARNA	84	Zap Cannon	removed	past the League	nothing is placed past 78
SPECIES_MAGEARNA	90	Fleur Cannon	removed	past the League	nothing is placed past 78
SPECIES_MAGIKARP	1	Splash	removed	removed	leaves the game or every player list
SPECIES_MAGMAR	54	Fire Blast	removed	R37	under 90% accuracy; Overheat takes its place
SPECIES_MAGMAR	54	Overheat	added	R37	in place of Fire Blast
SPECIES_MAGMORTAR	58	Fire Blast	removed	R37	under 90% accuracy; Overheat takes its place
SPECIES_MAGMORTAR	58	Overheat	added	R37	in place of Fire Blast
SPECIES_MAGNEMITE	54	Zap Cannon	removed	R37	under 90% accuracy; Thunderbolt takes its place
SPECIES_MAGNEMITE	54	Thunderbolt	added	R37	in place of Zap Cannon
SPECIES_MAGNETON	60	Zap Cannon	removed	R37	under 90% accuracy; Thunderbolt takes its place
SPECIES_MAGNETON	60	Thunderbolt	added	R37	in place of Zap Cannon
SPECIES_MAGNEZONE	60	Zap Cannon	removed	R37	under 90% accuracy; Thunderbolt takes its place
SPECIES_MAGNEZONE	60	Thunderbolt	added	R37	in place of Zap Cannon
SPECIES_MAMOSWINE	1	Mud Sport	moved from 4 to level 1	R7	a move Ian rates useless or terrible
SPECIES_MAMOSWINE	56	Blizzard	removed	R37	under 90% accuracy; Ice Beam takes its place
SPECIES_MAMOSWINE	56	Ice Beam	added	R37	in place of Blizzard
SPECIES_MANDIBUZZ	1	Fury Attack	removed	removed	leaves the game or every player list
SPECIES_MANDIBUZZ	5	Fury Attack	removed	removed	leaves the game or every player list
SPECIES_MANDIBUZZ	1	Whirlwind	moved from 45 to level 1	R18	Roar's use is on a wild catch, which this list's level never is
SPECIES_MANECTRIC	1	Roar	moved from 42 to level 1	R18	Roar's use is on a wild catch, which this list's level never is
SPECIES_MANECTRIC	61	Thunder	removed	R37	under 90% accuracy; Thunderbolt takes its place
SPECIES_MANECTRIC	61	Thunderbolt	added	R37	in place of Thunder
SPECIES_MANKEY	37	Cross Chop	removed	R37	under 90% accuracy, beside Close Combat
SPECIES_MANKEY	61	Thrash	moved from 41	R9	at its one-turn worth (102) it fits Galactic's split; waits on the engine change
SPECIES_MANTINE	49	Hydro Pump	removed	R37	under 90% accuracy; Scald takes its place
SPECIES_MANTINE	49	Scald	added	R37	in place of Hydro Pump
SPECIES_MANTYKE	49	Hydro Pump	removed	R37	under 90% accuracy; Scald takes its place
SPECIES_MANTYKE	49	Scald	added	R37	in place of Hydro Pump
SPECIES_MAREEP	46	Thunder	removed	R37	under 90% accuracy; Thunderbolt takes its place
SPECIES_MAREEP	46	Thunderbolt	added	R37	in place of Thunder
SPECIES_MARILL	42	Hydro Pump	removed	R37	under 90% accuracy; Muddy Water takes its place
SPECIES_MARILL	42	Muddy Water	added	R37	in place of Hydro Pump
SPECIES_MAROWAK	7	Bone Club	removed	R37	under 90% accuracy; Earthquake takes its place
SPECIES_MAROWAK	7	Earthquake	added	R37	in place of Bone Club
SPECIES_MAROWAK	23	Rage	removed	dead weight	a weak attack that goes from every list (2026-09-27)
SPECIES_MAROWAK	61	Thrash	moved from 33	R9	at its one-turn worth (102) it fits Galactic's split; waits on the engine change
SPECIES_MARSHTOMP	15	Bide	removed	dead weight	a weak attack that goes from every list (2026-09-27)
SPECIES_MARSHTOMP	42	Protect	removed	R24	out of every player list
SPECIES_MASQUERAIN	1	Sweet Scent	removed	R7	a move Ian rates useless or terrible; a catch would know it at level 1
SPECIES_MASQUERAIN	13	Sweet Scent	removed	R7	a move Ian rates useless or terrible; a catch would know it at level 1
SPECIES_MASQUERAIN	54	Whirlwind	removed	R18	Roar's use is on a wild catch, which this list's level never is; a catch would know it at level 1
SPECIES_MAWILE	16	Sweet Scent	removed	R7	a move Ian rates useless or terrible; a catch would know it at level 1
SPECIES_MEDICHAM	1	Bide	removed	dead weight	a weak attack that goes from every list (2026-09-27)
SPECIES_MEDICHAM	1	Detect	removed	R24	out of every player list
SPECIES_MEDICHAM	11	Detect	removed	R24	out of every player list
SPECIES_MEDICHAM	22	Feint	removed	removed	leaves the game or every player list
SPECIES_MEDITITE	1	Bide	removed	dead weight	a weak attack that goes from every list (2026-09-27)
SPECIES_MEDITITE	11	Detect	removed	R24	out of every player list
SPECIES_MEDITITE	22	Feint	removed	removed	leaves the game or every player list
SPECIES_MEGANIUM	45	Petal Dance	moved from 32	R9	at its one-turn worth (100) it fits Byron's split; waits on the engine change
SPECIES_MEGANIUM	1	Sweet Scent	moved from 34 to level 1	R7	a move Ian rates useless or terrible
SPECIES_MELOETTA	85	Perish Song	removed	past the League	nothing is placed past 78
SPECIES_MEOWTH	54	Feint	removed	removed	leaves the game or every player list
SPECIES_MESPRIT	16	Protect	removed	R24	out of every player list
SPECIES_MESPRIT	1	Copycat	moved from 61 to level 1	R7	calls a random or borrowed move, too random like Metronome
SPECIES_MESPRIT	1	Healing Wish	moved from 76 to level 1	R26	bad for the player, good for a trainer's fight
SPECIES_MEW	10	Mega Punch	removed	R37	under 90% accuracy; Double-Edge takes its place
SPECIES_MEW	10	Double-Edge	added	R37	in place of Mega Punch
SPECIES_MEW	1	Metronome	moved from 20 to level 1	R7	a move Ian rates useless or terrible
SPECIES_MEW	1	Me First	moved from 70 to level 1	R7	calls a random or borrowed move, too random like Metronome
SPECIES_MEW	80	Baton Pass	removed	past the League	nothing is placed past 78
SPECIES_MEW	90	Nasty Plot	removed	past the League	nothing is placed past 78
SPECIES_MEW	100	Aura Sphere	removed	past the League	nothing is placed past 78
SPECIES_MEWTWO	1	Me First	moved from 79 to level 1	R7	calls a random or borrowed move, too random like Metronome
SPECIES_MEWTWO	86	Recover	removed	past the League	nothing is placed past 78
SPECIES_MEWTWO	93	Safeguard	removed	past the League	nothing is placed past 78
SPECIES_MEWTWO	100	Aura Sphere	removed	past the League	nothing is placed past 78
SPECIES_MIENFOO	40	Me First	removed	R7	calls a random or borrowed move, too random like Metronome; a catch would know it at level 1
SPECIES_MIENFOO	50	Focus Blast	removed	R37	under 90% accuracy, beside Aura Sphere
SPECIES_MIENSHAO	40	Me First	removed	R7	calls a random or borrowed move, too random like Metronome; a catch would know it at level 1
SPECIES_MIENSHAO	51	Focus Blast	removed	R37	under 90% accuracy, beside Aura Sphere
SPECIES_MILOTIC	1	Wrap	removed	dead weight	a weak attack that goes from every list (2026-09-27)
SPECIES_MILOTIC	37	Hydro Pump	removed	R37	under 90% accuracy; Surf takes its place
SPECIES_MILOTIC	37	Surf	added	R37	in place of Hydro Pump
SPECIES_MILTANK	15	Bide	removed	dead weight	a weak attack that goes from every list (2026-09-27)
SPECIES_MIME_JR	4	Copycat	removed	R7	calls a random or borrowed move, too random like Metronome; a catch would know it at level 1
SPECIES_MIME_JR	23	Encore	moved from 11	R25	below 23, the lowest catch, which would not know it
SPECIES_MINUN	24	Copycat	removed	R7	calls a random or borrowed move, too random like Metronome; a catch would know it at level 1
SPECIES_MINUN	38	Thunder	removed	R37	under 90% accuracy; Thunderbolt takes its place
SPECIES_MINUN	38	Thunderbolt	added	R37	in place of Thunder
SPECIES_MISDREAVUS	46	Grudge	removed	R7	a move Ian rates useless or terrible; a catch would know it at level 1
SPECIES_MONFERNO	26	Feint	removed	removed	leaves the game or every player list
SPECIES_MOTHIM	10	Protect	removed	R24	out of every player list
SPECIES_MR_MIME	1	Copycat	moved from 4 to level 1	R7	calls a random or borrowed move, too random like Metronome
SPECIES_MR_RIME	1	Protect	removed	R24	out of every player list
SPECIES_MR_RIME	1	Misty Terrain	removed	removed	leaves the game or every player list
SPECIES_MR_RIME	16	Ally Switch	removed	removed	leaves the game or every player list
SPECIES_MUDKIP	15	Bide	removed	dead weight	a weak attack that goes from every list (2026-09-27)
SPECIES_MUDKIP	24	Mud Sport	removed	R7	a move Ian rates useless or terrible; a catch would know it at level 1
SPECIES_MUDKIP	37	Protect	removed	R24	out of every player list
SPECIES_MUDKIP	42	Hydro Pump	removed	R37	under 90% accuracy; Muddy Water takes its place
SPECIES_MUDKIP	42	Muddy Water	added	R37	in place of Hydro Pump
SPECIES_MUK	54	Gunk Shot	kept for Ian	R37	under 90% accuracy, no accurate twin fits
SPECIES_MUK	65	Memento	removed	R26	bad for the player, good for a trainer's fight; Grimer's egg list has it
SPECIES_MUNCHLAX	1	Metronome	removed	R7	a move Ian rates useless or terrible; a catch would know it at level 1
SPECIES_MURKROW	11	Haze	removed	R7	a move Ian rates useless or terrible; a catch would know it at level 1
SPECIES_NACLI	45	Stone Edge	removed	R37	under 90% accuracy, beside Rock Slide
SPECIES_NACLSTACK	51	Stone Edge	removed	R37	under 90% accuracy, beside Rock Slide
SPECIES_NAGANADEL	7	Fury Attack	removed	removed	leaves the game or every player list
SPECIES_NATU	9	Teleport	removed	removed	leaves the game or every player list
SPECIES_NATU	1	Me First	moved from 20 to level 1	R7	calls a random or borrowed move, too random like Metronome
SPECIES_NIDOKING	66	Thrash	moved from 23	R9	at its one-turn worth (102) it fits Volkner's split; waits on the engine change
SPECIES_NIDOKING	58	Megahorn	kept for Ian	R37	under 90% accuracy, no accurate twin fits
SPECIES_NIDORAN_M	19	Fury Attack	removed	removed	leaves the game or every player list
SPECIES_NIDORAN_M	45	Horn Drill	removed	R24	out of every player list
SPECIES_NIDORINO	20	Fury Attack	removed	removed	leaves the game or every player list
SPECIES_NIDORINO	58	Horn Drill	removed	R24	out of every player list
SPECIES_NIHILEGO	1	Wrap	removed	dead weight	a weak attack that goes from every list (2026-09-27)
SPECIES_NIHILEGO	70	Head Smash	kept for Ian	R37	under 90% accuracy, no accurate twin fits
SPECIES_NINJASK	20	Double Team	removed	R24	out of every player list
SPECIES_NOSEPASS	61	Stone Edge	removed	R37	under 90% accuracy, beside Rock Slide
SPECIES_NOSEPASS	67	Zap Cannon	removed	R37	under 90% accuracy, beside Discharge
SPECIES_NOSEPASS	79	Earth Power	removed	past the League	nothing is placed past 78
SPECIES_NUZLEAF	13	Nature Power	removed	R7	calls a random or borrowed move, too random like Metronome; a catch would know it at level 1
SPECIES_NUZLEAF	37	Razor Wind	removed	dead weight	a weak attack that goes from every list (2026-09-27)
SPECIES_OCTILLERY	1	Constrict	removed	dead weight	a weak attack that goes from every list (2026-09-27)
SPECIES_OCTILLERY	6	Constrict	removed	dead weight	a weak attack that goes from every list (2026-09-27)
SPECIES_OCTILLERY	36	Wring Out	removed	R7	a move Ian rates useless or terrible; a catch would know it at level 1
SPECIES_ODDISH	1	Absorb	removed	dead weight	a weak attack that goes from every list (2026-09-27)
SPECIES_ODDISH	1	Sweet Scent	moved from 5 to level 1	R7	a move Ian rates useless or terrible
SPECIES_ODDISH	45	Petal Dance	moved from 41	R9	at its one-turn worth (100) it fits Byron's split; waits on the engine change
SPECIES_OMANYTE	1	Constrict	removed	dead weight	a weak attack that goes from every list (2026-09-27)
SPECIES_OMANYTE	34	Protect	removed	R24	out of every player list
SPECIES_OMANYTE	52	Hydro Pump	removed	R37	under 90% accuracy; Muddy Water takes its place
SPECIES_OMANYTE	52	Muddy Water	added	R37	in place of Hydro Pump
SPECIES_OMASTAR	1	Constrict	removed	dead weight	a weak attack that goes from every list (2026-09-27)
SPECIES_OMASTAR	34	Protect	removed	R24	out of every player list
SPECIES_OMASTAR	67	Hydro Pump	removed	R37	under 90% accuracy; Muddy Water takes its place
SPECIES_OMASTAR	67	Muddy Water	added	R37	in place of Hydro Pump
SPECIES_ONIX	1	Mud Sport	removed	R7	a move Ian rates useless or terrible; a catch would know it at level 1
SPECIES_ONIX	14	Rage	removed	dead weight	a weak attack that goes from every list (2026-09-27)
SPECIES_ONIX	41	Iron Tail	removed	R37	under 90% accuracy; Iron Head takes its place
SPECIES_ONIX	41	Iron Head	added	R37	in place of Iron Tail
SPECIES_ONIX	54	Stone Edge	removed	R37	under 90% accuracy; Rock Slide takes its place
SPECIES_ONIX	54	Rock Slide	added	R37	in place of Stone Edge
SPECIES_PACHIRISU	1	Bide	removed	dead weight	a weak attack that goes from every list (2026-09-27)
SPECIES_PALKIA	80	Aqua Tail	removed	past the League	nothing is placed past 78
SPECIES_PALKIA	90	Aura Sphere	removed	past the League	nothing is placed past 78
SPECIES_PALOSSAND	1	Absorb	removed	dead weight	a weak attack that goes from every list (2026-09-27)
SPECIES_PELIPPER	25	Protect	removed	R24	out of every player list
SPECIES_PELIPPER	57	Hydro Pump	removed	R37	under 90% accuracy; Muddy Water takes its place
SPECIES_PELIPPER	57	Muddy Water	added	R37	in place of Hydro Pump
SPECIES_PERSIAN	68	Feint	removed	removed	leaves the game or every player list
SPECIES_PHEROMOSA	1	Feint	removed	removed	leaves the game or every player list
SPECIES_PHEROMOSA	55	Speed Swap	removed	removed	leaves the game or every player list
SPECIES_PHEROMOSA	51	Bug Bite	moved from 15	R25	below 50, the lowest catch, which would not know it
SPECIES_PHIONE	69	Rain Dance	removed	weather	the player never controls weather
SPECIES_PIDGEOT	1	Whirlwind	moved from 17 to level 1	R18	Roar's use is on a wild catch, which this list's level never is
SPECIES_PIDGEOTTO	1	Whirlwind	moved from 17 to level 1	R18	Roar's use is on a wild catch, which this list's level never is
SPECIES_PIDGEY	1	Whirlwind	moved from 17 to level 1	R18	Roar's use is on a wild catch, which this list's level never is
SPECIES_PIKACHU	18	Double Team	removed	R24	out of every player list
SPECIES_PIKACHU	29	Feint	removed	removed	leaves the game or every player list
SPECIES_PIKACHU	45	Thunder	removed	R37	under 90% accuracy, beside Thunderbolt
SPECIES_PIKIPEK	21	Fury Attack	removed	removed	leaves the game or every player list
SPECIES_PILOSWINE	1	Mud Sport	moved from 4 to level 1	R7	a move Ian rates useless or terrible
SPECIES_PILOSWINE	33	Fury Attack	removed	removed	leaves the game or every player list
SPECIES_PILOSWINE	56	Blizzard	removed	R37	under 90% accuracy; Ice Beam takes its place
SPECIES_PILOSWINE	56	Ice Beam	added	R37	in place of Blizzard
SPECIES_PINECO	1	Protect	removed	R24	out of every player list
SPECIES_PINECO	6	Selfdestruct	removed	R26	bad for the player, good for a trainer's fight; Pineco's egg list has it
SPECIES_PINECO	20	Bide	removed	dead weight	a weak attack that goes from every list (2026-09-27)
SPECIES_PINECO	34	Explosion	removed	R26	bad for the player, good for a trainer's fight; Pineco's egg list has it
SPECIES_PINSIR	4	Bind	removed	R37	under 90% accuracy; Body Slam takes its place
SPECIES_PINSIR	4	Body Slam	added	R37	in place of Bind
SPECIES_PINSIR	66	Thrash	moved from 35	R9	at its one-turn worth (102) it fits Volkner's split; waits on the engine change
SPECIES_PINSIR	42	Submission	removed	dead weight	a weak attack that goes from every list (2026-09-27)
SPECIES_PINSIR	47	Guillotine	removed	R24	out of every player list
SPECIES_PIPLUP	22	Bide	removed	dead weight	a weak attack that goes from every list (2026-09-27)
SPECIES_PIPLUP	25	Fury Attack	removed	removed	leaves the game or every player list
SPECIES_PIPLUP	43	Hydro Pump	removed	R37	under 90% accuracy; Surf takes its place
SPECIES_PIPLUP	43	Surf	added	R37	in place of Hydro Pump
SPECIES_PLUSLE	24	Copycat	removed	R7	calls a random or borrowed move, too random like Metronome; a catch would know it at level 1
SPECIES_PLUSLE	38	Thunder	removed	R37	under 90% accuracy; Thunderbolt takes its place
SPECIES_PLUSLE	38	Thunderbolt	added	R37	in place of Thunder
SPECIES_POIPOLE	7	Fury Attack	removed	removed	leaves the game or every player list
SPECIES_POLIWAG	38	Hydro Pump	removed	R37	under 90% accuracy; Muddy Water takes its place
SPECIES_POLIWAG	38	Muddy Water	added	R37	in place of Hydro Pump
SPECIES_POLIWHIRL	48	Hydro Pump	removed	R37	under 90% accuracy; Muddy Water takes its place
SPECIES_POLIWHIRL	48	Muddy Water	added	R37	in place of Hydro Pump
SPECIES_POLIWRATH	1	Submission	removed	dead weight	a weak attack that goes from every list (2026-09-27)
SPECIES_POLIWRATH	43	DynamicPunch	removed	R37	under 90% accuracy; Brick Break takes its place
SPECIES_POLIWRATH	43	Brick Break	added	R37	in place of DynamicPunch
SPECIES_POLTEAGEIST	1	Aromatic Mist	removed	removed	leaves the game or every player list
SPECIES_POLTEAGEIST	18	Protect	removed	R24	out of every player list
SPECIES_POLTEAGEIST	54	Memento	moved from 54 to Sinistea's egg list	R26	bad for the player, good for a trainer's fight
SPECIES_PONYTA	37	Fire Blast	removed	R37	under 90% accuracy; Heat Wave takes its place
SPECIES_PONYTA	37	Heat Wave	added	R37	in place of Fire Blast
SPECIES_POOCHYENA	21	Roar	removed	R18	Roar's use is on a wild catch, which this list's level never is; a catch would know it at level 1
SPECIES_POPPLIO	63	Hydro Pump	removed	R37	under 90% accuracy; Sparkling Aria takes its place
SPECIES_POPPLIO	63	Sparkling Aria	added	R37	in place of Hydro Pump
SPECIES_PORYGON	62	Zap Cannon	removed	R37	under 90% accuracy, beside Discharge
SPECIES_PORYGON2	62	Zap Cannon	removed	R37	under 90% accuracy, beside Discharge
SPECIES_PORYGON_Z	62	Zap Cannon	removed	R37	under 90% accuracy, beside Discharge
SPECIES_PRIMARINA	70	Hydro Pump	removed	R37	under 90% accuracy, beside Sparkling Aria
SPECIES_PRIMEAPE	28	Rage	removed	dead weight	a weak attack that goes from every list (2026-09-27)
SPECIES_PRIMEAPE	41	Cross Chop	removed	R37	under 90% accuracy, beside Close Combat
SPECIES_PRIMEAPE	66	Thrash	moved from 47	R9	at its one-turn worth (102) it fits Volkner's split; waits on the engine change
SPECIES_PRINPLUP	24	Bide	removed	dead weight	a weak attack that goes from every list (2026-09-27)
SPECIES_PRINPLUP	28	Fury Attack	removed	removed	leaves the game or every player list
SPECIES_PRINPLUP	51	Hydro Pump	removed	R37	under 90% accuracy; Surf takes its place
SPECIES_PRINPLUP	51	Surf	added	R37	in place of Hydro Pump
SPECIES_PROBOPASS	61	Stone Edge	removed	R37	under 90% accuracy, beside Rock Slide
SPECIES_PROBOPASS	67	Zap Cannon	removed	R37	under 90% accuracy, beside Discharge
SPECIES_PROBOPASS	79	Earth Power	removed	past the League	nothing is placed past 78
SPECIES_PSYDUCK	48	Hydro Pump	removed	R37	under 90% accuracy; Muddy Water takes its place
SPECIES_PSYDUCK	48	Muddy Water	added	R37	in place of Hydro Pump
SPECIES_PUPITAR	61	Thrash	moved from 23	R9	at its one-turn worth (102) it fits Galactic's split; waits on the engine change
SPECIES_PUPITAR	54	Stone Edge	removed	R37	under 90% accuracy, beside Rock Slide
SPECIES_PURRLOIN	6	Assist	removed	R7	calls a random or borrowed move, too random like Metronome; a catch would know it at level 1
SPECIES_PURUGLY	29	Assist	removed	R7	calls a random or borrowed move, too random like Metronome; a catch would know it at level 1
SPECIES_QUAGSIRE	1	Mud Sport	removed	R7	a move Ian rates useless or terrible; a catch would know it at level 1
SPECIES_QUAGSIRE	5	Mud Sport	removed	R7	a move Ian rates useless or terrible; a catch would know it at level 1
SPECIES_QUAGSIRE	48	Haze	removed	R7	a move Ian rates useless or terrible; a catch would know it at level 1
SPECIES_QWILFISH	53	Destiny Bond	moved from 53 to Qwilfish's egg list	R26	bad for the player, good for a trainer's fight
SPECIES_QWILFISH	57	Hydro Pump	removed	R37	under 90% accuracy; Surf takes its place
SPECIES_QWILFISH	57	Surf	added	R37	in place of Hydro Pump
SPECIES_RAIKOU	1	Roar	moved from 15 to level 1	R18	Roar's use is on a wild catch, which this list's level never is
SPECIES_RAIKOU	71	Rain Dance	removed	weather	the player never controls weather
SPECIES_RAIKOU	85	Thunder	removed	past the League	nothing is placed past 78
SPECIES_RALTS	10	Double Team	removed	R24	out of every player list
SPECIES_RALTS	12	Teleport	removed	removed	leaves the game or every player list
SPECIES_RAMPARDOS	52	Head Smash	kept for Ian	R37	under 90% accuracy, no accurate twin fits
SPECIES_RAPIDASH	37	Fire Blast	removed	R37	under 90% accuracy; Heat Wave takes its place
SPECIES_RAPIDASH	37	Heat Wave	added	R37	in place of Fire Blast
SPECIES_RAPIDASH	40	Fury Attack	removed	removed	leaves the game or every player list
SPECIES_RAYQUAZA	80	Outrage	removed	past the League	nothing is placed past 78
SPECIES_REGICE	65	Zap Cannon	removed	R37	under 90% accuracy; Thunderbolt takes its place
SPECIES_REGICE	65	Thunderbolt	added	R37	in place of Zap Cannon
SPECIES_REGICE	81	Hammer Arm	removed	past the League	nothing is placed past 78
SPECIES_REGICE	89	Hyper Beam	removed	past the League	nothing is placed past 78
SPECIES_REGIGIGAS	100	Giga Impact	removed	past the League	nothing is placed past 78
SPECIES_REGIROCK	65	Zap Cannon	removed	R37	under 90% accuracy; Thunderbolt takes its place
SPECIES_REGIROCK	65	Thunderbolt	added	R37	in place of Zap Cannon
SPECIES_REGIROCK	73	Stone Edge	removed	R37	under 90% accuracy; Rock Slide takes its place
SPECIES_REGIROCK	73	Rock Slide	added	R37	in place of Stone Edge
SPECIES_REGIROCK	81	Hammer Arm	removed	past the League	nothing is placed past 78
SPECIES_REGIROCK	89	Hyper Beam	removed	past the League	nothing is placed past 78
SPECIES_REGISTEEL	65	Zap Cannon	removed	R37	under 90% accuracy; Thunderbolt takes its place
SPECIES_REGISTEEL	65	Thunderbolt	added	R37	in place of Zap Cannon
SPECIES_REGISTEEL	81	Hammer Arm	removed	past the League	nothing is placed past 78
SPECIES_REGISTEEL	89	Hyper Beam	removed	past the League	nothing is placed past 78
SPECIES_RELICANTH	36	Mud Sport	removed	R7	a move Ian rates useless or terrible; a catch would know it at level 1
SPECIES_RELICANTH	71	Hydro Pump	removed	R37	under 90% accuracy; Muddy Water takes its place
SPECIES_RELICANTH	71	Muddy Water	added	R37	in place of Hydro Pump
SPECIES_RELICANTH	78	Head Smash	kept for Ian	R37	under 90% accuracy, no accurate twin fits
SPECIES_RHYDON	1	Fury Attack	removed	removed	leaves the game or every player list
SPECIES_RHYDON	13	Fury Attack	removed	removed	leaves the game or every player list
SPECIES_RHYDON	37	Horn Drill	removed	R24	out of every player list
SPECIES_RHYDON	45	Stone Edge	removed	R37	under 90% accuracy; Rock Slide takes its place
SPECIES_RHYDON	45	Rock Slide	added	R37	in place of Stone Edge
SPECIES_RHYDON	57	Megahorn	kept for Ian	R37	under 90% accuracy, no accurate twin fits
SPECIES_RHYHORN	13	Fury Attack	removed	removed	leaves the game or every player list
SPECIES_RHYHORN	37	Horn Drill	removed	R24	out of every player list
SPECIES_RHYHORN	45	Stone Edge	removed	R37	under 90% accuracy; Rock Slide takes its place
SPECIES_RHYHORN	45	Rock Slide	added	R37	in place of Stone Edge
SPECIES_RHYHORN	57	Megahorn	kept for Ian	R37	under 90% accuracy, no accurate twin fits
SPECIES_RHYPERIOR	1	Fury Attack	removed	removed	leaves the game or every player list
SPECIES_RHYPERIOR	13	Fury Attack	removed	removed	leaves the game or every player list
SPECIES_RHYPERIOR	37	Horn Drill	removed	R24	out of every player list
SPECIES_RHYPERIOR	45	Stone Edge	removed	R37	under 90% accuracy; Rock Slide takes its place
SPECIES_RHYPERIOR	45	Rock Slide	added	R37	in place of Stone Edge
SPECIES_RHYPERIOR	57	Megahorn	kept for Ian	R37	under 90% accuracy, no accurate twin fits
SPECIES_RIOLU	15	Feint	removed	removed	leaves the game or every player list
SPECIES_RIOLU	29	Copycat	removed	R7	calls a random or borrowed move, too random like Metronome; a catch would know it at level 1
SPECIES_ROOKIDEE	4	Fury Attack	removed	removed	leaves the game or every player list
SPECIES_ROSELIA	1	Absorb	removed	dead weight	a weak attack that goes from every list (2026-09-27)
SPECIES_ROSELIA	1	Sweet Scent	moved from 31 to level 1	R7	a move Ian rates useless or terrible
SPECIES_ROSELIA	34	Ingrain	removed	R24	out of every player list
SPECIES_ROSELIA	45	Petal Dance	moved from 40	R9	at its one-turn worth (100) it fits Byron's split; waits on the engine change
SPECIES_ROSERADE	1	Sweet Scent	removed	R7	a move Ian rates useless or terrible; a catch would know it at level 1
SPECIES_ROTOM	15	Double Team	removed	R24	out of every player list
SPECIES_RUNERIGUS	1	Protect	removed	R24	out of every player list
SPECIES_RUNERIGUS	62	Destiny Bond	removed	R26	bad for the player, good for a trainer's fight; Yamask's egg list has it
SPECIES_SABLEYE	22	Detect	removed	R24	out of every player list
SPECIES_SALAMENCE	1	Rage	removed	dead weight	a weak attack that goes from every list (2026-09-27)
SPECIES_SALAMENCE	30	Protect	removed	R24	out of every player list
SPECIES_SALANDIT	8	Sweet Scent	removed	R7	a move Ian rates useless or terrible; a catch would know it at level 1
SPECIES_SALAZZLE	8	Sweet Scent	removed	R7	a move Ian rates useless or terrible; a catch would know it at level 1
SPECIES_SALAZZLE	55	Fire Blast	removed	R37	under 90% accuracy, beside Flamethrower
SPECIES_SANDSHREW	37	Sandstorm	removed	weather	the player never controls weather
SPECIES_SANDSLASH	52	Sandstorm	removed	weather	the player never controls weather
SPECIES_SANDYGAST	1	Absorb	removed	dead weight	a weak attack that goes from every list (2026-09-27)
SPECIES_SCEPTILE	1	Absorb	removed	dead weight	a weak attack that goes from every list (2026-09-27)
SPECIES_SCEPTILE	6	Absorb	removed	dead weight	a weak attack that goes from every list (2026-09-27)
SPECIES_SCEPTILE	51	Detect	removed	R24	out of every player list
SPECIES_SCEPTILE	59	False Swipe	removed	catch-only	it helps only to catch: early or not at all (Ian, 2026-10-06)
SPECIES_SCIZOR	33	Razor Wind	removed	dead weight	a weak attack that goes from every list (2026-09-27)
SPECIES_SCIZOR	61	Feint	removed	removed	leaves the game or every player list
SPECIES_SCYTHER	33	Razor Wind	removed	dead weight	a weak attack that goes from every list (2026-09-27)
SPECIES_SCYTHER	37	Double Team	removed	R24	out of every player list
SPECIES_SCYTHER	61	Feint	removed	removed	leaves the game or every player list
SPECIES_SEADRA	40	Hydro Pump	removed	R37	under 90% accuracy; Octazooka takes its place
SPECIES_SEADRA	40	Octazooka	added	R37	in place of Hydro Pump
SPECIES_SEAKING	31	Fury Attack	removed	removed	leaves the game or every player list
SPECIES_SEAKING	47	Horn Drill	removed	R24	out of every player list
SPECIES_SEAKING	63	Megahorn	kept for Ian	R37	under 90% accuracy, no accurate twin fits
SPECIES_SEALEO	39	Snore	removed	dead weight	a weak attack that goes from every list (2026-09-27)
SPECIES_SEALEO	47	Blizzard	removed	R37	under 90% accuracy; Ice Beam takes its place
SPECIES_SEALEO	47	Ice Beam	added	R37	in place of Blizzard
SPECIES_SEALEO	55	Sheer Cold	removed	R24	out of every player list
SPECIES_SEEDOT	1	Bide	removed	dead weight	a weak attack that goes from every list (2026-09-27)
SPECIES_SEEDOT	13	Nature Power	removed	R7	calls a random or borrowed move, too random like Metronome; a catch would know it at level 1
SPECIES_SEEDOT	43	Explosion	moved from 43 to Seedot's egg list	R26	bad for the player, good for a trainer's fight
SPECIES_SENTRET	42	Me First	removed	R7	calls a random or borrowed move, too random like Metronome; a catch would know it at level 1
SPECIES_SERPERIOR	10	Wrap	removed	dead weight	a weak attack that goes from every list (2026-09-27)
SPECIES_SERPERIOR	1	Wring Out	moved from 36 to level 1	R7	a move Ian rates useless or terrible
SPECIES_SERVINE	10	Wrap	removed	dead weight	a weak attack that goes from every list (2026-09-27)
SPECIES_SERVINE	1	Wring Out	moved from 36 to level 1	R7	a move Ian rates useless or terrible
SPECIES_SEVIPER	1	Wrap	removed	dead weight	a weak attack that goes from every list (2026-09-27)
SPECIES_SEVIPER	1	Haze	moved from 43 to level 1	R7	a move Ian rates useless or terrible
SPECIES_SEVIPER	1	Wring Out	moved from 55 to level 1	R7	a move Ian rates useless or terrible
SPECIES_SHARPEDO	1	Feint	removed	removed	leaves the game or every player list
SPECIES_SHARPEDO	1	Rage	removed	dead weight	a weak attack that goes from every list (2026-09-27)
SPECIES_SHARPEDO	6	Rage	removed	dead weight	a weak attack that goes from every list (2026-09-27)
SPECIES_SHAYMIN	1	Sweet Scent	moved from 37 to level 1	R7	a move Ian rates useless or terrible
SPECIES_SHAYMIN	82	Sweet Kiss	removed	past the League	nothing is placed past 78
SPECIES_SHAYMIN	1	Healing Wish	moved from 91 to level 1	R26	bad for the player, good for a trainer's fight
SPECIES_SHAYMIN	100	Seed Flare	removed	past the League	nothing is placed past 78
SPECIES_SHEDINJA	1	Grudge	moved from 45 to level 1	R7	a move Ian rates useless or terrible
SPECIES_SHELGON	1	Rage	removed	dead weight	a weak attack that goes from every list (2026-09-27)
SPECIES_SHELGON	30	Protect	removed	R24	out of every player list
SPECIES_SHELLDER	16	Protect	removed	R24	out of every player list
SPECIES_SHELLDER	25	Clamp	removed	R37	under 90% accuracy; Razor Shell takes its place
SPECIES_SHELLDER	25	Razor Shell	added	R37	in place of Clamp
SPECIES_SHELLOS	2	Mud Sport	removed	R7	a move Ian rates useless or terrible; a catch would know it at level 1
SPECIES_SHIELDON	1	Protect	removed	R24	out of every player list
SPECIES_SHINX	21	Roar	removed	R18	Roar's use is on a wild catch, which this list's level never is; a catch would know it at level 1
SPECIES_SHROOMISH	1	Absorb	removed	dead weight	a weak attack that goes from every list (2026-09-27)
SPECIES_SHUCKLE	1	Constrict	removed	dead weight	a weak attack that goes from every list (2026-09-27)
SPECIES_SHUCKLE	1	Bide	removed	dead weight	a weak attack that goes from every list (2026-09-27)
SPECIES_SHUCKLE	22	Wrap	removed	dead weight	a weak attack that goes from every list (2026-09-27)
SPECIES_SHUPPET	1	Grudge	moved from 46 to level 1	R7	a move Ian rates useless or terrible
SPECIES_SINISTCHA	6	Absorb	removed	dead weight	a weak attack that goes from every list (2026-09-27)
SPECIES_SINISTCHA	54	Memento	removed	R26	bad for the player, good for a trainer's fight; Sinistea's egg list has it
SPECIES_SINISTEA	6	Aromatic Mist	removed	removed	leaves the game or every player list
SPECIES_SINISTEA	18	Protect	removed	R24	out of every player list
SPECIES_SINISTEA	54	Memento	removed	R26	bad for the player, good for a trainer's fight; Sinistea's egg list has it
SPECIES_SKARMORY	17	Fury Attack	removed	removed	leaves the game or every player list
SPECIES_SKARMORY	20	Feint	removed	removed	leaves the game or every player list
SPECIES_SKARMORY	40	Air Cutter	moved from 23	R25	below 39, the lowest catch, which would not know it
SPECIES_SKARMORY	41	Agility	moved from 12	R25	below 39, the lowest catch, which would not know it
SPECIES_SKARMORY	43	Swift	moved from 9	R25	below 39, the lowest catch, which would not know it
SPECIES_SKIPLOOM	1	Splash	removed	removed	leaves the game or every player list
SPECIES_SKIPLOOM	52	Memento	removed	R26	bad for the player, good for a trainer's fight; Hoppip's egg list has it
SPECIES_SKITTY	18	Copycat	removed	R7	calls a random or borrowed move, too random like Metronome; a catch would know it at level 1
SPECIES_SKITTY	22	Assist	removed	R7	calls a random or borrowed move, too random like Metronome; a catch would know it at level 1
SPECIES_SKORUPI	29	Knock Off	moved from 6	R25	below 29, the lowest catch, which would not know it
SPECIES_SKUNTANK	18	Feint	removed	removed	leaves the game or every player list
SPECIES_SKUNTANK	42	Memento	moved from 42 to Stunky's egg list	R26	bad for the player, good for a trainer's fight
SPECIES_SKUNTANK	52	Explosion	moved from 52 to Stunky's egg list	R26	bad for the player, good for a trainer's fight
SPECIES_SMEARGLE	81	Sketch	removed	past the League	nothing is placed past 78
SPECIES_SMEARGLE	91	Sketch	removed	past the League	nothing is placed past 78
SPECIES_SMOLIV	1	Sweet Scent	removed	R7	a move Ian rates useless or terrible; a catch would know it at level 1
SPECIES_SMOLIV	5	Absorb	removed	dead weight	a weak attack that goes from every list (2026-09-27)
SPECIES_SMOLIV	23	Grassy Terrain	removed	removed	leaves the game or every player list
SPECIES_SMOOCHUM	38	Copycat	removed	R7	calls a random or borrowed move, too random like Metronome; a catch would know it at level 1
SPECIES_SMOOCHUM	45	Blizzard	removed	R37	under 90% accuracy; Ice Beam takes its place
SPECIES_SMOOCHUM	45	Ice Beam	added	R37	in place of Blizzard
SPECIES_SMOOCHUM	22	Sweet Kiss	moved from 8	R25	below 22, the lowest catch, which would not know it
SPECIES_SNIVY	10	Wrap	removed	dead weight	a weak attack that goes from every list (2026-09-27)
SPECIES_SNIVY	32	Wring Out	removed	R7	a move Ian rates useless or terrible; a catch would know it at level 1
SPECIES_SNORLAX	28	Snore	removed	dead weight	a weak attack that goes from every list (2026-09-27)
SPECIES_SNORLAX	28	Sleep Talk	removed	R7	calls a random or borrowed move, too random like Metronome; a catch would know it at level 1
SPECIES_SNORUNT	4	Double Team	removed	R24	out of every player list
SPECIES_SNORUNT	22	Protect	removed	R24	out of every player list
SPECIES_SNORUNT	46	Blizzard	removed	R37	under 90% accuracy; Ice Beam takes its place
SPECIES_SNORUNT	46	Ice Beam	added	R37	in place of Blizzard
SPECIES_SNOVER	31	Ingrain	removed	R24	out of every player list
SPECIES_SNOVER	41	Blizzard	removed	R37	under 90% accuracy; Ice Beam takes its place
SPECIES_SNOVER	41	Ice Beam	added	R37	in place of Blizzard
SPECIES_SNOVER	46	Sheer Cold	removed	R24	out of every player list
SPECIES_SNUBBULL	25	Roar	removed	R18	Roar's use is on a wild catch, which this list's level never is; a catch would know it at level 1
SPECIES_SNUBBULL	31	Rage	removed	dead weight	a weak attack that goes from every list (2026-09-27)
SPECIES_SOLROCK	1	Explosion	moved from 56 to level 1	R26	bad for the player, good for a trainer's fight
SPECIES_SOLROCK	32	Rock Throw	moved from 9	R25	below 31, the lowest catch, which would not know it
SPECIES_SPEAROW	9	Fury Attack	removed	removed	leaves the game or every player list
SPECIES_SPHEAL	37	Snore	removed	dead weight	a weak attack that goes from every list (2026-09-27)
SPECIES_SPHEAL	43	Blizzard	removed	R37	under 90% accuracy; Ice Beam takes its place
SPECIES_SPHEAL	43	Ice Beam	added	R37	in place of Blizzard
SPECIES_SPHEAL	49	Sheer Cold	removed	R24	out of every player list
SPECIES_SPINARAK	8	Constrict	removed	dead weight	a weak attack that goes from every list (2026-09-27)
SPECIES_SPINDA	1	Copycat	moved from 10 to level 1	R7	calls a random or borrowed move, too random like Metronome
SPECIES_SPINDA	57	Thrash	moved from 55	R9	at its one-turn worth (102) it fits HQ's split; waits on the engine change
SPECIES_SPIRITOMB	43	Memento	moved from 43 to Spiritomb's egg list	R26	bad for the player, good for a trainer's fight
SPECIES_SPOINK	1	Splash	removed	removed	leaves the game or every player list
SPECIES_SPOINK	29	Snore	removed	dead weight	a weak attack that goes from every list (2026-09-27)
SPECIES_SQUIRTLE	22	Protect	removed	R24	out of every player list
SPECIES_SQUIRTLE	40	Hydro Pump	removed	R37	under 90% accuracy; Muddy Water takes its place
SPECIES_SQUIRTLE	40	Muddy Water	added	R37	in place of Hydro Pump
SPECIES_STAKATAKA	10	Protect	removed	R24	out of every player list
SPECIES_STANTLER	1	Me First	moved from 53 to level 1	R7	calls a random or borrowed move, too random like Metronome
SPECIES_STARAPTOR	13	Double Team	removed	R24	out of every player list
SPECIES_STARAPTOR	1	Whirlwind	moved from 23 to level 1	R18	Roar's use is on a wild catch, which this list's level never is
SPECIES_STARAVIA	13	Double Team	removed	R24	out of every player list
SPECIES_STARAVIA	1	Whirlwind	moved from 23 to level 1	R18	Roar's use is on a wild catch, which this list's level never is
SPECIES_STARLY	13	Double Team	removed	R24	out of every player list
SPECIES_STARLY	21	Whirlwind	removed	R18	Roar's use is on a wild catch, which this list's level never is; a catch would know it at level 1
SPECIES_STARYU	55	Hydro Pump	removed	R37	under 90% accuracy; Surf takes its place
SPECIES_STARYU	55	Surf	added	R37	in place of Hydro Pump
SPECIES_STEELIX	1	Mud Sport	removed	R7	a move Ian rates useless or terrible; a catch would know it at level 1
SPECIES_STEELIX	14	Rage	removed	dead weight	a weak attack that goes from every list (2026-09-27)
SPECIES_STEELIX	41	Iron Tail	removed	R37	under 90% accuracy; Iron Head takes its place
SPECIES_STEELIX	41	Iron Head	added	R37	in place of Iron Tail
SPECIES_STEELIX	54	Stone Edge	removed	R37	under 90% accuracy; Rock Slide takes its place
SPECIES_STEELIX	54	Rock Slide	added	R37	in place of Stone Edge
SPECIES_STEENEE	17	Sweet Scent	removed	R7	a move Ian rates useless or terrible; a catch would know it at level 1
SPECIES_STEENEE	32	Aromatic Mist	removed	removed	leaves the game or every player list
SPECIES_STUNKY	18	Feint	removed	removed	leaves the game or every player list
SPECIES_STUNKY	38	Memento	removed	R26	bad for the player, good for a trainer's fight; Stunky's egg list has it
SPECIES_STUNKY	44	Explosion	removed	R26	bad for the player, good for a trainer's fight; Stunky's egg list has it
SPECIES_SUICUNE	71	Hydro Pump	removed	R37	under 90% accuracy; Surf takes its place
SPECIES_SUICUNE	71	Surf	added	R37	in place of Hydro Pump
SPECIES_SUICUNE	85	Blizzard	removed	past the League	nothing is placed past 78
SPECIES_SUNFLORA	1	Absorb	removed	dead weight	a weak attack that goes from every list (2026-09-27)
SPECIES_SUNFLORA	9	Ingrain	removed	R24	out of every player list
SPECIES_SUNFLORA	54	Petal Dance	moved from 33	R9	at its one-turn worth (100) it fits Candice's split; waits on the engine change
SPECIES_SUNFLORA	37	Sunny Day	removed	weather	the player never controls weather
SPECIES_SUNKERN	1	Absorb	removed	dead weight	a weak attack that goes from every list (2026-09-27)
SPECIES_SUNKERN	9	Ingrain	removed	R24	out of every player list
SPECIES_SUNKERN	37	Sunny Day	removed	weather	the player never controls weather
SPECIES_SURSKIT	13	Sweet Scent	removed	R7	a move Ian rates useless or terrible; a catch would know it at level 1
SPECIES_SURSKIT	37	Haze	removed	R7	a move Ian rates useless or terrible; a catch would know it at level 1
SPECIES_SWABLU	13	Fury Attack	removed	removed	leaves the game or every player list
SPECIES_SWADLOON	1	Protect	removed	R24	out of every player list
SPECIES_SWADLOON	1	Protect	removed	R24	out of every player list
SPECIES_SWALOT	1	Wring Out	moved from 59 to level 1	R7	a move Ian rates useless or terrible
SPECIES_SWALOT	66	Gunk Shot	kept for Ian	R37	under 90% accuracy, no accurate twin fits
SPECIES_SWAMPERT	15	Bide	removed	dead weight	a weak attack that goes from every list (2026-09-27)
SPECIES_SWAMPERT	46	Protect	removed	R24	out of every player list
SPECIES_SWELLOW	19	Double Team	removed	R24	out of every player list
SPECIES_SWINUB	4	Mud Sport	removed	R7	a move Ian rates useless or terrible; a catch would know it at level 1
SPECIES_SWINUB	44	Blizzard	removed	R37	under 90% accuracy; Ice Beam takes its place
SPECIES_SWINUB	44	Ice Beam	added	R37	in place of Blizzard
SPECIES_SYLVEON	32	Misty Terrain	removed	removed	leaves the game or every player list
SPECIES_TAILLOW	19	Double Team	removed	R24	out of every player list
SPECIES_TALONFLAME	42	Me First	removed	R7	calls a random or borrowed move, too random like Metronome; a catch would know it at level 1
SPECIES_TANGELA	1	Ingrain	removed	R24	out of every player list
SPECIES_TANGELA	1	Constrict	removed	dead weight	a weak attack that goes from every list (2026-09-27)
SPECIES_TANGELA	8	Absorb	removed	dead weight	a weak attack that goes from every list (2026-09-27)
SPECIES_TANGELA	22	Bind	removed	R37	under 90% accuracy, beside Slam
SPECIES_TANGELA	50	Wring Out	removed	R7	a move Ian rates useless or terrible; a catch would know it at level 1
SPECIES_TANGELA	54	Power Whip	removed	R37	under 90% accuracy; Petal Blizzard takes its place
SPECIES_TANGELA	54	Petal Blizzard	added	R37	in place of Power Whip
SPECIES_TANGROWTH	1	Ingrain	removed	R24	out of every player list
SPECIES_TANGROWTH	1	Constrict	removed	dead weight	a weak attack that goes from every list (2026-09-27)
SPECIES_TANGROWTH	8	Absorb	removed	dead weight	a weak attack that goes from every list (2026-09-27)
SPECIES_TANGROWTH	22	Bind	removed	R37	under 90% accuracy, beside Slam
SPECIES_TANGROWTH	1	Wring Out	moved from 50 to level 1	R7	a move Ian rates useless or terrible
SPECIES_TANGROWTH	54	Power Whip	removed	R37	under 90% accuracy; Petal Blizzard takes its place
SPECIES_TANGROWTH	54	Petal Blizzard	added	R37	in place of Power Whip
SPECIES_TAPU_BULU	1	Whirlwind	moved from 25 to level 1	R18	Roar's use is on a wild catch, which this list's level never is
SPECIES_TAPU_BULU	65	Megahorn	kept for Ian	R37	under 90% accuracy, no accurate twin fits
SPECIES_TAPU_BULU	75	Grassy Terrain	removed	removed	leaves the game or every player list
SPECIES_TAPU_FINI	1	Haze	moved from 10 to level 1	R7	a move Ian rates useless or terrible
SPECIES_TAPU_FINI	65	Hydro Pump	removed	R37	under 90% accuracy, beside Muddy Water
SPECIES_TAPU_FINI	75	Misty Terrain	removed	removed	leaves the game or every player list
SPECIES_TAPU_KOKO	75	ElectricTerrain	removed	removed	leaves the game or every player list
SPECIES_TAPU_LELE	30	Aromatic Mist	removed	removed	leaves the game or every player list
SPECIES_TAPU_LELE	1	Sweet Scent	moved from 35 to level 1	R7	a move Ian rates useless or terrible
SPECIES_TAPU_LELE	75	Psychic Terrain	removed	removed	leaves the game or every player list
SPECIES_TAUROS	5	Rage	removed	dead weight	a weak attack that goes from every list (2026-09-27)
SPECIES_TAUROS	61	Thrash	moved from 48	R9	at its one-turn worth (102) it fits Galactic's split; waits on the engine change
SPECIES_TEDDIURSA	1	Sweet Scent	moved from 22 to level 1	R7	a move Ian rates useless or terrible
SPECIES_TEDDIURSA	43	Snore	removed	dead weight	a weak attack that goes from every list (2026-09-27)
SPECIES_TEDDIURSA	58	Thrash	moved from 50	R9	at its one-turn worth (102) it fits HQ's split; waits on the engine change
SPECIES_TENTACOOL	8	Constrict	removed	dead weight	a weak attack that goes from every list (2026-09-27)
SPECIES_TENTACOOL	22	Wrap	removed	dead weight	a weak attack that goes from every list (2026-09-27)
SPECIES_TENTACOOL	40	Hydro Pump	removed	R37	under 90% accuracy; Surf takes its place
SPECIES_TENTACOOL	40	Surf	added	R37	in place of Hydro Pump
SPECIES_TENTACOOL	43	Wring Out	removed	R7	a move Ian rates useless or terrible; a catch would know it at level 1
SPECIES_TENTACRUEL	1	Constrict	removed	dead weight	a weak attack that goes from every list (2026-09-27)
SPECIES_TENTACRUEL	8	Constrict	removed	dead weight	a weak attack that goes from every list (2026-09-27)
SPECIES_TENTACRUEL	22	Wrap	removed	dead weight	a weak attack that goes from every list (2026-09-27)
SPECIES_TENTACRUEL	49	Hydro Pump	removed	R37	under 90% accuracy; Surf takes its place
SPECIES_TENTACRUEL	49	Surf	added	R37	in place of Hydro Pump
SPECIES_TENTACRUEL	55	Wring Out	removed	R7	a move Ian rates useless or terrible; a catch would know it at level 1
SPECIES_TOGEDEMARU	1	Steel Roller	removed	removed	leaves the game or every player list
SPECIES_TOGEDEMARU	55	Spiky Shield	removed	R24	out of every player list
SPECIES_TOGEDEMARU	32	Spark	moved from 17	R25	below 32, the lowest catch, which would not know it
SPECIES_TOGEDEMARU	33	Metal Claw	moved from 5	R25	below 32, the lowest catch, which would not know it
SPECIES_TOGEPI	6	Metronome	removed	R7	a move Ian rates useless or terrible; a catch would know it at level 1
SPECIES_TOGETIC	1	Metronome	moved from 6 to level 1	R7	a move Ian rates useless or terrible
SPECIES_TORKOAL	36	Protect	removed	R24	out of every player list
SPECIES_TORRACAT	66	Outrage	moved from 56	R9	at its one-turn worth (112) it fits Volkner's split; waits on the engine change
SPECIES_TORTERRA	1	Absorb	removed	dead weight	a weak attack that goes from every list (2026-09-27)
SPECIES_TORTERRA	9	Absorb	removed	dead weight	a weak attack that goes from every list (2026-09-27)
SPECIES_TOTODILE	8	Rage	removed	dead weight	a weak attack that goes from every list (2026-09-27)
SPECIES_TOTODILE	61	Thrash	moved from 36	R9	at its one-turn worth (102) it fits Galactic's split; waits on the engine change
SPECIES_TOTODILE	48	Hydro Pump	removed	R37	under 90% accuracy; Muddy Water takes its place
SPECIES_TOTODILE	48	Muddy Water	added	R37	in place of Hydro Pump
SPECIES_TOUCANNON	24	Fury Attack	removed	removed	leaves the game or every player list
SPECIES_TOXAPEX	1	Baneful Bunker	removed	R24	out of every player list
SPECIES_TOXAPEX	1	Baneful Bunker	removed	R24	out of every player list
SPECIES_TRAPINCH	81	Feint	removed	removed	leaves the game or every player list
SPECIES_TRAPINCH	89	Fissure	removed	R24	out of every player list
SPECIES_TREECKO	6	Absorb	removed	dead weight	a weak attack that goes from every list (2026-09-27)
SPECIES_TREECKO	41	Detect	removed	R24	out of every player list
SPECIES_TROPIUS	21	Sweet Scent	removed	R7	a move Ian rates useless or terrible; a catch would know it at level 1
SPECIES_TRUMBEAK	24	Fury Attack	removed	removed	leaves the game or every player list
SPECIES_TSAREENA	17	Sweet Scent	removed	R7	a move Ian rates useless or terrible; a catch would know it at level 1
SPECIES_TSAREENA	48	Power Whip	removed	R37	under 90% accuracy; Petal Blizzard takes its place
SPECIES_TSAREENA	48	Petal Blizzard	added	R37	in place of Power Whip
SPECIES_TURTONATOR	55	Explosion	moved from 55 to Turtonator's egg list	R26	bad for the player, good for a trainer's fight
SPECIES_TURTONATOR	29	Smog	moved from 6	R25	below 28, the lowest catch, which would not know it
SPECIES_TURTWIG	9	Absorb	removed	dead weight	a weak attack that goes from every list (2026-09-27)
SPECIES_TYRANITAR	66	Thrash	moved from 23	R9	at its one-turn worth (102) it fits Volkner's split; waits on the engine change
SPECIES_TYRANITAR	54	Stone Edge	removed	R37	under 90% accuracy, beside Rock Slide
SPECIES_URSARING	1	Sweet Scent	moved from 22 to level 1	R7	a move Ian rates useless or terrible
SPECIES_URSARING	49	Snore	removed	dead weight	a weak attack that goes from every list (2026-09-27)
SPECIES_URSARING	61	Thrash	moved from 58	R9	at its one-turn worth (102) it fits Galactic's split; waits on the engine change
SPECIES_UXIE	1	Memento	moved from 76 to level 1	R26	bad for the player, good for a trainer's fight
SPECIES_VAPOREON	1	Haze	moved from 57 to level 1	R7	a move Ian rates useless or terrible
SPECIES_VAPOREON	71	Hydro Pump	removed	R37	under 90% accuracy, beside Muddy Water
SPECIES_VENUSAUR	1	Sweet Scent	moved from 23 to level 1	R7	a move Ian rates useless or terrible
SPECIES_VENUSAUR	46	Petal Dance	moved from 32	R9	at its one-turn worth (100) it fits Byron's split; waits on the engine change
SPECIES_VESPIQUEN	1	Sweet Scent	removed	R7	a move Ian rates useless or terrible; a catch would know it at level 1
SPECIES_VESPIQUEN	1	Destiny Bond	moved from 43 to level 1	R26	bad for the player, good for a trainer's fight
SPECIES_VIKAVOLT	66	Zap Cannon	removed	R37	under 90% accuracy, beside Thunderbolt
SPECIES_VILEPLUME	54	Petal Dance	moved from 53	R9	at its one-turn worth (100) it fits Candice's split; waits on the engine change
SPECIES_VOLBEAT	5	Double Team	removed	R24	out of every player list
SPECIES_VOLBEAT	29	Protect	removed	R24	out of every player list
SPECIES_VOLCARONA	1	Whirlwind	moved from 64 to level 1	R18	Roar's use is on a wild catch, which this list's level never is
SPECIES_VOLCARONA	82	Fiery Dance	removed	past the League	nothing is placed past 78
SPECIES_VOLTORB	1	Selfdestruct	moved from 29 to level 1	R26	bad for the player, good for a trainer's fight
SPECIES_VOLTORB	1	Explosion	moved from 43 to level 1	R26	bad for the player, good for a trainer's fight
SPECIES_VULLABY	5	Fury Attack	removed	removed	leaves the game or every player list
SPECIES_VULLABY	44	Whirlwind	removed	R18	Roar's use is on a wild catch, which this list's level never is; a catch would know it at level 1
SPECIES_VULPIX	41	Grudge	removed	R7	a move Ian rates useless or terrible; a catch would know it at level 1
SPECIES_VULPIX	47	Fire Blast	removed	R37	under 90% accuracy, beside Flamethrower
SPECIES_WAILMER	1	Splash	removed	removed	leaves the game or every player list
SPECIES_WAILMER	47	Hydro Pump	removed	R37	under 90% accuracy; Surf takes its place
SPECIES_WAILMER	47	Surf	added	R37	in place of Hydro Pump
SPECIES_WAILORD	1	Splash	removed	removed	leaves the game or every player list
SPECIES_WAILORD	62	Hydro Pump	removed	R37	under 90% accuracy; Surf takes its place
SPECIES_WAILORD	62	Surf	added	R37	in place of Hydro Pump
SPECIES_WALREIN	39	Snore	removed	dead weight	a weak attack that goes from every list (2026-09-27)
SPECIES_WALREIN	52	Blizzard	removed	R37	under 90% accuracy; Ice Beam takes its place
SPECIES_WALREIN	52	Ice Beam	added	R37	in place of Blizzard
SPECIES_WALREIN	65	Sheer Cold	removed	R24	out of every player list
SPECIES_WARTORTLE	24	Protect	removed	R24	out of every player list
SPECIES_WARTORTLE	48	Hydro Pump	removed	R37	under 90% accuracy; Muddy Water takes its place
SPECIES_WARTORTLE	48	Muddy Water	added	R37	in place of Hydro Pump
SPECIES_WEEPINBELL	1	Wrap	removed	dead weight	a weak attack that goes from every list (2026-09-27)
SPECIES_WEEPINBELL	11	Wrap	removed	dead weight	a weak attack that goes from every list (2026-09-27)
SPECIES_WEEPINBELL	1	Sweet Scent	moved from 29 to level 1	R7	a move Ian rates useless or terrible
SPECIES_WEEPINBELL	1	Wring Out	moved from 47 to level 1	R7	a move Ian rates useless or terrible
SPECIES_WEEZING	19	Selfdestruct	removed	R26	bad for the player, good for a trainer's fight; Koffing's egg list has it
SPECIES_WEEZING	28	Haze	removed	R7	a move Ian rates useless or terrible; a catch would know it at level 1
SPECIES_WEEZING	40	Explosion	removed	R26	bad for the player, good for a trainer's fight; Koffing's egg list has it
SPECIES_WEEZING	55	Destiny Bond	removed	R26	bad for the player, good for a trainer's fight; Koffing's egg list has it
SPECIES_WEEZING	63	Memento	removed	R26	bad for the player, good for a trainer's fight; Koffing's egg list has it
SPECIES_WHISCASH	1	Mud Sport	removed	R7	a move Ian rates useless or terrible; a catch would know it at level 1
SPECIES_WHISCASH	6	Mud Sport	removed	R7	a move Ian rates useless or terrible; a catch would know it at level 1
SPECIES_WHISCASH	33	Snore	removed	dead weight	a weak attack that goes from every list (2026-09-27)
SPECIES_WHISCASH	57	Fissure	removed	R24	out of every player list
SPECIES_WHISMUR	1	Roar	moved from 35 to level 1	R18	Roar's use is on a wild catch, which this list's level never is
SPECIES_WHISMUR	1	Sleep Talk	moved from 41 to level 1	R7	calls a random or borrowed move, too random like Metronome
SPECIES_WOOLOO	8	Copycat	removed	R7	calls a random or borrowed move, too random like Metronome; a catch would know it at level 1
SPECIES_WOOPER	5	Mud Sport	removed	R7	a move Ian rates useless or terrible; a catch would know it at level 1
SPECIES_WOOPER	43	Haze	removed	R7	a move Ian rates useless or terrible; a catch would know it at level 1
SPECIES_WORMADAM	10	Protect	removed	R24	out of every player list
SPECIES_WYNAUT	1	Splash	removed	removed	leaves the game or every player list
SPECIES_WYNAUT	1	Destiny Bond	moved from 15 to level 1	R26	bad for the player, good for a trainer's fight
SPECIES_XATU	9	Teleport	removed	removed	leaves the game or every player list
SPECIES_XATU	1	Me First	moved from 20 to level 1	R7	calls a random or borrowed move, too random like Metronome
SPECIES_XERNEAS	1	Ingrain	removed	R24	out of every player list
SPECIES_XERNEAS	1	Nature Power	moved from 41 to level 1	R7	calls a random or borrowed move, too random like Metronome
SPECIES_XERNEAS	45	Ingrain	removed	R24	out of every player list
SPECIES_XERNEAS	50	Misty Terrain	removed	removed	leaves the game or every player list
SPECIES_XERNEAS	57	Megahorn	kept for Ian	R37	under 90% accuracy, no accurate twin fits
SPECIES_XERNEAS	86	Outrage	removed	past the League	nothing is placed past 78
SPECIES_XERNEAS	86	Giga Impact	removed	past the League	nothing is placed past 78
SPECIES_XURKITREE	1	Wrap	removed	dead weight	a weak attack that goes from every list (2026-09-27)
SPECIES_XURKITREE	15	Ingrain	removed	R24	out of every player list
SPECIES_XURKITREE	60	ElectricTerrain	removed	removed	leaves the game or every player list
SPECIES_XURKITREE	65	Power Whip	kept for Ian	R37	under 90% accuracy, no accurate twin fits
SPECIES_XURKITREE	70	Zap Cannon	removed	R37	under 90% accuracy, beside Thunderbolt
SPECIES_YAMASK	1	Protect	removed	R24	out of every player list
SPECIES_YAMASK	6	Haze	removed	R7	a move Ian rates useless or terrible; a catch would know it at level 1
SPECIES_YAMASK	36	Grudge	removed	R7	a move Ian rates useless or terrible; a catch would know it at level 1
SPECIES_YAMASK	50	Destiny Bond	removed	R26	bad for the player, good for a trainer's fight; Yamask's egg list has it
SPECIES_YANMA	11	Double Team	removed	R24	out of every player list
SPECIES_YANMA	17	Detect	removed	R24	out of every player list
SPECIES_YANMEGA	1	Double Team	removed	R24	out of every player list
SPECIES_YANMEGA	11	Double Team	removed	R24	out of every player list
SPECIES_YANMEGA	17	Detect	removed	R24	out of every player list
SPECIES_YANMEGA	38	Feint	removed	removed	leaves the game or every player list
SPECIES_YVELTAL	1	Double Team	removed	R24	out of every player list
SPECIES_YVELTAL	1	Razor Wind	removed	dead weight	a weak attack that goes from every list (2026-09-27)
SPECIES_YVELTAL	5	Double Team	removed	R24	out of every player list
SPECIES_YVELTAL	70	Hurricane	removed	R37	under 90% accuracy, beside Oblivion Wing
SPECIES_YVELTAL	73	Focus Blast	kept for Ian	R37	under 90% accuracy, no accurate twin fits
SPECIES_YVELTAL	86	Sky Attack	removed	past the League	nothing is placed past 78
SPECIES_YVELTAL	86	Hyper Beam	removed	past the League	nothing is placed past 78
SPECIES_ZANGOOSE	40	Detect	removed	R24	out of every player list
SPECIES_ZANGOOSE	44	False Swipe	removed	catch-only	it helps only to catch: early or not at all (Ian, 2026-10-06)
SPECIES_ZAPDOS	15	Detect	removed	R24	out of every player list
SPECIES_ZAPDOS	78	Thunder	removed	R37	under 90% accuracy, beside Discharge
SPECIES_ZIGZAGOON	1	Mud Sport	moved from 21 to level 1	R7	a move Ian rates useless or terrible
SPECIES_ZUBAT	37	Haze	removed	R7	a move Ian rates useless or terrible; a catch would know it at level 1
SPECIES_ZYGARDE_10	18	Bind	removed	R37	under 90% accuracy; Body Slam takes its place
SPECIES_ZYGARDE_10	18	Body Slam	added	R37	in place of Bind
SPECIES_ZYGARDE_10	1	Haze	moved from 24 to level 1	R7	a move Ian rates useless or terrible
SPECIES_ZYGARDE_10	50	Sandstorm	removed	weather	the player never controls weather
SPECIES_ZYGARDE_10	84	Outrage	removed	past the League	nothing is placed past 78
SPECIES_ZYGARDE_50	18	Bind	removed	R37	under 90% accuracy; Body Slam takes its place
SPECIES_ZYGARDE_50	18	Body Slam	added	R37	in place of Bind
SPECIES_ZYGARDE_50	1	Haze	moved from 24 to level 1	R7	a move Ian rates useless or terrible
SPECIES_ZYGARDE_50	50	Sandstorm	removed	weather	the player never controls weather
SPECIES_ZYGARDE_50	84	Outrage	removed	past the League	nothing is placed past 78
SPECIES_ALAKAZAM	36	Calm Mind	removed	R25	below 40; onto Kadabra's list
SPECIES_KADABRA	35	Calm Mind	added	R25	from Alakazam's 36, below its 40
SPECIES_ABRA	4	Confusion	added	R11, check 1	Roark's split; score 388
SPECIES_ABRA	3	Calm Mind	added	R7	Roark's split; score 155
SPECIES_ABRA	2	Round	added	R16	Roark's split; score 42
SPECIES_KADABRA	20	Charge Beam	added	R4, R5	Gardenia's split; score 179
SPECIES_ALAKAZAM	44	Shadow Ball	added	R5	Wake's split; score 87
SPECIES_ALAKAZAM	48	Dazzling Gleam	added	R5	Byron's split; score 47
SPECIES_ALAKAZAM	53	Signal Beam	added	R5	Byron's split; score 46
SPECIES_ALAKAZAM	61	Swagger	added	late move	Galactic's split; score 50
SPECIES_ABSOL	46	X-Scissor	added	R5	Byron's split; score 80
SPECIES_ABSOL	54	Throat Chop	added	R16	Byron's split; score 78
SPECIES_ABSOL	62	Shadow Ball	added	R5	Galactic's split; score 78
SPECIES_ABSOL	69	Superpower	added	R5	Barry's split; score 91
SPECIES_ABSOL	71	Rock Slide	added	R5	Barry's split; score 77
SPECIES_AERODACTYL	27	Wing Attack	added	R11	Fantina's split; score 245
SPECIES_AERODACTYL	35	Bulldoze	added	R5, R16	Maylene's split; score 69
SPECIES_AERODACTYL	43	Rock Tomb	added	R2	Wake's split; score 52
SPECIES_AERODACTYL	51	Dragon Claw	added	R5	Byron's split; score 47
SPECIES_AERODACTYL	67	Acrobatics	added	R30	Volkner's split; score 64
SPECIES_AERODACTYL	69	Earthquake	added	R2	Volkner's split; score 42
SPECIES_AIPOM	20	Bite	added	R4, R5	Gardenia's split; score 203
SPECIES_AMBIPOM	34	Low Sweep	added	R5, R16 due	Maylene's split; score 136
SPECIES_AMBIPOM	45	Take Down	added	R30	Wake's split; score 145
SPECIES_AMBIPOM	47	Aerial Ace	added	R5	Wake's split; score 80
SPECIES_AMBIPOM	50	Headbutt	added	R2	Byron's split; score 56
SPECIES_AMBIPOM	54	Secret Power	added	R2	Byron's split; score 47
SPECIES_AMBIPOM	58	Slam	added	R2	HQ's split; score 64
SPECIES_AMBIPOM	60	Seed Bomb	added	R5	HQ's split; score 47
SPECIES_AMBIPOM	66	Acrobatics	added	late move	Volkner's split; score 89
SPECIES_AMBIPOM	68	Throat Chop	added	R2	Volkner's split; score 44
SPECIES_ANORITH	1	Harden	removed	R1	filler past the one a first split may carry
SPECIES_ANORITH	27	Leech Life	added	R11	Fantina's split; score 264
SPECIES_ANORITH	29	Block	added	R7	Fantina's split; score 150
SPECIES_ANORITH	34	Bulldoze	added	R5, R16	Maylene's split; score 91
SPECIES_ARMALDO	48	Brick Break	added	R5	Byron's split; score 66
SPECIES_ARMALDO	53	Rock Slide	added	R2	Byron's split; score 54
SPECIES_ARMALDO	57	Rock Tomb	added	R2	Byron's split; score 52
SPECIES_ARMALDO	61	Liquidation	added	R5	Galactic's split; score 72
SPECIES_ARMALDO	69	Superpower	added	R2	Barry's split; score 51
SPECIES_ARTICUNO	66	Air Slash	added	R11	Volkner's split; score 267
SPECIES_ARTICUNO	69	Signal Beam	added	R5	Barry's split; score 54
SPECIES_MARILL	2	Defense Curl	removed	R25	below 14, the lowest level it is had at
SPECIES_AZUMARILL	2	Defense Curl	removed	R25	below 18, the lowest level it is had at
SPECIES_MARILL	7	Tail Whip	removed	R1	filler past the one a first split may carry
SPECIES_MARILL	14	Alluring Voice	added	R11, R16	Gardenia's split; score 212
SPECIES_MARILL	17	Charm	added	R7	Gardenia's split; score 169
SPECIES_MARILL	16	Bulldoze	added	R4, R5	Gardenia's split; score 154
SPECIES_AZUMARILL	35	Brick Break	added	R5	Maylene's split; score 78
SPECIES_AZUMARILL	37	Play Rough	added	R2	Maylene's split; score 69
SPECIES_AZUMARILL	43	Aurora Beam	added	R5	Wake's split; score 68
SPECIES_AZUMARILL	51	Body Slam	added	R2	Byron's split; score 46
SPECIES_AZUMARILL	59	Ice Punch	added	R2	HQ's split; score 49
SPECIES_AZUMARILL	61	Knock Off	added	R5	HQ's split; score 42
SPECIES_AZUMARILL	67	Superpower	added	R2	Volkner's split; score 51
SPECIES_BARBOACH	3	Scary Face	added	R7	Roark's split; score 132
SPECIES_BARBOACH	20	Rock Tomb	added	R4, R5	Gardenia's split; score 214
SPECIES_WHISCASH	30	Bulldoze	added	R16 due	Fantina's split; score 103
SPECIES_WHISCASH	35	Zen Headbutt	added	R5, relearner-only	Maylene's split; score 112
SPECIES_WHISCASH	42	Wild Charge	added	R5	Wake's split; score 78
SPECIES_WHISCASH	53	Ice Beam	added	R5	Byron's split; score 51
SPECIES_WHISCASH	58	Spark	added	R2	HQ's split; score 30
SPECIES_WHISCASH	60	Tickle	added	R2	HQ's split; score 2
SPECIES_WHISCASH	66	Swagger	added	late move	Volkner's split; score 50
SPECIES_METANG	31	Confusion	moved from 20	R25	was below 31, the lowest level it is had at
SPECIES_METANG	33	Metal Claw	moved from 20	R25	was below 31, the lowest level it is had at
SPECIES_METANG	34	Scary Face	moved from 24	R25	was below 31, the lowest level it is had at
SPECIES_METANG	35	Pursuit	moved from 28	R25	was below 31, the lowest level it is had at
SPECIES_METAGROSS	55	Ice Fang	added	R5	Candice's split; score 86
SPECIES_METAGROSS	57	Psychic Fangs	added	R16	Candice's split; score 71
SPECIES_METAGROSS	64	Iron Head	added	R2	Galactic's split; score 64
SPECIES_METAGROSS	73	Ice Punch	added	R2	Barry's split; score 49
SPECIES_METAGROSS	75	Crunch	added	R2	Barry's split; score 42
SPECIES_BIDOOF	9	Defense Curl	removed	R1	filler past the one a first split may carry
SPECIES_BIDOOF	5	Growl	removed	R1	filler past the one a first split may carry
SPECIES_BIBAREL	5	Growl	removed	R25	below 15, the lowest level it is had at
SPECIES_BIBAREL	9	Defense Curl	removed	R25	below 15, the lowest level it is had at
SPECIES_BIDOOF	3	Taunt	added	R7	Roark's split; score 165
SPECIES_BIDOOF	2	Swift	added	check 1	Roark's split; score 157
SPECIES_BIDOOF	5	Aqua Jet	added	R4	Roark's split; score 148
SPECIES_BIBAREL	20	Bite	added	R4, R5	Gardenia's split; score 238
SPECIES_BIBAREL	30	Bulldoze	added	R5, R16	Gardenia's split; score 91
SPECIES_BIBAREL	50	Ice Fang	added	R5	Byron's split; score 86
SPECIES_BIBAREL	57	Aqua Tail	added	R2	HQ's split; score 68
SPECIES_BIBAREL	59	Double-Edge	added	R2	HQ's split; score 65
SPECIES_BIBAREL	65	Crunch	added	late move	Galactic's split; score 92
SPECIES_ORBEETLE	30	Struggle Bug	moved from 4	R25	was below 30, the lowest level it is had at
SPECIES_ORBEETLE	31	Confuse Ray	moved from 8	R25	was below 30, the lowest level it is had at
SPECIES_ORBEETLE	33	Bug Bite	moved from 12	R25	was below 30, the lowest level it is had at
SPECIES_ORBEETLE	34	Hypnosis	moved from 20	R25	was below 30, the lowest level it is had at
SPECIES_ORBEETLE	35	Silver Wind	moved from 24	R25	was below 30, the lowest level it is had at
SPECIES_ORBEETLE	37	Mirror Coat	moved from 28	R25	was below 30, the lowest level it is had at
SPECIES_BLIPBUG	3	Calm Mind	added	R7	Roark's split; score 155
SPECIES_BLIPBUG	2	Trailblaze	added	R4, R5	Roark's split; score 41
SPECIES_DOTTLER	17	Snarl	added	R4, R5	Gardenia's split; score 54
SPECIES_ORBEETLE	42	Shadow Ball	added	R5	Wake's split; score 87
SPECIES_ORBEETLE	50	Energy Ball	added	R5	Byron's split; score 52
SPECIES_ORBEETLE	52	Giga Drain	added	R2	Byron's split; score 35
SPECIES_ORBEETLE	66	Agility	added	R2	Volkner's split; score 2
SPECIES_ORBEETLE	68	Sticky Web	added	R2	Volkner's split; score -5
SPECIES_SUDOWOODO	43	Bulldoze	added	R5, R16 due	Wake's split; score 125
SPECIES_SUDOWOODO	51	Low Sweep	added	R2	Byron's split; score 42
SPECIES_SUDOWOODO	54	Body Slam	added	R2	Byron's split; score 39
SPECIES_SUDOWOODO	58	Drain Punch	added	R2	HQ's split; score 35
SPECIES_SUDOWOODO	66	Wood Hammer	added	R5, relearner-only, late move	Volkner's split; score 171
SPECIES_SUDOWOODO	68	Earthquake	added	R2	Volkner's split; score 50
SPECIES_SUDOWOODO	74	Foul Play	added	R2	League's split; score 40
SPECIES_TSAREENA	33	Swagger	moved from 5	R25	was below 32, the lowest level it is had at
SPECIES_TSAREENA	40	Trop Kick	moved from 25	R25	was below 32, the lowest level it is had at
SPECIES_BOUNSWEET	4	Taunt	added	R7	Roark's split; score 132
SPECIES_BOUNSWEET	3	Magical Leaf	moved from 21	R1	brought into Roark's split; score 45
SPECIES_STEENEE	17	Draining Kiss	added	R4, R5	Gardenia's split; score 178
SPECIES_TSAREENA	35	Bite	added	R5	Maylene's split; score 23
SPECIES_TSAREENA	42	Zen Headbutt	added	R5	Wake's split; score 87
SPECIES_TSAREENA	50	U-turn	added	R5	Byron's split; score 47
SPECIES_TSAREENA	58	Play Rough	added	R5	HQ's split; score 52
SPECIES_TSAREENA	60	Knock Off	added	R2	HQ's split; score 30
SPECIES_TSAREENA	66	Charm	added	late move	Volkner's split; score 50
SPECIES_BRONZOR	17	Bulldoze	added	R4, R5, R16	Gardenia's split; score 201
SPECIES_BRONZOR	21	Smart Strike	added	R11	Gardenia's split; score 88
SPECIES_BRONZONG	35	Iron Head	added	R2	Maylene's split; score 74
SPECIES_BRONZONG	45	Rock Tomb	added	R5	Wake's split; score 52
SPECIES_BRONZONG	52	Body Press	added	R5	Byron's split; score 47
SPECIES_BRONZONG	58	Earthquake	added	R2	HQ's split; score 50
SPECIES_BRONZONG	69	Shadow Ball	added	R5	Volkner's split; score 45
SPECIES_ROSELIA	30	Poison Sting	moved from 7	R25	was below 30, the lowest level it is had at
SPECIES_ROSELIA	31	Leech Seed	moved from 16	R25	was below 30, the lowest level it is had at
SPECIES_ROSELIA	32	Magical Leaf	moved from 19	R25	was below 30, the lowest level it is had at
SPECIES_ROSELIA	33	GrassWhistle	moved from 22	R25	was below 30, the lowest level it is had at
SPECIES_ROSELIA	25	Giga Drain	removed	R25	below 30; onto Budew's list
SPECIES_BUDEW	25	Giga Drain	added	R25	from Roselia's 25, below its 30
SPECIES_ROSELIA	34	Toxic Spikes	moved from 28	R25	was below 30, the lowest level it is had at
SPECIES_BUDEW	4	Growth	removed	R1	filler past the one a first split may carry
SPECIES_ROSELIA	4	Growth	removed	R25	below 30, the lowest level it is had at
SPECIES_BUDEW	3	Acid	added	R11	Roark's split; score 241
SPECIES_BUDEW	2	Magical Leaf	added	check 1	Roark's split; score 215
SPECIES_BUDEW	18	Venoshock	added	R16	Gardenia's split; score 58
SPECIES_BUDEW	20	Confusion	added	R4, R5	Gardenia's split; score 58
SPECIES_ROSELIA	50	Sludge Bomb	added	R30	Byron's split; score 182
SPECIES_ROSERADE	39	Energy Ball	added	R30	Wake's split; score 144
SPECIES_ROSERADE	41	Shadow Ball	added	R5	Wake's split; score 87
SPECIES_ROSERADE	54	Dazzling Gleam	added	R5	Candice's split; score 85
SPECIES_ROSERADE	57	Sludge Wave	added	R2	HQ's split; score 25
SPECIES_ROSERADE	68	Sludge Bomb	added	late move	Galactic's split; score 122
SPECIES_ROSERADE	65	Leaf Storm	added	R2	Galactic's split; score 72
SPECIES_ROSERADE	78	Extrasensory	added	R2	League's split; score 41
SPECIES_BUIZEL	1	Growl	removed	R1	filler past the one a first split may carry
SPECIES_FLOATZEL	29	Agility	removed	R32	no strong attack it boosts on the line; a catch would know it at level 1
SPECIES_BUIZEL	2	BubbleBeam	added	check 1	Roark's split; score 196
SPECIES_BUIZEL	8	Scary Face	added	R7	Roark's split; score 132
SPECIES_FLOATZEL	28	Flip Turn	added	R16 due	Fantina's split; score 94
SPECIES_FLOATZEL	30	Icy Wind	added	R5	Fantina's split; score 65
SPECIES_FLOATZEL	35	Waterfall	added	R30	Maylene's split; score 138
SPECIES_FLOATZEL	43	Liquidation	added	R2	Wake's split; score 76
SPECIES_FLOATZEL	45	Low Sweep	added	R5	Wake's split; score 76
SPECIES_FLOATZEL	51	Rock Tomb	added	R5	Byron's split; score 52
SPECIES_FLOATZEL	52	Agility	added	R2	Byron's split; score 52
SPECIES_FLOATZEL	59	Ice Fang	added	relearner-only	HQ's split; score 76
SPECIES_FLOATZEL	67	Wave Crash	added	late move	Volkner's split; score 136
SPECIES_FLOATZEL	69	Ice Punch	added	R2	Volkner's split; score 49
SPECIES_BUIZEL	6	Water Gun	removed	R6	weaker than BubbleBeam, already had
SPECIES_FLOATZEL	6	Water Gun	removed	R25	below 20; onto Buizel's list
SPECIES_BUIZEL	6	Water Gun	added	R25	from Floatzel's 6, below its 20
SPECIES_BUIZEL	6	Water Gun	removed	R6	weaker than BubbleBeam, already had
SPECIES_LOPUNNY	13	Return	removed	R25	below 20; onto Buneary's list
SPECIES_BUNEARY	12	Return	added	R25	from Lopunny's 13, below its 20
SPECIES_BUNEARY	8	Baby-Doll Eyes	added	R7, R16	Roark's split; score 170
SPECIES_BUNEARY	10	Power-Up Punch	added	R4	Roark's split; score 133
SPECIES_BUNEARY	5	Covet	added	check 1	Roark's split; score 72
SPECIES_LOPUNNY	28	Bite	added	R5	Fantina's split; score 83
SPECIES_LOPUNNY	38	Strength	added	R30	Maylene's split; score 136
SPECIES_LOPUNNY	48	Body Slam	added	R2	Wake's split; score 68
SPECIES_LOPUNNY	51	U-turn	added	R5	Byron's split; score 47
SPECIES_LOPUNNY	53	Crunch	added	R2	Byron's split; score 42
SPECIES_LOPUNNY	59	Blaze Kick	added	R5	HQ's split; score 79
SPECIES_LOPUNNY	61	Low Sweep	added	R2	HQ's split; score 42
SPECIES_LOPUNNY	67	Close Combat	added	R2	Volkner's split; score 46
SPECIES_LOPUNNY	69	Fire Punch	added	R2	Volkner's split; score 42
SPECIES_LOPUNNY	75	Drain Punch	added	R2	League's split; score 35
SPECIES_WORMADAM	29	Growth	removed	R32	too early: strong attacks it boosts come at 47
SPECIES_WORMADAM	40	Growth	added	R32	moved from Wormadam's 29, beside the attacks it boosts
SPECIES_BURMY	9	Confusion	added	R4, R5	Gardenia's split; score 171
SPECIES_BURMY	8	Roost	added	R7	Gardenia's split; score 169
SPECIES_WORMADAM	28	Leech Life	added	R2	Fantina's split; score 64
SPECIES_WORMADAM	36	Swagger	added	R7	Maylene's split; score 110
SPECIES_WORMADAM	37	Lunge	added	R16 due	Maylene's split; score 50
SPECIES_WORMADAM	51	Earth Power	added	R5	Byron's split; score 131
SPECIES_WORMADAM	53	Iron Head	added	R5	Byron's split; score 84
SPECIES_WORMADAM	59	Sucker Punch	added	R5	HQ's split; score 58
SPECIES_WORMADAM	61	Giga Drain	added	R2	HQ's split; score 51
SPECIES_WORMADAM	67	Quiver Dance	added	R2	Volkner's split; score 23
SPECIES_MOTHIM	36	Lunge	added	R16 due	Maylene's split; score 142
SPECIES_MOTHIM	51	Giga Drain	added	R5	Byron's split; score 126
SPECIES_MOTHIM	53	U-turn	added	R2	Byron's split; score 58
SPECIES_MOTHIM	59	Shadow Ball	added	R5	HQ's split; score 87
SPECIES_MOTHIM	61	Energy Ball	added	R2	HQ's split; score 39
SPECIES_MOTHIM	67	Stun Spore	added	R2	Volkner's split; score 35
SPECIES_MOTHIM	69	Secret Power	added	R2	Volkner's split; score 32
SPECIES_MOTHIM	75	Acrobatics	added	R2	League's split; score 29
SPECIES_CARBINK	1	Harden	removed	R1	filler past the one a first split may carry
SPECIES_CARBINK	8	Sharpen	removed	R1	filler past the one a first split may carry
SPECIES_CARBINK	8	Draining Kiss	added	R11	Gardenia's split; score 85
SPECIES_CARBINK	20	Bulldoze	added	R4, R5	Gardenia's split; score 45
SPECIES_CARBINK	27	Rock Tomb	added	R2	Fantina's split; score 52
SPECIES_CARBINK	29	Dazzling Gleam	added	R2	Fantina's split; score 51
SPECIES_CARBINK	54	Psychic	added	R5	Byron's split; score 90
SPECIES_CARBINK	59	Iron Head	added	R5	HQ's split; score 88
SPECIES_CARBINK	61	Body Press	added	R5	HQ's split; score 47
SPECIES_CARNIVINE	1	Growth	removed	R1	filler past the one a first split may carry
SPECIES_CARNIVINE	30	Leaf Tornado	added	check 1, R16	Fantina's split; score 229
SPECIES_CARNIVINE	33	Swagger	added	R7	Fantina's split; score 144
SPECIES_CARNIVINE	35	Seed Bomb	added	R2	Maylene's split; score 60
SPECIES_CARNIVINE	42	Leech Life	added	R5	Wake's split; score 59
SPECIES_CARNIVINE	50	Giga Drain	added	R2	Byron's split; score 58
SPECIES_CARNIVINE	52	Secret Power	added	R2	Byron's split; score 32
SPECIES_CARNIVINE	58	Fire Fang	added	R5	HQ's split; score 86
SPECIES_CARNIVINE	60	Sludge Bomb	added	R5	HQ's split; score 53
SPECIES_CARNIVINE	66	Slam	added	late move	Volkner's split; score 85
SPECIES_CARNIVINE	68	Leaf Storm	added	R2	Volkner's split; score 28
SPECIES_CARVANHA	23	Aqua Cutter	added	R11, R16	Gardenia's split; score 282
SPECIES_SHARPEDO	46	Liquidation	added	R2	Wake's split; score 76
SPECIES_SHARPEDO	52	Poison Jab	added	R5	Byron's split; score 109
SPECIES_SHARPEDO	58	Fire Fang	added	R5	HQ's split; score 131
SPECIES_SHARPEDO	60	Thunder Fang	added	R5	HQ's split; score 86
SPECIES_SHARPEDO	66	Poison Fang	added	late move	Volkner's split; score 100
SPECIES_SHARPEDO	68	Flip Turn	added	R2	Volkner's split; score 42
SPECIES_SHARPEDO	74	Throat Chop	added	R2	League's split; score 25
SPECIES_CASTFORM	34	Swagger	added	R7	Maylene's split; score 144
SPECIES_CASTFORM	40	Clear Smog	added	R5, R16	Wake's split; score 96
SPECIES_CASTFORM	42	Swift	added	R2	Wake's split; score 38
SPECIES_CASTFORM	48	Scald	added	R2	Byron's split; score 37
SPECIES_CASTFORM	56	Hyper Voice	added	R30	Candice's split; score 61
SPECIES_CASTFORM	58	Flamethrower	added	R2	Candice's split; score 46
SPECIES_CASTFORM	64	Ice Beam	added	late move	Galactic's split; score 96
SPECIES_ARMAROUGE	29	Clear Smog	moved from 8	R25	was below 28, the lowest level it is had at
SPECIES_ARMAROUGE	30	Fire Spin	moved from 12	R25	was below 28, the lowest level it is had at
SPECIES_ARMAROUGE	24	Flame Charge	removed	R25	below 28; onto Charcadet's list
SPECIES_CHARCADET	24	Flame Charge	added	R25	from Armarouge's 24, below its 28
SPECIES_CERULEDGE	17	Clear Smog	moved from 8	R25	was below 17, the lowest level it is had at
SPECIES_CERULEDGE	18	Fire Spin	moved from 12	R25	was below 17, the lowest level it is had at
SPECIES_CERULEDGE	37	Swords Dance	removed	R32	too early: strong attacks it boosts come at 48
SPECIES_CERULEDGE	40	Swords Dance	added	R32	moved from Ceruledge's 37, beside the attacks it boosts
SPECIES_CHARCADET	17	Lava Plume	moved from 50	R1	brought into Fantina's split; score 74
SPECIES_CHARCADET	34	Psyshock	added	R5, relearner-only	Maylene's split; score 85
SPECIES_CHARCADET	48	Bitter Blade	added	R2	Wake's split; score 82
SPECIES_CHARCADET	42	Night Slash	added	R5, relearner-only	Wake's split; score 80
SPECIES_CHARCADET	50	Shadow Claw	added	R5, relearner-only	Byron's split; score 80
SPECIES_ARMAROUGE	54	Energy Ball	added	R5	Candice's split; score 90
SPECIES_ARMAROUGE	64	Dragon Pulse	added	R5	Galactic's split; score 87
SPECIES_ARMAROUGE	69	Overheat	added	R2	Barry's split; score 72
SPECIES_ARMAROUGE	71	Psychic	added	R2	Barry's split; score 59
SPECIES_CERULEDGE	22	Shadow Claw	added	R11	Fantina's split; score 252
SPECIES_CERULEDGE	30	Iron Defense	added	R7	Fantina's split; score 138
SPECIES_CERULEDGE	27	Bulldoze	added	R4, R5	Fantina's split; score 45
SPECIES_CERULEDGE	45	Night Slash	added	R5, relearner-only	Byron's split; score 80
SPECIES_CERULEDGE	53	Iron Head	added	R5	Byron's split; score 50
SPECIES_CERULEDGE	64	Poltergeist	added	R2	Galactic's split; score 63
SPECIES_CERULEDGE	69	Throat Chop	added	R2	Barry's split; score 44
SPECIES_CHARIZARD	17	Dragon Rage	removed	R25	below 36, the lowest level it is had at
SPECIES_CHARMANDER	1	Growl	removed	R1	filler past the one a first split may carry
SPECIES_CHARMANDER	10	SmokeScreen	removed	R1	filler past the one a first split may carry
SPECIES_CHARMELEON	10	SmokeScreen	removed	R25	below 16, the lowest level it is had at
SPECIES_CHARIZARD	10	SmokeScreen	removed	R25	below 36, the lowest level it is had at
SPECIES_CHARMANDER	8	Flame Wheel	added	check 1	Roark's split; score 190
SPECIES_CHARMANDER	10	Metal Claw	added	R4, R5	Roark's split; score 181
SPECIES_CHARMANDER	12	Scary Face	moved from 19	R7	brought into Roark's split; score 165
SPECIES_CHARMELEON	17	Shadow Claw	added	R5, relearner-only	Gardenia's split; score 73
SPECIES_CHARMELEON	19	Bite	added	R5	Gardenia's split; score 67
SPECIES_CHARMELEON	33	Fire Pledge	added	R16 due	Fantina's split; score 102
SPECIES_CHARIZARD	38	DragonBreath	added	R11	Maylene's split; score 248
SPECIES_CHARIZARD	37	Air Cutter	added	R5	Maylene's split; score 98
SPECIES_CHARIZARD	40	Scorching Sands	added	R5	Wake's split; score 83
SPECIES_CHARIZARD	51	Air Slash	added	relearner-only	Byron's split; score 69
SPECIES_CHARIZARD	56	Dragon Pulse	added	R2	Candice's split; score 64
SPECIES_CHARIZARD	61	Dark Pulse	added	R5	Candice's split; score 32
SPECIES_CHARIZARD	64	Overheat	added	R2	Galactic's split; score 72
SPECIES_CHARIZARD	72	Draco Meteor	added	R2	League's split; score 29
SPECIES_CHATOT	34	Round	added	R11, R16	Maylene's split; score 285
SPECIES_CHATOT	39	U-turn	added	R4, R5	Maylene's split; score 154
SPECIES_CHATOT	48	Air Slash	added	R2	Byron's split; score 67
SPECIES_CHATOT	50	Steel Wing	added	R5	Byron's split; score 46
SPECIES_CHATOT	56	Acrobatics	added	R2	Candice's split; score 26
SPECIES_CHATOT	58	Parting Shot	added	R2	Candice's split; score -5
SPECIES_CHATOT	64	Heat Wave	added	R5, late move	Galactic's split; score 134
SPECIES_CHATOT	72	Boomburst	added	R2	League's split; score 89
SPECIES_CHERUBI	7	Growth	removed	R1	filler past the one a first split may carry
SPECIES_CHERRIM	7	Growth	removed	R25	below 25, the lowest level it is had at
SPECIES_CHERUBI	9	Draining Kiss	added	R4, R5, R16	Gardenia's split; score 156
SPECIES_CHERUBI	17	Stun Spore	added	R7	Gardenia's split; score 155
SPECIES_CHERRIM	27	Flame Wheel	added	R5	Fantina's split; score 81
SPECIES_CHERRIM	41	Petal Blizzard	added	R2	Maylene's split; score 78
SPECIES_CHERRIM	51	Rock Slide	added	R5	Byron's split; score 77
SPECIES_CHERRIM	53	Giga Drain	added	R2	Byron's split; score 51
SPECIES_CHERRIM	59	Pollen Puff	added	R5	HQ's split; score 51
SPECIES_CHERRIM	61	Body Slam	added	R2	HQ's split; score 46
SPECIES_CHERRIM	67	Flare Blitz	added	R2	Volkner's split; score 53
SPECIES_CHERRIM	69	Play Rough	added	R2	Volkner's split; score 39
SPECIES_CHERRIM	75	Leaf Storm	added	R2	League's split; score 29
SPECIES_CHINCHOU	3	Spark	moved from 20	R11, check 1	brought into Roark's split; score 406
SPECIES_CHINCHOU	14	Screech	added	R7	Roark's split; score 132
SPECIES_CHINCHOU	19	Icy Wind	added	R4, R5	Gardenia's split; score 218
SPECIES_LANTURN	37	Scald	added	R16 due	Maylene's split; score 105
SPECIES_LANTURN	42	Thunderbolt	added	R2	Wake's split; score 59
SPECIES_LANTURN	59	Flash Cannon	added	R5	HQ's split; score 101
SPECIES_LANTURN	61	Volt Switch	added	R2	HQ's split; score 49
SPECIES_LANTURN	66	Dazzling Gleam	added	R5	Volkner's split; score 47
SPECIES_LANTURN	68	Ice Beam	added	R2	Volkner's split; score 39
SPECIES_CHINGLING	13	Yawn	added	R7	Gardenia's split; score 179
SPECIES_CHINGLING	19	Snarl	added	R4, R5, R16	Gardenia's split; score 162
SPECIES_CHIMECHO	27	Psybeam	added	R2	Fantina's split; score 50
SPECIES_CHIMECHO	43	Shadow Ball	added	R5	Wake's split; score 82
SPECIES_CHIMECHO	51	Flash Cannon	added	R5	Byron's split; score 81
SPECIES_CHIMECHO	53	Aura Sphere	added	R5	Byron's split; score 80
SPECIES_CHIMECHO	59	Psychic	added	R2	HQ's split; score 69
SPECIES_CHIMECHO	61	Confuse Ray	added	R2	HQ's split; score 16
SPECIES_CHIMECHO	67	Recover	added	R2	Volkner's split; score 9
SPECIES_HUNTAIL	1	Baton Pass	moved from 33 to level 1	R21	no boost of its own to pass
SPECIES_CLAMPERL	19	Brine	added	check 1	Gardenia's split; score 209
SPECIES_CLAMPERL	17	Bite	added	R4, R5	Gardenia's split; score 199
SPECIES_CLAMPERL	27	Aurora Beam	added	R5	Fantina's split; score 73
SPECIES_HUNTAIL	34	Flip Turn	added	R16 due	Maylene's split; score 38
SPECIES_HUNTAIL	50	Shell Smash	added	R2	Byron's split; score 73
SPECIES_HUNTAIL	56	Rock Tomb	added	R5	Candice's split; score 52
SPECIES_HUNTAIL	58	Body Slam	added	R2	Candice's split; score 46
SPECIES_HUNTAIL	64	Sucker Punch	added	late move	Galactic's split; score 92
SPECIES_GOREBYSS	35	Draining Kiss	added	R5, R16 due	Maylene's split; score 114
SPECIES_GOREBYSS	40	Muddy Water	moved from 51	R30	brought into Wake's split; score 146
SPECIES_GOREBYSS	48	Shadow Ball	added	R5	Byron's split; score 82
SPECIES_GOREBYSS	50	Giga Drain	added	R5	Byron's split; score 82
SPECIES_GOREBYSS	56	Scald	added	R2	Candice's split; score 54
SPECIES_GOREBYSS	64	Shell Smash	added	late move	Galactic's split; score 73
SPECIES_CLEFAIRY	10	DoubleSlap	removed	R25	below 14, the lowest level it is had at
SPECIES_CLEFAIRY	13	Defense Curl	removed	R25	below 14, the lowest level it is had at
SPECIES_CLEFAIRY	1	Growl	removed	R1	filler past the one a first split may carry
SPECIES_CLEFAIRY	17	Play Rough	added	R11, check 1, R16	Gardenia's split; score 367
SPECIES_CLEFAIRY	18	Magical Leaf	added	R4, R5	Gardenia's split; score 185
SPECIES_CLEFAIRY	20	Icy Wind	added	R5	Gardenia's split; score 56
SPECIES_CLEFAIRY	21	Chilling Water	added	R5	Gardenia's split; score 40
SPECIES_CLEFAIRY	23	Charge Beam	added	R5	Gardenia's split; score 38
SPECIES_CLEFABLE	14	Play Rough	added	R11, check 1, R16	Gardenia's split; score 366
SPECIES_CLEFABLE	16	Magical Leaf	added	R4, R5	Gardenia's split; score 175
SPECIES_CLEFABLE	40	Alluring Voice	added	R30	Wake's split; score 136
SPECIES_CLEFABLE	42	Shadow Ball	added	R5	Wake's split; score 82
SPECIES_CLEFABLE	48	Psychic	added	R5	Byron's split; score 86
SPECIES_CLEFABLE	50	Moonblast	added	R2	Byron's split; score 83
SPECIES_CLEFABLE	56	Air Slash	added	R5	Candice's split; score 79
SPECIES_CLEFABLE	58	Follow Me	added	R2	Candice's split; score 63
SPECIES_CLEFABLE	64	Charm	added	late move	Galactic's split; score 99
SPECIES_CLEFABLE	66	Sweet Kiss	added	R2	Galactic's split; score 9
SPECIES_CLOBBOPUS	27	Skitter Smack	added	R4, R5, R16	Wake's split; score 170
SPECIES_GRAPPLOCT	47	Drain Punch	added	R2	Byron's split; score 51
SPECIES_GRAPPLOCT	53	Sucker Punch	added	R5	Byron's split; score 49
SPECIES_GRAPPLOCT	55	Waterfall	added	R5	Byron's split; score 49
SPECIES_GRAPPLOCT	61	Close Combat	added	late move	Galactic's split; score 111
SPECIES_GRAPPLOCT	63	Ice Punch	added	R5	Galactic's split; score 54
SPECIES_GRAPPLOCT	69	Liquidation	added	R2	Barry's split; score 38
SPECIES_VESPIQUEN	22	Poison Sting	moved from 3	R25	was below 21, the lowest level it is had at
SPECIES_VESPIQUEN	34	Confuse Ray	moved from 7	R25	was below 21, the lowest level it is had at
SPECIES_VESPIQUEN	9	Fury Cutter	removed	R25	below 21, the lowest level it is had at
SPECIES_VESPIQUEN	23	Defend Order	moved from 13	R25	was below 21, the lowest level it is had at
SPECIES_VESPIQUEN	24	Pursuit	moved from 15	R25	was below 21, the lowest level it is had at
SPECIES_VESPIQUEN	19	Fury Swipes	removed	R25	below 21, the lowest level it is had at
SPECIES_COMBEE	10	Swagger	added	R7	Gardenia's split; score 179
SPECIES_COMBEE	9	Pursuit	added	R4	Gardenia's split; score 150
SPECIES_VESPIQUEN	41	Pounce	added	R16 due	Maylene's split; score 96
SPECIES_VESPIQUEN	43	Air Slash	added	R2	Wake's split; score 57
SPECIES_VESPIQUEN	45	U-turn	added	R2	Wake's split; score 49
SPECIES_VESPIQUEN	51	Psychic Noise	added	R5	Byron's split; score 83
SPECIES_VESPIQUEN	53	Poison Jab	added	R2	Byron's split; score 44
SPECIES_VESPIQUEN	59	Sludge Bomb	added	R2	HQ's split; score 42
SPECIES_VESPIQUEN	61	Take Down	added	R2	HQ's split; score 34
SPECIES_VESPIQUEN	67	Acrobatics	added	R2	Volkner's split; score 70
SPECIES_VESPIQUEN	69	Secret Power	added	R2	Volkner's split; score 32
SPECIES_CORPHISH	7	Harden	removed	R1	filler past the one a first split may carry
SPECIES_CRAWDAUNT	7	Harden	removed	R25	below 30, the lowest level it is had at
SPECIES_CORPHISH	3	BubbleBeam	moved from 20	check 1	brought into Roark's split; score 191
SPECIES_CORPHISH	2	Taunt	moved from 32	R7	brought into Roark's split; score 165
SPECIES_CORPHISH	17	Aerial Ace	added	R4, R5	Gardenia's split; score 235
SPECIES_CORPHISH	19	Razor Shell	added	R16	Gardenia's split; score 82
SPECIES_CRAWDAUNT	36	Metal Claw	added	R5	Maylene's split; score 64
SPECIES_CRAWDAUNT	41	Throat Chop	added	R30	Maylene's split; score 60
SPECIES_CRAWDAUNT	46	X-Scissor	added	R5	Wake's split; score 80
SPECIES_CRAWDAUNT	59	Brick Break	added	R5	HQ's split; score 66
SPECIES_CRAWDAUNT	66	Close Combat	added	late move	Volkner's split; score 88
SPECIES_CORSOLA	4	Harden	removed	R1	filler past the one a first split may carry
SPECIES_CORSOLA	16	Refresh	removed	R1	filler past the one a first split may carry
SPECIES_CORSOLA	5	AncientPower	moved from 32	R11, check 1	brought into Roark's split; score 392
SPECIES_CORSOLA	4	Rock Tomb	added	R1	Roark's split; score 52
SPECIES_CORSOLA	17	Bulldoze	added	R4, R5, R16	Gardenia's split; score 210
SPECIES_CORSOLA	22	Aqua Cutter	added	R2	Gardenia's split; score 52
SPECIES_CORSOLA	33	Rock Slide	added	R2	Fantina's split; score 46
SPECIES_CORSOLA	42	Liquidation	added	R30	Wake's split; score 141
SPECIES_CORSOLA	46	Throat Chop	added	R5	Wake's split; score 95
SPECIES_CORSOLA	55	Body Slam	added	R2	Byron's split; score 39
SPECIES_CORSOLA	57	Earthquake	added	R2	HQ's split; score 42
SPECIES_CORSOLA	59	Sucker Punch	added	R2	HQ's split; score 36
SPECIES_CORSOLA	61	Ice Punch	added	R5	HQ's split; score 33
SPECIES_RAMPARDOS	34	Bulldoze	added	R5, R16	Maylene's split; score 91
SPECIES_RAMPARDOS	45	Iron Head	added	R5	Wake's split; score 84
SPECIES_RAMPARDOS	50	Rock Tomb	added	R2	Byron's split; score 52
SPECIES_RAMPARDOS	58	Crunch	added	R2	HQ's split; score 42
SPECIES_RAMPARDOS	66	Earthquake	added	late move	Volkner's split; score 85
SPECIES_CRESSELIA	68	Confuse Ray	added	R7	Volkner's split; score 150
SPECIES_CRESSELIA	70	Moonblast	added	R5, R16	Barry's split; score 84
SPECIES_CRESSELIA	77	Swagger	added	R7	League's split; score 110
SPECIES_CROAGUNK	36	Nasty Plot	removed	R32	too early: strong attacks it boosts come at 49
SPECIES_TOXICROAK	40	Nasty Plot	added	R32	moved from Croagunk's 36, beside the attacks it boosts
SPECIES_TOXICROAK	51	Low Sweep	added	R16 due	Byron's split; score 107
SPECIES_TOXICROAK	56	X-Scissor	added	R5	Candice's split; score 68
SPECIES_TOXICROAK	58	Rock Tomb	added	R5	Candice's split; score 52
SPECIES_TOXICROAK	64	Close Combat	added	late move	Galactic's split; score 111
SPECIES_TOXICROAK	66	Drain Punch	added	R2	Galactic's split; score 51
SPECIES_TOXICROAK	72	Throat Chop	added	R2	League's split; score 44
SPECIES_TOXICROAK	36	Nasty Plot	removed	R25	below 37, the lowest level it is had at
SPECIES_DELIBIRD	33	Ice Beam	added	R11, check 1	Candice's split; score 415
SPECIES_DELIBIRD	32	Drill Peck	added	R11	Candice's split; score 260
SPECIES_DELIBIRD	54	Drill Run	added	R4, R5, R16	Candice's split; score 220
SPECIES_DELIBIRD	56	Swagger	added	R7	Candice's split; score 144
SPECIES_DELIBIRD	58	Acrobatics	added	R2	HQ's split; score 70
SPECIES_DELIBIRD	60	Ice Punch	added	R2	HQ's split; score 62
SPECIES_DELIBIRD	65	Foul Play	added	R5, late move	Galactic's split; score 96
SPECIES_DELIBIRD	67	Seed Bomb	added	R5	Galactic's split; score 47
SPECIES_DELIBIRD	73	Brick Break	added	R5	League's split; score 45
SPECIES_DEWPIDER	19	Sticky Web	added	R7	Gardenia's split; score 155
SPECIES_ARAQUANID	28	Spider Web	added	R2	Fantina's split; score 56
SPECIES_ARAQUANID	38	Skitter Smack	added	R2	Maylene's split; score 54
SPECIES_ARAQUANID	43	Waterfall	added	R2	Wake's split; score 53
SPECIES_ARAQUANID	51	Poison Jab	added	R5	Byron's split; score 88
SPECIES_ARAQUANID	59	Crunch	added	R2	HQ's split; score 42
SPECIES_ARAQUANID	63	Ice Punch	added	R5	HQ's split; score 27
SPECIES_ARAQUANID	67	Body Slam	added	R2	Volkner's split; score 39
SPECIES_DHELMISE	36	Shadow Claw	moved from 40	R11, check 1	brought into Maylene's split; score 402
SPECIES_DHELMISE	38	Synthesis	added	R7	Maylene's split; score 169
SPECIES_DHELMISE	40	Bulldoze	added	R5	Wake's split; score 52
SPECIES_DHELMISE	57	Liquidation	added	R5	Candice's split; score 60
SPECIES_DHELMISE	59	Petal Blizzard	moved from 70	R30	brought into Candice's split; score 59
SPECIES_DHELMISE	67	Poltergeist	added	late move	Galactic's split; score 124
SPECIES_DHELMISE	69	Slam	added	R2	Galactic's split; score 50
SPECIES_DHELMISE	72	Body Press	added	R5	League's split; score 47
SPECIES_DRIFLOON	19	Hex	added	check 1, R16	Maylene's split; score 229
SPECIES_DRIFLOON	24	Tailwind	added	R7	Maylene's split; score 155
SPECIES_DRIFBLIM	40	Air Slash	added	R2	Wake's split; score 57
SPECIES_DRIFBLIM	48	Acrobatics	added	R2	Byron's split; score 62
SPECIES_DRIFBLIM	50	Psychic	added	R5	Byron's split; score 52
SPECIES_DRIFBLIM	56	Thunderbolt	added	R5	Candice's split; score 52
SPECIES_DRIFBLIM	58	Temper Flare	added	R5	Candice's split; score 41
SPECIES_DRIFBLIM	64	Body Slam	added	late move	Galactic's split; score 78
SPECIES_DRIFBLIM	66	Sucker Punch	added	R2	Galactic's split; score 33
SPECIES_DRIFBLIM	72	Poltergeist	added	R2	League's split; score 23
SPECIES_DUSKULL	27	Shadow Claw	added	check 1	Fantina's split; score 74
SPECIES_DUSCLOPS	40	Skitter Smack	added	R5, R16 due	Wake's split; score 149
SPECIES_DUSCLOPS	48	Zen Headbutt	added	R5	Byron's split; score 82
SPECIES_DUSCLOPS	56	Rock Tomb	added	R5	Candice's split; score 74
SPECIES_DUSKNOIR	66	Fire Punch	added	R5, relearner-only	Volkner's split; score 94
SPECIES_DUSKNOIR	68	Leech Life	added	R2	Volkner's split; score 37
SPECIES_DUSKNOIR	74	Sucker Punch	added	R2	League's split; score 36
SPECIES_CRUSTLE	50	Body Press	added	R5, relearner-only	Byron's split; score 85
SPECIES_CRUSTLE	56	Shell Smash	added	R2	Candice's split; score 63
SPECIES_CRUSTLE	58	Skitter Smack	added	R2	Candice's split; score 54
SPECIES_CRUSTLE	64	Earthquake	added	relearner-only, late move	Galactic's split; score 130
SPECIES_CRUSTLE	66	Poison Jab	added	R5	Galactic's split; score 50
SPECIES_CRUSTLE	72	Bulldoze	added	R2	League's split; score 40
SPECIES_FLAREON	8	Sand-Attack	removed	R10 exception	a copy of Eevee's list; each form gets its own (Ian, 2026-10-06)
SPECIES_FLAREON	50	Last Resort	removed	R10 exception	a copy of Eevee's list; each form gets its own (Ian, 2026-10-06)
SPECIES_LEAFEON	8	Sand-Attack	removed	R10 exception	a copy of Eevee's list; each form gets its own (Ian, 2026-10-06)
SPECIES_LEAFEON	50	Last Resort	removed	R10 exception	a copy of Eevee's list; each form gets its own (Ian, 2026-10-06)
SPECIES_GLACEON	8	Sand-Attack	removed	R10 exception	a copy of Eevee's list; each form gets its own (Ian, 2026-10-06)
SPECIES_GLACEON	50	Last Resort	removed	R10 exception	a copy of Eevee's list; each form gets its own (Ian, 2026-10-06)
SPECIES_JOLTEON	8	Sand-Attack	removed	R10 exception	a copy of Eevee's list; each form gets its own (Ian, 2026-10-06)
SPECIES_JOLTEON	50	Last Resort	removed	R10 exception	a copy of Eevee's list; each form gets its own (Ian, 2026-10-06)
SPECIES_ESPEON	8	Sand-Attack	removed	R10 exception	a copy of Eevee's list; each form gets its own (Ian, 2026-10-06)
SPECIES_ESPEON	50	Last Resort	removed	R10 exception	a copy of Eevee's list; each form gets its own (Ian, 2026-10-06)
SPECIES_VAPOREON	8	Sand-Attack	removed	R10 exception	a copy of Eevee's list; each form gets its own (Ian, 2026-10-06)
SPECIES_VAPOREON	50	Last Resort	removed	R10 exception	a copy of Eevee's list; each form gets its own (Ian, 2026-10-06)
SPECIES_SYLVEON	5	Sand-Attack	removed	R10 exception	a copy of Eevee's list; each form gets its own (Ian, 2026-10-06)
SPECIES_SYLVEON	48	Last Resort	removed	R10 exception	a copy of Eevee's list; each form gets its own (Ian, 2026-10-06)
SPECIES_UMBREON	8	Sand-Attack	removed	R10 exception	a copy of Eevee's list; each form gets its own (Ian, 2026-10-06)
SPECIES_UMBREON	50	Last Resort	removed	R10 exception	a copy of Eevee's list; each form gets its own (Ian, 2026-10-06)
SPECIES_ESPEON	20	Confusion	moved from 15	R25	was below 20, the lowest level it is had at
SPECIES_FLAREON	20	Ember	moved from 15	R25	was below 20, the lowest level it is had at
SPECIES_GLACEON	30	Icy Wind	moved from 15	R25	was below 30, the lowest level it is had at
SPECIES_JOLTEON	20	ThunderShock	moved from 15	R25	was below 20, the lowest level it is had at
SPECIES_LEAFEON	30	Razor Leaf	moved from 15	R25	was below 30, the lowest level it is had at
SPECIES_LEAFEON	31	Synthesis	moved from 29	R25	was below 30, the lowest level it is had at
SPECIES_SYLVEON	32	Baby-Doll Eyes	moved from 12	R25	was below 32, the lowest level it is had at
SPECIES_SYLVEON	34	Swift	moved from 18	R25	was below 32, the lowest level it is had at
SPECIES_SYLVEON	35	Draining Kiss	moved from 25	R25	was below 32, the lowest level it is had at
SPECIES_SYLVEON	36	Light Screen	moved from 28	R25	was below 32, the lowest level it is had at
SPECIES_UMBREON	20	Pursuit	moved from 15	R25	was below 20, the lowest level it is had at
SPECIES_VAPOREON	20	Water Gun	moved from 15	R25	was below 20, the lowest level it is had at
SPECIES_EEVEE	27	Charm	added	check 20	Sylveon needs it known
SPECIES_EEVEE	15	Growl	removed	R1	filler past the one a first split may carry
SPECIES_EEVEE	1	Tail Whip	removed	R1	filler past the one a first split may carry
SPECIES_EEVEE	36	Baton Pass	removed	R21	no boost of its own to pass; a catch would know it at level 1
SPECIES_EEVEE	28	Headbutt	added	check 1	Fantina's split; score 206
SPECIES_LEAFEON	34	Aerial Ace	added	R5	Maylene's split; score 70
SPECIES_LEAFEON	45	Trailblaze	added	R16 due	Wake's split; score 89
SPECIES_LEAFEON	50	Leaf Blade	moved from 71	R30	brought into Byron's split; score 178
SPECIES_LEAFEON	59	X-Scissor	added	R5	HQ's split; score 80
SPECIES_LEAFEON	61	Body Slam	added	R2	HQ's split; score 46
SPECIES_LEAFEON	66	Double-Edge	added	relearner-only	Volkner's split; score 81
SPECIES_LEAFEON	68	Knock Off	added	R2	Volkner's split; score 30
SPECIES_GLACEON	32	Water Pulse	added	R4, R5	Fantina's split; score 202
SPECIES_GLACEON	34	Mud Shot	added	R5	Maylene's split; score 71
SPECIES_GLACEON	45	Alluring Voice	added	R5, R16 due	Wake's split; score 98
SPECIES_GLACEON	50	Ice Beam	moved from 71	R30	brought into Byron's split; score 169
SPECIES_GLACEON	59	Shadow Ball	added	R5	HQ's split; score 82
SPECIES_GLACEON	61	Wish	added	R2	HQ's split; score 56
SPECIES_GLACEON	66	Earth Power	added	R2	Volkner's split; score 46
SPECIES_GLACEON	68	Tickle	added	R2	Volkner's split; score 2
SPECIES_JOLTEON	24	Volt Switch	added	check 1, R16	Maylene's split; score 193
SPECIES_JOLTEON	26	Charm	added	R7	Maylene's split; score 169
SPECIES_JOLTEON	31	Snarl	added	R4, R5	Maylene's split; score 60
SPECIES_JOLTEON	27	Snarl	moved from 31	R4, R5	brought into Gardenia's split; score 49
SPECIES_JOLTEON	31	Electroweb	added	R2	Fantina's split; score 48
SPECIES_JOLTEON	28	Swift	added	R2	Fantina's split; score 40
SPECIES_JOLTEON	38	Baby-Doll Eyes	added	R2	Maylene's split; score 35
SPECIES_JOLTEON	45	Signal Beam	added	R5	Wake's split; score 67
SPECIES_JOLTEON	47	Thunderbolt	added	R2	Wake's split; score 59
SPECIES_JOLTEON	52	Alluring Voice	added	R5	Byron's split; score 47
SPECIES_JOLTEON	60	Hyper Voice	added	R2	HQ's split; score 42
SPECIES_VAPOREON	25	Water Pulse	added	check 1	Maylene's split; score 207
SPECIES_VAPOREON	27	Baby-Doll Eyes	added	R7, R16	Maylene's split; score 185
SPECIES_VAPOREON	21	Icy Wind	added	R4, R5	Gardenia's split; score 179
SPECIES_VAPOREON	31	Charm	added	R2	Fantina's split; score 49
SPECIES_VAPOREON	45	Surf	added	R2	Wake's split; score 57
SPECIES_VAPOREON	47	Scald	added	R2	Wake's split; score 54
SPECIES_VAPOREON	60	Shadow Ball	added	R5	HQ's split; score 87
SPECIES_VAPOREON	68	Alluring Voice	added	R5	Volkner's split; score 85
SPECIES_VAPOREON	70	Ice Beam	added	R2	Volkner's split; score 46
SPECIES_FLAREON	24	Temper Flare	added	check 1, R16	Maylene's split; score 192
SPECIES_FLAREON	26	Charm	added	R7	Maylene's split; score 169
SPECIES_FLAREON	27	Bite	moved from 29	R4, R5	brought into Gardenia's split; score 203
SPECIES_FLAREON	29	Covet	added	relearner-only	Fantina's split; score 60
SPECIES_FLAREON	31	Trailblaze	added	R5	Fantina's split; score 40
SPECIES_FLAREON	45	Take Down	added	R2	Wake's split; score 50
SPECIES_FLAREON	47	Crunch	added	R2	Wake's split; score 42
SPECIES_FLAREON	52	Headbutt	added	R2	Byron's split; score 38
SPECIES_FLAREON	60	Secret Power	added	R2	HQ's split; score 38
SPECIES_FLAREON	68	Superpower	added	R5	Volkner's split; score 136
SPECIES_ESPEON	24	Alluring Voice	added	R5, R16 due	Byron's split; score 136
SPECIES_ESPEON	26	Baby-Doll Eyes	added	R7	Gardenia's split; score 165
SPECIES_ESPEON	31	Psychic Noise	added	R2	Fantina's split; score 48
SPECIES_ESPEON	45	Power Gem	added	R5	Wake's split; score 47
SPECIES_ESPEON	47	Magical Leaf	added	R5	Wake's split; score 38
SPECIES_UMBREON	24	Snarl	added	check 1, R16	Fantina's split; score 216
SPECIES_UMBREON	26	Trailblaze	added	R4, R5	Fantina's split; score 142
SPECIES_UMBREON	27	Charm	added	R7	Gardenia's split; score 169
SPECIES_UMBREON	31	Dark Pulse	added	R2	Fantina's split; score 68
SPECIES_UMBREON	45	Throat Chop	added	R2	Wake's split; score 61
SPECIES_UMBREON	47	Sucker Punch	added	R2	Wake's split; score 51
SPECIES_UMBREON	52	Psychic	added	R5	Byron's split; score 58
SPECIES_UMBREON	60	Facade	added	R2	HQ's split; score 30
SPECIES_UMBREON	68	Shadow Ball	added	R5	Volkner's split; score 84
SPECIES_SYLVEON	37	Magical Leaf	added	R4, R5	Maylene's split; score 187
SPECIES_SYLVEON	50	Psyshock	added	R5	Byron's split; score 47
SPECIES_SYLVEON	66	Shadow Ball	added	R5, late move	Volkner's split; score 130
SPECIES_SYLVEON	40	Dazzling Gleam	added	check 24	branch parity by Byron's cap; adds 60 to its kit
SPECIES_GLACEON	35	Freeze-Dry	added	check 24	branch parity by Byron's cap; adds 43 to its kit
SPECIES_LEAFEON	35	Seed Bomb	added	check 24	branch parity by Byron's cap; adds 50 to its kit
SPECIES_ELEKID	30	Bulldoze	added	R4, R5, R16	Maylene's split; score 192
SPECIES_ELECTIVIRE	30	Karate Chop	added	R11	Maylene's split; score 238
SPECIES_ELECTIVIRE	54	Hammer Arm	added	R2	Candice's split; score 71
SPECIES_ELECTIVIRE	56	Low Sweep	added	R2	Candice's split; score 56
SPECIES_ELECTIVIRE	62	Fire Punch	added	R5, relearner-only, late move	Galactic's split; score 214
SPECIES_ELECTIVIRE	64	Ice Punch	added	R5	Galactic's split; score 89
SPECIES_ELECTIVIRE	70	Rock Tomb	added	R5	Barry's split; score 52
SPECIES_ELECTIVIRE	72	Earthquake	added	R2	Barry's split; score 50
SPECIES_EMOLGA	26	Electro Ball	removed	R6	weaker than ThunderShock, already had
SPECIES_EMOLGA	18	Taunt	added	R7	Gardenia's split; score 132
SPECIES_EMOLGA	20	Air Cutter	added	R11	Gardenia's split; score 86
SPECIES_EMOLGA	24	Snarl	added	R4, R5	Gardenia's split; score 43
SPECIES_EMOLGA	29	Electroweb	added	R2	Fantina's split; score 48
SPECIES_EMOLGA	52	Thunderbolt	added	R2	Byron's split; score 59
SPECIES_EMOLGA	54	Air Slash	added	R2	Byron's split; score 48
SPECIES_EMOLGA	56	Shadow Ball	added	R5	Byron's split; score 26
SPECIES_EMOLGA	59	Energy Ball	added	R5	HQ's split; score 90
SPECIES_EMOLGA	67	Charm	added	late move	Volkner's split; score 50
SPECIES_MILOTIC	5	Water Sport	removed	R25	below 30, the lowest level it is had at
SPECIES_MILOTIC	9	Refresh	removed	R25	below 30, the lowest level it is had at
SPECIES_MILOTIC	13	Water Pulse	removed	R25	below 30; onto Feebas's list
SPECIES_FEEBAS	13	Water Pulse	added	R25	from Milotic's 13, below its 30
SPECIES_MILOTIC	30	Twister	moved from 17	R25	was below 30, the lowest level it is had at
SPECIES_MILOTIC	31	Recover	moved from 21	R25	was below 30, the lowest level it is had at
SPECIES_MILOTIC	25	Captivate	removed	R25	below 30; onto Feebas's list
SPECIES_FEEBAS	25	Captivate	added	R25	from Milotic's 25, below its 30
SPECIES_MILOTIC	32	Aqua Tail	moved from 29	R25	was below 30, the lowest level it is had at
SPECIES_FEEBAS	6	Dragon Tail	added	R4, R5, R16	Gardenia's split; score 195
SPECIES_FEEBAS	5	Swagger	added	R7	Gardenia's split; score 144
SPECIES_MILOTIC	33	Aurora Beam	added	R4, R5	Fantina's split; score 238
SPECIES_MILOTIC	51	Alluring Voice	added	R5	Byron's split; score 85
SPECIES_MILOTIC	54	Dragon Pulse	added	R2	Byron's split; score 64
SPECIES_MILOTIC	58	Muddy Water	added	R2	HQ's split; score 61
SPECIES_MILOTIC	60	Scald	added	R2	HQ's split; score 54
SPECIES_MILOTIC	62	Earth Power	added	R5	HQ's split; score 27
SPECIES_MILOTIC	66	Hyper Voice	added	R2	Volkner's split; score 50
SPECIES_MILOTIC	68	Ice Beam	added	R2	Volkner's split; score 46
SPECIES_MILOTIC	74	Draco Meteor	added	R2	League's split; score 29
SPECIES_FENNEKIN	1	Tail Whip	removed	R1	filler past the one a first split may carry
SPECIES_DELPHOX	72	Expanding Force	removed	R6	weaker than Psychic, already had
SPECIES_FENNEKIN	8	Flame Charge	added	check 1, R16	Roark's split; score 215
SPECIES_BRAIXEN	17	Will-O-Wisp	moved from 43	R7	brought into Gardenia's split; score 162
SPECIES_BRAIXEN	27	Mystical Fire	added	R2	Gardenia's split; score 68
SPECIES_DELPHOX	38	Mud Shot	added	R5	Maylene's split; score 88
SPECIES_DELPHOX	42	Shadow Ball	added	R5, relearner-only	Wake's split; score 132
SPECIES_DELPHOX	57	Dazzling Gleam	added	R5	Candice's split; score 85
SPECIES_DELPHOX	72	Burn Up	added	R2	League's split; score 98
SPECIES_BRAIXEN	29	Flame Burst	removed	R6	weaker than Mystical Fire, already had
SPECIES_FERROSEED	40	Seed Bomb	moved from 47	R11	brought into Wake's split; score 260
SPECIES_FERROSEED	34	Iron Defense	added	R7	Wake's split; score 172
SPECIES_FERROTHORN	46	Bulldoze	added	R5, R16	Byron's split; score 69
SPECIES_FERROTHORN	54	Poison Jab	added	R5	Byron's split; score 50
SPECIES_FERROTHORN	56	Body Press	added	R5	Byron's split; score 47
SPECIES_FERROTHORN	61	Curse	added	R2	Galactic's split; score 35
SPECIES_FINNEON	4	Water Pulse	moved from 22	check 1	brought into Roark's split; score 197
SPECIES_FINNEON	3	Tailwind	added	R7	Roark's split; score 155
SPECIES_FINNEON	8	Gust	moved from 17	R4	brought into Roark's split; score 150
SPECIES_FINNEON	17	Icy Wind	added	R5	Gardenia's split; score 126
SPECIES_FINNEON	19	Ominous Wind	added	R5	Gardenia's split; score 71
SPECIES_LUMINEON	31	Flip Turn	added	R16 due	Fantina's split; score 94
SPECIES_LUMINEON	37	Aqua Tail	added	R30	Maylene's split; score 168
SPECIES_LUMINEON	50	Ice Fang	added	R2	Byron's split; score 46
SPECIES_LUMINEON	55	Air Slash	added	R2	Byron's split; score 35
SPECIES_LUMINEON	61	Confuse Ray	added	R2	HQ's split; score 16
SPECIES_LUMINEON	66	Acrobatics	added	R2	Volkner's split; score 47
SPECIES_FINNEON	6	Water Gun	removed	R6	weaker than Water Pulse, already had
SPECIES_LUMINEON	6	Water Gun	removed	R25	below 31; onto Finneon's list
SPECIES_FINNEON	6	Water Gun	added	R25	from Lumineon's 6, below its 31
SPECIES_FINNEON	6	Water Gun	removed	R6	weaker than Water Pulse, already had
SPECIES_FLOETTE	34	Charm	added	R7	Maylene's split; score 144
SPECIES_FLORGES	59	Psychic	added	R5	HQ's split; score 90
SPECIES_FLORGES	65	Energy Ball	added	relearner-only, late move	Galactic's split; score 126
SPECIES_FLORGES	67	Pollen Puff	added	R5	Galactic's split; score 51
SPECIES_FLETCHLING	1	Growl	removed	R1	filler past the one a first split may carry
SPECIES_FLETCHLING	4	Tailwind	moved from 45	R7	brought into Roark's split; score 155
SPECIES_FLETCHLING	3	Ember	added	R4	Roark's split; score 147
SPECIES_FLETCHINDER	19	Bite	added	R4, R5	Gardenia's split; score 53
SPECIES_TALONFLAME	40	Steel Wing	added	R5	Wake's split; score 102
SPECIES_TALONFLAME	42	Flamethrower	added	R2	Wake's split; score 54
SPECIES_TALONFLAME	57	U-turn	added	R5	Candice's split; score 85
SPECIES_TALONFLAME	59	Overheat	added	R2	Candice's split; score 66
SPECIES_TALONFLAME	64	Double-Edge	added	late move	Galactic's split; score 86
SPECIES_TALONFLAME	66	Agility	added	R2	Galactic's split; score 2
SPECIES_FOMANTIS	9	Growth	removed	R32	no strong attack it boosts on the line; a catch would know it at level 1
SPECIES_LURANTIS	40	Night Slash	added	R5, relearner-only	Wake's split; score 80
SPECIES_LURANTIS	42	Low Sweep	added	R5	Wake's split; score 55
SPECIES_LURANTIS	48	Poison Jab	added	R5	Byron's split; score 50
SPECIES_LURANTIS	57	Skitter Smack	added	R2	Candice's split; score 39
SPECIES_LURANTIS	59	Leech Life	added	R2	Candice's split; score 37
SPECIES_LURANTIS	64	Scary Face	added	late move	Galactic's split; score 72
SPECIES_LURANTIS	14	Growth	removed	R25	below 34, the lowest level it is had at
SPECIES_FRILLISH	36	Dark Pulse	added	R4, R5	Maylene's split; score 151
SPECIES_JELLICENT	45	Muddy Water	added	R2	Byron's split; score 61
SPECIES_JELLICENT	53	Sludge Bomb	added	R5	Byron's split; score 54
SPECIES_JELLICENT	61	Energy Ball	added	R5	Galactic's split; score 52
SPECIES_JELLICENT	72	Ice Beam	added	R5	Barry's split; score 52
SPECIES_GRENINJA	36	Shadow Sneak	moved from 10	R25	was below 36, the lowest level it is had at
SPECIES_GRENINJA	16	Bounce	removed	R25	below 36, the lowest level it is had at
SPECIES_GRENINJA	20	Thief	removed	R25	below 36; onto Frogadier's list
SPECIES_FROGADIER	19	Thief	added	R25	from Greninja's 20, below its 36
SPECIES_FROAKIE	7	Growl	removed	R1	filler past the one a first split may carry
SPECIES_FROGADIER	7	Growl	removed	R25	below 16, the lowest level it is had at
SPECIES_GRENINJA	7	Growl	removed	R25	below 36, the lowest level it is had at
SPECIES_GRENINJA	49	Surf	added	R2	Byron's split; score 57
SPECIES_GRENINJA	56	Ice Beam	added	relearner-only	Candice's split; score 76
SPECIES_GRENINJA	58	Muddy Water	added	R2	Candice's split; score 25
SPECIES_GRENINJA	67	Taunt	added	late move	Galactic's split; score 72
SPECIES_GRENINJA	69	Throat Chop	added	R2	Galactic's split; score 24
SPECIES_GALARIAN_MR_MIME	42	Dazzling Gleam	added	R4, R5, relearner-only, R16	Wake's split; score 225
SPECIES_MR_RIME	54	Encore	added	R2	Byron's split; score 63
SPECIES_MR_RIME	56	Ice Beam	added	R2	Byron's split; score 59
SPECIES_MR_RIME	61	Energy Ball	added	R5, late move	Galactic's split; score 133
SPECIES_MR_RIME	63	Block	added	R2	Galactic's split; score 56
SPECIES_MR_RIME	69	Thunderbolt	added	R5	Barry's split; score 90
SPECIES_MR_RIME	71	Shadow Ball	added	R5	Barry's split; score 49
SPECIES_GASTLY	17	Sludge	added	R11, check 1	Fantina's split; score 412
SPECIES_GASTLY	24	Icy Wind	added	R4, R5	Fantina's split; score 179
SPECIES_HAUNTER	35	Clear Smog	added	R16	Maylene's split; score 55
SPECIES_GENGAR	46	Sludge Bomb	added	R2	Byron's split; score 72
SPECIES_GENGAR	48	Giga Drain	added	R5	Byron's split; score 48
SPECIES_GENGAR	53	Dazzling Gleam	added	R5	Byron's split; score 47
SPECIES_GENGAR	61	Energy Ball	added	late move	Galactic's split; score 82
SPECIES_GENGAR	63	Toxic	added	R2	Galactic's split; score 23
SPECIES_GEODUDE	1	Defense Curl	removed	R1	filler past the one a first split may carry
SPECIES_GEODUDE	8	Rock Polish	removed	R32	too early: strong attacks it boosts come at 33
SPECIES_GEODUDE	17	Rock Polish	added	R32	moved from Geodude's 8, beside the attacks it boosts
SPECIES_GEODUDE	4	Bulldoze	added	R11, R16	Roark's split; score 292
SPECIES_GEODUDE	3	Smack Down	added	R1	Roark's split; score 55
SPECIES_GRAVELER	25	Karate Chop	added	R4, R5	Gardenia's split; score 230
SPECIES_GRAVELER	29	Rock Tomb	added	R2	Fantina's split; score 52
SPECIES_GRAVELER	35	Iron Head	added	R5	Maylene's split; score 50
SPECIES_GOLEM	46	Sucker Punch	added	R5	Byron's split; score 49
SPECIES_GOLEM	53	Body Slam	added	R2	Byron's split; score 46
SPECIES_GOLEM	55	Body Press	added	R2	Byron's split; score 34
SPECIES_GOLEM	61	Fire Punch	added	R5, late move	Galactic's split; score 139
SPECIES_GOLEM	63	Hammer Arm	added	R2	Galactic's split; score 48
SPECIES_GOLEM	69	Superpower	added	R2	Barry's split; score 43
SPECIES_GIBLE	21	Dragon Claw	moved from 27	R11, check 1	brought into Fantina's split; score 420
SPECIES_GIBLE	23	Bite	added	R4, R5	Fantina's split; score 203
SPECIES_GIBLE	20	Block	added	R7	Fantina's split; score 176
SPECIES_GABITE	35	Bulldoze	added	R16	Maylene's split; score 82
SPECIES_GABITE	37	Aerial Ace	added	R5	Maylene's split; score 60
SPECIES_GARCHOMP	57	Fire Fang	added	R5, relearner-only	Candice's split; score 116
SPECIES_GARCHOMP	62	Earthquake	added	late move	Galactic's split; score 125
SPECIES_GABITE	66	Outrage	added	R19	payoff for holding past 66; Garchomp comes at 48
SPECIES_GIRAFARIG	48	Bulldoze	added	R5, R16 due	Byron's split; score 122
SPECIES_GIRAFARIG	50	Body Slam	added	R2	Byron's split; score 62
SPECIES_GIRAFARIG	56	Hyper Voice	added	R2	Candice's split; score 64
SPECIES_GIRAFARIG	58	Energy Ball	added	R5	Candice's split; score 52
SPECIES_GIRAFARIG	64	Thunderbolt	added	R5, late move	Galactic's split; score 95
SPECIES_GIRAFARIG	66	Shadow Ball	added	R5	Galactic's split; score 49
SPECIES_GIRAFARIG	72	Foul Play	added	R2	League's split; score 37
SPECIES_GIRATINA	62	Scary Face	added	R7	Galactic's split; score 155
SPECIES_GIRATINA	66	Poltergeist	added	R16	Volkner's split; score 80
SPECIES_GIRATINA	74	Draco Meteor	added	R2	League's split; score 72
SPECIES_GLAMEOW	6	Taunt	added	R7	Roark's split; score 155
SPECIES_GLAMEOW	22	Retaliate	added	check 1, R16	Gardenia's split; score 222
SPECIES_PURUGLY	39	Strength	added	R30	Maylene's split; score 59
SPECIES_PURUGLY	41	Shadow Claw	added	R5	Wake's split; score 120
SPECIES_PURUGLY	48	Bulldoze	added	R5	Byron's split; score 52
SPECIES_PURUGLY	56	Play Rough	added	R5	Candice's split; score 61
SPECIES_PURUGLY	58	Sucker Punch	added	R2	Candice's split; score 42
SPECIES_PURUGLY	64	Double-Edge	added	late move	Galactic's split; score 44
SPECIES_GLIGAR	34	Swords Dance	removed	R32	no strong attack it boosts on the line; a catch would know it at level 1
SPECIES_GLIGAR	8	Aerial Ace	added	R11, check 1	Roark's split; score 395
SPECIES_GLIGAR	14	Bulldoze	added	R11, R16	Roark's split; score 239
SPECIES_GLIGAR	18	Rock Tomb	added	R5	Gardenia's split; score 74
SPECIES_GLIGAR	44	Poison Jab	added	relearner-only	Wake's split; score 74
SPECIES_GLIGAR	49	Earthquake	added	R30	Byron's split; score 175
SPECIES_GLISCOR	45	Earthquake	added	R30	Byron's split; score 175
SPECIES_GLISCOR	57	Acrobatics	added	R2	HQ's split; score 82
SPECIES_GLISCOR	59	Poison Jab	added	relearner-only	HQ's split; score 74
SPECIES_GLISCOR	65	Crunch	added	late move	Galactic's split; score 92
SPECIES_GLISCOR	67	Lunge	added	R2	Galactic's split; score 44
SPECIES_GLISCOR	73	Throat Chop	added	R2	League's split; score 44
SPECIES_GLIMMET	20	Mud Shot	added	R4, R5	Gardenia's split; score 152
SPECIES_GLIMMORA	41	Sludge Bomb	added	R2	Wake's split; score 61
SPECIES_GLIMMORA	48	Flash Cannon	added	R5	Byron's split; score 86
SPECIES_GLIMMORA	56	Energy Ball	added	R5	Candice's split; score 52
SPECIES_GLIMMORA	58	Dazzling Gleam	added	R5	Candice's split; score 47
SPECIES_GLIMMORA	64	Earth Power	added	late move	Galactic's split; score 82
SPECIES_GLIMMORA	66	Toxic Spikes	added	R2	Galactic's split; score -5
SPECIES_GOLDEEN	7	Supersonic	removed	R1	filler past the one a first split may carry
SPECIES_GOLDEEN	1	Tail Whip	removed	R1	filler past the one a first split may carry
SPECIES_SEAKING	7	Supersonic	removed	R25	below 30, the lowest level it is had at
SPECIES_GOLDEEN	3	Water Pulse	moved from 17	R11, check 1	brought into Roark's split; score 385
SPECIES_GOLDEEN	5	Flip Turn	added	R16	Roark's split; score 60
SPECIES_GOLDEEN	20	Agility	moved from 47	R7	brought into Gardenia's split; score 172
SPECIES_SEAKING	33	Bulldoze	added	R5	Fantina's split; score 33
SPECIES_SEAKING	35	Aqua Jet	added	R2	Maylene's split; score 38
SPECIES_SEAKING	42	Poison Jab	added	R5, relearner-only	Wake's split; score 159
SPECIES_SEAKING	44	Throat Chop	added	R5	Wake's split; score 78
SPECIES_SEAKING	50	Aqua Tail	added	R2	Byron's split; score 68
SPECIES_SEAKING	52	Drill Peck	added	R2	Byron's split; score 40
SPECIES_HISUIAN_GOODRA	50	Smart Strike	moved from 16	R25	was below 50, the lowest level it is had at
SPECIES_HISUIAN_GOODRA	42	Flash Cannon	removed	R25	below 50; onto Hisuian Sliggoo's list
SPECIES_HISUIAN_SLIGGOO	42	Flash Cannon	added	R25	from Hisuian Goodra's 42, below its 50
SPECIES_GOODRA	63	Draco Meteor	added	R2	Galactic's split; score 84
SPECIES_GOODRA	68	Sludge Bomb	added	R5	Galactic's split; score 54
SPECIES_GOODRA	70	Flamethrower	added	R5	Barry's split; score 52
SPECIES_GOODRA	72	Scald	added	R2	Barry's split; score 37
SPECIES_HISUIAN_GOODRA	54	Body Slam	added	R2	Candice's split; score 52
SPECIES_HISUIAN_GOODRA	63	Sludge Wave	added	R5	Galactic's split; score 54
SPECIES_HISUIAN_GOODRA	68	Ice Beam	added	R5	Galactic's split; score 52
SPECIES_HISUIAN_GOODRA	70	Surf	added	R2	Barry's split; score 38
SPECIES_HISUIAN_GOODRA	72	Dragon Rush	added	R2	Barry's split; score 25
SPECIES_SLIGGOO	40	Dragon Claw	added	check 24	branch parity by Wake's cap; adds 48 to its kit
SPECIES_HISUIAN_SLIGGOO	66	Draco Meteor	added	R19	payoff for holding past 66; Hisuian Goodra comes at 50
SPECIES_GOTHITA	26	Dark Pulse	added	R4, R5	Maylene's split; score 159
SPECIES_GOTHITELLE	41	Shadow Ball	added	R4, R5	Wake's split; score 198
SPECIES_GOTHITELLE	63	Energy Ball	added	R5	Galactic's split; score 99
SPECIES_GOTHITELLE	69	Thunderbolt	added	R5	Barry's split; score 90
SPECIES_GRUBBIN	4	Sticky Web	moved from 25	R7, R16	brought into Roark's split; score 175
SPECIES_CHARJABUG	27	Lunge	added	R2	Fantina's split; score 61
SPECIES_CHARJABUG	31	Skitter Smack	added	R2	Fantina's split; score 54
SPECIES_CHARJABUG	38	Supercell Slam	added	R2	Maylene's split; score 55
SPECIES_VIKAVOLT	33	Discharge	moved from 48	R30	brought into Maylene's split; score 164
SPECIES_VIKAVOLT	38	Mud Shot	added	R5	Maylene's split; score 88
SPECIES_VIKAVOLT	40	Flash Cannon	added	R5	Wake's split; score 86
SPECIES_VIKAVOLT	57	Energy Ball	added	R5	Candice's split; score 90
SPECIES_VIKAVOLT	62	Agility	added	R2	Galactic's split; score 52
SPECIES_VIKAVOLT	70	Volt Switch	added	R2	Barry's split; score 49
SPECIES_VIKAVOLT	72	Air Slash	added	R5	Barry's split; score 46
SPECIES_CHANSEY	5	Tail Whip	removed	R25	below 19, the lowest level it is had at
SPECIES_CHANSEY	19	Softboiled	moved from 12	R25	was below 19, the lowest level it is had at
SPECIES_CHANSEY	16	DoubleSlap	removed	R25	below 19, the lowest level it is had at
SPECIES_BLISSEY	5	Tail Whip	removed	R25	below 40, the lowest level it is had at
SPECIES_BLISSEY	16	DoubleSlap	removed	R25	below 40, the lowest level it is had at
SPECIES_HAPPINY	27	Chilling Water	added	R4, R5, R16	Fantina's split; score 174
SPECIES_HAPPINY	29	Swift	added	check 1	Fantina's split; score 174
SPECIES_HAPPINY	34	Icy Wind	added	R5	Maylene's split; score 54
SPECIES_CHANSEY	25	Chilling Water	added	R4, R5, R16	Fantina's split; score 174
SPECIES_CHANSEY	29	Swift	added	check 1	Fantina's split; score 174
SPECIES_BLISSEY	48	Hyper Voice	added	R30	Byron's split; score 157
SPECIES_BLISSEY	53	Flamethrower	added	R5	Byron's split; score 62
SPECIES_BLISSEY	55	Ice Beam	added	R5	Byron's split; score 53
SPECIES_BLISSEY	61	Psychic	added	R5, late move	Galactic's split; score 96
SPECIES_HAWLUCHA	45	Lunge	added	R4, R5	Byron's split; score 159
SPECIES_HAWLUCHA	47	Air Slash	added	R11	Byron's split; score 86
SPECIES_HAWLUCHA	62	Throat Chop	added	R5, late move	Galactic's split; score 99
SPECIES_HAWLUCHA	64	Low Sweep	added	R2	Galactic's split; score 56
SPECIES_HAWLUCHA	70	Fire Punch	added	R5	Barry's split; score 54
SPECIES_HAWLUCHA	72	ThunderPunch	added	R5	Barry's split; score 54
SPECIES_HERACROSS	1	Leer	removed	R1	filler past the one a first split may carry
SPECIES_HERACROSS	17	Pounce	added	R11, R16	Gardenia's split; score 232
SPECIES_HERACROSS	27	Rock Tomb	added	R5	Fantina's split; score 74
SPECIES_HERACROSS	35	Leech Life	added	R2	Maylene's split; score 64
SPECIES_HERACROSS	45	Throat Chop	added	R2	Wake's split; score 62
SPECIES_HERACROSS	51	Lunge	added	R2	Byron's split; score 61
SPECIES_HERACROSS	59	Bulldoze	added	R5	HQ's split; score 52
SPECIES_HERACROSS	67	Earthquake	added	late move	Volkner's split; score 85
SPECIES_HIPPOPOTAS	27	Bulldoze	added	check 1, R16	Fantina's split; score 197
SPECIES_HIPPOWDON	42	Rock Tomb	added	R5	Wake's split; score 74
SPECIES_HIPPOWDON	52	Slack Off	added	R2	Byron's split; score 59
SPECIES_HIPPOWDON	56	Ice Fang	added	R5, relearner-only	Candice's split; score 116
SPECIES_HIPPOWDON	58	Fire Fang	added	R5, relearner-only	Candice's split; score 91
SPECIES_HIPPOWDON	64	Swagger	added	late move	Galactic's split; score 84
SPECIES_HOOTHOOT	19	Take Down	moved from 25	R11, check 1	brought into Gardenia's split; score 421
SPECIES_HOOTHOOT	18	Confusion	moved from 21	R4, R5	brought into Gardenia's split; score 206
SPECIES_HOOTHOOT	20	Swagger	added	R7	Gardenia's split; score 144
SPECIES_NOCTOWL	29	Secret Power	added	R2	Fantina's split; score 47
SPECIES_NOCTOWL	35	Throat Chop	added	R5, R16 due	Maylene's split; score 32
SPECIES_NOCTOWL	44	Steel Wing	added	R5	Wake's split; score 72
SPECIES_NOCTOWL	54	Hyper Voice	added	R2	Byron's split; score 75
SPECIES_NOCTOWL	59	Acrobatics	added	R2	HQ's split; score 70
SPECIES_NOCTOWL	61	Moonblast	added	R5	HQ's split; score 64
SPECIES_NOCTOWL	67	Body Slam	added	R2	Volkner's split; score 57
SPECIES_NOCTOWL	69	Heat Wave	added	R5	Volkner's split; score 50
SPECIES_NOCTOWL	75	Psychic	added	R2	League's split; score 39
SPECIES_HOPPIP	12	PoisonPowder	removed	R1	filler past the one a first split may carry
SPECIES_HOPPIP	7	Tail Whip	removed	R1	filler past the one a first split may carry
SPECIES_SKIPLOOM	7	Tail Whip	removed	R25	below 18, the lowest level it is had at
SPECIES_SKIPLOOM	12	PoisonPowder	removed	R25	below 18, the lowest level it is had at
SPECIES_JUMPLUFF	7	Tail Whip	removed	R25	below 27, the lowest level it is had at
SPECIES_JUMPLUFF	12	PoisonPowder	removed	R25	below 27, the lowest level it is had at
SPECIES_HOPPIP	12	Giga Drain	moved from 37	R11, check 1	brought into Gardenia's split; score 420
SPECIES_HOPPIP	17	Aerial Ace	added	R11	Gardenia's split; score 255
SPECIES_HOPPIP	18	Silver Wind	added	R4, R5	Gardenia's split; score 191
SPECIES_JUMPLUFF	34	Snarl	added	R5, R16 due	Maylene's split; score 28
SPECIES_JUMPLUFF	42	Energy Ball	added	R30	Wake's split; score 169
SPECIES_JUMPLUFF	46	Confusion	added	R5	Wake's split; score 66
SPECIES_JUMPLUFF	50	Dazzling Gleam	added	R5	Byron's split; score 47
SPECIES_JUMPLUFF	52	Lunge	added	R2	Byron's split; score 44
SPECIES_JUMPLUFF	58	Air Slash	added	R2	HQ's split; score 20
SPECIES_JUMPLUFF	66	Acrobatics	added	late move	Volkner's split; score 132
SPECIES_JUMPLUFF	68	Leaf Storm	added	R2	Volkner's split; score 72
SPECIES_JUMPLUFF	28	Mega Drain	removed	R6	weaker than Giga Drain, already had
SPECIES_HORSEA	8	Leer	removed	R1	filler past the one a first split may carry
SPECIES_SEADRA	8	Leer	removed	R25	below 32, the lowest level it is had at
SPECIES_KINGDRA	8	Leer	removed	R25	below 32, the lowest level it is had at
SPECIES_KINGDRA	48	Dragon Dance	removed	R32	no strong attack it boosts on the line; a catch would know it at level 1
SPECIES_SEADRA	45	Ice Beam	added	R5	Byron's split; score 131
SPECIES_KINGDRA	32	Aurora Beam	added	R4, R5	Wake's split; score 193
SPECIES_KINGDRA	54	Scald	added	R16 due	Candice's split; score 105
SPECIES_KINGDRA	59	Wave Crash	added	R2	HQ's split; score 76
SPECIES_KINGDRA	65	Iron Head	added	R5, late move	Galactic's split; score 131
SPECIES_KINGDRA	67	Draco Meteor	added	R2	Galactic's split; score 72
SPECIES_KINGDRA	73	Signal Beam	added	R5	League's split; score 84
SPECIES_HOUNDOUR	1	Leer	removed	R1	filler past the one a first split may carry
SPECIES_HOUNDOUR	6	Bite	moved from 17	R11, check 1	brought into Roark's split; score 396
SPECIES_HOUNDOUR	11	Scary Face	added	R7	Roark's split; score 132
SPECIES_HOUNDOUR	20	Incinerate	added	R16	Gardenia's split; score 94
SPECIES_HOUNDOOM	34	Fire Pledge	added	R30	Maylene's split; score 56
SPECIES_HOUNDOOM	42	Mud Shot	added	R5	Wake's split; score 88
SPECIES_HOUNDOOM	50	Dark Pulse	added	R2	Byron's split; score 62
SPECIES_HOUNDOOM	58	Shadow Ball	added	R5	HQ's split; score 87
SPECIES_HOUNDOOM	66	Overheat	added	late move	Volkner's split; score 114
SPECIES_HOUNDOOM	68	Sludge Bomb	added	R2	Volkner's split; score 49
SPECIES_HOUNDOOM	74	Hyper Voice	added	R2	League's split; score 42
SPECIES_JANGMO_O	31	Aura Sphere	added	R4, R5, relearner-only	Byron's split; score 198
SPECIES_HAKAMO_O	45	Throat Chop	added	R4, R5	Byron's split; score 159
SPECIES_KOMMO_O	54	Draco Meteor	added	R2	Candice's split; score 78
SPECIES_KOMMO_O	68	Clangorous Soul	added	R2	Galactic's split; score 73
SPECIES_KOMMO_O	72	Earthquake	added	R5	Barry's split; score 94
SPECIES_HAKAMO_O	66	Dragon Dance	added	R19	setup prize for holding past 66; Kommo-O comes at 45
SPECIES_JOLTIK	28	Sucker Punch	moved from 40	R4, R5	brought into Fantina's split; score 181
SPECIES_GALVANTULA	31	Snarl	added	R4, R5	Fantina's split; score 43
SPECIES_GALVANTULA	45	Giga Drain	added	R2	Wake's split; score 35
SPECIES_GALVANTULA	54	Agility	added	R2	Byron's split; score 2
SPECIES_GALVANTULA	58	Screech	added	R2	HQ's split; score -5
SPECIES_GALVANTULA	67	Sludge Bomb	added	R5	Volkner's split; score 27
SPECIES_GALVANTULA	69	Sticky Web	added	R2	Volkner's split; score -5
SPECIES_KABUTO	1	Harden	removed	R1	filler past the one a first split may carry
SPECIES_KABUTO	11	Leer	removed	R1	filler past the one a first split may carry
SPECIES_KABUTOPS	11	Leer	removed	R25	below 40, the lowest level it is had at
SPECIES_KABUTO	20	Rock Slide	added	R11, check 1	Fantina's split; score 404
SPECIES_KABUTO	28	Bite	added	R4, R5	Fantina's split; score 193
SPECIES_KABUTOPS	42	Liquidation	added	R16 due	Wake's split; score 126
SPECIES_KABUTOPS	49	Leech Life	added	R5	Byron's split; score 94
SPECIES_KABUTOPS	56	Brick Break	added	R5	Byron's split; score 66
SPECIES_KABUTOPS	61	Ice Fang	added	R5	Galactic's split; score 86
SPECIES_KABUTOPS	63	Razor Shell	added	R2	Galactic's split; score 53
SPECIES_KABUTOPS	69	Rock Tomb	added	R2	Barry's split; score 52
SPECIES_KLEFKI	16	Metal Sound	removed	R1	filler past the one a first split may carry
SPECIES_KLEFKI	35	Iron Defense	added	R7	Maylene's split; score 104
SPECIES_KLEFKI	48	Calm Mind	added	R7	Byron's split; score 98
SPECIES_KLEFKI	56	Psychic	added	R5	Candice's split; score 61
SPECIES_KLEFKI	58	Skitter Smack	added	R5	Candice's split; score 51
SPECIES_KLEFKI	64	Facade	added	late move	Galactic's split; score 72
SPECIES_KLEFKI	66	Moonblast	added	R2	Galactic's split; score 25
SPECIES_GALARIAN_WEEZING	19	Clear Smog	moved from 15	R25	was below 18, the lowest level it is had at
SPECIES_WEEZING	33	Double Hit	removed	R25	below 35, the lowest level it is had at
SPECIES_KOFFING	10	SmokeScreen	removed	R1	filler past the one a first split may carry
SPECIES_KOFFING	1	Poison Gas	removed	R1	filler past the one a first split may carry
SPECIES_GALARIAN_WEEZING	4	SmokeScreen	removed	R25	below 18, the lowest level it is had at
SPECIES_WEEZING	10	SmokeScreen	removed	R25	below 35, the lowest level it is had at
SPECIES_KOFFING	35	Toxic	added	R7	Maylene's split; score 193
SPECIES_WEEZING	40	Shadow Ball	added	R5	Wake's split; score 82
SPECIES_WEEZING	42	Psybeam	added	R5	Wake's split; score 73
SPECIES_WEEZING	50	Poison Fang	added	R2	Byron's split; score 73
SPECIES_WEEZING	52	Play Rough	added	R5, R16 due	Byron's split; score 30
SPECIES_WEEZING	56	Flamethrower	added	R5	Candice's split; score 52
SPECIES_WEEZING	58	Dark Pulse	added	R2	Candice's split; score 36
SPECIES_WEEZING	64	Swagger	added	late move	Galactic's split; score 84
SPECIES_GALARIAN_WEEZING	21	Strange Steam	moved from 48	R11	brought into Maylene's split; score 266
SPECIES_GALARIAN_WEEZING	54	Heat Wave	added	R5, relearner-only	Candice's split; score 87
SPECIES_GALARIAN_WEEZING	56	Thunderbolt	added	R5	Candice's split; score 50
SPECIES_GALARIAN_WEEZING	62	Poison Fang	added	late move	Galactic's split; score 123
SPECIES_GALARIAN_WEEZING	64	Overheat	added	R2	Galactic's split; score 50
SPECIES_GALARIAN_WEEZING	70	Double-Edge	added	R2	Barry's split; score 43
SPECIES_GALARIAN_WEEZING	72	Body Slam	added	R2	Barry's split; score 39
SPECIES_KRABBY	11	Harden	removed	R1	filler past the one a first split may carry
SPECIES_KINGLER	11	Harden	removed	R25	below 28, the lowest level it is had at
SPECIES_KRABBY	4	Flip Turn	added	R16	Roark's split; score 24
SPECIES_KINGLER	36	Razor Shell	added	R2	Maylene's split; score 83
SPECIES_KINGLER	34	Rock Tomb	added	R5	Maylene's split; score 74
SPECIES_KINGLER	38	Waterfall	added	R30	Maylene's split; score 62
SPECIES_KINGLER	42	X-Scissor	added	R5	Wake's split; score 80
SPECIES_KINGLER	58	Night Slash	added	R5	HQ's split; score 75
SPECIES_KINGLER	66	Liquidation	added	R2	Volkner's split; score 70
SPECIES_KINGLER	68	Rock Slide	added	R2	Volkner's split; score 44
SPECIES_KRICKETOT	3	Struggle Bug	added	R11, check 1, R16	Roark's split; score 435
SPECIES_KRICKETOT	2	Screech	added	R7	Roark's split; score 155
SPECIES_KRICKETOT	5	Pounce	added	R1	Roark's split; score 53
SPECIES_KRICKETUNE	20	Karate Chop	added	R4, R5	Gardenia's split; score 240
SPECIES_KRICKETUNE	36	Skitter Smack	added	R2	Fantina's split; score 54
SPECIES_KRICKETUNE	52	Lunge	added	R2	Byron's split; score 61
SPECIES_KRICKETUNE	57	Throat Chop	added	R2	HQ's split; score 44
SPECIES_KRICKETUNE	59	Brick Break	added	R2	HQ's split; score 38
SPECIES_KRICKETUNE	61	Bulldoze	added	R5	HQ's split; score 27
SPECIES_KRICKETUNE	65	Take Down	added	R2	Galactic's split; score 34
SPECIES_KRICKETUNE	67	Secret Power	added	R2	Galactic's split; score 32
SPECIES_KRICKETUNE	73	Sticky Web	added	R2	League's split; score -5
SPECIES_LAPRAS	54	Drill Run	added	R4, R5, R16	Candice's split; score 220
SPECIES_LAPRAS	57	Psychic	added	R5	HQ's split; score 53
SPECIES_LAPRAS	59	Thunderbolt	added	R5	HQ's split; score 53
SPECIES_LAPRAS	65	Iron Head	added	R5, late move	Galactic's split; score 95
SPECIES_LAPRAS	67	Dragon Pulse	added	R5	Galactic's split; score 49
SPECIES_LAPRAS	73	Bulldoze	added	R2	League's split; score 47
SPECIES_VOLCARONA	59	Mystical Fire	moved from 20	R25	was below 59, the lowest level it is had at
SPECIES_VOLCARONA	30	U-turn	removed	R25	below 59; onto Larvesta's list
SPECIES_LARVESTA	29	U-turn	added	R25	from Volcarona's 30, below its 59
SPECIES_VOLCARONA	40	Fire Spin	removed	R25	below 59; onto Larvesta's list
SPECIES_LARVESTA	41	Fire Spin	added	R25	from Volcarona's 40, below its 59
SPECIES_VOLCARONA	62	Rage Powder	moved from 50	R25	was below 59, the lowest level it is had at
SPECIES_LARVESTA	45	Screech	added	R7	Byron's split; score 165
SPECIES_LARVESTA	47	Poison Jab	added	R4, R5	Byron's split; score 152
SPECIES_VOLCARONA	68	Psychic	added	R5	Galactic's split; score 90
SPECIES_VOLCARONA	70	Giga Drain	added	R5	Barry's split; score 86
SPECIES_VOLCARONA	78	Air Slash	added	R5	League's split; score 84
SPECIES_LARVITAR	30	StompingTantrum	added	R11, R16	Fantina's split; score 296
SPECIES_PUPITAR	43	Body Press	added	R5	Wake's split; score 68
SPECIES_PUPITAR	50	Fire Fang	added	R5, relearner-only	Byron's split; score 91
SPECIES_TYRANITAR	57	Foul Play	added	R2	HQ's split; score 61
SPECIES_TYRANITAR	59	Rock Tomb	added	R2	HQ's split; score 52
SPECIES_TYRANITAR	68	Bulldoze	added	late move	Galactic's split; score 96
SPECIES_TYRANITAR	72	Iron Defense	added	R2	Galactic's split; score 42
SPECIES_TYRANITAR	74	Superpower	added	R2	League's split; score 51
SPECIES_PUPITAR	66	Dragon Dance	added	R19	setup prize for holding past 66; Tyranitar comes at 55
SPECIES_LICKITUNG	9	Defense Curl	removed	R1	filler past the one a first split may carry
SPECIES_LICKILICKY	9	Defense Curl	removed	R25	below 32, the lowest level it is had at
SPECIES_LICKITUNG	23	Toxic	added	R7	Maylene's split; score 183
SPECIES_LICKILICKY	51	Bulldoze	added	R5, R16 due	Byron's split; score 103
SPECIES_LICKILICKY	59	Sludge Bomb	added	R5	Candice's split; score 86
SPECIES_LICKILICKY	64	Body Slam	added	late move	Galactic's split; score 118
SPECIES_LICKILICKY	66	Earthquake	added	R2	Galactic's split; score 42
SPECIES_LICKILICKY	72	Shadow Ball	added	R2	League's split; score 34
SPECIES_LILEEP	20	Giga Drain	added	R11, check 1	Fantina's split; score 420
SPECIES_LILEEP	27	AncientPower	moved from 43	R11	brought into Fantina's split; score 256
SPECIES_CRADILY	40	Bulldoze	added	R5, R16 due	Wake's split; score 163
SPECIES_CRADILY	48	Energy Ball	moved from 56	R30	brought into Byron's split; score 179
SPECIES_CRADILY	50	Rock Slide	added	R2	Byron's split; score 54
SPECIES_CRADILY	54	Rock Tomb	added	R2	Byron's split; score 52
SPECIES_CRADILY	56	Sludge Bomb	added	R2	Byron's split; score 42
SPECIES_CRADILY	61	Liquidation	added	R5	Galactic's split; score 33
SPECIES_CRADILY	69	Earthquake	added	R2	Barry's split; score 42
SPECIES_CRADILY	71	Body Slam	added	R2	Barry's split; score 39
SPECIES_INCINEROAR	10	Leer	removed	R25	below 36, the lowest level it is had at
SPECIES_LITTEN	7	Growl	removed	R1	filler past the one a first split may carry
SPECIES_TORRACAT	7	Growl	removed	R25	below 16, the lowest level it is had at
SPECIES_INCINEROAR	7	Growl	removed	R25	below 36, the lowest level it is had at
SPECIES_LITTEN	9	Parting Shot	moved from 42	R7, R16	brought into Gardenia's split; score 175
SPECIES_INCINEROAR	38	Low Sweep	added	R5	Maylene's split; score 93
SPECIES_INCINEROAR	42	Throat Chop	added	R2	Wake's split; score 72
SPECIES_INCINEROAR	50	Bulldoze	added	R5	Byron's split; score 91
SPECIES_INCINEROAR	57	Leech Life	added	R5	Candice's split; score 50
SPECIES_INCINEROAR	59	Swagger	added	R2	Candice's split; score 49
SPECIES_INCINEROAR	64	Bulk Up	added	late move	Galactic's split; score 85
SPECIES_INCINEROAR	66	Earthquake	added	R2	Galactic's split; score 42
SPECIES_INCINEROAR	72	Close Combat	added	relearner-only	League's split; score 84
SPECIES_CHANDELURE	48	Shadow Ball	moved from 65	R30	brought into Byron's split; score 162
SPECIES_CHANDELURE	54	Energy Ball	added	R5	Candice's split; score 90
SPECIES_CHANDELURE	57	Psychic	added	R5	HQ's split; score 52
SPECIES_CHANDELURE	59	Dark Pulse	added	R5	HQ's split; score 49
SPECIES_LOMBRE	14	Fake Out	moved from 11	R25	was below 14, the lowest level it is had at
SPECIES_LOTAD	3	Growl	removed	R1	filler past the one a first split may carry
SPECIES_LOMBRE	3	Growl	removed	R25	below 14, the lowest level it is had at
SPECIES_LOTAD	3	Magical Leaf	added	R11, check 1	Roark's split; score 395
SPECIES_LOTAD	2	Water Gun	added	R11	Roark's split; score 240
SPECIES_LOTAD	5	Disarming Voice	added	R4, R16	Roark's split; score 136
SPECIES_LOMBRE	17	Swagger	added	R7	Gardenia's split; score 144
SPECIES_LOMBRE	36	Giga Drain	added	R2	Fantina's split; score 70
SPECIES_LOMBRE	33	Icy Wind	added	R5	Fantina's split; score 69
SPECIES_LOMBRE	43	Energy Ball	added	R30	Wake's split; score 179
SPECIES_LUDICOLO	33	Energy Ball	added	R30	Maylene's split; score 179
SPECIES_LUDICOLO	40	Mud Shot	added	R5	Wake's split; score 88
SPECIES_LUDICOLO	54	Muddy Water	added	R2	Candice's split; score 61
SPECIES_LUDICOLO	56	Giga Drain	added	R2	Candice's split; score 60
SPECIES_LUDICOLO	58	Psychic	added	R5	Candice's split; score 33
SPECIES_LUDICOLO	62	Leaf Storm	added	late move	Galactic's split; score 114
SPECIES_LUDICOLO	64	Ice Beam	added	R2	Galactic's split; score 39
SPECIES_LUDICOLO	70	Leech Seed	added	R2	Barry's split; score 35
SPECIES_LUNATONE	47	Aura Sphere	added	R4, R5	Byron's split; score 210
SPECIES_LUNATONE	55	Earth Power	added	R5	Candice's split; score 96
SPECIES_LUNATONE	57	Signal Beam	added	R5	Candice's split; score 79
SPECIES_LUNATONE	62	Moonblast	added	R5, late move, R16 due	Galactic's split; score 174
SPECIES_LUNATONE	64	Power Gem	added	R2	Galactic's split; score 60
SPECIES_LUNATONE	70	Moonlight	added	R2	Barry's split; score 9
SPECIES_ALOMOMOLA	9	Aqua Jet	removed	R25	below 30; onto Luvdisc's list
SPECIES_LUVDISC	8	Aqua Jet	added	R25	from Alomomola's 9, below its 30
SPECIES_ALOMOMOLA	13	DoubleSlap	removed	R25	below 30, the lowest level it is had at
SPECIES_ALOMOMOLA	30	Heal Pulse	moved from 17	R25	was below 30, the lowest level it is had at
SPECIES_ALOMOMOLA	34	Wake-Up Slap	moved from 29	R25	was below 30, the lowest level it is had at
SPECIES_LUVDISC	9	Agility	removed	R32	too early: strong attacks it boosts come at 41
SPECIES_ALOMOMOLA	35	Agility	added	R32	moved from Luvdisc's 9, beside the attacks it boosts
SPECIES_LUVDISC	3	Draining Kiss	added	R11, check 1, R16	Roark's split; score 412
SPECIES_LUVDISC	19	Icy Wind	added	R4, R5	Gardenia's split; score 188
SPECIES_ALOMOMOLA	31	Low Sweep	added	R5	Fantina's split; score 27
SPECIES_ALOMOMOLA	39	Play Rough	added	R30	Maylene's split; score 144
SPECIES_ALOMOMOLA	43	Zen Headbutt	added	R5	Wake's split; score 87
SPECIES_ALOMOMOLA	55	Liquidation	added	R2	Byron's split; score 56
SPECIES_ALOMOMOLA	58	Ice Punch	added	R5	HQ's split; score 27
SPECIES_ALOMOMOLA	67	Acrobatics	added	R5	Volkner's split; score 60
SPECIES_ALOMOMOLA	69	Flip Turn	added	R2	Volkner's split; score 42
SPECIES_ALOMOMOLA	74	Baby-Doll Eyes	added	R2	League's split; score -5
SPECIES_MACHOP	5	Bullet Punch	added	R4	Roark's split; score 158
SPECIES_MACHOP	15	Scary Face	moved from 43	R7	brought into Roark's split; score 150
SPECIES_MACHOP	17	Payback	added	R5	Gardenia's split; score 125
SPECIES_MACHOKE	28	Low Sweep	added	R16 due	Fantina's split; score 126
SPECIES_MACHAMP	42	Rock Slide	added	R5	Wake's split; score 122
SPECIES_MACHAMP	46	Bulldoze	added	R5	Byron's split; score 52
SPECIES_MACHAMP	48	Throat Chop	added	R2	Byron's split; score 44
SPECIES_MACHAMP	53	Rock Tomb	added	R2	Byron's split; score 40
SPECIES_MACHAMP	55	Bulk Up	added	R2	Byron's split; score -5
SPECIES_MACHAMP	61	Meteor Mash	added	late move	Galactic's split; score 93
SPECIES_MACHAMP	63	Earthquake	added	R2	Galactic's split; score 42
SPECIES_MAGBY	1	Leer	removed	R1	filler past the one a first split may carry
SPECIES_MAGBY	8	Flame Wheel	added	check 1	Roark's split; score 206
SPECIES_MAGBY	12	Scary Face	added	R7	Roark's split; score 155
SPECIES_MAGBY	21	Bulldoze	added	R5, R16	Gardenia's split; score 69
SPECIES_MAGMORTAR	40	Scorching Sands	added	R5	Wake's split; score 83
SPECIES_MAGMORTAR	45	Milk Drink	added	R2	Byron's split; score 49
SPECIES_MAGMORTAR	61	Psychic	added	R5, late move	Galactic's split; score 181
SPECIES_MAGMORTAR	63	Thunderbolt	added	R5	Galactic's split; score 86
SPECIES_MAGNEZONE	48	Signal Beam	added	R4, R5	Byron's split; score 199
SPECIES_MAGNEZONE	62	Volt Switch	added	late move, R16 due	Galactic's split; score 142
SPECIES_MAGNEZONE	64	Tri Attack	added	relearner-only	Galactic's split; score 72
SPECIES_MAGNEZONE	70	Psychic	added	R5	Barry's split; score 27
SPECIES_MAKUHITA	5	Belly Drum	moved from 25	R7	brought into Roark's split; score 155
SPECIES_MAKUHITA	6	Bullet Punch	added	R4	Roark's split; score 134
SPECIES_HARIYAMA	29	Low Sweep	added	R16 due	Fantina's split; score 107
SPECIES_HARIYAMA	35	Bulldoze	added	R5	Maylene's split; score 52
SPECIES_HARIYAMA	44	Rock Tomb	added	R5	Wake's split; score 52
SPECIES_HARIYAMA	59	Drain Punch	added	R2	HQ's split; score 51
SPECIES_HARIYAMA	61	Throat Chop	added	R2	HQ's split; score 44
SPECIES_HARIYAMA	67	Headlong Rush	added	R2	Volkner's split; score 54
SPECIES_HARIYAMA	69	Iron Head	added	R2	Volkner's split; score 37
SPECIES_HARIYAMA	75	Bulk Up	added	R2	League's split; score -5
SPECIES_MANAPHY	16	Supersonic	removed	R1	filler past the one a first split may carry
SPECIES_MANAPHY	41	Aura Sphere	added	R4, R5	Wake's split; score 210
SPECIES_MANAPHY	48	Earth Power	added	R5	Byron's split; score 86
SPECIES_MANAPHY	56	Energy Ball	added	R5	Byron's split; score 86
SPECIES_MANAPHY	63	Liquidation	added	R30, R16 due	Galactic's split; score 192
SPECIES_MANAPHY	65	Ice Beam	added	R5	Galactic's split; score 86
SPECIES_MANAPHY	69	Scald	added	R2	Barry's split; score 54
SPECIES_ANNIHILAPE	50	Low Kick	moved from 8	R25	was below 50, the lowest level it is had at
SPECIES_ANNIHILAPE	35	Rage Fist	removed	R25	below 50; onto Primeape's list
SPECIES_PRIMEAPE	34	Rage Fist	added	R25	from Annihilape's 35, below its 50
SPECIES_ANNIHILAPE	48	StompingTantrum	removed	R25	below 50; onto Primeape's list
SPECIES_PRIMEAPE	48	StompingTantrum	added	R25	from Annihilape's 48, below its 50
SPECIES_PRIMEAPE	40	Rock Slide	added	R5	Wake's split; score 77
SPECIES_ANNIHILAPE	54	Shadow Punch	added	R30	Candice's split; score 171
SPECIES_ANNIHILAPE	56	Low Sweep	added	R2	Candice's split; score 56
SPECIES_ANNIHILAPE	62	Fire Punch	added	R5, late move	Galactic's split; score 97
SPECIES_ANNIHILAPE	64	Drain Punch	added	R2	Galactic's split; score 51
SPECIES_ANNIHILAPE	71	Throat Chop	added	R2	Barry's split; score 44
SPECIES_ANNIHILAPE	73	Earthquake	added	R2	Barry's split; score 42
SPECIES_MANTYKE	4	Supersonic	removed	R1	filler past the one a first split may carry
SPECIES_MANTINE	4	Supersonic	removed	R25	below 30, the lowest level it is had at
SPECIES_MANTYKE	8	Icy Wind	added	R4, R5	Gardenia's split; score 171
SPECIES_MANTINE	34	Scald	moved from 49	R16 due	brought into Maylene's split; score 124
SPECIES_MANTINE	42	Signal Beam	added	R5, relearner-only	Wake's split; score 109
SPECIES_MANTINE	50	Surf	added	R2	Byron's split; score 57
SPECIES_MANTINE	52	Air Slash	added	R2	Byron's split; score 57
SPECIES_MANTINE	58	Ice Beam	added	R2	HQ's split; score 46
SPECIES_MANTINE	60	Psychic	added	R5	HQ's split; score 33
SPECIES_MANTINE	66	Swagger	added	late move	Volkner's split; score 84
SPECIES_MANTINE	68	Muddy Water	added	R2	Volkner's split; score 25
SPECIES_MAREANIE	35	Liquidation	moved from 41	R11	brought into Maylene's split; score 286
SPECIES_TOXAPEX	48	Lunge	added	R5	Byron's split; score 57
SPECIES_TOXAPEX	50	Sludge Bomb	added	R2	Byron's split; score 52
SPECIES_TOXAPEX	56	Ice Beam	added	R5	Candice's split; score 46
SPECIES_TOXAPEX	64	Iron Defense	added	late move	Galactic's split; score 44
SPECIES_MAREEP	5	Growl	removed	R1	filler past the one a first split may carry
SPECIES_FLAAFFY	5	Growl	removed	R25	below 15, the lowest level it is had at
SPECIES_AMPHAROS	5	Growl	removed	R25	below 30, the lowest level it is had at
SPECIES_MAREEP	11	Shock Wave	added	check 1	Gardenia's split; score 195
SPECIES_MAREEP	12	Swagger	added	R7	Gardenia's split; score 144
SPECIES_MAREEP	13	AncientPower	added	R4, R5	Gardenia's split; score 48
SPECIES_AMPHAROS	32	DragonBreath	added	R11	Fantina's split; score 87
SPECIES_AMPHAROS	36	Volt Switch	added	R16 due	Maylene's split; score 100
SPECIES_AMPHAROS	44	Mirror Shot	added	R5	Wake's split; score 84
SPECIES_AMPHAROS	50	Dazzling Gleam	added	R5	Byron's split; score 65
SPECIES_AMPHAROS	61	Dragon Pulse	added	R2	HQ's split; score 64
SPECIES_AMPHAROS	66	Draco Meteor	added	R2	Volkner's split; score 29
SPECIES_AMPHAROS	74	Confuse Ray	added	R2	League's split; score 16
SPECIES_MAWILE	48	Play Rough	added	R11, check 1, R16	Byron's split; score 449
SPECIES_MAWILE	45	Iron Head	moved from 56	R11	brought into Byron's split; score 274
SPECIES_MAWILE	54	Poison Fang	added	R5	Candice's split; score 90
SPECIES_MAWILE	56	Fire Fang	added	R5	Candice's split; score 86
SPECIES_MAWILE	62	Ice Fang	added	R5, late move	Galactic's split; score 136
SPECIES_MAWILE	64	Ice Punch	added	R2	Galactic's split; score 42
SPECIES_MAWILE	70	Foul Play	added	R2	Barry's split; score 40
SPECIES_MAWILE	72	Taunt	added	R2	Barry's split; score -5
SPECIES_MEDITITE	4	Meditate	removed	R1	filler past the one a first split may carry
SPECIES_MEDICHAM	4	Meditate	removed	R25	below 37, the lowest level it is had at
SPECIES_MEDITITE	25	Calm Mind	removed	R32	no strong attack it boosts on the line; a catch would know it at level 1
SPECIES_MEDITITE	16	Force Palm	moved from 29	R11	brought into Gardenia's split; score 258
SPECIES_MEDITITE	20	Rock Throw	added	R4, R5	Gardenia's split; score 185
SPECIES_MEDITITE	22	Swagger	added	R7	Gardenia's split; score 144
SPECIES_MEDICHAM	38	Bulk Up	added	R7	Maylene's split; score 132
SPECIES_MEDICHAM	37	Low Sweep	added	R16 due	Maylene's split; score 107
SPECIES_MEDICHAM	40	Iron Head	added	R5	Wake's split; score 84
SPECIES_MEDICHAM	57	Poison Jab	added	R5	Candice's split; score 84
SPECIES_MEDICHAM	59	Zen Headbutt	added	R2	Candice's split; score 62
SPECIES_MEDICHAM	64	Fire Punch	added	R5, relearner-only, late move	Galactic's split; score 169
SPECIES_MEDICHAM	66	Axe Kick	added	R2	Galactic's split; score 86
SPECIES_MEDICHAM	72	Drain Punch	added	R2	League's split; score 51
SPECIES_MEDICHAM	25	Calm Mind	removed	R25	below 37; onto Meditite's list
SPECIES_MEDITITE	25	Calm Mind	added	R25	from Medicham's 25, below its 37
SPECIES_MEDITITE	25	Calm Mind	removed	R32	no strong attack it boosts on the line; a catch would know it at level 1
SPECIES_MELOETTA	36	Echoed Voice	removed	R6	weaker than Round, already had
SPECIES_MELOETTA	61	Energy Ball	added	R4, R5	Galactic's split; score 155
SPECIES_MELOETTA	62	Charm	added	R7	Galactic's split; score 144
SPECIES_MELOETTA	66	Thunderbolt	added	R5	Volkner's split; score 53
SPECIES_MIENFOO	18	Trailblaze	added	R4, R5, R16	Gardenia's split; score 159
SPECIES_MIENFOO	19	Agility	added	R7	Gardenia's split; score 138
SPECIES_MIENSHAO	40	Low Sweep	added	R2	Wake's split; score 56
SPECIES_MIENSHAO	50	U-turn	added	R5	Byron's split; score 55
SPECIES_MIENSHAO	57	Rock Tomb	added	R5	Candice's split; score 52
SPECIES_MIENSHAO	59	Hammer Arm	added	R2	Candice's split; score 25
SPECIES_MIME_JR	27	Dazzling Gleam	added	R11, R16	Wake's split; score 290
SPECIES_MIME_JR	24	Magical Leaf	added	R4, R5, relearner-only	Wake's split; score 230
SPECIES_MR_MIME	53	Signal Beam	added	R5	Byron's split; score 89
SPECIES_MR_MIME	55	Thunderbolt	added	R5	Byron's split; score 71
SPECIES_MR_MIME	61	Mystical Fire	added	R5, late move	Galactic's split; score 105
SPECIES_MR_MIME	63	Energy Ball	added	R2	Galactic's split; score 48
SPECIES_MR_MIME	69	Moonblast	added	R2	Barry's split; score 29
SPECIES_MR_MIME	71	Tickle	added	R2	Barry's split; score -13
SPECIES_MINCCINO	2	Swift	moved from 19	check 1	brought into Roark's split; score 206
SPECIES_MINCCINO	7	Chilling Water	added	R4, R5	Roark's split; score 147
SPECIES_MINCCINO	27	Facade	added	R2	Gardenia's split; score 53
SPECIES_MINCCINO	41	Seed Bomb	added	R5	Wake's split; score 47
SPECIES_MINCCINO	49	Play Rough	added	R5	Byron's split; score 52
SPECIES_CINCCINO	39	Seed Bomb	added	R5	Wake's split; score 94
SPECIES_CINCCINO	54	Play Rough	added	R5	Candice's split; score 90
SPECIES_CINCCINO	57	Aqua Tail	added	R5	HQ's split; score 51
SPECIES_CINCCINO	65	Thunder Wave	added	late move	Galactic's split; score 44
SPECIES_MINCCINO	19	Echoed Voice	removed	R6	weaker than Swift, already had
SPECIES_MINUN	19	Icy Wind	added	R4, R5	Gardenia's split; score 53
SPECIES_MINUN	40	Volt Switch	added	R16 due	Maylene's split; score 108
SPECIES_MINUN	53	Alluring Voice	added	R5	Byron's split; score 94
SPECIES_MINUN	59	Signal Beam	added	R5	HQ's split; score 92
SPECIES_MINUN	61	Discharge	added	R2	HQ's split; score 74
SPECIES_MINUN	67	Hyper Voice	added	R2	Volkner's split; score 60
SPECIES_MISDREAVUS	27	Hex	added	check 1, R16	Fantina's split; score 239
SPECIES_MISDREAVUS	30	Magical Leaf	added	R5, relearner-only	Fantina's split; score 75
SPECIES_MISDREAVUS	29	Shadow Ball	moved from 37	R1	brought into Fantina's split; score 72
SPECIES_MISDREAVUS	31	Icy Wind	added	R5	Fantina's split; score 48
SPECIES_MISDREAVUS	33	Charge Beam	added	R5	Fantina's split; score 38
SPECIES_MISDREAVUS	35	Psyshock	added	R2	Maylene's split; score 34
SPECIES_MISMAGIUS	23	Hex	added	check 1, R16	Fantina's split; score 239
SPECIES_MISMAGIUS	17	Magical Leaf	added	R4, R5, relearner-only	Fantina's split; score 195
SPECIES_MISMAGIUS	45	Shadow Ball	added	R30	Byron's split; score 172
SPECIES_MISMAGIUS	50	Power Gem	added	R5	Byron's split; score 90
SPECIES_MISMAGIUS	53	Psyshock	added	R5	Byron's split; score 68
SPECIES_MISMAGIUS	55	Mystical Fire	added	R5	Byron's split; score 64
SPECIES_MISMAGIUS	61	Mean Look	added	late move	Galactic's split; score 106
SPECIES_MISMAGIUS	63	Energy Ball	added	R2	Galactic's split; score 39
SPECIES_MISMAGIUS	69	Psychic	added	R2	Barry's split; score 39
SPECIES_MUDKIP	1	Growl	removed	R1	filler past the one a first split may carry
SPECIES_MUDKIP	3	Water Pulse	added	check 1	Roark's split; score 194
SPECIES_MUDKIP	2	Screech	added	R7	Roark's split; score 155
SPECIES_MARSHTOMP	18	Rock Throw	added	R4, R5	Gardenia's split; score 230
SPECIES_MARSHTOMP	33	Bulldoze	added	R16 due	Fantina's split; score 103
SPECIES_SWAMPERT	36	Waterfall	added	R30	Maylene's split; score 138
SPECIES_SWAMPERT	41	Brick Break	added	R5	Wake's split; score 122
SPECIES_SWAMPERT	43	Aqua Tail	added	R2	Wake's split; score 68
SPECIES_SWAMPERT	48	Poison Jab	added	R5	Byron's split; score 50
SPECIES_SWAMPERT	56	Body Slam	added	R2	Candice's split; score 46
SPECIES_SWAMPERT	64	Ice Punch	added	R5	Galactic's split; score 89
SPECIES_SWAMPERT	72	Superpower	added	R2	League's split; score 51
SPECIES_MUDKIP	10	Water Gun	removed	R6	weaker than Water Pulse, already had
SPECIES_MARSHTOMP	10	Water Gun	removed	R25	below 16; onto Mudkip's list
SPECIES_MUDKIP	10	Water Gun	added	R25	from Marshtomp's 10, below its 16
SPECIES_MUDKIP	10	Water Gun	removed	R6	weaker than Water Pulse, already had
SPECIES_SNORLAX	17	Belly Drum	removed	R25	below 32; onto Munchlax's list
SPECIES_MUNCHLAX	18	Belly Drum	added	R25	from Snorlax's 17, below its 32
SPECIES_SNORLAX	32	Yawn	moved from 20	R25	was below 32, the lowest level it is had at
SPECIES_SNORLAX	25	Rest	removed	R25	below 32; onto Munchlax's list
SPECIES_MUNCHLAX	24	Rest	added	R25	from Snorlax's 25, below its 32
SPECIES_MUNCHLAX	4	Defense Curl	removed	R1	filler past the one a first split may carry
SPECIES_SNORLAX	4	Defense Curl	removed	R25	below 32, the lowest level it is had at
SPECIES_MUNCHLAX	22	Headbutt	added	check 1	Gardenia's split; score 216
SPECIES_SNORLAX	38	Bulldoze	added	R5, R16 due	Maylene's split; score 171
SPECIES_SNORLAX	51	Body Press	added	R5	Byron's split; score 76
SPECIES_SNORLAX	56	Slam	added	R2	Candice's split; score 30
SPECIES_SNORLAX	68	Earthquake	added	late move	Galactic's split; score 100
SPECIES_SNORLAX	64	Hammer Arm	added	R2	Galactic's split; score 48
SPECIES_SNORLAX	72	Superpower	added	R2	League's split; score 43
SPECIES_HONCHKROW	35	Nasty Plot	removed	R32	too early: strong attacks it boosts come at 55
SPECIES_HONCHKROW	46	Nasty Plot	added	R32	moved from Honchkrow's 35, beside the attacks it boosts
SPECIES_MURKROW	8	Taunt	moved from 31	R7	brought into Roark's split; score 155
SPECIES_MURKROW	10	Twister	added	R4	Roark's split; score 120
SPECIES_MURKROW	17	Chilling Water	added	R5, R16	Gardenia's split; score 96
SPECIES_MURKROW	19	Swagger	added	R2	Gardenia's split; score 59
SPECIES_MURKROW	27	Air Slash	added	R2	Gardenia's split; score 57
SPECIES_HONCHKROW	34	Drill Peck	added	R30	Maylene's split; score 160
SPECIES_HONCHKROW	40	U-turn	added	R5	Wake's split; score 85
SPECIES_HONCHKROW	53	Heat Wave	added	R5	Byron's split; score 75
SPECIES_HONCHKROW	61	Brave Bird	added	late move	Galactic's split; score 126
SPECIES_HONCHKROW	63	Foul Play	added	R2	Galactic's split; score 71
SPECIES_HONCHKROW	69	Acrobatics	added	R2	Barry's split; score 70
SPECIES_HONCHKROW	71	Sucker Punch	added	R2	Barry's split; score 60
SPECIES_GARGANACL	38	Rock Tomb	moved from 10	R25	was below 38, the lowest level it is had at
SPECIES_GARGANACL	39	Salt Cure	moved from 24	R25	was below 38, the lowest level it is had at
SPECIES_NACLI	1	Harden	removed	R1	filler past the one a first split may carry
SPECIES_NACLI	13	Rock Polish	removed	R32	too early: strong attacks it boosts come at 34
SPECIES_NACLSTACK	27	Rock Polish	added	R32	moved from Nacli's 13, beside the attacks it boosts
SPECIES_NACLSTACK	24	Bulldoze	added	R4, R5	Gardenia's split; score 193
SPECIES_GARGANACL	42	Iron Head	added	R5	Wake's split; score 88
SPECIES_GARGANACL	51	Zen Headbutt	added	R5	Byron's split; score 49
SPECIES_GARGANACL	56	Body Press	added	R5	Candice's split; score 47
SPECIES_GARGANACL	58	Block	added	R2	Candice's split; score 16
SPECIES_GARGANACL	64	Hammer Arm	added	relearner-only, late move	Galactic's split; score 128
SPECIES_NACLSTACK	13	Rock Polish	removed	R25	below 24, the lowest level it is had at
SPECIES_NIDORAN_F	1	Growl	removed	R1	filler past the one a first split may carry
SPECIES_NIDORAN_F	7	Tail Whip	removed	R1	filler past the one a first split may carry
SPECIES_NIDORINA	7	Tail Whip	removed	R25	below 16, the lowest level it is had at
SPECIES_NIDORAN_F	4	Sludge	added	check 1	Roark's split; score 194
SPECIES_NIDORAN_F	3	Toxic Spikes	moved from 31	R7	brought into Roark's split; score 165
SPECIES_NIDORAN_F	6	Pursuit	added	R4	Roark's split; score 119
SPECIES_NIDORINA	17	Hex	added	R5, R16	Gardenia's split; score 76
SPECIES_NIDORINA	25	Aerial Ace	added	R5	Gardenia's split; score 60
SPECIES_NIDOQUEEN	16	Bulldoze	added	R11, R16	Gardenia's split; score 239
SPECIES_NIDOQUEEN	18	Aerial Ace	added	R5	Gardenia's split; score 98
SPECIES_NIDOQUEEN	34	Poison Fang	added	R30	Maylene's split; score 173
SPECIES_NIDOQUEEN	40	Shadow Ball	added	R5	Wake's split; score 124
SPECIES_NIDOQUEEN	48	Earthquake	added	R2	Byron's split; score 75
SPECIES_NIDOQUEEN	50	Toxic	added	R2	Byron's split; score 73
SPECIES_NIDOQUEEN	56	Poison Jab	added	R2	Candice's split; score 64
SPECIES_NIDOQUEEN	64	Ice Beam	added	R5, late move	Galactic's split; score 108
SPECIES_NIDOQUEEN	66	Sludge Bomb	added	R2	Galactic's split; score 56
SPECIES_NIDOQUEEN	72	Throat Chop	added	R2	League's split; score 44
SPECIES_NIDORAN_M	7	Focus Energy	removed	R32	too early: strong attacks it boosts come at 43
SPECIES_NIDOKING	34	Focus Energy	added	R32	moved from Nidoran♂'s 7, beside the attacks it boosts
SPECIES_NIDORAN_M	4	Venoshock	added	check 1, R16	Roark's split; score 174
SPECIES_NIDORAN_M	6	Toxic Spikes	moved from 31	R7	brought into Roark's split; score 165
SPECIES_NIDORINO	17	Rock Tomb	added	R5	Gardenia's split; score 112
SPECIES_NIDORINO	25	Bulldoze	added	R5	Gardenia's split; score 52
SPECIES_NIDOKING	16	Bulldoze	added	R11	Gardenia's split; score 222
SPECIES_NIDOKING	27	Rock Tomb	added	R5	Fantina's split; score 112
SPECIES_NIDOKING	37	Poison Jab	added	R30	Maylene's split; score 174
SPECIES_NIDOKING	40	Body Press	added	R5	Wake's split; score 106
SPECIES_NIDOKING	50	Toxic	added	R2	Byron's split; score 73
SPECIES_NIDOKING	48	Poison Fang	added	R2	Byron's split; score 73
SPECIES_NIDOKING	56	Earthquake	added	R2	Candice's split; score 75
SPECIES_NIDOKING	64	Double-Edge	added	late move	Galactic's split; score 101
SPECIES_NIDOKING	68	Throat Chop	added	R5	Galactic's split; score 57
SPECIES_NIDOKING	72	Sludge Bomb	added	R2	League's split; score 57
SPECIES_NIDORINO	7	Focus Energy	removed	R25	below 16; onto Nidoran♂'s list
SPECIES_NIDORAN_M	7	Focus Energy	added	R25	from Nidorino's 7, below its 16
SPECIES_PROBOPASS	32	Iron Defense	moved from 7	R25	was below 32, the lowest level it is had at
SPECIES_PROBOPASS	33	Magnet Bomb	moved from 13	R25	was below 32, the lowest level it is had at
SPECIES_NOSEPASS	7	Harden	removed	R1	filler past the one a first split may carry
SPECIES_NOSEPASS	4	Taunt	added	R7	Roark's split; score 132
SPECIES_NOSEPASS	3	Smack Down	added	R16	Roark's split; score 55
SPECIES_NOSEPASS	6	Rock Tomb	added	R1	Roark's split; score 52
SPECIES_NOSEPASS	17	Bulldoze	added	R4, R5	Gardenia's split; score 214
SPECIES_PROBOPASS	35	Spark	added	R5	Maylene's split; score 75
SPECIES_PROBOPASS	37	Iron Head	added	R2	Maylene's split; score 64
SPECIES_PROBOPASS	51	Body Press	added	R5	Byron's split; score 47
SPECIES_PROBOPASS	58	Fire Punch	added	R5	HQ's split; score 54
SPECIES_PROBOPASS	60	Earthquake	added	R2	HQ's split; score 50
SPECIES_PROBOPASS	66	ThunderPunch	added	R2	Volkner's split; score 42
SPECIES_PROBOPASS	75	Volt Switch	added	R2	League's split; score 34
SPECIES_NOSEPASS	13	Rock Throw	removed	R6	weaker than Rock Tomb, already had
SPECIES_OMASTAR	42	Shell Smash	added	R16 due	Wake's split; score 123
SPECIES_OMASTAR	50	Surf	added	R30	Byron's split; score 178
SPECIES_OMASTAR	53	Scald	added	R2	Byron's split; score 54
SPECIES_OMASTAR	58	Power Gem	added	R2	Byron's split; score 21
SPECIES_OMASTAR	61	Ice Beam	added	R5	Galactic's split; score 131
SPECIES_OMASTAR	63	Dark Pulse	added	R5	Galactic's split; score 32
SPECIES_OMASTAR	69	Earth Power	added	R2	Barry's split; score 46
SPECIES_ONIX	1	Harden	removed	R1	filler past the one a first split may carry
SPECIES_ONIX	1	Bind	removed	R1	filler past the one a first split may carry
SPECIES_STEELIX	30	Rock Polish	removed	R32	too early: strong attacks it boosts come at 41
SPECIES_STEELIX	34	Rock Polish	added	R32	moved from Steelix's 30, beside the attacks it boosts
SPECIES_ONIX	5	Bulldoze	added	R11, R16	Roark's split; score 239
SPECIES_ONIX	4	Rock Tomb	moved from 17	R1	brought into Roark's split; score 72
SPECIES_ONIX	17	Bite	added	R4, R5	Gardenia's split; score 238
SPECIES_ONIX	19	Breaking Swipe	added	R5	Gardenia's split; score 46
SPECIES_STEELIX	19	Metal Claw	added	R11	Gardenia's split; score 83
SPECIES_STEELIX	39	Iron Head	moved from 41	R30	brought into Maylene's split; score 164
SPECIES_STEELIX	41	Body Press	added	R5	Wake's split; score 47
SPECIES_STEELIX	56	Fire Fang	added	R5, relearner-only	Candice's split; score 91
SPECIES_STEELIX	58	Earthquake	added	R2	Candice's split; score 75
SPECIES_STEELIX	64	Block	added	late move	Galactic's split; score 90
SPECIES_ONIX	9	Rock Throw	removed	R6	weaker than Rock Tomb, already had
SPECIES_ONIX	16	Curse	moved from 38	R1	brought into Roark's split; score 45
SPECIES_PACHIRISU	4	Electroweb	added	R16	Roark's split; score 65
SPECIES_PACHIRISU	19	Bite	added	R4, R5	Gardenia's split; score 238
SPECIES_PACHIRISU	35	Mud Shot	added	R5	Fantina's split; score 50
SPECIES_PACHIRISU	41	Thunder Fang	added	R2	Wake's split; score 69
SPECIES_PACHIRISU	43	Volt Switch	added	R2	Wake's split; score 49
SPECIES_PACHIRISU	49	Fire Fang	added	R5	Byron's split; score 86
SPECIES_PACHIRISU	51	Ice Fang	added	R5	Byron's split; score 86
SPECIES_PACHIRISU	57	ThunderPunch	added	R2	HQ's split; score 62
SPECIES_PACHIRISU	59	Crunch	added	R2	HQ's split; score 42
SPECIES_PACHIRISU	65	Follow Me	added	late move	Galactic's split; score 73
SPECIES_PACHIRISU	67	Thunder Wave	added	R2	Galactic's split; score 2
SPECIES_PAWMI	1	Growl	removed	R1	filler past the one a first split may carry
SPECIES_PAWMI	5	Electroweb	added	check 1	Roark's split; score 169
SPECIES_PAWMI	8	Mach Punch	added	R4	Roark's split; score 148
SPECIES_PAWMOT	35	Body Press	added	R30	Maylene's split; score 136
SPECIES_PAWMOT	57	Rock Tomb	added	R5	Candice's split; score 91
SPECIES_PAWMOT	63	Knock Off	added	relearner-only	Galactic's split; score 65
SPECIES_PAWMOT	65	Low Sweep	added	R2	Galactic's split; score 56
SPECIES_PAWMOT	70	Fire Punch	added	R5	Barry's split; score 54
SPECIES_PAWMOT	72	Throat Chop	added	R2	Barry's split; score 44
SPECIES_DONPHAN	25	Rapid Spin	moved from 6	R25	was below 25, the lowest level it is had at
SPECIES_DONPHAN	40	Knock Off	moved from 10	R25	was below 25, the lowest level it is had at
SPECIES_DONPHAN	26	Magnitude	moved from 19	R25	was below 25, the lowest level it is had at
SPECIES_PHANPY	1	Defense Curl	removed	R1	filler past the one a first split may carry
SPECIES_PHANPY	1	Growl	removed	R1	filler past the one a first split may carry
SPECIES_PHANPY	4	Bulldoze	added	R11, check 1, R16	Roark's split; score 442
SPECIES_PHANPY	8	Ice Shard	added	R4	Roark's split; score 125
SPECIES_DONPHAN	28	Rock Tomb	added	R5	Fantina's split; score 74
SPECIES_DONPHAN	43	Seed Bomb	added	R5	Wake's split; score 55
SPECIES_DONPHAN	51	Throat Chop	added	R2	Byron's split; score 44
SPECIES_DONPHAN	56	Charm	added	R2	Byron's split; score 9
SPECIES_DONPHAN	59	Ice Fang	added	R2	HQ's split; score 39
SPECIES_DONPHAN	67	Block	added	late move	Volkner's split; score 56
SPECIES_PHEROMOSA	67	Hi Jump Kick	moved from 70	R11	brought into Volkner's split; score 289
SPECIES_PHEROMOSA	66	Throat Chop	added	R4, R5	Volkner's split; score 159
SPECIES_PHEROMOSA	69	Low Sweep	added	R2	Barry's split; score 56
SPECIES_PHEROMOSA	71	Skitter Smack	added	R2	Barry's split; score 54
SPECIES_PIKACHU	1	Growl	removed	R1	filler past the one a first split may carry
SPECIES_PIKACHU	20	Charm	added	R7	Gardenia's split; score 179
SPECIES_PIKACHU	17	Trailblaze	added	R4, R5, R16	Gardenia's split; score 159
SPECIES_PIKACHU	28	ExtremeSpeed	added	R2	Fantina's split; score 48
SPECIES_RAICHU	45	Brick Break	added	R5	Byron's split; score 104
SPECIES_RAICHU	54	ThunderPunch	added	R2	Candice's split; score 73
SPECIES_RAICHU	56	Discharge	added	R2	Candice's split; score 64
SPECIES_RAICHU	62	Surf	added	R5, late move	Galactic's split; score 155
SPECIES_RAICHU	64	Volt Tackle	added	R2	Galactic's split; score 78
SPECIES_RAICHU	70	Play Rough	added	R5	Barry's split; score 52
SPECIES_RAICHU	72	Sweet Kiss	added	R2	Barry's split; score 49
SPECIES_PIKIPEK	3	Growl	removed	R1	filler past the one a first split may carry
SPECIES_PIKIPEK	3	Pluck	moved from 15	check 1	brought into Roark's split; score 205
SPECIES_PIKIPEK	2	Screech	moved from 25	R7	brought into Roark's split; score 155
SPECIES_TRUMBEAK	18	Flame Charge	added	R5	Gardenia's split; score 79
SPECIES_TOUCANNON	36	Facade	added	R2	Maylene's split; score 45
SPECIES_TOUCANNON	42	Throat Chop	added	R5	Wake's split; score 95
SPECIES_TOUCANNON	52	Take Down	added	R2	Byron's split; score 52
SPECIES_TOUCANNON	58	Seed Bomb	added	R5	HQ's split; score 85
SPECIES_TOUCANNON	60	Brick Break	added	R2	HQ's split; score 32
SPECIES_TOUCANNON	66	Beak Blast	added	late move	Volkner's split; score 140
SPECIES_TOUCANNON	68	Temper Flare	added	R2	Volkner's split; score 32
SPECIES_TOUCANNON	74	Rock Climb	added	R2	League's split; score 31
SPECIES_EMPOLEON	37	Swords Dance	moved from 11	R25	was below 36, the lowest level it is had at
SPECIES_EMPOLEON	24	Swagger	removed	R25	below 36; onto Prinplup's list
SPECIES_PRINPLUP	24	Swagger	added	R25	from Empoleon's 24, below its 36
SPECIES_PIPLUP	4	Growl	removed	R1	filler past the one a first split may carry
SPECIES_PIPLUP	11	Water Sport	removed	R1	filler past the one a first split may carry
SPECIES_PRINPLUP	4	Growl	removed	R25	below 16, the lowest level it is had at
SPECIES_PRINPLUP	11	Water Sport	removed	R25	below 16, the lowest level it is had at
SPECIES_EMPOLEON	4	Growl	removed	R25	below 36, the lowest level it is had at
SPECIES_PIPLUP	5	BubbleBeam	moved from 18	check 1	brought into Roark's split; score 202
SPECIES_PIPLUP	4	Scary Face	added	R7	Roark's split; score 132
SPECIES_PRINPLUP	21	Bulldoze	added	R5, R16	Gardenia's split; score 91
SPECIES_PRINPLUP	27	Rock Tomb	added	R5	Gardenia's split; score 74
SPECIES_PRINPLUP	29	Aqua Cutter	added	R2	Gardenia's split; score 52
SPECIES_EMPOLEON	41	X-Scissor	added	R5	Wake's split; score 80
SPECIES_EMPOLEON	48	Steel Wing	added	R2	Byron's split; score 48
SPECIES_EMPOLEON	56	Flip Turn	added	R2	Candice's split; score 42
SPECIES_EMPOLEON	66	Wave Crash	added	late move	Galactic's split; score 136
SPECIES_EMPOLEON	64	Earthquake	added	R2	Galactic's split; score 50
SPECIES_EMPOLEON	72	Iron Head	added	R2	League's split; score 22
SPECIES_PIPLUP	8	Bubble	removed	R6	weaker than BubbleBeam, already had
SPECIES_PRINPLUP	8	Bubble	removed	R25	below 16; onto Piplup's list
SPECIES_PIPLUP	8	Bubble	added	R25	from Prinplup's 8, below its 16
SPECIES_PIPLUP	8	Bubble	removed	R6	weaker than BubbleBeam, already had
SPECIES_PLUSLE	19	Trailblaze	added	R4, R5, R16	Gardenia's split; score 164
SPECIES_PLUSLE	27	Fire Punch	added	R5	Fantina's split; score 89
SPECIES_PLUSLE	37	Agility	moved from 44	R7	brought into Maylene's split; score 117
SPECIES_PLUSLE	44	Ice Punch	added	R5	Wake's split; score 89
SPECIES_PLUSLE	46	Discharge	added	R2	Wake's split; score 74
SPECIES_PLUSLE	53	Hyper Voice	added	R2	Byron's split; score 60
SPECIES_PLUSLE	59	Volt Switch	added	R2	HQ's split; score 49
SPECIES_PLUSLE	61	Alluring Voice	added	R5	HQ's split; score 47
SPECIES_POLIWHIRL	37	Belly Drum	removed	R32	no strong attack it boosts on the line; a catch would know it at level 1
SPECIES_POLIWAG	4	Mud Shot	moved from 28	R4, R5	brought into Roark's split; score 208
SPECIES_POLIWAG	3	BubbleBeam	moved from 25	check 1	brought into Roark's split; score 200
SPECIES_POLIWHIRL	25	Bulldoze	added	R4, R5, R16	Gardenia's split; score 231
SPECIES_POLIWHIRL	28	Swagger	added	R2	Fantina's split; score 59
SPECIES_POLIWHIRL	34	Low Sweep	added	R5	Fantina's split; score 55
SPECIES_POLIWHIRL	36	Liquidation	added	R30	Maylene's split; score 141
SPECIES_POLIWHIRL	38	Throat Chop	added	R5	Maylene's split; score 57
SPECIES_POLIWRATH	35	Wake-Up Slap	added	R11	Maylene's split; score 262
SPECIES_POLIWRATH	33	Liquidation	added	R30	Maylene's split; score 141
SPECIES_POLIWRATH	40	Throat Chop	added	R5	Wake's split; score 95
SPECIES_POLIWRATH	55	Rock Tomb	added	R5	Candice's split; score 91
SPECIES_POLIWRATH	57	Low Sweep	added	R2	Candice's split; score 56
SPECIES_POLIWRATH	62	Ice Punch	added	R5, late move	Galactic's split; score 139
SPECIES_POLIWRATH	64	Close Combat	added	R2	Galactic's split; score 69
SPECIES_POLIWRATH	70	Drain Punch	added	R2	Barry's split; score 51
SPECIES_POLIWRATH	72	Earthquake	added	R2	Barry's split; score 42
SPECIES_POLITOED	57	Ice Beam	added	R5	HQ's split; score 86
SPECIES_POLITOED	59	Muddy Water	added	R2	HQ's split; score 61
SPECIES_POLITOED	65	Psychic	added	R5, late move	Galactic's split; score 95
SPECIES_POLITOED	67	Belly Drum	added	R2	Galactic's split; score 35
SPECIES_POLIWAG	5	Bubble	removed	R6	weaker than BubbleBeam, already had
SPECIES_POLIWAG	11	Water Gun	removed	R6	weaker than BubbleBeam, already had
SPECIES_POLIWAG	6	Icy Wind	added	R5	Roark's split; score 64
SPECIES_POLIWHIRL	5	Bubble	removed	R25	below 25; onto Poliwag's list
SPECIES_POLIWAG	5	Bubble	added	R25	from Poliwhirl's 5, below its 25
SPECIES_POLIWHIRL	11	Water Gun	removed	R25	below 25; onto Poliwag's list
SPECIES_POLIWAG	11	Water Gun	added	R25	from Poliwhirl's 11, below its 25
SPECIES_POLIWAG	5	Bubble	removed	R6	weaker than BubbleBeam, already had
SPECIES_POLIWAG	11	Water Gun	removed	R6	weaker than BubbleBeam, already had
SPECIES_PONYTA	1	Growl	removed	R1	filler past the one a first split may carry
SPECIES_PONYTA	6	Tail Whip	removed	R1	filler past the one a first split may carry
SPECIES_RAPIDASH	6	Tail Whip	removed	R25	below 40, the lowest level it is had at
SPECIES_PONYTA	5	Flame Charge	added	R16	Roark's split; score 75
SPECIES_PONYTA	4	Quick Attack	added	relearner-only	Roark's split; score 58
SPECIES_PONYTA	20	Agility	moved from 33	R7	brought into Gardenia's split; score 172
SPECIES_PONYTA	17	Bulldoze	added	R4, R5	Gardenia's split; score 63
SPECIES_PONYTA	30	Headbutt	added	R2	Gardenia's split; score 32
SPECIES_RAPIDASH	40	Blaze Kick	added	R30	Wake's split; score 159
SPECIES_RAPIDASH	42	Poison Jab	added	R5, relearner-only	Wake's split; score 134
SPECIES_RAPIDASH	45	Overheat	added	R2	Byron's split; score 60
SPECIES_RAPIDASH	49	Throat Chop	added	R5	Byron's split; score 57
SPECIES_RAPIDASH	53	Smart Strike	added	R5	Byron's split; score 50
SPECIES_RAPIDASH	61	Charm	added	late move	Galactic's split; score 84
SPECIES_GALARIAN_RAPIDASH	17	Draining Kiss	added	R11	Gardenia's split; score 82
SPECIES_GALARIAN_RAPIDASH	40	Blaze Kick	added	R30	Wake's split; score 159
SPECIES_GALARIAN_RAPIDASH	45	Drill Run	added	R5	Wake's split; score 125
SPECIES_GALARIAN_RAPIDASH	51	Psycho Cut	added	relearner-only	Byron's split; score 65
SPECIES_GALARIAN_RAPIDASH	58	Throat Chop	added	R5	Candice's split; score 95
SPECIES_GALARIAN_RAPIDASH	64	Flare Blitz	added	late move	Galactic's split; score 138
SPECIES_GALARIAN_RAPIDASH	66	Play Rough	added	R2	Galactic's split; score 59
SPECIES_GALARIAN_RAPIDASH	72	Double-Edge	added	R2	League's split; score 51
SPECIES_POOCHYENA	6	Scary Face	moved from 33	R7	brought into Roark's split; score 155
SPECIES_MIGHTYENA	19	Trailblaze	added	R4, R5, R16	Gardenia's split; score 206
SPECIES_MIGHTYENA	39	Throat Chop	added	R2	Maylene's split; score 70
SPECIES_MIGHTYENA	44	Body Slam	added	R2	Wake's split; score 56
SPECIES_MIGHTYENA	49	Poison Jab	added	R5	Wake's split; score 35
SPECIES_MIGHTYENA	59	Fire Fang	added	R5	HQ's split; score 131
SPECIES_MIGHTYENA	67	Thunder Fang	added	R5	Volkner's split; score 86
SPECIES_MIGHTYENA	69	Poison Fang	added	R2	Volkner's split; score 50
SPECIES_MIGHTYENA	75	Yawn	added	R2	League's split; score 9
SPECIES_POPPLIO	2	BubbleBeam	added	check 1	Gardenia's split; score 210
SPECIES_PRIMARINA	48	Shadow Ball	added	R5	Byron's split; score 87
SPECIES_PRIMARINA	58	Energy Ball	added	R5	Candice's split; score 52
SPECIES_PRIMARINA	66	Psychic	added	R5	Galactic's split; score 52
SPECIES_PRIMARINA	72	Ice Beam	added	R2	League's split; score 39
SPECIES_PSYDUCK	5	Tail Whip	removed	R1	filler past the one a first split may carry
SPECIES_PSYDUCK	1	Water Sport	removed	R1	filler past the one a first split may carry
SPECIES_GOLDUCK	5	Tail Whip	removed	R25	below 33, the lowest level it is had at
SPECIES_PSYDUCK	3	Water Pulse	moved from 22	check 1	brought into Roark's split; score 207
SPECIES_PSYDUCK	2	Screech	moved from 31	R7	brought into Roark's split; score 165
SPECIES_PSYDUCK	5	Trailblaze	added	R4, R5, R16	Roark's split; score 155
SPECIES_PSYDUCK	20	Low Sweep	added	R5	Gardenia's split; score 71
SPECIES_GOLDUCK	34	Muddy Water	moved from 56	R30	brought into Maylene's split; score 146
SPECIES_GOLDUCK	42	Aurora Beam	added	R5	Wake's split; score 73
SPECIES_GOLDUCK	52	Power Gem	added	R5	Byron's split; score 47
SPECIES_GOLDUCK	58	Ice Beam	added	R2	HQ's split; score 46
SPECIES_GOLDUCK	60	Psychic	added	R2	HQ's split; score 46
SPECIES_GOLDUCK	66	Flip Turn	added	late move	Volkner's split; score 80
SPECIES_PSYDUCK	9	Water Gun	removed	R6	weaker than Water Pulse, already had
SPECIES_GOLDUCK	9	Water Gun	removed	R25	below 33; onto Psyduck's list
SPECIES_PSYDUCK	9	Water Gun	added	R25	from Golduck's 9, below its 33
SPECIES_PSYDUCK	9	Water Gun	removed	R6	weaker than Water Pulse, already had
SPECIES_PURRLOIN	1	Growl	removed	R1	filler past the one a first split may carry
SPECIES_LIEPARD	44	Nasty Plot	removed	R32	no strong attack it boosts on the line; a catch would know it at level 1
SPECIES_PURRLOIN	2	Snarl	added	check 1, R16	Roark's split; score 187
SPECIES_PURRLOIN	8	Nasty Plot	moved from 36	R7	brought into Roark's split; score 155
SPECIES_LIEPARD	20	Trailblaze	added	R4, R5	Gardenia's split; score 53
SPECIES_LIEPARD	36	Throat Chop	added	R30	Maylene's split; score 146
SPECIES_LIEPARD	49	Skitter Smack	added	R5	Wake's split; score 90
SPECIES_LIEPARD	51	Shadow Ball	added	R5	Byron's split; score 45
SPECIES_LIEPARD	59	Psycho Cut	added	R5	HQ's split; score 42
SPECIES_LIEPARD	61	Seed Bomb	added	R2	HQ's split; score 34
SPECIES_LIEPARD	67	U-turn	added	R2	Volkner's split; score 34
SPECIES_PURRLOIN	3	Growl	removed	R1	filler past the one a first split may carry
SPECIES_LIEPARD	3	Growl	removed	R25	below 20, the lowest level it is had at
SPECIES_QWILFISH	51	Throat Chop	added	R5, R16 due	Byron's split; score 129
SPECIES_QWILFISH	59	Flip Turn	added	R2	Candice's split; score 42
SPECIES_QWILFISH	64	Double-Edge	added	late move	Galactic's split; score 101
SPECIES_QWILFISH	66	Toxic	added	R2	Galactic's split; score 23
SPECIES_QWILFISH	72	Skitter Smack	added	R5	League's split; score 33
SPECIES_GALLADE	17	Fury Cutter	removed	R25	below 20, the lowest level it is had at
SPECIES_GARDEVOIR	34	Wish	moved from 17	R25	was below 30, the lowest level it is had at
SPECIES_RALTS	19	Dazzling Gleam	added	R11, R16	Fantina's split; score 290
SPECIES_RALTS	20	Magical Leaf	moved from 21	R4, R5	brought into Fantina's split; score 200
SPECIES_GARDEVOIR	42	Mystical Fire	added	R5	Wake's split; score 89
SPECIES_GARDEVOIR	56	Aura Sphere	added	R5	Byron's split; score 80
SPECIES_GARDEVOIR	58	Thunderbolt	added	R5	HQ's split; score 86
SPECIES_GARDEVOIR	67	Moonblast	added	late move	Volkner's split; score 123
SPECIES_GARDEVOIR	69	Energy Ball	added	R2	Volkner's split; score 39
SPECIES_GARDEVOIR	74	Charm	added	R2	League's split; score 9
SPECIES_GALLADE	44	Night Slash	added	R5, relearner-only	Byron's split; score 150
SPECIES_GALLADE	55	Leaf Blade	added	R5, relearner-only	Candice's split; score 160
SPECIES_GALLADE	61	Fire Punch	added	R5, late move	Galactic's split; score 184
SPECIES_GALLADE	63	ThunderPunch	added	R5	Galactic's split; score 89
SPECIES_GALLADE	69	Zen Headbutt	added	R2	Barry's split; score 62
SPECIES_GALLADE	71	Low Sweep	added	R2	Barry's split; score 56
SPECIES_GALLADE	45	Sacred Sword	added	check 24	branch parity by Byron's cap; adds 65 to its kit
SPECIES_RELICANTH	45	Bulldoze	added	R4, R5, R16	Byron's split; score 193
SPECIES_RELICANTH	54	Aqua Tail	added	R2	Candice's split; score 68
SPECIES_RELICANTH	59	Rock Slide	added	R2	Candice's split; score 54
SPECIES_RELICANTH	62	Earthquake	added	R2	Galactic's split; score 50
SPECIES_RELICANTH	73	Zen Headbutt	added	R5	Barry's split; score 87
SPECIES_REMORAID	4	Water Pulse	moved from 32	check 1	brought into Roark's split; score 207
SPECIES_REMORAID	3	Screech	added	R7	Roark's split; score 132
SPECIES_OCTILLERY	27	Round	added	R16 due	Fantina's split; score 76
SPECIES_OCTILLERY	31	Mud Shot	added	R5	Fantina's split; score 58
SPECIES_OCTILLERY	35	Scald	added	R2	Maylene's split; score 54
SPECIES_OCTILLERY	44	Seed Bomb	added	R5	Wake's split; score 68
SPECIES_OCTILLERY	51	Skitter Smack	added	R2	Byron's split; score 39
SPECIES_OCTILLERY	59	Energy Ball	added	R2	HQ's split; score 39
SPECIES_OCTILLERY	61	Psychic	added	R2	HQ's split; score 39
SPECIES_RHYHORN	7	Bulldoze	added	R11, check 1, R16	Roark's split; score 442
SPECIES_RHYHORN	11	Smack Down	added	R11	Roark's split; score 255
SPECIES_RHYHORN	13	Peck	added	R4	Roark's split; score 140
SPECIES_RHYHORN	17	Bite	added	R5	Gardenia's split; score 118
SPECIES_RHYHORN	27	Rock Tomb	added	R2	Gardenia's split; score 52
SPECIES_RHYHORN	29	Breaking Swipe	added	R5	Gardenia's split; score 46
SPECIES_RHYDON	53	Crunch	added	R2	Byron's split; score 42
SPECIES_RHYPERIOR	63	Crunch	added	late move	Galactic's split; score 92
SPECIES_RHYPERIOR	65	Dragon Rush	added	R2	Galactic's split; score 45
SPECIES_RHYPERIOR	69	Superpower	added	R2	Barry's split; score 43
SPECIES_LUCARIO	19	Bone Rush	removed	R25	below 28, the lowest level it is had at
SPECIES_LUCARIO	24	Metal Sound	removed	R25	below 28, the lowest level it is had at
SPECIES_RIOLU	2	Crunch	added	R4, R5	Byron's split; score 212
SPECIES_LUCARIO	48	Meteor Mash	added	R11	Byron's split; score 271
SPECIES_LUCARIO	54	Bulldoze	added	R5, R16	Candice's split; score 89
SPECIES_LUCARIO	56	Extrasensory	added	R5	Candice's split; score 81
SPECIES_LUCARIO	62	Ice Punch	added	R5, late move	Galactic's split; score 137
SPECIES_LUCARIO	64	Iron Head	added	R2	Galactic's split; score 61
SPECIES_LUCARIO	70	Low Sweep	added	R2	Barry's split; score 54
SPECIES_LUCARIO	72	Drain Punch	added	R2	Barry's split; score 49
SPECIES_ROOKIDEE	3	Taunt	added	R7	Roark's split; score 165
SPECIES_CORVISQUIRE	17	Swagger	added	R2	Gardenia's split; score 49
SPECIES_CORVISQUIRE	34	Low Sweep	added	R16 due	Fantina's split; score 27
SPECIES_CORVIKNIGHT	40	U-turn	added	R5	Wake's split; score 85
SPECIES_CORVIKNIGHT	46	Body Slam	added	R2	Byron's split; score 39
SPECIES_CORVIKNIGHT	53	Iron Defense	added	R2	Byron's split; score 2
SPECIES_CORVIKNIGHT	61	Double-Edge	added	R2	Galactic's split; score 43
SPECIES_CORVIKNIGHT	63	Throat Chop	added	R5	Galactic's split; score 28
SPECIES_CORVIKNIGHT	69	Acrobatics	added	R2	Barry's split; score 29
SPECIES_CORVIKNIGHT	71	Scary Face	added	R2	Barry's split; score -5
SPECIES_ROTOM	27	Snarl	added	R4, R5, R16	Fantina's split; score 54
SPECIES_ROTOM	34	Shadow Ball	added	R2	Maylene's split; score 62
SPECIES_ROTOM	45	Signal Beam	added	R5	Wake's split; score 79
SPECIES_ROTOM	52	Thunderbolt	added	R2	Byron's split; score 59
SPECIES_ROTOM	58	Volt Switch	added	R2	HQ's split; score 49
SPECIES_ROTOM	60	Hyper Voice	added	R2	HQ's split; score 42
SPECIES_ROTOM	66	Dark Pulse	added	late move	Volkner's split; score 92
SPECIES_ROTOM	68	Earth Power	added	R5	Volkner's split; score 27
SPECIES_DECIDUEYE	40	Spirit Shackle	moved from 34	R25	was below 36, the lowest level it is had at
SPECIES_ROWLET	4	Growl	removed	R1	filler past the one a first split may carry
SPECIES_DARTRIX	4	Growl	removed	R25	below 16, the lowest level it is had at
SPECIES_DECIDUEYE	4	Growl	removed	R25	below 36, the lowest level it is had at
SPECIES_ROWLET	13	Shadow Sneak	added	R4, relearner-only	Gardenia's split; score 188
SPECIES_ROWLET	14	Spite	added	R7	Gardenia's split; score 155
SPECIES_DECIDUEYE	42	U-turn	added	R5, relearner-only	Wake's split; score 85
SPECIES_DECIDUEYE	57	Low Sweep	added	R5	Candice's split; score 55
SPECIES_DECIDUEYE	67	Giga Drain	added	R2	Galactic's split; score 48
SPECIES_DECIDUEYE	72	Brave Bird	added	R2	League's split; score 51
SPECIES_DARTRIX	66	Acrobatics	added	R19	payoff for holding past 66; Decidueye comes at 36
SPECIES_SALANDIT	27	Mud Shot	added	R4, R5	Fantina's split; score 45
SPECIES_SALAZZLE	34	Swagger	added	R2	Maylene's split; score 49
SPECIES_SALAZZLE	44	Encore	added	R2	Wake's split; score 63
SPECIES_SALAZZLE	52	Nasty Plot	added	R2	Byron's split; score -5
SPECIES_SALAZZLE	58	Hyper Voice	added	R2	HQ's split; score 42
SPECIES_SALAZZLE	66	Overheat	added	late move	Volkner's split; score 114
SPECIES_SALAZZLE	68	Leaf Storm	added	R5	Volkner's split; score 30
SPECIES_PALOSSAND	46	Sludge Bomb	added	R5	Byron's split; score 54
SPECIES_PALOSSAND	53	Psychic	added	R5	Byron's split; score 52
SPECIES_PALOSSAND	61	Flash Cannon	added	R5, late move	Galactic's split; score 90
SPECIES_PALOSSAND	63	Energy Ball	added	R2	Galactic's split; score 39
SPECIES_SCORBUNNY	5	Flame Charge	added	check 1, R16	Roark's split; score 225
SPECIES_SCORBUNNY	8	Taunt	added	R7	Roark's split; score 132
SPECIES_RABOOT	17	Smack Down	added	R4, R5	Gardenia's split; score 181
SPECIES_CINDERACE	42	U-turn	added	R5, relearner-only	Wake's split; score 85
SPECIES_CINDERACE	48	Iron Head	added	R5	Byron's split; score 50
SPECIES_CINDERACE	57	Low Sweep	added	R2	Candice's split; score 42
SPECIES_CINDERACE	59	Agility	added	R2	Candice's split; score 42
SPECIES_KLEAVOR	19	Bug Bite	moved from 5	R25	was below 18, the lowest level it is had at
SPECIES_KLEAVOR	20	Rock Smash	moved from 14	R25	was below 18, the lowest level it is had at
SPECIES_SCYTHER	34	Skitter Smack	added	R11, R16	Maylene's split; score 283
SPECIES_SCIZOR	19	Lunge	added	R11, R16	Maylene's split; score 248
SPECIES_SCIZOR	43	Brick Break	added	R5	Wake's split; score 122
SPECIES_SCIZOR	55	Skitter Smack	added	R2	Candice's split; score 54
SPECIES_SCIZOR	62	Double-Edge	added	late move	Galactic's split; score 101
SPECIES_SCIZOR	64	U-turn	added	R2	Galactic's split; score 49
SPECIES_SCIZOR	70	Acrobatics	added	R5	Barry's split; score 119
SPECIES_SCIZOR	72	Close Combat	added	R2	Barry's split; score 54
SPECIES_KLEAVOR	35	Rock Slide	moved from 48	R11	brought into Maylene's split; score 276
SPECIES_KLEAVOR	57	Steel Wing	added	R5	Candice's split; score 81
SPECIES_KLEAVOR	62	Rock Tomb	added	late move	Galactic's split; score 116
SPECIES_KLEAVOR	64	Lunge	added	R2	Galactic's split; score 66
SPECIES_KLEAVOR	70	Night Slash	added	R2	Barry's split; score 35
SPECIES_SCIZOR	27	Steel Wing	added	check 24	branch parity by Maylene's cap; adds 63 to its kit
SPECIES_SEEDOT	7	Growth	removed	R1	filler past the one a first split may carry
SPECIES_NUZLEAF	7	Growth	removed	R25	below 14, the lowest level it is had at
SPECIES_SEEDOT	4	Giga Drain	added	R11, check 1	Roark's split; score 406
SPECIES_SEEDOT	2	Scary Face	added	R7	Roark's split; score 132
SPECIES_SEEDOT	6	Trailblaze	added	R16	Roark's split; score 64
SPECIES_SEEDOT	8	Fake Out	added	R1	Roark's split; score 44
SPECIES_NUZLEAF	14	Payback	added	R11	Roark's split; score 255
SPECIES_NUZLEAF	17	Silver Wind	added	R4, R5	Gardenia's split; score 232
SPECIES_SHIFTRY	17	Silver Wind	added	R4, R5	Gardenia's split; score 233
SPECIES_SHIFTRY	34	Leaf Blade	added	R30	Maylene's split; score 168
SPECIES_SHIFTRY	43	Extrasensory	added	R5	Wake's split; score 132
SPECIES_SHIFTRY	40	Rock Slide	added	R5	Wake's split; score 77
SPECIES_SHIFTRY	50	Sucker Punch	added	R2	Byron's split; score 70
SPECIES_SHIFTRY	56	Throat Chop	added	R2	Candice's split; score 61
SPECIES_SHIFTRY	58	Low Sweep	added	R5	Candice's split; score 55
SPECIES_SHIFTRY	64	Heat Wave	added	R5, late move	Galactic's split; score 105
SPECIES_SHIFTRY	66	Swagger	added	R2	Galactic's split; score 49
SPECIES_SHIFTRY	72	Leech Life	added	R2	League's split; score 44
SPECIES_DEWGONG	34	Signal Beam	moved from 7	R25	was below 34, the lowest level it is had at
SPECIES_DEWGONG	45	Drill Run	added	R5, R16 due	Wake's split; score 140
SPECIES_DEWGONG	54	Bite	added	R5	Byron's split; score 73
SPECIES_DEWGONG	56	Headbutt	added	relearner-only	Candice's split; score 68
SPECIES_DEWGONG	58	Muddy Water	added	R2	Candice's split; score 61
SPECIES_DEWGONG	64	Double-Edge	added	late move	Galactic's split; score 101
SPECIES_DEWGONG	66	Play Rough	added	R5	Galactic's split; score 52
SPECIES_DEWGONG	72	Flip Turn	added	R2	League's split; score 42
SPECIES_SENTRET	3	Covet	added	check 1	Roark's split; score 166
SPECIES_SENTRET	9	Baby-Doll Eyes	added	R7, R16	Roark's split; score 149
SPECIES_SENTRET	11	Pursuit	added	R4	Roark's split; score 119
SPECIES_FURRET	19	Trailblaze	added	R5	Gardenia's split; score 87
SPECIES_FURRET	34	Agility	added	R2	Fantina's split; score 2
SPECIES_FURRET	49	Body Slam	added	R2	Byron's split; score 78
SPECIES_FURRET	58	Fire Punch	added	R5	HQ's split; score 93
SPECIES_FURRET	60	Ice Punch	added	R5	HQ's split; score 54
SPECIES_FURRET	65	Seed Bomb	added	late move	Galactic's split; score 76
SPECIES_FURRET	67	Thunder Wave	added	R2	Galactic's split; score 2
SPECIES_LEAVANNY	30	Fell Stinger	moved from 29	R25	was below 30, the lowest level it is had at
SPECIES_SEWADDLE	1	String Shot	removed	R1	filler past the one a first split may carry
SPECIES_SEWADDLE	3	Sticky Web	moved from 31	R7, R16	brought into Roark's split; score 175
SPECIES_SEWADDLE	2	Pounce	added	R1	Roark's split; score 45
SPECIES_SWADLOON	20	Bite	added	R4, R5	Gardenia's split; score 53
SPECIES_LEAVANNY	48	Poison Jab	added	R5	Wake's split; score 88
SPECIES_LEAVANNY	54	Slash	added	relearner-only	Byron's split; score 65
SPECIES_LEAVANNY	58	Shadow Claw	added	R5	HQ's split; score 81
SPECIES_LEAVANNY	60	Lunge	added	R2	HQ's split; score 61
SPECIES_LEAVANNY	66	Skitter Smack	added	late move	Volkner's split; score 96
SPECIES_LEAVANNY	68	Throat Chop	added	R2	Volkner's split; score 44
SPECIES_LEAVANNY	74	Take Down	added	R2	League's split; score 34
SPECIES_SHELLDER	20	Leer	removed	R1	filler past the one a first split may carry
SPECIES_SHELLDER	8	Supersonic	removed	R1	filler past the one a first split may carry
SPECIES_SHELLDER	24	Poison Fang	added	R5	Byron's split; score 90
SPECIES_SHELLDER	46	Toxic	added	R1	Byron's split; score 63
SPECIES_SHELLDER	51	Liquidation	added	R1	Byron's split; score 56
SPECIES_SHELLDER	53	Drill Run	added	R5	Byron's split; score 47
SPECIES_SHELLDER	45	Icicle Crash	added	R1	Byron's split; score 46
SPECIES_CLOYSTER	32	Razor Shell	added	R11, check 1, R16	Byron's split; score 442
SPECIES_CLOYSTER	49	Ice Beam	added	R11	Byron's split; score 272
SPECIES_CLOYSTER	44	Shell Smash	added	R7	Byron's split; score 193
SPECIES_CLOYSTER	61	Icicle Crash	added	late move	Galactic's split; score 118
SPECIES_CLOYSTER	63	Toxic	added	R2	Galactic's split; score 63
SPECIES_CLOYSTER	69	Drill Run	added	R5	Barry's split; score 85
SPECIES_CLOYSTER	71	Liquidation	added	R2	Barry's split; score 56
SPECIES_CLOYSTER	77	Smart Strike	added	R5	League's split; score 81
SPECIES_SHELLDER	4	Withdraw	removed	R1	filler past the one a first split may carry
SPECIES_SHELLOS	6	Swagger	added	R7	Gardenia's split; score 144
SPECIES_GASTRODON	31	AncientPower	added	R4, R5	Fantina's split; score 236
SPECIES_GASTRODON	34	Clear Smog	added	R5, R16 due	Maylene's split; score 113
SPECIES_GASTRODON	43	Earth Power	added	R2	Wake's split; score 79
SPECIES_GASTRODON	45	Bulldoze	added	R2	Wake's split; score 49
SPECIES_GASTRODON	50	Ice Beam	added	R5	Byron's split; score 52
SPECIES_GASTRODON	58	Sludge Bomb	added	R2	HQ's split; score 49
SPECIES_GASTRODON	60	Skitter Smack	added	R5	HQ's split; score 49
SPECIES_GASTRODON	66	Block	added	late move	Volkner's split; score 90
SPECIES_GASTRODON	68	Rock Tomb	added	R2	Volkner's split; score 37
SPECIES_SHIELDON	30	Iron Head	moved from 43	R11	brought into Fantina's split; score 274
SPECIES_SHIELDON	27	Bulldoze	added	R4, R5, R16	Fantina's split; score 201
SPECIES_BASTIODON	34	Zen Headbutt	added	R5	Maylene's split; score 92
SPECIES_BASTIODON	45	Rock Slide	added	R2	Wake's split; score 64
SPECIES_BASTIODON	50	Rock Tomb	added	R2	Byron's split; score 52
SPECIES_BASTIODON	54	Body Press	added	R5	Byron's split; score 47
SPECIES_BASTIODON	58	Foul Play	added	R5	HQ's split; score 53
SPECIES_BASTIODON	60	Earthquake	added	R2	HQ's split; score 50
SPECIES_BASTIODON	66	Curse	added	late move	Volkner's split; score 38
SPECIES_LUXRAY	23	Roar	removed	R25	below 30, the lowest level it is had at
SPECIES_SHINX	5	Leer	removed	R1	filler past the one a first split may carry
SPECIES_LUXIO	5	Leer	removed	R25	below 15, the lowest level it is had at
SPECIES_LUXRAY	5	Leer	removed	R25	below 30, the lowest level it is had at
SPECIES_SHINX	2	Scary Face	moved from 37	R7	brought into Roark's split; score 155
SPECIES_SHINX	4	Pursuit	added	R4	Roark's split; score 140
SPECIES_LUXIO	20	Metal Claw	added	R5	Gardenia's split; score 64
SPECIES_LUXRAY	30	Trailblaze	added	R5, R16 due	Fantina's split; score 91
SPECIES_LUXRAY	37	Throat Chop	added	R2	Maylene's split; score 61
SPECIES_LUXRAY	44	Take Down	added	relearner-only	Wake's split; score 70
SPECIES_LUXRAY	51	Mean Look	added	R2	Byron's split; score 56
SPECIES_LUXRAY	58	Fire Fang	added	R5	HQ's split; score 131
SPECIES_LUXRAY	66	Ice Fang	added	R5	Volkner's split; score 86
SPECIES_LUXRAY	68	Thunder Wave	added	R2	Volkner's split; score 2
SPECIES_SHROOMISH	4	Magical Leaf	added	R11, check 1	Roark's split; score 344
SPECIES_SHROOMISH	3	Mach Punch	added	R4	Roark's split; score 148
SPECIES_BRELOOM	27	Bulldoze	added	R5, R16 due	Fantina's split; score 142
SPECIES_BRELOOM	43	Poison Jab	added	R5	Wake's split; score 109
SPECIES_BRELOOM	45	Spore	added	R2	Wake's split; score 66
SPECIES_BRELOOM	51	Low Sweep	added	R2	Byron's split; score 56
SPECIES_BRELOOM	53	Rock Tomb	added	R5	Byron's split; score 52
SPECIES_BRELOOM	59	Drain Punch	added	R2	HQ's split; score 51
SPECIES_BRELOOM	61	Zen Headbutt	added	R5	HQ's split; score 49
SPECIES_BRELOOM	67	Close Combat	added	R2	Volkner's split; score 69
SPECIES_BRELOOM	69	Petal Blizzard	added	R2	Volkner's split; score 24
SPECIES_BRELOOM	75	Toxic	added	R2	League's split; score 23
SPECIES_SINISTCHA	15	Life Dew	moved from 12	R25	was below 15, the lowest level it is had at
SPECIES_SINISTEA	29	Hex	added	check 1, R16	Fantina's split; score 229
SPECIES_SINISTEA	27	Strength Sap	added	R7	Fantina's split; score 169
SPECIES_POLTEAGEIST	29	Hex	added	check 1, R16	Fantina's split; score 194
SPECIES_POLTEAGEIST	17	Nasty Plot	moved from 42	R7	brought into Fantina's split; score 155
SPECIES_POLTEAGEIST	45	Dark Pulse	added	R5	Byron's split; score 49
SPECIES_POLTEAGEIST	53	Psyshock	added	R5	Byron's split; score 47
SPECIES_POLTEAGEIST	62	Psychic	added	R2	Galactic's split; score 39
SPECIES_SINISTCHA	20	Snarl	added	R4, R5	Fantina's split; score 43
SPECIES_SINISTCHA	45	Giga Drain	added	R2	Byron's split; score 60
SPECIES_SINISTCHA	53	Scald	added	R5	Byron's split; score 50
SPECIES_SINISTCHA	62	Psychic	added	R5, late move	Galactic's split; score 133
SPECIES_SINISTCHA	64	Shell Smash	added	R2	Galactic's split; score 33
SPECIES_SINISTCHA	69	Nasty Plot	added	R2	Barry's split; score -5
SPECIES_SINISTCHA	71	Stun Spore	added	R2	Barry's split; score -5
SPECIES_POLTEAGEIST	18	Magical Leaf	added	check 24	branch parity by Fantina's cap; adds 26 to its kit
SPECIES_SKARMORY	54	Body Press	added	R5, R16	Candice's split; score 64
SPECIES_SKARMORY	56	Drill Peck	added	R2	Candice's split; score 60
SPECIES_SKARMORY	62	Brave Bird	added	late move	Galactic's split; score 126
SPECIES_SKARMORY	64	Iron Head	added	R2	Galactic's split; score 54
SPECIES_SKARMORY	70	Rock Tomb	added	R5	Barry's split; score 52
SPECIES_SKARMORY	72	Double-Edge	added	R2	Barry's split; score 51
SPECIES_SKITTY	1	Growl	removed	R1	filler past the one a first split may carry
SPECIES_SKITTY	1	Tail Whip	removed	R1	filler past the one a first split may carry
SPECIES_SKITTY	3	Baby-Doll Eyes	added	R7, R16	Roark's split; score 160
SPECIES_SKITTY	17	Faint Attack	moved from 29	R4, R5	brought into Gardenia's split; score 230
SPECIES_SKITTY	19	Facade	added	check 1	Gardenia's split; score 212
SPECIES_DELCATTY	25	Faint Attack	added	R4, R5	Gardenia's split; score 230
SPECIES_DELCATTY	31	Facade	added	check 1	Fantina's split; score 222
SPECIES_DELCATTY	27	Charm	added	R7	Fantina's split; score 139
SPECIES_DELCATTY	40	Wake-Up Slap	added	R5	Wake's split; score 120
SPECIES_DELCATTY	42	Shadow Ball	added	R5	Wake's split; score 49
SPECIES_DELCATTY	48	Zen Headbutt	added	R5	Byron's split; score 49
SPECIES_DELCATTY	50	Sucker Punch	added	R2	Byron's split; score 36
SPECIES_DELCATTY	56	Play Rough	added	R5	Candice's split; score 61
SPECIES_DELCATTY	64	Wish	added	late move	Galactic's split; score 56
SPECIES_DRAPION	45	Fire Fang	added	R5, relearner-only	Byron's split; score 91
SPECIES_DRAPION	53	Ice Fang	added	R5, relearner-only	Byron's split; score 91
SPECIES_DRAPION	61	Throat Chop	added	late move, R16 due	Galactic's split; score 155
SPECIES_DRAPION	63	Thunder Fang	added	R5, relearner-only	Galactic's split; score 91
SPECIES_DRAPION	69	Poison Jab	added	R2	Barry's split; score 64
SPECIES_DRAPION	71	Toxic	added	R2	Barry's split; score 63
SPECIES_SLOWPOKE	36	Bulldoze	added	R4, R5, R16	Maylene's split; score 171
SPECIES_SLOWBRO	39	Signal Beam	added	R4, R5	Maylene's split; score 174
SPECIES_SLOWBRO	49	Ice Beam	added	R5	Byron's split; score 73
SPECIES_SLOWBRO	56	Surf	added	R2	Candice's split; score 68
SPECIES_SLOWBRO	58	Muddy Water	added	R2	Candice's split; score 61
SPECIES_SLOWBRO	64	Scald	added	R2	Galactic's split; score 54
SPECIES_SLOWBRO	72	Flamethrower	added	R5	League's split; score 90
SPECIES_SLOWKING	41	Power Gem	added	R4, R5, relearner-only	Wake's split; score 275
SPECIES_SLOWKING	59	Flamethrower	added	R5	HQ's split; score 90
SPECIES_SLOWKING	65	Surf	added	late move	Galactic's split; score 118
SPECIES_SLOWKING	67	Shadow Ball	added	R5	Galactic's split; score 49
SPECIES_SLOWKING	73	Signal Beam	added	R5	League's split; score 46
SPECIES_MAGCARGO	42	Scorching Sands	added	R5, R16	Wake's split; score 83
SPECIES_MAGCARGO	48	Shell Smash	added	R2	Byron's split; score 63
SPECIES_MAGCARGO	56	Energy Ball	added	R5	Candice's split; score 86
SPECIES_MAGCARGO	64	Overheat	added	R2	Galactic's split; score 72
SPECIES_MAGCARGO	72	Power Gem	added	R2	League's split; score 51
SPECIES_SMOLIV	7	Growth	removed	R1	filler past the one a first split may carry
SPECIES_DOLLIV	7	Growth	removed	R25	below 25, the lowest level it is had at
SPECIES_ARBOLIVA	7	Growth	removed	R25	below 35, the lowest level it is had at
SPECIES_SMOLIV	5	Terrain Pulse	moved from 38	R16	brought into Roark's split; score 58
SPECIES_DOLLIV	25	Charm	added	R7	Gardenia's split; score 144
SPECIES_DOLLIV	26	Mud Shot	added	R4, R5	Gardenia's split; score 56
SPECIES_ARBOLIVA	41	Alluring Voice	added	R5	Wake's split; score 85
SPECIES_ARBOLIVA	43	Giga Drain	added	R2	Wake's split; score 51
SPECIES_ARBOLIVA	56	Pollen Puff	added	R5	Candice's split; score 89
SPECIES_ARBOLIVA	60	Hyper Voice	added	R2	Candice's split; score 64
SPECIES_ARBOLIVA	64	Leaf Storm	added	late move	Galactic's split; score 114
SPECIES_ARBOLIVA	66	Earth Power	added	R2	Galactic's split; score 39
SPECIES_JYNX	30	Lovely Kiss	moved from 8	R25	was below 30, the lowest level it is had at
SPECIES_JYNX	15	DoubleSlap	removed	R25	below 30, the lowest level it is had at
SPECIES_JYNX	31	Ice Punch	moved from 18	R25	was below 30, the lowest level it is had at
SPECIES_JYNX	32	Wake-Up Slap	moved from 28	R25	was below 30, the lowest level it is had at
SPECIES_SMOOCHUM	23	Ice Beam	moved from 45	R11	brought into Maylene's split; score 279
SPECIES_SMOOCHUM	24	Draining Kiss	added	R4, R5, R16	Maylene's split; score 165
SPECIES_JYNX	41	Psychic	added	R2	Wake's split; score 79
SPECIES_JYNX	43	Shadow Ball	added	R5	Wake's split; score 49
SPECIES_JYNX	51	Signal Beam	added	R5	Byron's split; score 46
SPECIES_JYNX	57	Energy Ball	added	R5	Candice's split; score 52
SPECIES_JYNX	64	Wish	added	late move	Galactic's split; score 56
SPECIES_WEAVILE	24	Nasty Plot	removed	R25	below 37; onto Sneasel's list
SPECIES_SNEASEL	23	Nasty Plot	added	R25	from Weavile's 24, below its 37
SPECIES_WEAVILE	37	Night Slash	moved from 35	R25	was below 37, the lowest level it is had at
SPECIES_SNEASEL	37	Revenge	added	R4, R5, relearner-only	Maylene's split; score 220
SPECIES_SNEASEL	40	Poison Jab	added	R5	Wake's split; score 84
SPECIES_SNEASEL	51	Throat Chop	added	R16 due	Byron's split; score 112
SPECIES_SNEASEL	56	Ice Punch	added	R2	Candice's split; score 73
SPECIES_SNEASEL	58	Icicle Crash	added	R2	Candice's split; score 57
SPECIES_WEAVILE	61	X-Scissor	added	R5, late move	Galactic's split; score 105
SPECIES_WEAVILE	69	Icicle Crash	added	R2	Barry's split; score 57
SPECIES_WEAVILE	71	Low Sweep	added	R2	Barry's split; score 42
SPECIES_SNIVY	5	Leer	removed	R1	filler past the one a first split may carry
SPECIES_SERVINE	5	Leer	removed	R25	below 16, the lowest level it is had at
SPECIES_SERPERIOR	5	Leer	removed	R25	below 36, the lowest level it is had at
SPECIES_SNIVY	6	Magical Leaf	moved from 18	check 1	brought into Roark's split; score 205
SPECIES_SNIVY	8	Calm Mind	added	R7	Roark's split; score 132
SPECIES_SNIVY	10	Twister	added	R4	Roark's split; score 120
SPECIES_SERVINE	17	Aerial Ace	added	R5	Gardenia's split; score 76
SPECIES_SERVINE	33	Mean Look	added	R7	Fantina's split; score 150
SPECIES_SERPERIOR	36	Grass Pledge	added	R30	Maylene's split; score 136
SPECIES_SERPERIOR	42	Knock Off	added	R5	Wake's split; score 81
SPECIES_SERPERIOR	57	Slam	added	R2	Candice's split; score 50
SPECIES_SERPERIOR	59	Body Slam	added	R2	Candice's split; score 39
SPECIES_SERPERIOR	61	Psychic	added	R5	Candice's split; score 27
SPECIES_SERPERIOR	64	Dragon Pulse	added	R2	Galactic's split; score 36
SPECIES_SERPERIOR	66	Breaking Swipe	added	R2	Galactic's split; score 33
SPECIES_SERPERIOR	72	Leech Seed	added	R2	League's split; score -5
SPECIES_FROSMOTH	30	Stun Spore	moved from 4	R25	was below 30, the lowest level it is had at
SPECIES_FROSMOTH	31	Infestation	moved from 8	R25	was below 30, the lowest level it is had at
SPECIES_FROSMOTH	12	Mist	removed	R25	below 30, the lowest level it is had at
SPECIES_FROSMOTH	33	Defog	moved from 16	R25	was below 30, the lowest level it is had at
SPECIES_FROSMOTH	21	FeatherDance	removed	R25	below 30, the lowest level it is had at
SPECIES_FROSMOTH	34	Aurora Beam	moved from 24	R25	was below 30, the lowest level it is had at
SPECIES_SNOM	20	Stun Spore	added	R7	Fantina's split; score 155
SPECIES_SNOM	27	Fairy Wind	added	R4	Fantina's split; score 119
SPECIES_FROSMOTH	38	Psybeam	added	R5	Maylene's split; score 23
SPECIES_FROSMOTH	50	Giga Drain	added	R5	Byron's split; score 48
SPECIES_FROSMOTH	58	Air Slash	added	R5	HQ's split; score 46
SPECIES_FROSMOTH	60	Dazzling Gleam	added	R2	HQ's split; score 34
SPECIES_FROSMOTH	66	Calm Mind	added	late move	Volkner's split; score 38
SPECIES_SNORUNT	22	Ominous Wind	added	R4, R5	Gardenia's split; score 201
SPECIES_SNORUNT	35	Draining Kiss	added	R5, R16 due	Maylene's split; score 104
SPECIES_GLALIE	42	Rock Slide	added	R11	Wake's split; score 244
SPECIES_GLALIE	44	Power Gem	added	R30	Wake's split; score 56
SPECIES_GLALIE	46	Earth Power	added	R5	Byron's split; score 86
SPECIES_GLALIE	48	Icicle Crash	added	R2	Byron's split; score 47
SPECIES_GLALIE	53	Shadow Ball	added	R2	Byron's split; score 52
SPECIES_GLALIE	55	Dark Pulse	added	R2	Byron's split; score 36
SPECIES_GLALIE	61	Block	added	late move	Galactic's split; score 90
SPECIES_GLALIE	63	Bulldoze	added	R2	Galactic's split; score 34
SPECIES_GLALIE	69	Ice Punch	added	R2	Barry's split; score 20
SPECIES_FROSLASS	44	Signal Beam	added	R5	Byron's split; score 84
SPECIES_FROSLASS	57	Aura Sphere	added	R5	HQ's split; score 125
SPECIES_FROSLASS	61	Shadow Ball	added	late move	Galactic's split; score 122
SPECIES_FROSLASS	63	Psychic	added	R5	Galactic's split; score 52
SPECIES_FROSLASS	69	Sweet Kiss	added	R2	Barry's split; score 49
SPECIES_FROSLASS	71	Will-O-Wisp	added	R2	Barry's split; score 42
SPECIES_SNOVER	1	Leer	removed	R1	filler past the one a first split may carry
SPECIES_SNOVER	19	Bulldoze	added	R4, R5, R16	Gardenia's split; score 193
SPECIES_SNOVER	28	Rock Tomb	added	R5	Fantina's split; score 74
SPECIES_SNOVER	30	Seed Bomb	added	R2	Fantina's split; score 60
SPECIES_ABOMASNOW	45	Ice Punch	added	R2	Byron's split; score 73
SPECIES_ABOMASNOW	53	Body Press	added	R5	Byron's split; score 68
SPECIES_ABOMASNOW	55	Giga Drain	added	R2	Byron's split; score 51
SPECIES_ABOMASNOW	61	Leaf Storm	added	late move	Galactic's split; score 134
SPECIES_ABOMASNOW	63	Earthquake	added	R2	Galactic's split; score 50
SPECIES_ABOMASNOW	69	Shadow Ball	added	R5	Barry's split; score 49
SPECIES_ABOMASNOW	71	Hammer Arm	added	R2	Barry's split; score 48
SPECIES_SNUBBULL	17	Dazzling Gleam	added	R11, check 1, R16	Gardenia's split; score 340
SPECIES_GRANBULL	27	Bulldoze	added	R5	Fantina's split; score 74
SPECIES_GRANBULL	29	Rock Tomb	added	R5	Fantina's split; score 52
SPECIES_GRANBULL	44	Play Rough	added	R30	Wake's split; score 179
SPECIES_GRANBULL	53	Lash Out	added	R2	Byron's split; score 32
SPECIES_GRANBULL	67	Earthquake	added	late move	Volkner's split; score 100
SPECIES_SOLROCK	47	Zen Headbutt	added	R11	Byron's split; score 262
SPECIES_SOLROCK	49	Bulldoze	added	R4, R5, R16	Byron's split; score 193
SPECIES_SOLROCK	55	Rock Tomb	added	R2	Candice's split; score 52
SPECIES_SOLROCK	57	Iron Head	added	R5	Candice's split; score 50
SPECIES_SOLROCK	62	Earthquake	added	late move	Galactic's split; score 100
SPECIES_SOLROCK	64	Body Slam	added	R2	Galactic's split; score 39
SPECIES_SOLROCK	70	Flare Blitz	added	R5	Barry's split; score 93
SPECIES_SOLROCK	72	Acrobatics	added	R5	Barry's split; score 60
SPECIES_SPHEAL	27	Signal Beam	added	R4, R5	Wake's split; score 148
SPECIES_WALREIN	46	Crunch	added	R5, relearner-only	Byron's split; score 112
SPECIES_WALREIN	54	Body Press	added	R5, R16	Byron's split; score 85
SPECIES_WALREIN	56	Surf	added	R2	Byron's split; score 78
SPECIES_WALREIN	61	Close Combat	added	late move	Galactic's split; score 104
SPECIES_WALREIN	63	Earthquake	added	R5	Galactic's split; score 55
SPECIES_WALREIN	69	Rock Tomb	added	R5	Barry's split; score 52
SPECIES_WALREIN	71	Yawn	added	R2	Barry's split; score 49
SPECIES_SPIRITOMB	34	Silver Wind	added	R4, R5	Maylene's split; score 191
SPECIES_SPIRITOMB	40	Aura Sphere	added	R5	Wake's split; score 80
SPECIES_SPIRITOMB	45	Shadow Ball	added	R2	Wake's split; score 72
SPECIES_SPIRITOMB	51	Psyshock	added	R5, R16 due	Byron's split; score 98
SPECIES_SPIRITOMB	56	Earth Power	added	R5	Candice's split; score 86
SPECIES_SPIRITOMB	58	Foul Play	added	R2	Candice's split; score 61
SPECIES_SPIRITOMB	64	Confuse Ray	added	late move	Galactic's split; score 106
SPECIES_SPIRITOMB	66	Poltergeist	added	R2	Galactic's split; score 63
SPECIES_SPIRITOMB	72	Rock Tomb	added	R5	League's split; score 52
SPECIES_MEOWSCARADA	37	Night Slash	moved from 33	R25	was below 36, the lowest level it is had at
SPECIES_FLORAGATO	34	Charm	added	R7	Maylene's split; score 144
SPECIES_MEOWSCARADA	39	Low Sweep	added	R4, R5	Maylene's split; score 157
SPECIES_MEOWSCARADA	44	Throat Chop	added	R2	Wake's split; score 61
SPECIES_MEOWSCARADA	57	Sucker Punch	added	R2	Candice's split; score 51
SPECIES_MEOWSCARADA	64	ThunderPunch	added	R5	Galactic's split; score 54
SPECIES_SQUIRTLE	4	Tail Whip	removed	R1	filler past the one a first split may carry
SPECIES_SQUIRTLE	10	Withdraw	removed	R1	filler past the one a first split may carry
SPECIES_WARTORTLE	4	Tail Whip	removed	R25	below 16, the lowest level it is had at
SPECIES_WARTORTLE	10	Withdraw	removed	R25	below 16, the lowest level it is had at
SPECIES_BLASTOISE	4	Tail Whip	removed	R25	below 36, the lowest level it is had at
SPECIES_BLASTOISE	10	Withdraw	removed	R25	below 36, the lowest level it is had at
SPECIES_SQUIRTLE	3	Water Pulse	moved from 25	check 1	brought into Roark's split; score 207
SPECIES_SQUIRTLE	2	Life Dew	added	R7, R16	Roark's split; score 149
SPECIES_WARTORTLE	18	Icy Wind	added	R5	Gardenia's split; score 69
SPECIES_WARTORTLE	25	Rock Tomb	added	R5	Gardenia's split; score 51
SPECIES_BLASTOISE	36	Water Pledge	added	R30	Maylene's split; score 136
SPECIES_BLASTOISE	41	Flash Cannon	added	R5, relearner-only	Wake's split; score 156
SPECIES_BLASTOISE	48	Dark Pulse	added	R5	Byron's split; score 82
SPECIES_BLASTOISE	50	Aura Sphere	added	R5	Byron's split; score 68
SPECIES_BLASTOISE	56	Shell Smash	added	R2	Candice's split; score 63
SPECIES_BLASTOISE	64	Ice Beam	added	late move	Galactic's split; score 96
SPECIES_SQUIRTLE	13	Water Gun	removed	R6	weaker than Water Pulse, already had
SPECIES_WARTORTLE	13	Water Gun	removed	R25	below 16; onto Squirtle's list
SPECIES_SQUIRTLE	13	Water Gun	added	R25	from Wartortle's 13, below its 16
SPECIES_SQUIRTLE	13	Water Gun	removed	R6	weaker than Water Pulse, already had
SPECIES_STARLY	1	Growl	removed	R1	filler past the one a first split may carry
SPECIES_STARLY	2	Pursuit	added	R4	Roark's split; score 140
SPECIES_STARLY	7	Tailwind	added	R7	Roark's split; score 132
SPECIES_STARAVIA	20	Headbutt	added	R2	Gardenia's split; score 56
SPECIES_STARAVIA	25	Secret Power	added	R2	Gardenia's split; score 56
SPECIES_STARAPTOR	36	Bulldoze	added	R5, R16 due	Maylene's split; score 30
SPECIES_STARAPTOR	43	Steel Wing	added	R5	Wake's split; score 72
SPECIES_STARAPTOR	51	Knock Off	added	R2	Byron's split; score 35
SPECIES_STARAPTOR	56	Bite	added	R2	Candice's split; score 33
SPECIES_STARAPTOR	58	Slam	added	R2	Candice's split; score 26
SPECIES_STARAPTOR	64	Acrobatics	added	late move	Galactic's split; score 113
SPECIES_STARYU	36	Power Gem	moved from 46	R4, R5	brought into Maylene's split; score 210
SPECIES_STARMIE	24	Psybeam	added	R11, check 1	Maylene's split; score 420
SPECIES_STARMIE	17	Icy Wind	added	R4, R5	Maylene's split; score 150
SPECIES_STARMIE	45	Scald	added	R16 due	Byron's split; score 105
SPECIES_STARMIE	54	Power Gem	added	R5	Candice's split; score 80
SPECIES_STARMIE	56	Signal Beam	added	R5	Candice's split; score 79
SPECIES_STARMIE	62	Psychic	added	late move	Galactic's split; score 119
SPECIES_STARMIE	64	Surf	added	R2	Galactic's split; score 68
SPECIES_STARMIE	70	Thunderbolt	added	R5	Barry's split; score 52
SPECIES_STARMIE	72	Ice Beam	added	R2	Barry's split; score 39
SPECIES_STUNKY	4	Poison Gas	removed	R1	filler past the one a first split may carry
SPECIES_SKUNTANK	4	Poison Gas	removed	R25	below 34, the lowest level it is had at
SPECIES_STUNKY	28	Venoshock	added	R11, R16	Fantina's split; score 287
SPECIES_STUNKY	30	Metal Claw	added	R4, R5	Fantina's split; score 194
SPECIES_SKUNTANK	40	Sludge Bomb	added	R2	Wake's split; score 70
SPECIES_SKUNTANK	42	Throat Chop	added	R2	Wake's split; score 61
SPECIES_SKUNTANK	48	Sucker Punch	added	R2	Byron's split; score 60
SPECIES_SKUNTANK	50	Poison Jab	added	R2	Byron's split; score 54
SPECIES_SKUNTANK	56	Play Rough	added	R5	Candice's split; score 52
SPECIES_SKUNTANK	58	Shadow Ball	added	R5	Candice's split; score 48
SPECIES_SKUNTANK	64	Double-Edge	added	late move	Galactic's split; score 86
SPECIES_SKUNTANK	66	Body Slam	added	R2	Galactic's split; score 39
SPECIES_SUICUNE	1	Leer	removed	R1	filler past the one a first split may carry
SPECIES_SUICUNE	54	Calm Mind	moved from 78	R7	brought into Candice's split; score 165
SPECIES_SUICUNE	66	Scald	added	R16 due	Galactic's split; score 105
SPECIES_SUICUNE	73	Ice Beam	added	R2	League's split; score 46
SPECIES_SURSKIT	2	Silver Wind	added	R11, check 1	Roark's split; score 396
SPECIES_SURSKIT	4	Sticky Web	added	R7, R16	Roark's split; score 175
SPECIES_SURSKIT	9	Gust	added	R4	Roark's split; score 150
SPECIES_MASQUERAIN	24	Ominous Wind	added	R5, relearner-only	Gardenia's split; score 121
SPECIES_MASQUERAIN	28	Mud Bomb	added	R5	Fantina's split; score 75
SPECIES_MASQUERAIN	35	Bug Buzz	moved from 61	R30	brought into Maylene's split; score 179
SPECIES_MASQUERAIN	38	Giga Drain	added	R5	Maylene's split; score 92
SPECIES_MASQUERAIN	43	Surf	added	R2	Wake's split; score 57
SPECIES_MASQUERAIN	51	Lunge	added	R2	Byron's split; score 51
SPECIES_MASQUERAIN	53	Leech Life	added	R2	Byron's split; score 44
SPECIES_MASQUERAIN	59	U-turn	added	R2	HQ's split; score 40
SPECIES_MASQUERAIN	61	Energy Ball	added	R2	HQ's split; score 39
SPECIES_MASQUERAIN	67	Acrobatics	added	R2	Volkner's split; score 37
SPECIES_MASQUERAIN	69	Shadow Ball	added	R2	Volkner's split; score 36
SPECIES_MASQUERAIN	75	Muddy Water	added	R2	League's split; score 25
SPECIES_SWABLU	1	Growl	removed	R1	filler past the one a first split may carry
SPECIES_ALTARIA	39	Dragon Dance	removed	R32	no strong attack it boosts on the line; a catch would know it at level 1
SPECIES_SWABLU	34	Play Rough	added	R11, check 1, R16	Maylene's split; score 382
SPECIES_SWABLU	35	Steel Wing	added	R4, R5	Maylene's split; score 192
SPECIES_SWABLU	20	Dragon Dance	added	R7	Maylene's split; score 153
SPECIES_ALTARIA	40	Bulldoze	added	R5	Wake's split; score 81
SPECIES_ALTARIA	48	Moonblast	added	R2	Byron's split; score 84
SPECIES_ALTARIA	56	Dragon Rush	added	R2	Candice's split; score 81
SPECIES_ALTARIA	64	Draco Meteor	added	R2	Galactic's split; score 84
SPECIES_ALTARIA	66	Flamethrower	added	R5	Galactic's split; score 75
SPECIES_ALTARIA	72	Ice Beam	added	R5	League's split; score 53
SPECIES_PILOSWINE	41	Ice Fang	moved from 28	R25	was below 33, the lowest level it is had at
SPECIES_MAMOSWINE	33	Double Hit	removed	R25	below 40, the lowest level it is had at
SPECIES_PILOSWINE	33	AncientPower	added	check 20	Mamoswine needs it known
SPECIES_SWINUB	18	Bite	added	R4, R5	Gardenia's split; score 193
SPECIES_PILOSWINE	35	Smack Down	added	R5, R16 due	Maylene's split; score 113
SPECIES_MAMOSWINE	45	Brick Break	added	R5	Byron's split; score 78
SPECIES_MAMOSWINE	53	Icicle Crash	added	R2	Byron's split; score 57
SPECIES_MAMOSWINE	61	Bulldoze	added	R2	Galactic's split; score 52
SPECIES_MAMOSWINE	69	Double-Edge	added	R2	Barry's split; score 51
SPECIES_MAMOSWINE	71	Superpower	added	R2	Barry's split; score 51
SPECIES_TANGELA	12	Growth	removed	R1	filler past the one a first split may carry
SPECIES_TANGROWTH	12	Growth	removed	R25	below 35, the lowest level it is had at
SPECIES_TANGELA	34	Giga Drain	added	check 1	Maylene's split; score 220
SPECIES_TANGROWTH	49	Poison Jab	added	R5	Byron's split; score 80
SPECIES_TANGROWTH	59	Brick Break	added	R5	Candice's split; score 74
SPECIES_TANGROWTH	64	Energy Ball	added	late move	Galactic's split; score 119
SPECIES_TANGROWTH	66	Leaf Storm	added	R2	Galactic's split; score 72
SPECIES_TANGROWTH	72	Earthquake	added	R5	League's split; score 51
SPECIES_TENTACOOL	4	Water Pulse	moved from 29	R11, check 1	brought into Roark's split; score 407
SPECIES_TENTACOOL	3	Pounce	added	R4, R5, R16	Roark's split; score 183
SPECIES_TENTACOOL	17	Icy Wind	added	R5	Gardenia's split; score 69
SPECIES_TENTACRUEL	40	Surf	moved from 49	R30	brought into Maylene's split; score 178
SPECIES_TENTACRUEL	44	Psybeam	added	R5	Wake's split; score 73
SPECIES_TENTACRUEL	52	Sludge Wave	added	R2	Byron's split; score 83
SPECIES_TENTACRUEL	50	Sludge Bomb	added	R2	Byron's split; score 72
SPECIES_TENTACRUEL	58	Muddy Water	added	R2	HQ's split; score 61
SPECIES_TENTACRUEL	60	Power Gem	added	R5	HQ's split; score 55
SPECIES_TENTACRUEL	66	Ice Beam	added	late move	Volkner's split; score 96
SPECIES_TENTACRUEL	68	Throat Chop	added	R5	Volkner's split; score 53
SPECIES_TENTACRUEL	74	Flip Turn	added	R2	League's split; score 38
SPECIES_TOGEDEMARU	45	U-turn	added	R4, R5	Byron's split; score 175
SPECIES_TOGEDEMARU	54	Poison Jab	added	R5	Candice's split; score 50
SPECIES_TOGEDEMARU	56	Zen Headbutt	added	R5	Candice's split; score 49
SPECIES_TOGEDEMARU	62	Tickle	added	late move	Galactic's split; score 92
SPECIES_TOGEDEMARU	64	Assurance	added	R5	Galactic's split; score 42
SPECIES_TOGEDEMARU	70	ThunderPunch	added	R2	Barry's split; score 25
SPECIES_TOGEPI	42	Baton Pass	removed	R21	no boost of its own to pass; a catch would know it at level 1
SPECIES_TOGETIC	1	Baton Pass	moved from 42 to level 1	R21	no boost of its own to pass
SPECIES_TOGEPI	2	Dazzling Gleam	added	R11, check 1, R16	Fantina's split; score 374
SPECIES_TOGEPI	4	Magical Leaf	added	R4, R5, relearner-only	Fantina's split; score 230
SPECIES_TOGETIC	30	Air Slash	added	R11	Fantina's split; score 270
SPECIES_TOGETIC	35	Aura Sphere	added	R5, relearner-only	Maylene's split; score 120
SPECIES_TOGETIC	42	Shadow Ball	added	R5	Wake's split; score 95
SPECIES_TOGETIC	53	Moonblast	added	R2	Byron's split; score 29
SPECIES_TOGEKISS	57	Shadow Ball	added	R5	HQ's split; score 95
SPECIES_TOGEKISS	59	Moonblast	added	R2	HQ's split; score 29
SPECIES_TOGEKISS	65	Swagger	added	late move	Galactic's split; score 37
SPECIES_TORCHIC	1	Growl	removed	R1	filler past the one a first split may carry
SPECIES_TORCHIC	7	Focus Energy	removed	R32	too early: strong attacks it boosts come at 36
SPECIES_COMBUSKEN	27	Focus Energy	added	R32	moved from Torchic's 7, beside the attacks it boosts
SPECIES_TORCHIC	9	Flame Charge	added	check 1, R16	Gardenia's split; score 220
SPECIES_TORCHIC	8	Swagger	added	R7	Gardenia's split; score 144
SPECIES_COMBUSKEN	19	Rolling Kick	added	R11	Gardenia's split; score 248
SPECIES_BLAZIKEN	38	Bulldoze	added	R5	Maylene's split; score 112
SPECIES_BLAZIKEN	40	Poison Jab	added	R5	Wake's split; score 84
SPECIES_BLAZIKEN	51	Night Slash	added	R5	Byron's split; score 75
SPECIES_BLAZIKEN	56	Fire Punch	added	R2	Candice's split; score 73
SPECIES_BLAZIKEN	64	ThunderPunch	added	R5	Galactic's split; score 89
SPECIES_BLAZIKEN	72	Close Combat	added	R2	League's split; score 69
SPECIES_COMBUSKEN	7	Focus Energy	removed	R25	below 16, the lowest level it is had at
SPECIES_TOTODILE	1	Leer	removed	R1	filler past the one a first split may carry
SPECIES_TOTODILE	9	Flip Turn	added	check 1, R16	Fantina's split; score 187
SPECIES_FERALIGATR	34	Bulldoze	added	R5	Maylene's split; score 74
SPECIES_FERALIGATR	42	Brick Break	added	R5	Wake's split; score 78
SPECIES_FERALIGATR	50	Aqua Tail	moved from 58	R30	brought into Byron's split; score 178
SPECIES_FERALIGATR	68	Earthquake	added	R2	Volkner's split; score 50
SPECIES_FERALIGATR	74	Ice Punch	added	R2	League's split; score 49
SPECIES_CROCONAW	66	Dragon Dance	added	R19	setup prize for holding past 66; Feraligatr comes at 30
SPECIES_VIBRAVA	33	Supersonic	removed	R25	below 35, the lowest level it is had at
SPECIES_FLYGON	33	Supersonic	removed	R25	below 45, the lowest level it is had at
SPECIES_TRAPINCH	35	Bug Bite	added	R11, check 1	Maylene's split; score 395
SPECIES_TRAPINCH	34	Dragon Dance	added	R7	Maylene's split; score 183
SPECIES_VIBRAVA	37	Air Slash	added	R11	Maylene's split; score 218
SPECIES_FLYGON	47	Bulldoze	added	R5, R16 due	Byron's split; score 144
SPECIES_FLYGON	56	Dragon Rush	added	R30	Candice's split; score 181
SPECIES_FLYGON	54	Poison Fang	added	R5	Candice's split; score 86
SPECIES_FLYGON	62	Fire Punch	added	R5, late move	Galactic's split; score 135
SPECIES_FLYGON	64	Draco Meteor	added	R2	Galactic's split; score 72
SPECIES_FLYGON	70	Bug Buzz	added	R2	Barry's split; score 69
SPECIES_FLYGON	72	FirstImpression	added	R2	Barry's split; score 64
SPECIES_SCEPTILE	40	X-Scissor	moved from 16	R25	was below 36, the lowest level it is had at
SPECIES_TREECKO	1	Leer	removed	R1	filler past the one a first split may carry
SPECIES_TREECKO	9	Giga Drain	moved from 46	R11, check 1	brought into Gardenia's split; score 420
SPECIES_TREECKO	8	DragonBreath	added	R4, R5	Gardenia's split; score 168
SPECIES_TREECKO	13	Screech	moved from 21	R7	brought into Gardenia's split; score 165
SPECIES_SCEPTILE	37	Low Sweep	added	R5, R16 due	Maylene's split; score 166
SPECIES_SCEPTILE	48	Rock Slide	added	R5	Byron's split; score 77
SPECIES_SCEPTILE	50	Bulldoze	added	R5	Byron's split; score 74
SPECIES_SCEPTILE	56	Night Slash	added	relearner-only	Candice's split; score 65
SPECIES_SCEPTILE	58	Dragon Claw	added	R2	Candice's split; score 60
SPECIES_SCEPTILE	64	Dragon Pulse	added	R2	Galactic's split; score 54
SPECIES_SCEPTILE	72	Throat Chop	added	R2	League's split; score 44
SPECIES_TROPIUS	7	Growth	removed	R1	filler past the one a first split may carry
SPECIES_TROPIUS	19	Bulldoze	added	R4, R5, R16	Gardenia's split; score 193
SPECIES_TROPIUS	43	Leaf Blade	added	R30	Wake's split; score 168
SPECIES_TROPIUS	53	Dragon Pulse	added	R5	Byron's split; score 128
SPECIES_TROPIUS	59	Zen Headbutt	added	R5	HQ's split; score 87
SPECIES_TROPIUS	67	Giga Drain	added	R2	Volkner's split; score 51
SPECIES_TROPIUS	69	Earthquake	added	R2	Volkner's split; score 50
SPECIES_TROPIUS	75	Body Press	added	R5	League's split; score 47
SPECIES_TURTONATOR	45	Shell Smash	added	R7	Byron's split; score 193
SPECIES_TURTONATOR	54	Body Press	added	R5	Candice's split; score 49
SPECIES_TURTONATOR	63	Earthquake	added	R5	Galactic's split; score 49
SPECIES_TURTONATOR	70	Rock Tomb	added	R5	Barry's split; score 49
SPECIES_TURTONATOR	72	Iron Defense	added	R2	Barry's split; score 42
SPECIES_TURTWIG	5	Withdraw	removed	R1	filler past the one a first split may carry
SPECIES_GROTLE	5	Withdraw	removed	R25	below 18, the lowest level it is had at
SPECIES_TORTERRA	5	Withdraw	removed	R25	below 32, the lowest level it is had at
SPECIES_TURTWIG	5	Curse	moved from 17	R7	brought into Roark's split; score 165
SPECIES_TURTWIG	4	Trailblaze	added	R16	Roark's split; score 55
SPECIES_TURTWIG	7	Leech Seed	moved from 29	R1	brought into Roark's split; score 35
SPECIES_TORTERRA	35	Rock Tomb	added	R5	Maylene's split; score 74
SPECIES_TORTERRA	42	Iron Head	added	R5	Wake's split; score 84
SPECIES_TORTERRA	59	Leaf Blade	added	R2	HQ's split; score 68
SPECIES_TORTERRA	61	Bulldoze	added	R2	HQ's split; score 52
SPECIES_TORTERRA	66	Headlong Rush	added	R2	Volkner's split; score 91
SPECIES_TORTERRA	68	Wood Hammer	added	R2	Volkner's split; score 76
SPECIES_TORTERRA	74	Superpower	added	R5	League's split; score 56
SPECIES_GROTLE	66	Shell Smash	added	R19	setup prize for holding past 66; Torterra comes at 32
SPECIES_UNOWN	20	Psychic Fangs	added	R11, check 1, R16	Maylene's split; score 152
SPECIES_UNOWN	19	Psychic	added	R1	Maylene's split; score 24
SPECIES_UNOWN	64	Double-Edge	added	late move	Galactic's split; score 25
SPECIES_VULLABY	2	Faint Attack	moved from 23	R11	brought into Roark's split; score 245
SPECIES_VULLABY	4	Tailwind	moved from 26	R7	brought into Roark's split; score 165
SPECIES_VULLABY	6	Mud Shot	added	R4, R5	Roark's split; score 43
SPECIES_VULLABY	17	Lash Out	added	R16	Gardenia's split; score 65
SPECIES_VULLABY	33	Throat Chop	added	R2	Fantina's split; score 61
SPECIES_MANDIBUZZ	54	Rock Tomb	added	R5	Candice's split; score 91
SPECIES_MANDIBUZZ	56	U-turn	added	R5	Candice's split; score 85
SPECIES_MANDIBUZZ	58	Acrobatics	added	R2	HQ's split; score 70
SPECIES_MANDIBUZZ	60	Heat Wave	added	R5	HQ's split; score 45
SPECIES_MANDIBUZZ	74	Toxic	added	R2	League's split; score 23
SPECIES_VULPIX	7	Roar	removed	R1	filler past the one a first split may carry
SPECIES_VULPIX	3	Incinerate	added	check 1, R16	Roark's split; score 234
SPECIES_VULPIX	6	Powder Snow	added	R4, relearner-only	Roark's split; score 171
SPECIES_NINETALES	33	Alluring Voice	added	R11	Maylene's split; score 91
SPECIES_NINETALES	44	Extrasensory	added	R5	Wake's split; score 136
SPECIES_NINETALES	54	Energy Ball	added	R5	Candice's split; score 131
SPECIES_NINETALES	56	Mystical Fire	added	R2	Candice's split; score 68
SPECIES_NINETALES	62	Overheat	added	late move	Galactic's split; score 114
SPECIES_NINETALES	64	Dark Pulse	added	R2	Galactic's split; score 42
SPECIES_NINETALES	70	Moonblast	added	R2	Barry's split; score 25
SPECIES_NINETALES	72	Nasty Plot	added	R2	Barry's split; score -5
SPECIES_ALOLAN_NINETALES	17	Draining Kiss	added	R11, check 1, R16	Gardenia's split; score 358
SPECIES_ALOLAN_NINETALES	18	Incinerate	added	R4, R5	Gardenia's split; score 239
SPECIES_ALOLAN_NINETALES	20	Spite	added	R7	Gardenia's split; score 165
SPECIES_ALOLAN_NINETALES	27	Icy Wind	added	R2	Fantina's split; score 64
SPECIES_ALOLAN_NINETALES	31	Payback	added	R5	Fantina's split; score 49
SPECIES_ALOLAN_NINETALES	35	Dazzling Gleam	added	R30	Maylene's split; score 160
SPECIES_ALOLAN_NINETALES	37	Chilling Water	added	R5	Maylene's split; score 40
SPECIES_ALOLAN_NINETALES	43	Ice Beam	added	R2	Wake's split; score 69
SPECIES_ALOLAN_NINETALES	44	Extrasensory	added	R5	Wake's split; score 66
SPECIES_ALOLAN_NINETALES	51	Foul Play	added	R2	Byron's split; score 33
SPECIES_ALOLAN_NINETALES	53	Confuse Ray	added	R2	Byron's split; score 16
SPECIES_ALOLAN_NINETALES	59	Flamethrower	added	R2	HQ's split; score 46
SPECIES_ALOLAN_NINETALES	61	Will-O-Wisp	added	R2	HQ's split; score 2
SPECIES_ALOLAN_NINETALES	67	Overheat	added	R2	Volkner's split; score 52
SPECIES_WAILMER	4	Growl	removed	R1	filler past the one a first split may carry
SPECIES_WAILORD	4	Growl	removed	R25	below 40, the lowest level it is had at
SPECIES_WAILMER	8	Bulldoze	added	R4, R5, R16	Fantina's split; score 171
SPECIES_WAILORD	48	Rock Tomb	added	R5	Byron's split; score 52
SPECIES_WAILORD	50	Iron Head	added	R5	Byron's split; score 50
SPECIES_WAILORD	56	Zen Headbutt	added	R5	Byron's split; score 49
SPECIES_WAILORD	58	Body Press	added	R5	Byron's split; score 47
SPECIES_WAILORD	64	Earthquake	added	R2	Galactic's split; score 42
SPECIES_PELIPPER	25	Payback	moved from 24	R25	was below 25, the lowest level it is had at
SPECIES_WINGULL	1	Growl	removed	R1	filler past the one a first split may carry
SPECIES_WINGULL	16	Mist	removed	R1	filler past the one a first split may carry
SPECIES_PELIPPER	16	Mist	removed	R25	below 25, the lowest level it is had at
SPECIES_WINGULL	5	Tailwind	added	R7	Roark's split; score 155
SPECIES_WINGULL	4	Twister	added	R4	Roark's split; score 120
SPECIES_PELIPPER	27	Liquidation	added	R16 due	Fantina's split; score 99
SPECIES_PELIPPER	35	Muddy Water	moved from 57	R30	brought into Maylene's split; score 146
SPECIES_PELIPPER	45	Icy Wind	added	R5	Wake's split; score 107
SPECIES_PELIPPER	52	Air Slash	added	R2	Byron's split; score 67
SPECIES_PELIPPER	54	Acrobatics	added	R2	Byron's split; score 59
SPECIES_PELIPPER	59	U-turn	added	R5	HQ's split; score 80
SPECIES_PELIPPER	61	Ice Beam	added	R2	HQ's split; score 46
SPECIES_PELIPPER	67	Bite	added	R2	Volkner's split; score 28
SPECIES_PELIPPER	69	Knock Off	added	R2	Volkner's split; score 25
SPECIES_PELIPPER	75	Agility	added	R2	League's split; score 2
SPECIES_WOOLOO	4	Defense Curl	removed	R1	filler past the one a first split may carry
SPECIES_WOOLOO	1	Growl	removed	R1	filler past the one a first split may carry
SPECIES_WOOLOO	2	Round	added	check 1	Roark's split; score 166
SPECIES_DUBWOOL	24	Payback	added	R4, R5	Gardenia's split; score 178
SPECIES_DUBWOOL	25	Swagger	added	R7	Gardenia's split; score 144
SPECIES_DUBWOOL	29	Agility	added	R7	Fantina's split; score 138
SPECIES_DUBWOOL	35	Body Slam	added	R2	Maylene's split; score 57
SPECIES_DUBWOOL	46	Zen Headbutt	added	R5	Wake's split; score 87
SPECIES_DUBWOOL	52	Body Press	added	R5	Byron's split; score 47
SPECIES_DUBWOOL	54	Wild Charge	added	R5	Byron's split; score 45
SPECIES_DUBWOOL	67	Thunder Wave	added	late move	Volkner's split; score 44
SPECIES_WOOPER	4	Poison Sting	added	R4, relearner-only	Roark's split; score 172
SPECIES_QUAGSIRE	21	Rock Tomb	added	R5	Gardenia's split; score 112
SPECIES_QUAGSIRE	27	Bulldoze	added	R16 due	Fantina's split; score 103
SPECIES_QUAGSIRE	40	Toxic	added	R2	Maylene's split; score 73
SPECIES_QUAGSIRE	43	Drain Punch	added	R5	Wake's split; score 108
SPECIES_QUAGSIRE	51	Aqua Tail	added	R2	Byron's split; score 68
SPECIES_QUAGSIRE	59	Ice Punch	added	R5	HQ's split; score 134
SPECIES_QUAGSIRE	61	Poison Jab	added	R2	HQ's split; score 44
SPECIES_CLODSIRE	18	Rock Tomb	added	R4, R5	Gardenia's split; score 214
SPECIES_CLODSIRE	42	Waterfall	added	R5	Wake's split; score 70
SPECIES_CLODSIRE	50	Body Press	added	R5	Byron's split; score 68
SPECIES_CLODSIRE	58	Liquidation	added	R2	HQ's split; score 38
SPECIES_CLODSIRE	60	Toxic Spikes	added	R2	HQ's split; score -5
SPECIES_CLODSIRE	66	Swagger	added	late move	Volkner's split; score 50
SPECIES_WURMPLE	1	String Shot	removed	R1	filler past the one a first split may carry
SPECIES_WURMPLE	4	Bug Bite	moved from 15	R11, check 1	brought into Roark's split; score 395
SPECIES_WURMPLE	3	Stun Spore	added	R7	Roark's split; score 155
SPECIES_BEAUTIFLY	10	Mega Drain	moved from 24	R4	brought into Roark's split; score 144
SPECIES_BEAUTIFLY	22	Ominous Wind	added	R5	Gardenia's split; score 77
SPECIES_BEAUTIFLY	36	Struggle Bug	added	R16 due	Fantina's split; score 37
SPECIES_BEAUTIFLY	43	Flash Cannon	added	R5	Wake's split; score 48
SPECIES_BEAUTIFLY	49	Psychic	added	R5	Byron's split; score 52
SPECIES_BEAUTIFLY	51	Energy Ball	added	R2	Byron's split; score 39
SPECIES_BEAUTIFLY	57	Shadow Ball	added	R2	HQ's split; score 36
SPECIES_BEAUTIFLY	59	Quiver Dance	added	R2	HQ's split; score 23
SPECIES_BEAUTIFLY	65	Swagger	added	late move	Galactic's split; score 50
SPECIES_DUSTOX	26	Venoshock	added	R16	Gardenia's split; score 79
SPECIES_DUSTOX	43	Giga Drain	added	R5	Wake's split; score 95
SPECIES_DUSTOX	49	Sludge Bomb	added	R2	Byron's split; score 72
SPECIES_DUSTOX	51	Iron Defense	added	R2	Byron's split; score 2
SPECIES_DUSTOX	57	Shadow Ball	added	R5	HQ's split; score 87
SPECIES_DUSTOX	65	Energy Ball	added	late move	Galactic's split; score 82
SPECIES_RUNERIGUS	53	Brutal Swing	moved from 16	R25	was below 53, the lowest level it is had at
SPECIES_RUNERIGUS	54	Slam	moved from 32	R25	was below 53, the lowest level it is had at
SPECIES_RUNERIGUS	55	Earthquake	moved from 50	R25	was below 53, the lowest level it is had at
SPECIES_YAMASK	16	Mud Shot	added	R4, R5	Fantina's split; score 47
SPECIES_COFAGRIGUS	54	Energy Ball	added	R5	Byron's split; score 61
SPECIES_COFAGRIGUS	56	Psychic	added	R5	Candice's split; score 52
SPECIES_COFAGRIGUS	58	Scary Face	added	R2	Candice's split; score -5
SPECIES_COFAGRIGUS	64	Iron Defense	added	late move	Galactic's split; score 44
SPECIES_RUNERIGUS	58	Rock Tomb	added	R5	HQ's split; score 91
SPECIES_RUNERIGUS	61	Zen Headbutt	added	R5, late move	Galactic's split; score 130
SPECIES_RUNERIGUS	66	Poltergeist	added	R2	Volkner's split; score 63
SPECIES_RUNERIGUS	68	Body Press	added	R5	Volkner's split; score 47
SPECIES_YANMA	22	Supersonic	removed	R1	filler past the one a first split may carry
SPECIES_YANMEGA	22	Supersonic	removed	R25	below 35, the lowest level it is had at
SPECIES_YANMA	35	Bug Buzz	moved from 57	R11, check 1	brought into Maylene's split; score 419
SPECIES_YANMA	34	Air Slash	moved from 54	R11	brought into Maylene's split; score 257
SPECIES_YANMA	20	Screech	moved from 46	R7	brought into Maylene's split; score 155
SPECIES_YANMEGA	40	Ominous Wind	added	R5	Wake's split; score 71
SPECIES_YANMEGA	51	Psychic Noise	added	R5, R16 due	Byron's split; score 96
SPECIES_YANMEGA	59	Giga Drain	added	R5	Candice's split; score 48
SPECIES_YANMEGA	61	Psychic	added	R2	Candice's split; score 39
SPECIES_YANMEGA	64	Shadow Ball	added	R2	Galactic's split; score 36
SPECIES_ZUBAT	3	Wing Attack	moved from 17	R11, check 1	brought into Roark's split; score 405
SPECIES_ZUBAT	2	Venoshock	added	R11, R16	Roark's split; score 252
SPECIES_ZUBAT	7	Screech	added	R7	Roark's split; score 155
SPECIES_CROBAT	45	Steel Wing	added	R5	Byron's split; score 72
SPECIES_CROBAT	53	Poison Jab	added	R2	Byron's split; score 64
SPECIES_CROBAT	55	Zen Headbutt	added	R5	Byron's split; score 49
SPECIES_CROBAT	61	Brave Bird	added	late move	Galactic's split; score 126
SPECIES_CROBAT	63	Acrobatics	added	R2	Galactic's split; score 70
SPECIES_CROBAT	69	Crunch	added	R2	Barry's split; score 42
SPECIES_CROBAT	71	U-turn	added	R2	Barry's split; score 34
SPECIES_ARBOK	27	Swallow	moved from 28	tidy	one move a level
SPECIES_ARBOK	29	Spit Up	moved from 28	tidy	one move a level
SPECIES_BULBASAUR	12	Sleep Powder	moved from 13	tidy	one move a level
SPECIES_BUTTERFREE	11	Stun Spore	moved from 12	tidy	one move a level
SPECIES_BUTTERFREE	13	Sleep Powder	moved from 12	tidy	one move a level
SPECIES_CARBINK	26	Rock Polish	moved from 25	tidy	one move a level
SPECIES_CARNIVINE	32	Spit Up	moved from 31	tidy	one move a level
SPECIES_CARNIVINE	29	Swallow	moved from 31	tidy	one move a level
SPECIES_CASTFORM	9	Ember	moved from 10	tidy	one move a level
SPECIES_CASTFORM	11	Powder Snow	moved from 10	tidy	one move a level
SPECIES_COFAGRIGUS	19	Hex	moved from 20	tidy	one move a level
SPECIES_COFAGRIGUS	46	Guard Split	moved from 45	tidy	one move a level
SPECIES_CRADILY	67	Spit Up	moved from 66	tidy	one move a level
SPECIES_CRADILY	68	Swallow	moved from 66	tidy	one move a level
SPECIES_DIANCIE	47	Trick Room	moved from 46	tidy	one move a level
SPECIES_DOTTLER	9	Light Screen	moved from 10	tidy	one move a level
SPECIES_DOTTLER	11	Confusion	moved from 10	tidy	one move a level
SPECIES_DRIFBLIM	28	Spit Up	moved from 27	tidy	one move a level
SPECIES_DRIFLOON	28	Spit Up	moved from 27	tidy	one move a level
SPECIES_DROWZEE	32	Headbutt	removed	tidy	on the list twice
SPECIES_EKANS	24	Swallow	moved from 25	tidy	one move a level
SPECIES_EKANS	26	Spit Up	moved from 25	tidy	one move a level
SPECIES_EMOLGA	6	Tail Whip	moved from 7	tidy	one move a level
SPECIES_EMOLGA	14	Charge	moved from 15	tidy	one move a level
SPECIES_EMOLGA	13	Nuzzle	moved from 15	tidy	one move a level
SPECIES_EMOLGA	21	Shock Wave	moved from 22	tidy	one move a level
SPECIES_EMOLGA	49	Agility	moved from 50	tidy	one move a level
SPECIES_EMPOLEON	35	Aqua Jet	moved from 36	tidy	one move a level
SPECIES_FLETCHLING	32	FeatherDance	moved from 33	tidy	one move a level
SPECIES_GOTHITA	18	Embargo	moved from 19	tidy	one move a level
SPECIES_GOTHITA	23	Faint Attack	moved from 24	tidy	one move a level
SPECIES_GOTHITA	32	Heal Block	moved from 33	tidy	one move a level
SPECIES_GOTHITELLE	18	Embargo	moved from 19	tidy	one move a level
SPECIES_GOTHITELLE	23	Faint Attack	moved from 24	tidy	one move a level
SPECIES_GOTHORITA	18	Embargo	moved from 19	tidy	one move a level
SPECIES_GOTHORITA	23	Faint Attack	moved from 24	tidy	one move a level
SPECIES_GULPIN	35	Spit Up	moved from 34	tidy	one move a level
SPECIES_GULPIN	36	Swallow	moved from 34	tidy	one move a level
SPECIES_GUZZLORD	4	Stockpile	moved from 5	tidy	one move a level
SPECIES_HAWLUCHA	19	Sky Drop	moved from 20	tidy	one move a level
SPECIES_HITMONCHAN	15	Bullet Punch	moved from 16	tidy	one move a level
SPECIES_HITMONCHAN	30	Ice Punch	moved from 31	tidy	one move a level
SPECIES_HITMONCHAN	32	Fire Punch	moved from 31	tidy	one move a level
SPECIES_HYPNO	38	Headbutt	removed	tidy	on the list twice
SPECIES_IVYSAUR	12	Sleep Powder	moved from 13	tidy	one move a level
SPECIES_JIRACHI	30	Rest	removed	tidy	on the list twice
SPECIES_KLEFKI	20	Draining Kiss	moved from 21	tidy	one move a level
SPECIES_KLEFKI	32	Imprison	moved from 33	tidy	one move a level
SPECIES_LANTURN	28	Swallow	moved from 27	tidy	one move a level
SPECIES_LANTURN	29	Spit Up	moved from 27	tidy	one move a level
SPECIES_LEDIAN	13	Reflect	moved from 14	tidy	one move a level
SPECIES_LEDIAN	15	Safeguard	moved from 14	tidy	one move a level
SPECIES_LEDYBA	13	Reflect	moved from 14	tidy	one move a level
SPECIES_LEDYBA	15	Safeguard	moved from 14	tidy	one move a level
SPECIES_LILEEP	58	Spit Up	moved from 57	tidy	one move a level
SPECIES_LILEEP	59	Swallow	moved from 57	tidy	one move a level
SPECIES_MANDIBUZZ	73	Brave Bird	moved from 72	tidy	one move a level
SPECIES_MAWILE	50	Swallow	moved from 51	tidy	one move a level
SPECIES_MAWILE	52	Spit Up	moved from 51	tidy	one move a level
SPECIES_METAGROSS	19	Confusion	moved from 20	tidy	one move a level
SPECIES_MEWTWO	63	Guard Swap	moved from 64	tidy	one move a level
SPECIES_MIME_JR	21	Reflect	moved from 22	tidy	one move a level
SPECIES_MR_MIME	21	Reflect	moved from 22	tidy	one move a level
SPECIES_NATU	43	Guard Swap	moved from 44	tidy	one move a level
SPECIES_NIHILEGO	24	Guard Split	moved from 25	tidy	one move a level
SPECIES_NINJASK	21	Screech	moved from 20	tidy	one move a level
SPECIES_PALOSSAND	13	Sand Tomb	moved from 14	tidy	one move a level
SPECIES_PARAS	5	PoisonPowder	moved from 6	tidy	one move a level
SPECIES_PARASECT	5	PoisonPowder	moved from 6	tidy	one move a level
SPECIES_PELIPPER	37	Swallow	moved from 38	tidy	one move a level
SPECIES_PELIPPER	39	Spit Up	moved from 38	tidy	one move a level
SPECIES_PLUSLE	31	Fake Tears	removed	tidy	on the list twice
SPECIES_PURRLOIN	11	Fury Swipes	moved from 12	tidy	one move a level
SPECIES_PURRLOIN	23	Hone Claws	moved from 24	tidy	one move a level
SPECIES_PURRLOIN	35	Night Slash	moved from 36	tidy	one move a level
SPECIES_QWILFISH	8	Minimize	moved from 9	tidy	one move a level
SPECIES_QWILFISH	24	Spit Up	moved from 25	tidy	one move a level
SPECIES_REGISTEEL	40	Amnesia	moved from 41	tidy	one move a level
SPECIES_REGISTEEL	72	Flash Cannon	moved from 73	tidy	one move a level
SPECIES_RUNERIGUS	56	Guard Split	removed	tidy	no free level in its split
SPECIES_SMEARGLE	21	Sketch	removed	tidy	on the list twice
SPECIES_SMEARGLE	31	Sketch	removed	tidy	on the list twice
SPECIES_SMEARGLE	41	Sketch	removed	tidy	on the list twice
SPECIES_SMEARGLE	51	Sketch	removed	tidy	on the list twice
SPECIES_SMEARGLE	61	Sketch	removed	tidy	on the list twice
SPECIES_SMEARGLE	71	Sketch	removed	tidy	on the list twice
SPECIES_SWALOT	37	Spit Up	moved from 38	tidy	one move a level
SPECIES_SWALOT	39	Swallow	moved from 38	tidy	one move a level
SPECIES_VENUSAUR	12	Sleep Powder	moved from 13	tidy	one move a level
SPECIES_VICTREEBEL	46	Leaf Blade	moved from 47	tidy	one move a level
SPECIES_WYNAUT	14	Mirror Coat	moved from 15	tidy	one move a level
SPECIES_WYNAUT	16	Safeguard	moved from 15	tidy	one move a level
SPECIES_XATU	55	Guard Swap	moved from 54	tidy	one move a level
SPECIES_YAMASK	19	Hex	moved from 20	tidy	one move a level
SPECIES_YAMASK	40	Guard Split	moved from 41	tidy	one move a level
SPECIES_YVELTAL	54	Foul Play	moved from 55	tidy	one move a level
SPECIES_DOTTLER	12	Light Screen	moved from 9	R25	was below 10, the lowest level it is had at
SPECIES_SWAMPERT	37	Water Gun	moved from 10	R25	was below 36, the lowest level it is had at
SPECIES_SWAMPERT	37	Water Gun	removed	R6	weaker than Water Pulse, already had
SPECIES_EMPOLEON	38	Bubble	moved from 8	R25	was below 36, the lowest level it is had at
SPECIES_EMPOLEON	40	Aqua Jet	moved from 35	R25	was below 36, the lowest level it is had at
SPECIES_EMPOLEON	38	Bubble	removed	R6	weaker than BubbleBeam, already had
SPECIES_BLASTOISE	37	Water Gun	moved from 13	R25	was below 36, the lowest level it is had at
SPECIES_BLASTOISE	37	Water Gun	removed	R6	weaker than Water Pulse, already had
SPECIES_MIME_JR	26	Encore	moved from 23	every catch knows an attack	to make room at 23
SPECIES_MIME_JR	23	Zen Headbutt	added	every catch knows an attack	caught at 23 in Wake's split
SPECIES_RALTS	1	Draining Kiss	added	every catch knows an attack	caught at 1 in Byron's split
SPECIES_SKITTY	13	Quick Attack	added	every catch knows an attack	caught at 13 in Gardenia's split
SPECIES_SWABLU	24	Air Slash	added	every catch knows an attack	caught at 24 in Wake's split
SPECIES_TOGEPI	1	Fairy Wind	added	every catch knows an attack	caught at 1 in Fantina's split
