species	move	action	level	replaces	notable	latest_game	later_level	games	why
SPECIES_CHARMANDER	Flame Burst	added	44		yes	Ultra Sun and Ultra Moon	28	Black and White 28; Black 2 and White 2 28; X and Y 28; Omega Ruby and Alpha Sapphire 28; Sun and Moon 28; Ultra Sun and Ultra Moon 28	placeable, since only its doubles effect is missing (partial: plain hit; the splash on the target's partner is missing (doubles only)); 28 to 44: no earlier than Kaizo's level for like moves (50) within its split
SPECIES_CHARMANDER	Inferno	added	36			Scarlet and Violet	36	Black and White 46; Black 2 and White 2 46; X and Y 46; Omega Ruby and Alpha Sapphire 46; Sun and Moon 46; Ultra Sun and Ultra Moon 46; Sword and Shield 36; Brilliant Diamond and Shining Pearl 36; Scarlet and Violet 36	
SPECIES_CHARMELEON	Flame Burst	for Ian			yes	Ultra Sun and Ultra Moon	32	Black and White 32; Black 2 and White 2 32; X and Y 32; Omega Ruby and Alpha Sapphire 32; Sun and Moon 32; Ultra Sun and Ultra Moon 32	placeable, since only its doubles effect is missing (partial: plain hit; the splash on the target's partner is missing (doubles only)); comes along without a real wait into Charizard, which the power flags or the bar hold, before its first good one of that type
SPECIES_CHARMELEON	Inferno	added	48			Scarlet and Violet	48	Black and White 54; Black 2 and White 2 54; X and Y 54; Omega Ruby and Alpha Sapphire 54; Sun and Moon 54; Ultra Sun and Ultra Moon 54; Sword and Shield 48; Brilliant Diamond and Shining Pearl 48; Scarlet and Violet 48	
SPECIES_CHARIZARD	Flame Burst	for Ian			yes	Ultra Sun and Ultra Moon	32	Black and White 32; Black 2 and White 2 32; X and Y 32; Omega Ruby and Alpha Sapphire 32; Sun and Moon 32; Ultra Sun and Ultra Moon 32	placeable, since only its doubles effect is missing (partial: plain hit; the splash on the target's partner is missing (doubles only)); a stage the power flags or the bar hold takes a new attack only no earlier than its first good one of that type
SPECIES_CHARIZARD	Inferno	added	54			Scarlet and Violet	54	Black and White 62; Black 2 and White 2 62; X and Y 62; Omega Ruby and Alpha Sapphire 62; Sun and Moon 62; Ultra Sun and Ultra Moon 62; Sword and Shield 54; Brilliant Diamond and Shining Pearl 54; Scarlet and Violet 54	
SPECIES_SQUIRTLE	Liquidation	added	45		yes	Legends Z-A	45	Legends Z-A 45	
SPECIES_SQUIRTLE	Shell Smash	for Ian			yes	Scarlet and Violet	27	Sword and Shield 27; Brilliant Diamond and Shining Pearl 27; Scarlet and Violet 27	an S or SSS status move, which the rules add only where Kaizo gives the species the move, and Kaizo gives no species a later move
SPECIES_SQUIRTLE	Wave Crash	added	36		yes	Scarlet and Violet	36	Scarlet and Violet 36	
SPECIES_WARTORTLE	Liquidation	added	45		yes	Legends Z-A	45	Legends Z-A 45	
SPECIES_WARTORTLE	Shell Smash	for Ian			yes	Scarlet and Violet	35	Sword and Shield 35; Brilliant Diamond and Shining Pearl 35; Scarlet and Violet 35	an S or SSS status move, which the rules add only where Kaizo gives the species the move, and Kaizo gives no species a later move
SPECIES_WARTORTLE	Wave Crash	added	50		yes	Scarlet and Violet	50	Scarlet and Violet 50	
SPECIES_BLASTOISE	Liquidation	added	60		yes	Legends Z-A	45	Legends Z-A 45	45 to 60: no earlier than Kaizo's level for like moves (75) within its split
SPECIES_BLASTOISE	Shell Smash	for Ian			yes	Scarlet and Violet	35	Sword and Shield 35; Brilliant Diamond and Shining Pearl 35; Scarlet and Violet 35	an S or SSS status move, which the rules add only where Kaizo gives the species the move, and Kaizo gives no species a later move
SPECIES_BLASTOISE	Wave Crash	for Ian			yes	Scarlet and Violet	56	Scarlet and Violet 56	a stage the power flags or the bar hold takes a new attack only no earlier than its first good one of that type
SPECIES_PIKACHU	Draining Kiss	relearner only	1			Legends Z-A	1	Legends Z-A 1	below 10, where the stage is had: the relearner's
SPECIES_PIKACHU	Electro Ball	added	12			Scarlet and Violet	12	Black and White 18; Black 2 and White 2 18; X and Y 18; Omega Ruby and Alpha Sapphire 13; Sun and Moon 13; Ultra Sun and Ultra Moon 13; Sword and Shield 12; Brilliant Diamond and Shining Pearl 12; Scarlet and Violet 12	
SPECIES_PIKACHU	Nuzzle	added	11			Legends Z-A	12	X and Y 23; Omega Ruby and Alpha Sapphire 29; Sun and Moon 29; Ultra Sun and Ultra Moon 29; Sword and Shield 1; Brilliant Diamond and Shining Pearl 1; Scarlet and Violet 1; Legends Z-A 12	12 to 11: the one-level rule
SPECIES_PIKACHU	Play Nice	relearner only	7			Ultra Sun and Ultra Moon	7	X and Y 7; Omega Ruby and Alpha Sapphire 7; Sun and Moon 7; Ultra Sun and Ultra Moon 7; Sword and Shield 1; Brilliant Diamond and Shining Pearl 1; Scarlet and Violet 1	below 10, where the stage is had: the relearner's
SPECIES_PIKACHU	Wild Charge	added	50		yes	Ultra Sun and Ultra Moon	50	Omega Ruby and Alpha Sapphire 50; Sun and Moon 50; Ultra Sun and Ultra Moon 50	
SPECIES_RAICHU	Draining Kiss	relearner only	1			Legends Z-A	1	Legends Z-A 1	below 34, where the stage is had: the relearner's
SPECIES_RAICHU	Eerie Impulse	relearner only	1			Legends Z-A	1	Legends Z-A 1	below 34, where the stage is had: the relearner's
SPECIES_RAICHU	Electro Ball	relearner only	1			Scarlet and Violet	1	Sword and Shield 1; Brilliant Diamond and Shining Pearl 1; Scarlet and Violet 1	below 34, where the stage is had: the relearner's
SPECIES_RAICHU	Nuzzle	relearner only	12			Legends Z-A	12	Sword and Shield 1; Brilliant Diamond and Shining Pearl 1; Scarlet and Violet 1; Legends Z-A 12	below 34, where the stage is had: the relearner's
SPECIES_RAICHU	Play Nice	relearner only	1			Scarlet and Violet	1	Sword and Shield 1; Brilliant Diamond and Shining Pearl 1; Scarlet and Violet 1	below 34, where the stage is had: the relearner's
SPECIES_NIDOQUEEN	Chip Away	added	23			Ultra Sun and Ultra Moon	23	Black and White 23; Black 2 and White 2 23; X and Y 23; Omega Ruby and Alpha Sapphire 23; Sun and Moon 23; Ultra Sun and Ultra Moon 23	
SPECIES_NIDOQUEEN	Sludge Wave	for Ian			yes	Brilliant Diamond and Shining Pearl	1	Brilliant Diamond and Shining Pearl 1	1 to 39: no earlier than Kaizo's level for like moves (47) within its split; a stage the power flags or the bar hold takes a new attack only no earlier than its first good one of that type
SPECIES_NIDOKING	Chip Away	added	22			Ultra Sun and Ultra Moon	23	Black and White 23; Black 2 and White 2 23; X and Y 23; Omega Ruby and Alpha Sapphire 23; Sun and Moon 23; Ultra Sun and Ultra Moon 23	23 to 22: the one-level rule
SPECIES_NIDOKING	Sludge Wave	for Ian			yes	Brilliant Diamond and Shining Pearl	1	Brilliant Diamond and Shining Pearl 1	1 to 39: no earlier than Kaizo's level for like moves (47) within its split; a stage the power flags or the bar hold takes a new attack only no earlier than its first good one of that type
SPECIES_CLEFAIRY	After You	added	12			Scarlet and Violet	12	Black and White 52; Black 2 and White 2 58; X and Y 1; X and Y 58; Omega Ruby and Alpha Sapphire 1; Omega Ruby and Alpha Sapphire 58; Sun and Moon 58; Ultra Sun and Ultra Moon 58; Sword and Shield 12; Brilliant Diamond and Shining Pearl 12; Scarlet and Violet 12	
SPECIES_CLEFAIRY	Baby-Doll Eyes	relearner only	9			Legends Arceus	9	Legends Arceus 9	below 10, where the stage is had: the relearner's
SPECIES_CLEFAIRY	Bestow	left out				Ultra Sun and Ultra Moon	19	Black and White 25; Black 2 and White 2 19; X and Y 19; Omega Ruby and Alpha Sapphire 19; Sun and Moon 19; Ultra Sun and Ultra Moon 19	the engine does not run it in full (partial: status move running the plain-hit script: its effect never happens)
SPECIES_CLEFAIRY	Dazzling Gleam	for Ian			yes	Legends Z-A	32	Legends Z-A 32	a stage the power flags or the bar hold takes a new attack only no earlier than its first good one of that type
SPECIES_CLEFAIRY	Disarming Voice	relearner only	8			Legends Z-A	8	X and Y 1; Omega Ruby and Alpha Sapphire 1; Sun and Moon 1; Ultra Sun and Ultra Moon 1; Sword and Shield 1; Brilliant Diamond and Shining Pearl 1; Scarlet and Violet 1; Legends Z-A 8	below 10, where the stage is had: the relearner's
SPECIES_CLEFAIRY	Draining Kiss	added	15			Legends Z-A	16	Legends Arceus 15; Legends Z-A 16	16 to 15: the one-level rule
SPECIES_CLEFAIRY	Fairy Wind	relearner only	5			Legends Z-A	5	Legends Arceus 5; Legends Z-A 5	below 10, where the stage is had: the relearner's
SPECIES_CLEFAIRY	Life Dew	added	14			Scarlet and Violet	16	Sword and Shield 16; Brilliant Diamond and Shining Pearl 16; Scarlet and Violet 16	16 to 14: the one-level rule
SPECIES_CLEFAIRY	Moonblast	for Ian			yes	Legends Z-A	48	X and Y 46; Omega Ruby and Alpha Sapphire 46; Sun and Moon 46; Ultra Sun and Ultra Moon 46; Let's Go 28; Sword and Shield 44; Brilliant Diamond and Shining Pearl 44; Legends Arceus 37; Scarlet and Violet 44; Legends Z-A 48	a stage the power flags or the bar hold takes a new attack only no earlier than its first good one of that type
SPECIES_CLEFAIRY	Mystical Fire	added	42			Legends Z-A	42	Legends Z-A 42	
SPECIES_CLEFAIRY	Spotlight	relearner only	1			Ultra Sun and Ultra Moon	1	Sun and Moon 1; Ultra Sun and Ultra Moon 1	below 10, where the stage is had: the relearner's
SPECIES_CLEFAIRY	Stored Power	left out				Scarlet and Violet	4	Black and White 43; Black 2 and White 2 28; X and Y 28; Omega Ruby and Alpha Sapphire 28; Sun and Moon 28; Ultra Sun and Ultra Moon 28; Sword and Shield 4; Brilliant Diamond and Shining Pearl 4; Scarlet and Violet 4	dead weight: strength 20, under 40
SPECIES_CLEFABLE	After You	relearner only	1			Brilliant Diamond and Shining Pearl	1	Sword and Shield 1; Brilliant Diamond and Shining Pearl 1	below 17, where the stage is had: the relearner's
SPECIES_CLEFABLE	Baby-Doll Eyes	relearner only	9			Legends Arceus	9	Legends Arceus 9	below 17, where the stage is had: the relearner's
SPECIES_CLEFABLE	Dazzling Gleam	for Ian			yes	Legends Z-A	32	Legends Z-A 32	a stage the power flags or the bar hold takes a new attack only no earlier than its first good one of that type
SPECIES_CLEFABLE	Disarming Voice	relearner only	8			Legends Z-A	8	X and Y 1; Omega Ruby and Alpha Sapphire 1; Sun and Moon 1; Ultra Sun and Ultra Moon 1; Sword and Shield 1; Brilliant Diamond and Shining Pearl 1; Legends Z-A 8	below 17, where the stage is had: the relearner's
SPECIES_CLEFABLE	Draining Kiss	relearner only	16			Legends Z-A	16	Legends Arceus 15; Legends Z-A 16	below 17, where the stage is had: the relearner's
SPECIES_CLEFABLE	Fairy Wind	relearner only	5			Legends Z-A	5	Legends Arceus 5; Legends Z-A 5	below 17, where the stage is had: the relearner's
SPECIES_CLEFABLE	Life Dew	relearner only	1			Scarlet and Violet	1	Sword and Shield 1; Brilliant Diamond and Shining Pearl 1; Scarlet and Violet 1	below 17, where the stage is had: the relearner's
SPECIES_CLEFABLE	Moonblast	for Ian			yes	Legends Z-A	48	Sword and Shield 1; Brilliant Diamond and Shining Pearl 1; Legends Arceus 37; Scarlet and Violet 1; Legends Z-A 48	a stage the power flags or the bar hold takes a new attack only no earlier than its first good one of that type
SPECIES_CLEFABLE	Mystical Fire	added	42			Legends Z-A	42	Legends Z-A 42	
SPECIES_CLEFABLE	Spotlight	relearner only	1			Ultra Sun and Ultra Moon	1	Sun and Moon 1; Ultra Sun and Ultra Moon 1	below 17, where the stage is had: the relearner's
SPECIES_CLEFABLE	Stored Power	relearner only	1			Brilliant Diamond and Shining Pearl	1	Sword and Shield 1; Brilliant Diamond and Shining Pearl 1	below 17, where the stage is had: the relearner's
SPECIES_VULPIX	Baby-Doll Eyes	added	9			Ultra Sun and Ultra Moon	9	X and Y 9; Omega Ruby and Alpha Sapphire 9; Sun and Moon 9; Ultra Sun and Ultra Moon 9	
SPECIES_VULPIX	Flame Burst	for Ian			yes	Ultra Sun and Ultra Moon	28	Black and White 24; Black 2 and White 2 23; X and Y 23; Omega Ruby and Alpha Sapphire 28; Sun and Moon 28; Ultra Sun and Ultra Moon 28	placeable, since only its doubles effect is missing (partial: plain hit; the splash on the target's partner is missing (doubles only)); comes along without a real wait into Ninetales, which the power flags or the bar hold, before its first good one of that type
SPECIES_VULPIX	Hex	added	20			Legends Arceus	21	Black 2 and White 2 28; X and Y 28; Omega Ruby and Alpha Sapphire 26; Sun and Moon 26; Ultra Sun and Ultra Moon 26; Legends Arceus 21	21 to 20: the one-level rule
SPECIES_VULPIX	Incinerate	added	16			Legends Z-A	16	Sword and Shield 16; Brilliant Diamond and Shining Pearl 16; Scarlet and Violet 16; Legends Z-A 16	
SPECIES_VULPIX	Inferno	added	48			Legends Z-A	48	Black and White 44; Black 2 and White 2 50; X and Y 50; Omega Ruby and Alpha Sapphire 50; Sun and Moon 50; Ultra Sun and Ultra Moon 50; Sword and Shield 48; Brilliant Diamond and Shining Pearl 48; Scarlet and Violet 48; Legends Z-A 48	
SPECIES_NINETALES	Hex	relearner only	21			Legends Arceus	21	Legends Arceus 21	below 34, where the stage is had: the relearner's
SPECIES_NINETALES	Incinerate	relearner only	1			Legends Z-A	1	Sword and Shield 1; Brilliant Diamond and Shining Pearl 1; Legends Z-A 1	below 34, where the stage is had: the relearner's
SPECIES_NINETALES	Inferno	relearner only	1			Legends Z-A	1	Sword and Shield 1; Brilliant Diamond and Shining Pearl 1; Legends Z-A 1	below 34, where the stage is had: the relearner's
SPECIES_ZUBAT	Acrobatics	added	31			Omega Ruby and Alpha Sapphire	31	Black and White 33; Black 2 and White 2 30; X and Y 30; Omega Ruby and Alpha Sapphire 31	
SPECIES_ZUBAT	Quick Guard	added	20			Brilliant Diamond and Shining Pearl	20	Omega Ruby and Alpha Sapphire 43; Sun and Moon 43; Ultra Sun and Ultra Moon 43; Sword and Shield 20; Brilliant Diamond and Shining Pearl 20	
SPECIES_ZUBAT	Venoshock	added	40			Brilliant Diamond and Shining Pearl	40	Omega Ruby and Alpha Sapphire 37; Sun and Moon 37; Ultra Sun and Ultra Moon 37; Sword and Shield 40; Brilliant Diamond and Shining Pearl 40	
SPECIES_GOLBAT	Acrobatics	added	35			Omega Ruby and Alpha Sapphire	35	Black and White 39; Black 2 and White 2 33; X and Y 33; Omega Ruby and Alpha Sapphire 35	
SPECIES_GOLBAT	Quick Guard	relearner only	20			Brilliant Diamond and Shining Pearl	20	Omega Ruby and Alpha Sapphire 51; Sun and Moon 51; Ultra Sun and Ultra Moon 51; Sword and Shield 20; Brilliant Diamond and Shining Pearl 20	below 22, where the stage is had: the relearner's
SPECIES_GOLBAT	Venoshock	added	48			Brilliant Diamond and Shining Pearl	48	Omega Ruby and Alpha Sapphire 43; Sun and Moon 43; Ultra Sun and Ultra Moon 43; Sword and Shield 48; Brilliant Diamond and Shining Pearl 48	
SPECIES_PSYDUCK	Soak	added	28			Legends Z-A	27	Black and White 35; Black 2 and White 2 36; X and Y 36; Omega Ruby and Alpha Sapphire 36; Sun and Moon 31; Ultra Sun and Ultra Moon 31; Sword and Shield 27; Brilliant Diamond and Shining Pearl 27; Scarlet and Violet 27; Legends Z-A 27	27 to 28: the one-level rule
SPECIES_PSYDUCK	Wonder Room	added	39			Legends Z-A	39	Black and White 57; Black 2 and White 2 50; X and Y 50; Omega Ruby and Alpha Sapphire 50; Sun and Moon 43; Ultra Sun and Ultra Moon 43; Sword and Shield 39; Brilliant Diamond and Shining Pearl 39; Scarlet and Violet 39; Legends Z-A 39	
SPECIES_GOLDUCK	Soak	relearner only	27			Legends Z-A	27	Black and White 37; Black 2 and White 2 38; X and Y 38; Omega Ruby and Alpha Sapphire 38; Sun and Moon 31; Ultra Sun and Ultra Moon 31; Sword and Shield 27; Brilliant Diamond and Shining Pearl 27; Scarlet and Violet 27; Legends Z-A 27	below 33, where the stage is had: the relearner's
SPECIES_GOLDUCK	Wonder Room	added	45			Legends Z-A	45	Black and White 69; Black 2 and White 2 60; X and Y 60; Omega Ruby and Alpha Sapphire 60; Sun and Moon 51; Ultra Sun and Ultra Moon 51; Sword and Shield 45; Brilliant Diamond and Shining Pearl 45; Scarlet and Violet 45; Legends Z-A 45	
SPECIES_MANKEY	Bulldoze	added	22			Legends Z-A	22	Legends Z-A 22	
SPECIES_MANKEY	Final Gambit	added	48			Scarlet and Violet	48	Black and White 53; Black 2 and White 2 53; X and Y 53; Omega Ruby and Alpha Sapphire 53; Sun and Moon 50; Ultra Sun and Ultra Moon 50; Brilliant Diamond and Shining Pearl 50; Scarlet and Violet 48	
SPECIES_MANKEY	Low Sweep	replaces	13	Karate Chop		Legends Z-A	16	Legends Z-A 16	known at capture at 21; replaces Karate Chop at 13
SPECIES_MANKEY	Retaliate	added	15			Brilliant Diamond and Shining Pearl	15	Brilliant Diamond and Shining Pearl 15	known at capture at 21
SPECIES_MANKEY	StompingTantrum	added	40			Scarlet and Violet	40	Sun and Moon 43; Ultra Sun and Ultra Moon 43; Brilliant Diamond and Shining Pearl 43; Scarlet and Violet 40	
SPECIES_PRIMEAPE	Bulldoze	relearner only	22			Legends Z-A	22	Legends Z-A 22	below 28, where the stage is had: the relearner's
SPECIES_PRIMEAPE	Final Gambit	added	57			Scarlet and Violet	57	Black and White 63; Black 2 and White 2 63; X and Y 1; X and Y 63; Omega Ruby and Alpha Sapphire 1; Omega Ruby and Alpha Sapphire 63; Sun and Moon 1; Sun and Moon 57; Ultra Sun and Ultra Moon 1; Ultra Sun and Ultra Moon 57; Brilliant Diamond and Shining Pearl 1; Brilliant Diamond and Shining Pearl 57; Scarlet and Violet 57	
SPECIES_PRIMEAPE	Low Sweep	relearner only	16			Legends Z-A	16	Legends Z-A 16	below 28, where the stage is had: the relearner's
SPECIES_PRIMEAPE	Rage Fist	added	34			Legends Z-A	35	Scarlet and Violet 35; Legends Z-A 35	35 to 34: the one-level rule
SPECIES_PRIMEAPE	Retaliate	relearner only	15			Brilliant Diamond and Shining Pearl	15	Brilliant Diamond and Shining Pearl 15	below 28, where the stage is had: the relearner's
SPECIES_PRIMEAPE	StompingTantrum	added	48			Scarlet and Violet	48	Sun and Moon 48; Ultra Sun and Ultra Moon 48; Brilliant Diamond and Shining Pearl 48; Scarlet and Violet 48	
SPECIES_POLIWRATH	Circle Throw	added	52			Ultra Sun and Ultra Moon	53	Black and White 53; Black 2 and White 2 53; X and Y 1; X and Y 53; Omega Ruby and Alpha Sapphire 1; Omega Ruby and Alpha Sapphire 53; Sun and Moon 1; Sun and Moon 53; Ultra Sun and Ultra Moon 1; Ultra Sun and Ultra Moon 53; Sword and Shield 1; Brilliant Diamond and Shining Pearl 1; Legends Z-A 1	53 to 52: the one-level rule
SPECIES_KADABRA	Ally Switch	left out				Brilliant Diamond and Shining Pearl	15	Black and White 24; Black 2 and White 2 24; X and Y 24; Omega Ruby and Alpha Sapphire 36; Sun and Moon 36; Ultra Sun and Ultra Moon 36; Sword and Shield 15; Brilliant Diamond and Shining Pearl 15	the engine does not run it in full (partial: status move running the plain-hit script: its effect never happens)
SPECIES_KADABRA	Psyshock	for Ian			yes	Legends Z-A	30	Sword and Shield 30; Brilliant Diamond and Shining Pearl 30; Legends Z-A 30	a stage the power flags or the bar hold takes a new attack only no earlier than its first good one of that type
SPECIES_KADABRA	Telekinesis	left out				Ultra Sun and Ultra Moon	33	Black and White 34; Black 2 and White 2 34; X and Y 34; Omega Ruby and Alpha Sapphire 33; Sun and Moon 33; Ultra Sun and Ultra Moon 33	the engine does not run it in full (partial: status move running the plain-hit script: its effect never happens)
SPECIES_ALAKAZAM	Ally Switch	left out				Brilliant Diamond and Shining Pearl	15	Black and White 24; Black 2 and White 2 24; X and Y 24; Omega Ruby and Alpha Sapphire 36; Sun and Moon 36; Ultra Sun and Ultra Moon 36; Sword and Shield 15; Brilliant Diamond and Shining Pearl 15	the engine does not run it in full (partial: status move running the plain-hit script: its effect never happens)
SPECIES_ALAKAZAM	Psyshock	for Ian			yes	Legends Z-A	30	Sword and Shield 30; Brilliant Diamond and Shining Pearl 30; Legends Z-A 30	a stage the power flags or the bar hold takes a new attack only no earlier than its first good one of that type
SPECIES_ALAKAZAM	Telekinesis	left out				Ultra Sun and Ultra Moon	33	Black and White 34; Black 2 and White 2 34; X and Y 34; Omega Ruby and Alpha Sapphire 33; Sun and Moon 33; Ultra Sun and Ultra Moon 33	the engine does not run it in full (partial: status move running the plain-hit script: its effect never happens)
SPECIES_MACHOP	Brutal Swing	added	14			Legends Z-A	14	Legends Z-A 14	
SPECIES_MACHOP	Bulldoze	added	30			Legends Z-A	30	Legends Z-A 30	
SPECIES_MACHOP	Dual Chop	added	32			Brilliant Diamond and Shining Pearl	32	Omega Ruby and Alpha Sapphire 31; Sun and Moon 31; Ultra Sun and Ultra Moon 31; Sword and Shield 32; Brilliant Diamond and Shining Pearl 32	
SPECIES_MACHOP	Low Sweep	replaces	10	Karate Chop		Brilliant Diamond and Shining Pearl	12	Black and White 13; Black 2 and White 2 13; X and Y 13; Omega Ruby and Alpha Sapphire 13; Sun and Moon 13; Ultra Sun and Ultra Moon 13; Sword and Shield 12; Brilliant Diamond and Shining Pearl 12	replaces Karate Chop at 10
SPECIES_MACHOP	Power-Up Punch	added	12			Legends Z-A	12	Legends Z-A 12	
SPECIES_MACHOKE	Brutal Swing	relearner only	14			Legends Z-A	14	Legends Z-A 14	below 28, where the stage is had: the relearner's
SPECIES_MACHOKE	Bulldoze	added	30			Legends Z-A	30	Legends Z-A 30	
SPECIES_MACHOKE	Dual Chop	added	35			Brilliant Diamond and Shining Pearl	36	Omega Ruby and Alpha Sapphire 33; Sun and Moon 33; Ultra Sun and Ultra Moon 33; Sword and Shield 36; Brilliant Diamond and Shining Pearl 36	36 to 35: the one-level rule
SPECIES_MACHOKE	Low Sweep	relearner only	12			Brilliant Diamond and Shining Pearl	12	Black and White 13; Black 2 and White 2 13; X and Y 13; Omega Ruby and Alpha Sapphire 13; Sun and Moon 13; Ultra Sun and Ultra Moon 13; Sword and Shield 12; Brilliant Diamond and Shining Pearl 12	below 28, where the stage is had: the relearner's
SPECIES_MACHOKE	Power-Up Punch	relearner only	12			Legends Z-A	12	Legends Z-A 12	below 28, where the stage is had: the relearner's
SPECIES_MACHAMP	Brutal Swing	relearner only	14			Legends Z-A	14	Legends Z-A 14	below 40, where the stage is had: the relearner's
SPECIES_MACHAMP	Bulldoze	relearner only	30			Legends Z-A	30	Legends Z-A 30	below 40, where the stage is had: the relearner's
SPECIES_MACHAMP	Dual Chop	relearner only	36			Brilliant Diamond and Shining Pearl	36	Omega Ruby and Alpha Sapphire 33; Sun and Moon 33; Ultra Sun and Ultra Moon 33; Sword and Shield 36; Brilliant Diamond and Shining Pearl 36	below 40, where the stage is had: the relearner's
SPECIES_MACHAMP	Heavy Slam	added	40			Legends Z-A	40	Legends Z-A 40	
SPECIES_MACHAMP	Low Sweep	relearner only	12			Brilliant Diamond and Shining Pearl	12	Black and White 13; Black 2 and White 2 13; X and Y 13; Omega Ruby and Alpha Sapphire 13; Sun and Moon 13; Ultra Sun and Ultra Moon 13; Sword and Shield 12; Brilliant Diamond and Shining Pearl 12	below 40, where the stage is had: the relearner's
SPECIES_MACHAMP	Power-Up Punch	relearner only	12			Legends Z-A	12	Legends Z-A 12	below 40, where the stage is had: the relearner's
SPECIES_MACHAMP	Wide Guard	relearner only	1			Brilliant Diamond and Shining Pearl	1	Black and White 1; Black 2 and White 2 1; X and Y 1; Omega Ruby and Alpha Sapphire 1; Sun and Moon 1; Ultra Sun and Ultra Moon 1; Sword and Shield 1; Brilliant Diamond and Shining Pearl 1	below 40, where the stage is had: the relearner's
SPECIES_TENTACOOL	Acid Spray	added	22			Ultra Sun and Ultra Moon	22	Black and White 26; Black 2 and White 2 26; X and Y 26; Omega Ruby and Alpha Sapphire 22; Sun and Moon 22; Ultra Sun and Ultra Moon 22	
SPECIES_TENTACOOL	Hex	added	28			Legends Z-A	28	Black and White 43; Black 2 and White 2 43; X and Y 43; Omega Ruby and Alpha Sapphire 40; Sun and Moon 40; Ultra Sun and Ultra Moon 40; Sword and Shield 28; Brilliant Diamond and Shining Pearl 28; Legends Arceus 18; Scarlet and Violet 28; Legends Z-A 28	
SPECIES_TENTACOOL	Sludge Wave	added	44		yes	Legends Z-A	44	Black and White 50; Black 2 and White 2 50; X and Y 50; Omega Ruby and Alpha Sapphire 43; Sun and Moon 43; Ultra Sun and Ultra Moon 43; Sword and Shield 44; Brilliant Diamond and Shining Pearl 44; Scarlet and Violet 44; Legends Z-A 44	
SPECIES_TENTACRUEL	Acid Spray	relearner only	22			Ultra Sun and Ultra Moon	22	Black and White 26; Black 2 and White 2 26; X and Y 26; Omega Ruby and Alpha Sapphire 22; Sun and Moon 22; Ultra Sun and Ultra Moon 22	below 30, where the stage is had: the relearner's
SPECIES_TENTACRUEL	Hex	relearner only	28			Legends Z-A	28	Black and White 47; Black 2 and White 2 47; X and Y 47; Omega Ruby and Alpha Sapphire 44; Sun and Moon 44; Ultra Sun and Ultra Moon 44; Sword and Shield 28; Brilliant Diamond and Shining Pearl 28; Legends Arceus 18; Scarlet and Violet 28; Legends Z-A 28	below 30, where the stage is had: the relearner's
SPECIES_TENTACRUEL	Reflect Type	left out				Legends Z-A	1	X and Y 1; Omega Ruby and Alpha Sapphire 1; Sun and Moon 1; Ultra Sun and Ultra Moon 1; Sword and Shield 1; Brilliant Diamond and Shining Pearl 1; Scarlet and Violet 1; Legends Z-A 1	the engine does not run it in full (partial: status move running the plain-hit script: its effect never happens)
SPECIES_TENTACRUEL	Sludge Wave	added	52		yes	Legends Z-A	52	Black and White 56; Black 2 and White 2 56; X and Y 56; Omega Ruby and Alpha Sapphire 48; Sun and Moon 48; Ultra Sun and Ultra Moon 48; Sword and Shield 52; Brilliant Diamond and Shining Pearl 52; Scarlet and Violet 52; Legends Z-A 52	
SPECIES_GEODUDE	Bulldoze	added	22			Legends Z-A	22	Black and White 32; Black 2 and White 2 32; X and Y 32; Omega Ruby and Alpha Sapphire 22; Sun and Moon 22; Ultra Sun and Ultra Moon 22; Brilliant Diamond and Shining Pearl 22; Legends Arceus 26; Scarlet and Violet 12; Legends Z-A 22	
SPECIES_GEODUDE	Smack Down	added	17			Legends Z-A	18	Black and White 25; Black 2 and White 2 25; X and Y 25; Omega Ruby and Alpha Sapphire 18; Sun and Moon 18; Ultra Sun and Ultra Moon 18; Brilliant Diamond and Shining Pearl 18; Scarlet and Violet 18; Legends Z-A 18	18 to 17: the one-level rule
SPECIES_GRAVELER	Bulldoze	relearner only	22			Legends Z-A	22	Black and White 36; Black 2 and White 2 36; X and Y 36; Omega Ruby and Alpha Sapphire 22; Sun and Moon 22; Ultra Sun and Ultra Moon 22; Brilliant Diamond and Shining Pearl 22; Legends Arceus 26; Scarlet and Violet 12; Legends Z-A 22	below 25, where the stage is had: the relearner's
SPECIES_GRAVELER	Smack Down	relearner only	18			Legends Z-A	18	Black and White 27; Black 2 and White 2 27; X and Y 27; Omega Ruby and Alpha Sapphire 18; Sun and Moon 18; Ultra Sun and Ultra Moon 18; Brilliant Diamond and Shining Pearl 18; Scarlet and Violet 18; Legends Z-A 18	below 25, where the stage is had: the relearner's
SPECIES_GOLEM	Bulldoze	relearner only	22			Legends Z-A	22	Black and White 36; Black 2 and White 2 36; X and Y 36; Omega Ruby and Alpha Sapphire 22; Sun and Moon 22; Ultra Sun and Ultra Moon 22; Brilliant Diamond and Shining Pearl 22; Legends Arceus 26; Scarlet and Violet 22; Legends Z-A 22	below 40, where the stage is had: the relearner's
SPECIES_GOLEM	Heavy Slam	added	60			Brilliant Diamond and Shining Pearl	60	Black and White 69; Black 2 and White 2 69; X and Y 1; X and Y 69; Omega Ruby and Alpha Sapphire 1; Omega Ruby and Alpha Sapphire 60; Sun and Moon 1; Sun and Moon 60; Ultra Sun and Ultra Moon 1; Ultra Sun and Ultra Moon 60; Brilliant Diamond and Shining Pearl 1; Brilliant Diamond and Shining Pearl 60; Scarlet and Violet 1; Legends Z-A 1	
SPECIES_GOLEM	Smack Down	relearner only	18			Legends Z-A	18	Black and White 27; Black 2 and White 2 27; X and Y 27; Omega Ruby and Alpha Sapphire 18; Sun and Moon 18; Ultra Sun and Ultra Moon 18; Brilliant Diamond and Shining Pearl 18; Scarlet and Violet 18; Legends Z-A 18	below 40, where the stage is had: the relearner's
SPECIES_GOLEM	Steamroller	relearner only	10			Legends Z-A	10	Black and White 18; Black 2 and White 2 18; X and Y 11; Omega Ruby and Alpha Sapphire 10; Sun and Moon 10; Ultra Sun and Ultra Moon 10; Legends Z-A 10	below 40, where the stage is had: the relearner's
SPECIES_PONYTA	Flame Charge	added	14			Legends Z-A	15	Black and White 21; Black 2 and White 2 21; X and Y 21; Omega Ruby and Alpha Sapphire 21; Sun and Moon 21; Ultra Sun and Ultra Moon 21; Sword and Shield 15; Brilliant Diamond and Shining Pearl 15; Legends Z-A 15	15 to 14: the one-level rule
SPECIES_PONYTA	Inferno	added	45			Legends Z-A	45	Black and White 33; Black 2 and White 2 33; X and Y 33; Omega Ruby and Alpha Sapphire 33; Sun and Moon 33; Ultra Sun and Ultra Moon 33; Sword and Shield 45; Brilliant Diamond and Shining Pearl 45; Legends Z-A 45	
SPECIES_RAPIDASH	Flame Charge	relearner only	15			Legends Z-A	15	Black and White 21; Black 2 and White 2 21; X and Y 21; Omega Ruby and Alpha Sapphire 21; Sun and Moon 21; Ultra Sun and Ultra Moon 21; Sword and Shield 15; Brilliant Diamond and Shining Pearl 15; Legends Z-A 15	below 40, where the stage is had: the relearner's
SPECIES_RAPIDASH	Inferno	added	49			Legends Z-A	49	Black and White 33; Black 2 and White 2 33; X and Y 33; Omega Ruby and Alpha Sapphire 33; Sun and Moon 33; Ultra Sun and Ultra Moon 33; Sword and Shield 49; Brilliant Diamond and Shining Pearl 49; Legends Z-A 49	
SPECIES_RAPIDASH	Smart Strike	added	40			Legends Z-A	0	Sword and Shield 0; Sword and Shield 1; Brilliant Diamond and Shining Pearl 0; Brilliant Diamond and Shining Pearl 1; Legends Z-A 0	
SPECIES_SLOWPOKE	Heal Pulse	added	45			Scarlet and Violet	45	Black and White 58; Black 2 and White 2 58; X and Y 58; Omega Ruby and Alpha Sapphire 58; Sun and Moon 58; Ultra Sun and Ultra Moon 58; Sword and Shield 45; Brilliant Diamond and Shining Pearl 45; Scarlet and Violet 45	
SPECIES_SLOWBRO	Heal Pulse	added	51			Scarlet and Violet	51	Black and White 68; Black 2 and White 2 68; X and Y 1; X and Y 68; Omega Ruby and Alpha Sapphire 1; Omega Ruby and Alpha Sapphire 68; Sun and Moon 1; Sun and Moon 68; Ultra Sun and Ultra Moon 1; Ultra Sun and Ultra Moon 68; Sword and Shield 51; Brilliant Diamond and Shining Pearl 51; Scarlet and Violet 51	
SPECIES_MAGNEMITE	Electro Ball	relearner only	12			Legends Z-A	12	Black and White 27; Black 2 and White 2 32; X and Y 32; Omega Ruby and Alpha Sapphire 29; Sun and Moon 29; Ultra Sun and Ultra Moon 29; Sword and Shield 12; Brilliant Diamond and Shining Pearl 12; Scarlet and Violet 12; Legends Z-A 12	below 29, where the stage is had: the relearner's
SPECIES_MAGNETON	ElectricTerrain	left out				X and Y	11	X and Y 11; Omega Ruby and Alpha Sapphire 1; Sun and Moon 1; Ultra Sun and Ultra Moon 1; Sword and Shield 1; Brilliant Diamond and Shining Pearl 1; Scarlet and Violet 1; Legends Z-A 1	the engine does not run it in full (stub: nothing happens (terrain held))
SPECIES_MAGNETON	Electro Ball	relearner only	12			Legends Z-A	12	Black and White 27; Black 2 and White 2 34; X and Y 34; Omega Ruby and Alpha Sapphire 29; Sun and Moon 29; Ultra Sun and Ultra Moon 29; Sword and Shield 12; Brilliant Diamond and Shining Pearl 12; Scarlet and Violet 12; Legends Z-A 12	below 30, where the stage is had: the relearner's
SPECIES_SEEL	Snowscape	left out				Scarlet and Violet	53	Scarlet and Violet 53	the engine does not run it in full (stub: nothing happens)
SPECIES_DEWGONG	Snowscape	left out				Scarlet and Violet	65	Scarlet and Violet 65	the engine does not run it in full (stub: nothing happens)
SPECIES_SHELLDER	Razor Shell	added	44		yes	Legends Z-A	32	Black and White 32; Black 2 and White 2 32; X and Y 32; Omega Ruby and Alpha Sapphire 32; Sun and Moon 32; Ultra Sun and Ultra Moon 32; Sword and Shield 32; Brilliant Diamond and Shining Pearl 32; Scarlet and Violet 32; Legends Z-A 32	32 to 44: no earlier than Kaizo's level for like moves (50) within its split
SPECIES_SHELLDER	Shell Smash	for Ian			yes	Legends Z-A	44	Black and White 56; Black 2 and White 2 56; X and Y 56; Omega Ruby and Alpha Sapphire 56; Sun and Moon 56; Ultra Sun and Ultra Moon 56; Let's Go 40; Sword and Shield 44; Brilliant Diamond and Shining Pearl 44; Scarlet and Violet 44; Legends Z-A 44	an S or SSS status move, which the rules add only where Kaizo gives the species the move, and Kaizo gives no species a later move
SPECIES_CLOYSTER	Icicle Crash	added	50		yes	Ultra Sun and Ultra Moon	50	Black and White 52; Black 2 and White 2 52; X and Y 50; Omega Ruby and Alpha Sapphire 50; Sun and Moon 50; Ultra Sun and Ultra Moon 50; Sword and Shield 1; Brilliant Diamond and Shining Pearl 1; Scarlet and Violet 1; Legends Z-A 1	
SPECIES_CLOYSTER	Razor Shell	added	39		yes	Legends Z-A	5	Sword and Shield 1; Brilliant Diamond and Shining Pearl 1; Scarlet and Violet 5; Legends Z-A 5	5 to 39: no earlier than Kaizo's level for like moves (39) within its split
SPECIES_CLOYSTER	Shell Smash	for Ian			yes	Legends Z-A	1	X and Y 1; Omega Ruby and Alpha Sapphire 1; Sun and Moon 1; Ultra Sun and Ultra Moon 1; Sword and Shield 1; Brilliant Diamond and Shining Pearl 1; Scarlet and Violet 1; Legends Z-A 1	an S or SSS status move, which the rules add only where Kaizo gives the species the move, and Kaizo gives no species a later move
SPECIES_GASTLY	Hex	added	24			Scarlet and Violet	24	Black and White 43; Black 2 and White 2 43; X and Y 43; Omega Ruby and Alpha Sapphire 43; Sun and Moon 43; Ultra Sun and Ultra Moon 43; Sword and Shield 24; Brilliant Diamond and Shining Pearl 24; Legends Arceus 11; Scarlet and Violet 24	
SPECIES_GASTLY	Venoshock	added	18			Legends Arceus	18	Legends Arceus 18	
SPECIES_HAUNTER	Hex	relearner only	24			Scarlet and Violet	24	Black and White 55; Black 2 and White 2 55; X and Y 55; Omega Ruby and Alpha Sapphire 55; Sun and Moon 55; Ultra Sun and Ultra Moon 55; Sword and Shield 24; Brilliant Diamond and Shining Pearl 24; Legends Arceus 11; Scarlet and Violet 24	below 25, where the stage is had: the relearner's
SPECIES_HAUNTER	Phantom Force	added	56		yes	Legends Z-A	55	Legends Z-A 55	55 to 56: the one-level rule
SPECIES_HAUNTER	Sludge Wave	for Ian			yes	Legends Z-A	48	Legends Z-A 48	48 to 53: no earlier than Kaizo's level for like moves (58) within its split; a stage the power flags or the bar hold takes a new attack only no earlier than its first good one of that type
SPECIES_HAUNTER	Venoshock	relearner only	18			Legends Arceus	18	Legends Arceus 18	below 25, where the stage is had: the relearner's
SPECIES_GENGAR	Hex	relearner only	24			Scarlet and Violet	24	Black and White 55; Black 2 and White 2 55; X and Y 55; Omega Ruby and Alpha Sapphire 55; Sun and Moon 55; Ultra Sun and Ultra Moon 55; Sword and Shield 24; Brilliant Diamond and Shining Pearl 24; Legends Arceus 11; Scarlet and Violet 24	below 40, where the stage is had: the relearner's
SPECIES_GENGAR	Phantom Force	for Ian			yes	Legends Z-A	55	Legends Z-A 55	a stage the power flags or the bar hold takes a new attack only no earlier than its first good one of that type
SPECIES_GENGAR	Reflect Type	left out				Scarlet and Violet	1	Sword and Shield 1; Brilliant Diamond and Shining Pearl 1; Scarlet and Violet 1	the engine does not run it in full (partial: status move running the plain-hit script: its effect never happens)
SPECIES_GENGAR	Sludge Wave	for Ian			yes	Legends Z-A	48	Legends Z-A 48	a stage the power flags or the bar hold takes a new attack only no earlier than its first good one of that type
SPECIES_GENGAR	Venoshock	relearner only	18			Legends Arceus	18	Legends Arceus 18	below 40, where the stage is had: the relearner's
SPECIES_ONIX	Breaking Swipe	added	22			Legends Z-A	22	Legends Z-A 22	
SPECIES_ONIX	Bulldoze	added	11			Legends Arceus	11	Legends Arceus 11	
SPECIES_ONIX	High Horsepower	for Ian			yes	Legends Arceus	34	Legends Arceus 34	34 to 39: no earlier than Kaizo's level for like moves (39) within its split; a stage the power flags or the bar hold takes a new attack only no earlier than its first good one of that type
SPECIES_ONIX	Smack Down	added	4			Brilliant Diamond and Shining Pearl	4	Black and White 22; Black 2 and White 2 22; X and Y 22; Omega Ruby and Alpha Sapphire 22; Sun and Moon 22; Ultra Sun and Ultra Moon 22; Sword and Shield 4; Brilliant Diamond and Shining Pearl 4	known at capture at 5
SPECIES_KRABBY	Razor Shell	added	44		yes	Legends Z-A	32	Sword and Shield 32; Brilliant Diamond and Shining Pearl 32; Legends Z-A 32	32 to 44: no earlier than Kaizo's level for like moves (51) within its split
SPECIES_KINGLER	Razor Shell	for Ian			yes	Legends Z-A	36	Sword and Shield 36; Brilliant Diamond and Shining Pearl 36; Legends Z-A 36	36 to 53: no earlier than Kaizo's level for like moves (56) within its split; a stage the power flags or the bar hold takes a new attack only no earlier than its first good one of that type
SPECIES_KINGLER	Wide Guard	relearner only	1			Legends Z-A	1	Black and White 1; Black 2 and White 2 1; X and Y 1; Omega Ruby and Alpha Sapphire 1; Sun and Moon 1; Ultra Sun and Ultra Moon 1; Sword and Shield 1; Brilliant Diamond and Shining Pearl 1; Legends Z-A 1	below 28, where the stage is had: the relearner's
SPECIES_LICKITUNG	Bulldoze	added	11			Legends Arceus	11	Legends Arceus 11	known at capture at 20
SPECIES_LICKITUNG	Chip Away	added	39		yes	Ultra Sun and Ultra Moon	37	Black and White 37; Black 2 and White 2 37; X and Y 37; Omega Ruby and Alpha Sapphire 37; Sun and Moon 37; Ultra Sun and Ultra Moon 37	37 to 39: no earlier than Kaizo's level for like moves (39) within its split
SPECIES_KOFFING	Belch	added	40			Legends Z-A	40	X and Y 42; Omega Ruby and Alpha Sapphire 42; Sun and Moon 42; Ultra Sun and Ultra Moon 42; Sword and Shield 40; Brilliant Diamond and Shining Pearl 40; Scarlet and Violet 40; Legends Z-A 40	
SPECIES_KOFFING	Clear Smog	added	12			Legends Z-A	12	Black and White 19; Black 2 and White 2 15; X and Y 15; Omega Ruby and Alpha Sapphire 15; Sun and Moon 15; Ultra Sun and Ultra Moon 15; Let's Go 12; Sword and Shield 12; Brilliant Diamond and Shining Pearl 12; Scarlet and Violet 12; Legends Z-A 12	known at capture at 18
SPECIES_WEEZING	Belch	added	44			Legends Z-A	44	X and Y 50; Omega Ruby and Alpha Sapphire 51; Sun and Moon 51; Ultra Sun and Ultra Moon 51; Sword and Shield 44; Brilliant Diamond and Shining Pearl 44; Scarlet and Violet 44; Legends Z-A 44	
SPECIES_WEEZING	Clear Smog	relearner only	12			Legends Z-A	12	Black and White 19; Black 2 and White 2 15; X and Y 15; Omega Ruby and Alpha Sapphire 15; Sun and Moon 15; Ultra Sun and Ultra Moon 15; Let's Go 1; Let's Go 12; Sword and Shield 12; Brilliant Diamond and Shining Pearl 12; Scarlet and Violet 12; Legends Z-A 12	below 35, where the stage is had: the relearner's
SPECIES_RHYHORN	Bulldoze	added	10			Legends Z-A	10	Black and White 30; Black 2 and White 2 30; X and Y 30; Omega Ruby and Alpha Sapphire 21; Sun and Moon 21; Ultra Sun and Ultra Moon 21; Sword and Shield 10; Brilliant Diamond and Shining Pearl 10; Legends Arceus 6; Scarlet and Violet 10; Legends Z-A 10	
SPECIES_RHYHORN	Chip Away	added	24			Ultra Sun and Ultra Moon	25	Black and White 34; Black 2 and White 2 34; X and Y 34; Omega Ruby and Alpha Sapphire 25; Sun and Moon 25; Ultra Sun and Ultra Moon 25	25 to 24: the one-level rule
SPECIES_RHYHORN	Drill Run	for Ian			yes	Legends Z-A	35	Black and White 45; Black 2 and White 2 45; X and Y 45; Omega Ruby and Alpha Sapphire 33; Sun and Moon 33; Ultra Sun and Ultra Moon 33; Let's Go 24; Sword and Shield 35; Brilliant Diamond and Shining Pearl 35; Scarlet and Violet 35; Legends Z-A 35	35 to 39: no earlier than Kaizo's level for like moves (46) within its split; comes along without a real wait into Rhydon, which the power flags or the bar hold, before its first good one of that type
SPECIES_RHYHORN	High Horsepower	for Ian			yes	Legends Arceus	34	Legends Arceus 34	34 to 39: no earlier than Kaizo's level for like moves (39) within its split; comes along without a real wait into Rhydon, which the power flags or the bar hold, before its first good one of that type
SPECIES_RHYHORN	Smack Down	added	5			Legends Z-A	5	Omega Ruby and Alpha Sapphire 13; Sun and Moon 13; Ultra Sun and Ultra Moon 13; Sword and Shield 5; Brilliant Diamond and Shining Pearl 5; Scarlet and Violet 5; Legends Z-A 5	known at capture at 7
SPECIES_RHYDON	Bulldoze	relearner only	6			Legends Arceus	6	Black and White 30; Black 2 and White 2 30; X and Y 30; Omega Ruby and Alpha Sapphire 21; Sun and Moon 21; Ultra Sun and Ultra Moon 21; Sword and Shield 1; Brilliant Diamond and Shining Pearl 1; Legends Arceus 6; Scarlet and Violet 1; Legends Z-A 1	below 42, where the stage is had: the relearner's
SPECIES_RHYDON	Chip Away	relearner only	25			Ultra Sun and Ultra Moon	25	Black and White 34; Black 2 and White 2 34; X and Y 34; Omega Ruby and Alpha Sapphire 25; Sun and Moon 25; Ultra Sun and Ultra Moon 25	below 42, where the stage is had: the relearner's
SPECIES_RHYDON	Drill Run	for Ian			yes	Legends Z-A	35	Black and White 47; Black 2 and White 2 47; X and Y 47; Omega Ruby and Alpha Sapphire 33; Sun and Moon 33; Ultra Sun and Ultra Moon 33; Let's Go 24; Sword and Shield 35; Brilliant Diamond and Shining Pearl 35; Scarlet and Violet 35; Legends Z-A 35	35 to 53: no earlier than Kaizo's level for like moves (56) within its split; a stage the power flags or the bar hold takes a new attack only no earlier than its first good one of that type
SPECIES_RHYDON	High Horsepower	for Ian			yes	Legends Arceus	34	Legends Arceus 34	34 to 39: no earlier than Kaizo's level for like moves (44) within its split; a stage the power flags or the bar hold takes a new attack only no earlier than its first good one of that type
SPECIES_RHYDON	Smack Down	relearner only	13			Ultra Sun and Ultra Moon	13	Omega Ruby and Alpha Sapphire 13; Sun and Moon 13; Ultra Sun and Ultra Moon 13; Sword and Shield 1; Brilliant Diamond and Shining Pearl 1; Scarlet and Violet 1; Legends Z-A 1	below 42, where the stage is had: the relearner's
SPECIES_CHANSEY	Baby-Doll Eyes	relearner only	11			Legends Arceus	11	Legends Arceus 11	below 27, where the stage is had: the relearner's
SPECIES_CHANSEY	Bestow	left out				Ultra Sun and Ultra Moon	20	Black and White 20; Black 2 and White 2 20; X and Y 20; Omega Ruby and Alpha Sapphire 20; Sun and Moon 20; Ultra Sun and Ultra Moon 20	the engine does not run it in full (partial: status move running the plain-hit script: its effect never happens)
SPECIES_CHANSEY	Disarming Voice	relearner only	1			Legends Z-A	1	Sword and Shield 1; Brilliant Diamond and Shining Pearl 1; Scarlet and Violet 1; Legends Z-A 1	below 27, where the stage is had: the relearner's
SPECIES_CHANSEY	Draining Kiss	relearner only	18			Legends Arceus	18	Legends Arceus 18	below 27, where the stage is had: the relearner's
SPECIES_CHANSEY	Echoed Voice	relearner only	8			Legends Z-A	8	Sword and Shield 8; Brilliant Diamond and Shining Pearl 8; Scarlet and Violet 8; Legends Z-A 8	below 27, where the stage is had: the relearner's
SPECIES_CHANSEY	Fairy Wind	relearner only	6			Legends Arceus	6	Legends Arceus 6	below 27, where the stage is had: the relearner's
SPECIES_CHANSEY	Heal Pulse	added	28			Legends Z-A	28	Black and White 38; Black 2 and White 2 38; X and Y 38; Omega Ruby and Alpha Sapphire 38; Sun and Moon 38; Ultra Sun and Ultra Moon 39; Sword and Shield 28; Brilliant Diamond and Shining Pearl 28; Scarlet and Violet 28; Legends Z-A 28	
SPECIES_CHANSEY	Life Dew	relearner only	12			Legends Z-A	12	Sword and Shield 12; Brilliant Diamond and Shining Pearl 12; Scarlet and Violet 12; Legends Z-A 12	below 27, where the stage is had: the relearner's
SPECIES_TANGELA	Acid Spray	added	14			Legends Arceus	15	Legends Arceus 15	known at capture at 19; 15 to 14: the one-level rule
SPECIES_TANGELA	Grassy Terrain	left out				Legends Z-A	56	X and Y 48; Omega Ruby and Alpha Sapphire 48; Sun and Moon 48; Ultra Sun and Ultra Moon 48; Sword and Shield 56; Brilliant Diamond and Shining Pearl 56; Legends Z-A 56	the engine does not run it in full (stub: nothing happens (terrain held))
SPECIES_HORSEA	Laser Focus	added	34			Legends Z-A	35	Sword and Shield 35; Brilliant Diamond and Shining Pearl 35; Legends Z-A 35	35 to 34: the one-level rule
SPECIES_SEADRA	Clear Smog	relearner only	1			Let's Go	1	Let's Go 1	below 32, where the stage is had: the relearner's
SPECIES_SEADRA	Laser Focus	added	37			Legends Z-A	37	Sword and Shield 37; Brilliant Diamond and Shining Pearl 37; Legends Z-A 37	
SPECIES_GOLDEEN	Soak	added	40			Legends Z-A	40	Black and White 51; Black 2 and White 2 51; X and Y 50; Omega Ruby and Alpha Sapphire 40; Sun and Moon 40; Ultra Sun and Ultra Moon 40; Sword and Shield 40; Brilliant Diamond and Shining Pearl 40; Legends Z-A 40	
SPECIES_SEAKING	Soak	added	44			Legends Z-A	44	Black and White 63; Black 2 and White 2 63; X and Y 63; Omega Ruby and Alpha Sapphire 46; Sun and Moon 46; Ultra Sun and Ultra Moon 46; Sword and Shield 44; Brilliant Diamond and Shining Pearl 44; Legends Z-A 44	
SPECIES_STARYU	Reflect Type	left out				Ultra Sun and Ultra Moon	35	Black and White 46; Black 2 and White 2 40; X and Y 40; Omega Ruby and Alpha Sapphire 35; Sun and Moon 35; Ultra Sun and Ultra Moon 35	the engine does not run it in full (partial: status move running the plain-hit script: its effect never happens)
SPECIES_STARMIE	Liquidation	for Ian			yes	Legends Z-A	42	Legends Z-A 42	42 to 44: no earlier than Kaizo's level for like moves (50) within its split; a stage the power flags or the bar hold takes a new attack only no earlier than its first good one of that type
SPECIES_STARMIE	Spotlight	relearner only	1			Ultra Sun and Ultra Moon	1	Sun and Moon 1; Ultra Sun and Ultra Moon 1	below 34, where the stage is had: the relearner's
SPECIES_MR_MIME	Dazzling Gleam	for Ian			yes	Legends Z-A	44	Sword and Shield 44; Brilliant Diamond and Shining Pearl 44; Legends Arceus 46; Legends Z-A 44	a stage the power flags or the bar hold takes a new attack only no earlier than its first good one of that type
SPECIES_MR_MIME	Infestation	left out				Legends Z-A	17	Legends Z-A 17	dead weight: strength 20, under 40
SPECIES_MR_MIME	Misty Terrain	left out				Ultra Sun and Ultra Moon	1	X and Y 1; Omega Ruby and Alpha Sapphire 1; Sun and Moon 1; Ultra Sun and Ultra Moon 1	the engine does not run it in full (stub: nothing happens (terrain held))
SPECIES_MR_MIME	Mystical Fire	added	40			Legends Z-A	40	Legends Z-A 40	
SPECIES_MR_MIME	Quick Guard	relearner only	1			Brilliant Diamond and Shining Pearl	1	Black and White 1; Black 2 and White 2 1; X and Y 1; Omega Ruby and Alpha Sapphire 1; Sun and Moon 1; Ultra Sun and Ultra Moon 1; Sword and Shield 1; Brilliant Diamond and Shining Pearl 1	below 32, where the stage is had: the relearner's
SPECIES_MR_MIME	Wide Guard	relearner only	1			Brilliant Diamond and Shining Pearl	1	Black and White 1; Black 2 and White 2 1; X and Y 1; Omega Ruby and Alpha Sapphire 1; Sun and Moon 1; Ultra Sun and Ultra Moon 1; Sword and Shield 1; Brilliant Diamond and Shining Pearl 1	below 32, where the stage is had: the relearner's
SPECIES_SCYTHER	Brutal Swing	added	20			Legends Z-A	20	Legends Z-A 20	
SPECIES_SCYTHER	Laser Focus	added	44			Brilliant Diamond and Shining Pearl	44	Sword and Shield 44; Brilliant Diamond and Shining Pearl 44	
SPECIES_SCYTHER	Lunge	for Ian			yes	Legends Z-A	46	Legends Z-A 46	a stage the power flags or the bar hold takes a new attack only no earlier than its first good one of that type
SPECIES_JYNX	Draining Kiss	relearner only	1			Ultra Sun and Ultra Moon	1	X and Y 1; Omega Ruby and Alpha Sapphire 1; Sun and Moon 1; Ultra Sun and Ultra Moon 1	below 30, where the stage is had: the relearner's
SPECIES_JYNX	Heart Stamp	relearner only	21			Ultra Sun and Ultra Moon	21	Black and White 21; Black 2 and White 2 21; X and Y 21; Omega Ruby and Alpha Sapphire 21; Sun and Moon 21; Ultra Sun and Ultra Moon 21	below 30, where the stage is had: the relearner's
SPECIES_ELECTABUZZ	Electro Ball	relearner only	22			Ultra Sun and Ultra Moon	22	Black and White 32; Black 2 and White 2 22; X and Y 22; Omega Ruby and Alpha Sapphire 22; Sun and Moon 22; Ultra Sun and Ultra Moon 22	below 30, where the stage is had: the relearner's
SPECIES_MAGMAR	Clear Smog	relearner only	12			Legends Z-A	12	Black 2 and White 2 19; X and Y 19; Omega Ruby and Alpha Sapphire 19; Sun and Moon 19; Ultra Sun and Ultra Moon 19; Let's Go 17; Sword and Shield 12; Brilliant Diamond and Shining Pearl 12; Scarlet and Violet 12; Legends Z-A 12	below 30, where the stage is had: the relearner's
SPECIES_MAGMAR	Flame Burst	for Ian			yes	Ultra Sun and Ultra Moon	22	Black and White 32; Black 2 and White 2 22; X and Y 22; Omega Ruby and Alpha Sapphire 22; Sun and Moon 22; Ultra Sun and Ultra Moon 22	placeable, since only its doubles effect is missing (partial: plain hit; the splash on the target's partner is missing (doubles only)); a stage the power flags or the bar hold takes a new attack only no earlier than its first good one of that type
SPECIES_GYARADOS	Dragon Tail	added	25			Let's Go	26	Let's Go 26	26 to 25: the one-level rule
SPECIES_GYARADOS	Hurricane	added	44		yes	Legends Z-A	44	Sun and Moon 48; Ultra Sun and Ultra Moon 48; Sword and Shield 44; Brilliant Diamond and Shining Pearl 44; Legends Arceus 37; Scarlet and Violet 44; Legends Z-A 44	
SPECIES_LAPRAS	Life Dew	added	15			Legends Z-A	15	Sword and Shield 15; Brilliant Diamond and Shining Pearl 15; Scarlet and Violet 15; Legends Z-A 15	known at capture at 32
SPECIES_EEVEE	Baby-Doll Eyes	replaces	15	Growl		Scarlet and Violet	15	X and Y 9; Omega Ruby and Alpha Sapphire 9; Sun and Moon 9; Ultra Sun and Ultra Moon 9; Sword and Shield 15; Brilliant Diamond and Shining Pearl 15; Legends Arceus 18; Scarlet and Violet 15	known at capture at 20; replaces Growl at 15
SPECIES_EEVEE	Disarming Voice	added	14			Legends Z-A	15	Legends Z-A 15	known at capture at 20; 15 to 14: the one-level rule
SPECIES_VAPOREON	Baby-Doll Eyes	relearner only	15			Scarlet and Violet	15	Sun and Moon 9; Ultra Sun and Ultra Moon 9; Sword and Shield 15; Brilliant Diamond and Shining Pearl 15; Legends Arceus 18; Scarlet and Violet 15	below 34, where the stage is had: the relearner's
SPECIES_VAPOREON	Disarming Voice	relearner only	15			Legends Z-A	15	Legends Z-A 15	below 34, where the stage is had: the relearner's
SPECIES_JOLTEON	Baby-Doll Eyes	relearner only	15			Scarlet and Violet	15	Sun and Moon 9; Ultra Sun and Ultra Moon 9; Sword and Shield 15; Brilliant Diamond and Shining Pearl 15; Legends Arceus 18; Scarlet and Violet 15	below 34, where the stage is had: the relearner's
SPECIES_JOLTEON	Disarming Voice	relearner only	15			Legends Z-A	15	Legends Z-A 15	below 34, where the stage is had: the relearner's
SPECIES_JOLTEON	Eerie Impulse	relearner only	1			Legends Z-A	1	Legends Z-A 1	below 34, where the stage is had: the relearner's
SPECIES_FLAREON	Baby-Doll Eyes	relearner only	15			Scarlet and Violet	15	Sun and Moon 9; Ultra Sun and Ultra Moon 9; Sword and Shield 15; Brilliant Diamond and Shining Pearl 15; Legends Arceus 18; Scarlet and Violet 15	below 34, where the stage is had: the relearner's
SPECIES_FLAREON	Disarming Voice	relearner only	15			Legends Z-A	15	Legends Z-A 15	below 34, where the stage is had: the relearner's
SPECIES_OMANYTE	Shell Smash	for Ian			yes	Legends Z-A	55	Black and White 52; Black 2 and White 2 52; X and Y 50; Omega Ruby and Alpha Sapphire 50; Sun and Moon 50; Ultra Sun and Ultra Moon 50; Let's Go 48; Sword and Shield 55; Brilliant Diamond and Shining Pearl 55; Legends Z-A 55	an S or SSS status move, which the rules add only where Kaizo gives the species the move, and Kaizo gives no species a later move
SPECIES_OMASTAR	Shell Smash	for Ian			yes	Legends Z-A	63	Black and White 67; Black 2 and White 2 67; X and Y 67; Omega Ruby and Alpha Sapphire 67; Sun and Moon 67; Ultra Sun and Ultra Moon 67; Let's Go 60; Sword and Shield 63; Brilliant Diamond and Shining Pearl 63; Legends Z-A 63	an S or SSS status move, which the rules add only where Kaizo gives the species the move, and Kaizo gives no species a later move
SPECIES_KABUTO	Liquidation	added	50		yes	Legends Z-A	50	Sword and Shield 50; Brilliant Diamond and Shining Pearl 50; Legends Z-A 50	
SPECIES_KABUTOPS	Liquidation	added	56		yes	Legends Z-A	56	Sword and Shield 56; Brilliant Diamond and Shining Pearl 56; Legends Z-A 56	
SPECIES_AERODACTYL	Sky Drop	left out				Ultra Sun and Ultra Moon	49	Black and White 49; Black 2 and White 2 49; X and Y 49; Omega Ruby and Alpha Sapphire 49; Sun and Moon 49; Ultra Sun and Ultra Moon 49	the engine does not run it in full (partial: plain 60 hit; the two-turn lift is missing)
SPECIES_SNORLAX	Belch	added	52			Legends Z-A	52	Sword and Shield 52; Brilliant Diamond and Shining Pearl 52; Scarlet and Violet 52; Legends Z-A 52	
SPECIES_SNORLAX	Bulldoze	relearner only	15			Legends Arceus	15	Legends Arceus 15	below 32, where the stage is had: the relearner's
SPECIES_SNORLAX	Chip Away	for Ian			yes	Ultra Sun and Ultra Moon	17	Black and White 25; Black 2 and White 2 25; X and Y 17; Omega Ruby and Alpha Sapphire 17; Sun and Moon 17; Ultra Sun and Ultra Moon 17	a stage the power flags or the bar hold takes a new attack only no earlier than its first good one of that type
SPECIES_SNORLAX	Heavy Slam	added	32			Legends Z-A	32	Black and White 52; Black 2 and White 2 52; X and Y 50; Omega Ruby and Alpha Sapphire 50; Sun and Moon 50; Ultra Sun and Ultra Moon 50; Sword and Shield 32; Brilliant Diamond and Shining Pearl 32; Scarlet and Violet 32; Legends Z-A 32	
SPECIES_SNORLAX	High Horsepower	for Ian			yes	Legends Z-A	40	Sun and Moon 57; Ultra Sun and Ultra Moon 57; Sword and Shield 40; Brilliant Diamond and Shining Pearl 40; Legends Arceus 37; Scarlet and Violet 40; Legends Z-A 40	a stage the power flags or the bar hold takes a new attack only no earlier than its first good one of that type
SPECIES_ARTICUNO	Freeze-Dry	added	35		yes	Legends Z-A	35	X and Y 1; Omega Ruby and Alpha Sapphire 1; Sun and Moon 43; Ultra Sun and Ultra Moon 43; Sword and Shield 35; Brilliant Diamond and Shining Pearl 35; Scarlet and Violet 35; Legends Z-A 35	known at capture at 60
SPECIES_ARTICUNO	Hurricane	added	55		yes	Legends Z-A	55	Black 2 and White 2 92; X and Y 1; X and Y 92; Omega Ruby and Alpha Sapphire 1; Omega Ruby and Alpha Sapphire 92; Sun and Moon 92; Ultra Sun and Ultra Moon 92; Sword and Shield 55; Brilliant Diamond and Shining Pearl 55; Scarlet and Violet 55; Legends Z-A 55	known at capture at 60
SPECIES_ARTICUNO	Snowscape	left out				Legends Z-A	50	Scarlet and Violet 50; Legends Z-A 50	the engine does not run it in full (stub: nothing happens)
SPECIES_ZAPDOS	Magnetic Flux	left out				Legends Z-A	65	Sun and Moon 92; Ultra Sun and Ultra Moon 92; Sword and Shield 65; Brilliant Diamond and Shining Pearl 65; Scarlet and Violet 65; Legends Z-A 65	the engine does not run it in full (partial: status move running the plain-hit script: its effect never happens)
SPECIES_MOLTRES	Burn Up	replaces	65	Heat Wave	yes	Brilliant Diamond and Shining Pearl	65	Sun and Moon 99; Ultra Sun and Ultra Moon 99; Sword and Shield 65; Brilliant Diamond and Shining Pearl 65	replaces Heat Wave at 64
SPECIES_MOLTRES	Hurricane	replaces	55	Air Slash	yes	Legends Z-A	55	Black 2 and White 2 92; X and Y 1; X and Y 92; Omega Ruby and Alpha Sapphire 1; Omega Ruby and Alpha Sapphire 92; Sun and Moon 92; Ultra Sun and Ultra Moon 92; Sword and Shield 55; Brilliant Diamond and Shining Pearl 55; Scarlet and Violet 55; Legends Z-A 55	known at capture at 60; replaces Air Slash at 50
SPECIES_MOLTRES	Incinerate	added	30			Legends Z-A	30	Sword and Shield 30; Brilliant Diamond and Shining Pearl 30; Scarlet and Violet 30; Legends Z-A 30	known at capture at 60
SPECIES_TOTODILE	Breaking Swipe	added	25			Legends Z-A	26	Legends Z-A 26	26 to 25: the one-level rule
SPECIES_TOTODILE	Chip Away	added	28			Ultra Sun and Ultra Moon	29	Black and White 29; Black 2 and White 2 29; X and Y 29; Omega Ruby and Alpha Sapphire 29; Sun and Moon 29; Ultra Sun and Ultra Moon 29	29 to 28: the one-level rule
SPECIES_TOTODILE	Liquidation	added	40		yes	Legends Z-A	40	Legends Z-A 40	
SPECIES_CROCONAW	Breaking Swipe	added	26			Legends Z-A	26	Legends Z-A 26	
SPECIES_CROCONAW	Chip Away	added	32			Ultra Sun and Ultra Moon	33	Black and White 33; Black 2 and White 2 33; X and Y 33; Omega Ruby and Alpha Sapphire 33; Sun and Moon 33; Ultra Sun and Ultra Moon 33	33 to 32: the one-level rule
SPECIES_CROCONAW	Liquidation	added	40		yes	Legends Z-A	40	Legends Z-A 40	
SPECIES_FERALIGATR	Breaking Swipe	relearner only	26			Legends Z-A	26	Legends Z-A 26	below 30, where the stage is had: the relearner's
SPECIES_FERALIGATR	Chip Away	added	36			Ultra Sun and Ultra Moon	37	Black and White 37; Black 2 and White 2 37; X and Y 37; Omega Ruby and Alpha Sapphire 37; Sun and Moon 37; Ultra Sun and Ultra Moon 37	37 to 36: the one-level rule
SPECIES_FERALIGATR	Liquidation	for Ian			yes	Legends Z-A	40	Legends Z-A 40	a stage the power flags or the bar hold takes a new attack only no earlier than its first good one of that type
SPECIES_FURRET	Coil	relearner only	1		yes	Legends Z-A	1	Sun and Moon 1; Ultra Sun and Ultra Moon 1; Brilliant Diamond and Shining Pearl 1; Scarlet and Violet 1; Legends Z-A 1	below 15, where the stage is had: the relearner's
SPECIES_HOOTHOOT	Echoed Voice	added	6			Legends Z-A	6	Black and White 25; Black 2 and White 2 25; X and Y 25; Omega Ruby and Alpha Sapphire 25; Sun and Moon 13; Ultra Sun and Ultra Moon 13; Sword and Shield 6; Brilliant Diamond and Shining Pearl 6; Scarlet and Violet 6; Legends Z-A 6	known at capture at 14
SPECIES_HOOTHOOT	Moonblast	for Ian			yes	Legends Z-A	33	Sun and Moon 40; Ultra Sun and Ultra Moon 40; Sword and Shield 33; Brilliant Diamond and Shining Pearl 33; Scarlet and Violet 33; Legends Z-A 33	a stage the power flags or the bar hold takes a new attack only no earlier than its first good one of that type
SPECIES_HOOTHOOT	Synchronoise	left out				Ultra Sun and Ultra Moon	43	Black and White 41; Black 2 and White 2 41; X and Y 41; Omega Ruby and Alpha Sapphire 41; Sun and Moon 43; Ultra Sun and Ultra Moon 43	the engine does not run it in full (partial: plain 120 hit on any foe; the rule that it hits only a foe sharing a type is missing)
SPECIES_NOCTOWL	Echoed Voice	relearner only	13			Ultra Sun and Ultra Moon	13	Black and White 27; Black 2 and White 2 27; X and Y 27; Omega Ruby and Alpha Sapphire 27; Sun and Moon 13; Ultra Sun and Ultra Moon 13; Sword and Shield 1; Brilliant Diamond and Shining Pearl 1; Scarlet and Violet 1; Legends Z-A 1	below 20, where the stage is had: the relearner's
SPECIES_NOCTOWL	Moonblast	for Ian			yes	Legends Z-A	43	Sun and Moon 47; Ultra Sun and Ultra Moon 47; Sword and Shield 43; Brilliant Diamond and Shining Pearl 43; Scarlet and Violet 43; Legends Z-A 43	a stage the power flags or the bar hold takes a new attack only no earlier than its first good one of that type
SPECIES_NOCTOWL	Synchronoise	left out				Ultra Sun and Ultra Moon	51	Black and White 47; Black 2 and White 2 47; X and Y 47; Omega Ruby and Alpha Sapphire 47; Sun and Moon 51; Ultra Sun and Ultra Moon 51	the engine does not run it in full (partial: plain 120 hit on any foe; the rule that it hits only a foe sharing a type is missing)
SPECIES_CROBAT	Acrobatics	relearner only	35			Omega Ruby and Alpha Sapphire	35	Black and White 39; Black 2 and White 2 33; X and Y 33; Omega Ruby and Alpha Sapphire 35	below 40, where the stage is had: the relearner's
SPECIES_CROBAT	Quick Guard	relearner only	20			Brilliant Diamond and Shining Pearl	20	Omega Ruby and Alpha Sapphire 51; Sun and Moon 51; Ultra Sun and Ultra Moon 51; Sword and Shield 20; Brilliant Diamond and Shining Pearl 20	below 40, where the stage is had: the relearner's
SPECIES_CROBAT	Venoshock	added	48			Brilliant Diamond and Shining Pearl	48	Omega Ruby and Alpha Sapphire 43; Sun and Moon 43; Ultra Sun and Ultra Moon 43; Sword and Shield 48; Brilliant Diamond and Shining Pearl 48	
SPECIES_CHINCHOU	Electro Ball	added	4			Legends Z-A	4	Black and White 28; Black 2 and White 2 28; X and Y 28; Omega Ruby and Alpha Sapphire 9; Sun and Moon 9; Ultra Sun and Ultra Moon 9; Sword and Shield 4; Brilliant Diamond and Shining Pearl 4; Scarlet and Violet 4; Legends Z-A 4	
SPECIES_CHINCHOU	Ion Deluge	left out				Ultra Sun and Ultra Moon	47	X and Y 47; Omega Ruby and Alpha Sapphire 47; Sun and Moon 47; Ultra Sun and Ultra Moon 47	the engine does not run it in full (stub: nothing happens)
SPECIES_LANTURN	Eerie Impulse	relearner only	1			Legends Z-A	1	X and Y 1; Omega Ruby and Alpha Sapphire 1; Sun and Moon 1; Ultra Sun and Ultra Moon 1; Sword and Shield 1; Brilliant Diamond and Shining Pearl 1; Scarlet and Violet 1; Legends Z-A 1	below 27, where the stage is had: the relearner's
SPECIES_LANTURN	Electro Ball	relearner only	9			Ultra Sun and Ultra Moon	9	Black and White 30; Black 2 and White 2 30; X and Y 30; Omega Ruby and Alpha Sapphire 1; Omega Ruby and Alpha Sapphire 9; Sun and Moon 1; Sun and Moon 9; Ultra Sun and Ultra Moon 1; Ultra Sun and Ultra Moon 9; Sword and Shield 1; Brilliant Diamond and Shining Pearl 1; Scarlet and Violet 1; Legends Z-A 1	below 27, where the stage is had: the relearner's
SPECIES_LANTURN	Ion Deluge	left out				Ultra Sun and Ultra Moon	54	X and Y 60; Omega Ruby and Alpha Sapphire 54; Sun and Moon 54; Ultra Sun and Ultra Moon 54	the engine does not run it in full (stub: nothing happens)
SPECIES_LANTURN	Spotlight	relearner only	1			Ultra Sun and Ultra Moon	1	Ultra Sun and Ultra Moon 1	below 27, where the stage is had: the relearner's
SPECIES_TOGEPI	After You	added	27			Legends Z-A	28	Black and White 53; Black 2 and White 2 53; X and Y 53; Omega Ruby and Alpha Sapphire 53; Sun and Moon 53; Ultra Sun and Ultra Moon 53; Sword and Shield 28; Brilliant Diamond and Shining Pearl 28; Legends Z-A 28	28 to 27: the one-level rule
SPECIES_TOGEPI	Baby-Doll Eyes	added	25			Legends Arceus	25	Legends Arceus 25	
SPECIES_TOGEPI	Bestow	left out				Ultra Sun and Ultra Moon	25	Black and White 25; Black 2 and White 2 25; X and Y 25; Omega Ruby and Alpha Sapphire 25; Sun and Moon 25; Ultra Sun and Ultra Moon 25	the engine does not run it in full (partial: status move running the plain-hit script: its effect never happens)
SPECIES_TOGEPI	Draining Kiss	added	11			Legends Arceus	11	Legends Arceus 11	
SPECIES_TOGEPI	Fairy Wind	added	5			Legends Arceus	6	Legends Arceus 6	6 to 5: the one-level rule
SPECIES_TOGEPI	Life Dew	added	8			Legends Z-A	8	Sword and Shield 8; Brilliant Diamond and Shining Pearl 8; Legends Z-A 8	
SPECIES_TOGEPI	Moonblast	added	43		yes	Legends Arceus	43	Legends Arceus 43	
SPECIES_TOGETIC	After You	added	27			Legends Z-A	28	Black and White 53; Black 2 and White 2 53; X and Y 53; Omega Ruby and Alpha Sapphire 53; Sun and Moon 53; Ultra Sun and Ultra Moon 53; Sword and Shield 28; Brilliant Diamond and Shining Pearl 28; Legends Z-A 28	28 to 27: the one-level rule
SPECIES_TOGETIC	Baby-Doll Eyes	added	25			Legends Arceus	25	Legends Arceus 25	
SPECIES_TOGETIC	Bestow	left out				Ultra Sun and Ultra Moon	25	Black and White 25; Black 2 and White 2 25; X and Y 25; Omega Ruby and Alpha Sapphire 25; Sun and Moon 25; Ultra Sun and Ultra Moon 25	the engine does not run it in full (partial: status move running the plain-hit script: its effect never happens)
SPECIES_TOGETIC	Draining Kiss	added	11			Legends Arceus	11	Legends Arceus 11	
SPECIES_TOGETIC	Fairy Wind	added	9			Legends Z-A	0	X and Y 14; Omega Ruby and Alpha Sapphire 14; Sun and Moon 14; Ultra Sun and Ultra Moon 14; Sword and Shield 0; Sword and Shield 1; Brilliant Diamond and Shining Pearl 0; Brilliant Diamond and Shining Pearl 1; Legends Arceus 6; Legends Z-A 0	10 to 9: the one-level rule
SPECIES_TOGETIC	Life Dew	relearner only	1			Legends Z-A	1	Sword and Shield 1; Brilliant Diamond and Shining Pearl 1; Legends Z-A 1	below 10, where the stage is had: the relearner's
SPECIES_TOGETIC	Moonblast	for Ian			yes	Legends Arceus	43	Legends Arceus 43	a stage the power flags or the bar hold takes a new attack only no earlier than its first good one of that type
SPECIES_MAREEP	Cotton Guard	added	28			Legends Z-A	28	Black and White 32; Black 2 and White 2 36; X and Y 36; Omega Ruby and Alpha Sapphire 36; Sun and Moon 36; Ultra Sun and Ultra Moon 36; Brilliant Diamond and Shining Pearl 36; Scarlet and Violet 36; Legends Z-A 28	
SPECIES_MAREEP	Dazzling Gleam	added	38			Scarlet and Violet	39	Scarlet and Violet 39	39 to 38: the one-level rule
SPECIES_MAREEP	Electro Ball	added	22			Scarlet and Violet	22	Black and White 28; Black 2 and White 2 22; X and Y 22; Omega Ruby and Alpha Sapphire 22; Sun and Moon 22; Ultra Sun and Ultra Moon 22; Brilliant Diamond and Shining Pearl 22; Scarlet and Violet 22	
SPECIES_FLAAFFY	Cotton Guard	added	28			Legends Z-A	28	Black and White 36; Black 2 and White 2 43; X and Y 43; Omega Ruby and Alpha Sapphire 43; Sun and Moon 43; Ultra Sun and Ultra Moon 43; Brilliant Diamond and Shining Pearl 43; Scarlet and Violet 43; Legends Z-A 28	
SPECIES_FLAAFFY	Dazzling Gleam	added	46			Scarlet and Violet	47	Scarlet and Violet 47	47 to 46: the one-level rule
SPECIES_FLAAFFY	Electro Ball	added	24			Scarlet and Violet	25	Black and White 31; Black 2 and White 2 25; X and Y 25; Omega Ruby and Alpha Sapphire 25; Sun and Moon 25; Ultra Sun and Ultra Moon 25; Brilliant Diamond and Shining Pearl 25; Scarlet and Violet 25	25 to 24: the one-level rule
SPECIES_AMPHAROS	Breaking Swipe	added	41			Legends Z-A	42	Legends Z-A 42	42 to 41: the one-level rule
SPECIES_AMPHAROS	Cotton Guard	relearner only	28			Legends Z-A	28	Black and White 40; Black 2 and White 2 46; X and Y 46; Omega Ruby and Alpha Sapphire 46; Sun and Moon 46; Ultra Sun and Ultra Moon 46; Brilliant Diamond and Shining Pearl 46; Scarlet and Violet 46; Legends Z-A 28	below 30, where the stage is had: the relearner's
SPECIES_AMPHAROS	Dazzling Gleam	added	50			Scarlet and Violet	51	Scarlet and Violet 51	51 to 50: the one-level rule
SPECIES_AMPHAROS	Eerie Impulse	relearner only	1			Legends Z-A	1	Legends Z-A 1	below 30, where the stage is had: the relearner's
SPECIES_AMPHAROS	Electro Ball	relearner only	25			Scarlet and Violet	25	Black and White 33; Black 2 and White 2 25; X and Y 25; Omega Ruby and Alpha Sapphire 25; Sun and Moon 25; Ultra Sun and Ultra Moon 25; Brilliant Diamond and Shining Pearl 25; Scarlet and Violet 25	below 30, where the stage is had: the relearner's
SPECIES_AMPHAROS	Ion Deluge	left out				Ultra Sun and Ultra Moon	1	X and Y 1; Omega Ruby and Alpha Sapphire 1; Sun and Moon 1; Ultra Sun and Ultra Moon 1	the engine does not run it in full (stub: nothing happens)
SPECIES_AMPHAROS	Magnetic Flux	left out				Scarlet and Violet	1	X and Y 1; Omega Ruby and Alpha Sapphire 1; Sun and Moon 1; Ultra Sun and Ultra Moon 1; Brilliant Diamond and Shining Pearl 1; Scarlet and Violet 1	the engine does not run it in full (partial: status move running the plain-hit script: its effect never happens)
SPECIES_MARILL	Play Rough	for Ian			yes	Legends Z-A	21	X and Y 45; Omega Ruby and Alpha Sapphire 23; Sun and Moon 23; Ultra Sun and Ultra Moon 23; Sword and Shield 21; Brilliant Diamond and Shining Pearl 21; Scarlet and Violet 21; Legends Z-A 21	21 to 44: no earlier than Kaizo's level for like moves (53) within its split; a stage the power flags or the bar hold takes a new attack only no earlier than its first good one of that type
SPECIES_AZUMARILL	Play Rough	for Ian			yes	Legends Z-A	25	X and Y 50; Omega Ruby and Alpha Sapphire 25; Sun and Moon 25; Ultra Sun and Ultra Moon 25; Sword and Shield 25; Brilliant Diamond and Shining Pearl 25; Scarlet and Violet 25; Legends Z-A 25	a stage the power flags or the bar hold takes a new attack only no earlier than its first good one of that type
SPECIES_SUDOWOODO	Tearful Look	relearner only	24			Legends Z-A	24	Sun and Moon 22; Ultra Sun and Ultra Moon 22; Sword and Shield 24; Brilliant Diamond and Shining Pearl 24; Scarlet and Violet 24; Legends Z-A 24	below 32, where the stage is had: the relearner's
SPECIES_HOPPIP	Acrobatics	added	24			Legends Z-A	24	Black and White 28; Black 2 and White 2 28; X and Y 28; Omega Ruby and Alpha Sapphire 28; Sun and Moon 28; Ultra Sun and Ultra Moon 28; Brilliant Diamond and Shining Pearl 28; Scarlet and Violet 24; Legends Z-A 24	
SPECIES_HOPPIP	Fairy Wind	added	8			Legends Z-A	8	X and Y 10; Omega Ruby and Alpha Sapphire 10; Sun and Moon 10; Ultra Sun and Ultra Moon 10; Brilliant Diamond and Shining Pearl 10; Scarlet and Violet 8; Legends Z-A 8	known at capture at 12
SPECIES_HOPPIP	Rage Powder	added	30			Brilliant Diamond and Shining Pearl	31	Black and White 31; Black 2 and White 2 31; X and Y 31; Omega Ruby and Alpha Sapphire 31; Sun and Moon 31; Ultra Sun and Ultra Moon 31; Brilliant Diamond and Shining Pearl 31	31 to 30: the one-level rule
SPECIES_SKIPLOOM	Acrobatics	added	28			Legends Z-A	28	Black and White 32; Black 2 and White 2 32; X and Y 32; Omega Ruby and Alpha Sapphire 32; Sun and Moon 32; Ultra Sun and Ultra Moon 32; Brilliant Diamond and Shining Pearl 32; Scarlet and Violet 28; Legends Z-A 28	
SPECIES_SKIPLOOM	Fairy Wind	relearner only	10			Legends Z-A	10	X and Y 10; Omega Ruby and Alpha Sapphire 10; Sun and Moon 10; Ultra Sun and Ultra Moon 10; Brilliant Diamond and Shining Pearl 10; Scarlet and Violet 10; Legends Z-A 10	below 18, where the stage is had: the relearner's
SPECIES_SKIPLOOM	Rage Powder	added	35			Brilliant Diamond and Shining Pearl	36	Black and White 36; Black 2 and White 2 36; X and Y 36; Omega Ruby and Alpha Sapphire 36; Sun and Moon 36; Ultra Sun and Ultra Moon 36; Brilliant Diamond and Shining Pearl 36	36 to 35: the one-level rule
SPECIES_JUMPLUFF	Acrobatics	added	30			Legends Z-A	30	Black and White 34; Black 2 and White 2 34; X and Y 34; Omega Ruby and Alpha Sapphire 34; Sun and Moon 34; Ultra Sun and Ultra Moon 34; Brilliant Diamond and Shining Pearl 34; Scarlet and Violet 30; Legends Z-A 30	
SPECIES_JUMPLUFF	Fairy Wind	relearner only	10			Legends Z-A	10	X and Y 10; Omega Ruby and Alpha Sapphire 10; Sun and Moon 10; Ultra Sun and Ultra Moon 10; Brilliant Diamond and Shining Pearl 10; Scarlet and Violet 10; Legends Z-A 10	below 27, where the stage is had: the relearner's
SPECIES_JUMPLUFF	Rage Powder	added	39			Brilliant Diamond and Shining Pearl	39	Black and White 39; Black 2 and White 2 39; X and Y 39; Omega Ruby and Alpha Sapphire 39; Sun and Moon 39; Ultra Sun and Ultra Moon 39; Brilliant Diamond and Shining Pearl 39	
SPECIES_ESPEON	Baby-Doll Eyes	relearner only	15			Scarlet and Violet	15	Sun and Moon 9; Ultra Sun and Ultra Moon 9; Sword and Shield 15; Brilliant Diamond and Shining Pearl 15; Legends Arceus 18; Scarlet and Violet 15	below 40, where the stage is had: the relearner's
SPECIES_ESPEON	Disarming Voice	relearner only	15			Legends Z-A	15	Legends Z-A 15	below 40, where the stage is had: the relearner's
SPECIES_UMBREON	Baby-Doll Eyes	relearner only	15			Scarlet and Violet	15	Sun and Moon 9; Ultra Sun and Ultra Moon 9; Sword and Shield 15; Brilliant Diamond and Shining Pearl 15; Legends Arceus 18; Scarlet and Violet 15	below 20, where the stage is had: the relearner's
SPECIES_UMBREON	Disarming Voice	relearner only	15			Legends Z-A	15	Legends Z-A 15	below 20, where the stage is had: the relearner's
SPECIES_UMBREON	Foul Play	replaces	39	Assurance	yes	Brilliant Diamond and Shining Pearl	1	Brilliant Diamond and Shining Pearl 1	1 to 39: no earlier than Kaizo's level for like moves (41) within its split; replaces Assurance at 39
SPECIES_UMBREON	Snarl	added	20			Legends Z-A	0	Sword and Shield 0; Sword and Shield 1; Brilliant Diamond and Shining Pearl 0; Brilliant Diamond and Shining Pearl 1; Legends Arceus 0; Scarlet and Violet 0; Legends Z-A 0	
SPECIES_MURKROW	Foul Play	replaces	40	Faint Attack	yes	Legends Z-A	40	Black and White 45; Black 2 and White 2 45; X and Y 45; Omega Ruby and Alpha Sapphire 45; Sun and Moon 45; Ultra Sun and Ultra Moon 45; Brilliant Diamond and Shining Pearl 45; Scarlet and Violet 40; Legends Z-A 40	replaces Faint Attack at 35
SPECIES_MURKROW	Quash	left out				Legends Z-A	60	Black and White 65; Black 2 and White 2 65; X and Y 65; Omega Ruby and Alpha Sapphire 65; Sun and Moon 65; Ultra Sun and Ultra Moon 65; Brilliant Diamond and Shining Pearl 65; Scarlet and Violet 60; Legends Z-A 60	the engine does not run it in full (stub: nothing happens)
SPECIES_MURKROW	Snarl	added	6			Legends Arceus	6	Legends Arceus 6	known at capture at 7
SPECIES_SLOWKING	Heal Pulse	added	45			Scarlet and Violet	45	Black and White 58; Black 2 and White 2 58; X and Y 1; X and Y 58; Omega Ruby and Alpha Sapphire 1; Omega Ruby and Alpha Sapphire 58; Sun and Moon 1; Sun and Moon 58; Ultra Sun and Ultra Moon 1; Ultra Sun and Ultra Moon 58; Sword and Shield 45; Brilliant Diamond and Shining Pearl 45; Scarlet and Violet 45	
SPECIES_MISDREAVUS	Hex	added	22			Legends Z-A	23	Black and White 23; Black 2 and White 2 23; X and Y 23; Omega Ruby and Alpha Sapphire 23; Sun and Moon 23; Ultra Sun and Ultra Moon 23; Brilliant Diamond and Shining Pearl 23; Legends Arceus 18; Scarlet and Violet 23; Legends Z-A 23	23 to 22: the one-level rule
SPECIES_GIRAFARIG	Twin Beam	for Ian			yes	Legends Z-A	32	Scarlet and Violet 32; Legends Z-A 32	a stage the power flags or the bar hold takes a new attack only no earlier than its first good one of that type
SPECIES_GLIGAR	Acrobatics	added	22			Legends Z-A	22	Black and White 27; Black 2 and White 2 22; X and Y 22; Omega Ruby and Alpha Sapphire 22; Sun and Moon 22; Ultra Sun and Ultra Moon 22; Brilliant Diamond and Shining Pearl 22; Scarlet and Violet 22; Legends Z-A 22	
SPECIES_STEELIX	Autotomize	relearner only	8			Brilliant Diamond and Shining Pearl	8	Black and White 30; Black 2 and White 2 19; X and Y 19; Omega Ruby and Alpha Sapphire 19; Sun and Moon 19; Ultra Sun and Ultra Moon 19; Sword and Shield 8; Brilliant Diamond and Shining Pearl 8	below 17, where the stage is had: the relearner's
SPECIES_STEELIX	Breaking Swipe	added	22			Legends Z-A	22	Legends Z-A 22	
SPECIES_STEELIX	Bulldoze	relearner only	11			Legends Arceus	11	Legends Arceus 11	below 17, where the stage is had: the relearner's
SPECIES_STEELIX	Heavy Slam	added	36			Legends Z-A	36	Legends Z-A 36	
SPECIES_STEELIX	High Horsepower	for Ian			yes	Legends Arceus	34	Legends Arceus 34	34 to 44: no earlier than Kaizo's level for like moves (49) within its split; a stage the power flags or the bar hold takes a new attack only no earlier than its first good one of that type
SPECIES_STEELIX	Smack Down	relearner only	4			Brilliant Diamond and Shining Pearl	4	Black and White 22; Black 2 and White 2 22; X and Y 22; Omega Ruby and Alpha Sapphire 22; Sun and Moon 22; Ultra Sun and Ultra Moon 22; Sword and Shield 4; Brilliant Diamond and Shining Pearl 4	below 17, where the stage is had: the relearner's
SPECIES_SNUBBULL	Play Rough	for Ian			yes	Legends Z-A	37	X and Y 37; Omega Ruby and Alpha Sapphire 37; Sun and Moon 37; Ultra Sun and Ultra Moon 37; Brilliant Diamond and Shining Pearl 37; Scarlet and Violet 37; Legends Z-A 37	a stage the power flags or the bar hold takes a new attack only no earlier than its first good one of that type
SPECIES_GRANBULL	Play Rough	for Ian			yes	Legends Z-A	43	X and Y 43; Omega Ruby and Alpha Sapphire 43; Sun and Moon 43; Ultra Sun and Ultra Moon 43; Brilliant Diamond and Shining Pearl 43; Scarlet and Violet 43; Legends Z-A 43	a stage the power flags or the bar hold takes a new attack only no earlier than its first good one of that type
SPECIES_QWILFISH	Barb Barrage	added	28			Legends Z-A	28	Legends Z-A 28	
SPECIES_QWILFISH	Fell Stinger	added	12			Scarlet and Violet	12	X and Y 1; X and Y 60; Omega Ruby and Alpha Sapphire 1; Omega Ruby and Alpha Sapphire 60; Sun and Moon 1; Sun and Moon 60; Ultra Sun and Ultra Moon 1; Ultra Sun and Ultra Moon 60; Sword and Shield 12; Brilliant Diamond and Shining Pearl 12; Scarlet and Violet 12	
SPECIES_SCIZOR	Brutal Swing	added	20			Legends Z-A	20	Legends Z-A 20	
SPECIES_SCIZOR	Laser Focus	added	44			Brilliant Diamond and Shining Pearl	44	Sword and Shield 44; Brilliant Diamond and Shining Pearl 44	
SPECIES_SCIZOR	Lunge	added	53		yes	Legends Z-A	46	Legends Z-A 46	46 to 53: no earlier than Kaizo's level for like moves (56) within its split
SPECIES_HERACROSS	Chip Away	added	16			Ultra Sun and Ultra Moon	16	Black 2 and White 2 16; X and Y 16; Omega Ruby and Alpha Sapphire 16; Sun and Moon 16; Ultra Sun and Ultra Moon 16	
SPECIES_HERACROSS	Lunge	for Ian			yes	Legends Z-A	32	Legends Z-A 32	32 to 39: no earlier than Kaizo's level for like moves (41) within its split; a stage the power flags or the bar hold takes a new attack only no earlier than its first good one of that type
SPECIES_HERACROSS	Throat Chop	once fixed	40			Scarlet and Violet	40	Sword and Shield 40; Brilliant Diamond and Shining Pearl 40; Scarlet and Violet 40	the engine does not run it yet (stub: plain hit); element 4 will make it work; would be added
SPECIES_SNEASEL	Hone Claws	added	36			Legends Z-A	36	Black and White 35; Black 2 and White 2 25; X and Y 25; Omega Ruby and Alpha Sapphire 25; Sun and Moon 25; Ultra Sun and Ultra Moon 25; Sword and Shield 36; Brilliant Diamond and Shining Pearl 36; Scarlet and Violet 36; Legends Z-A 36	
SPECIES_SLUGMA	Clear Smog	added	20			Legends Z-A	20	Omega Ruby and Alpha Sapphire 20; Sun and Moon 20; Ultra Sun and Ultra Moon 20; Brilliant Diamond and Shining Pearl 20; Scarlet and Violet 20; Legends Z-A 20	known at capture at 21
SPECIES_SLUGMA	Flame Burst	for Ian			yes	Legends Z-A	27	Black and White 23; Black 2 and White 2 23; X and Y 23; Omega Ruby and Alpha Sapphire 27; Sun and Moon 27; Ultra Sun and Ultra Moon 27; Legends Z-A 27	placeable, since only its doubles effect is missing (partial: plain hit; the splash on the target's partner is missing (doubles only)); comes along without a real wait into Magcargo, which the power flags or the bar hold, before its first good one of that type
SPECIES_SLUGMA	Incinerate	added	15			Legends Z-A	15	Omega Ruby and Alpha Sapphire 15; Sun and Moon 15; Ultra Sun and Ultra Moon 15; Brilliant Diamond and Shining Pearl 15; Scarlet and Violet 27; Legends Z-A 15	known at capture at 21
SPECIES_MAGCARGO	Clear Smog	relearner only	20			Legends Z-A	20	Omega Ruby and Alpha Sapphire 20; Sun and Moon 20; Ultra Sun and Ultra Moon 20; Brilliant Diamond and Shining Pearl 20; Scarlet and Violet 20; Legends Z-A 20	below 38, where the stage is had: the relearner's
SPECIES_MAGCARGO	Flame Burst	for Ian			yes	Legends Z-A	27	Black and White 23; Black 2 and White 2 23; X and Y 23; Omega Ruby and Alpha Sapphire 27; Sun and Moon 27; Ultra Sun and Ultra Moon 27; Legends Z-A 27	placeable, since only its doubles effect is missing (partial: plain hit; the splash on the target's partner is missing (doubles only)); a stage the power flags or the bar hold takes a new attack only no earlier than its first good one of that type
SPECIES_MAGCARGO	Incinerate	relearner only	15			Legends Z-A	15	Omega Ruby and Alpha Sapphire 15; Sun and Moon 15; Ultra Sun and Ultra Moon 15; Brilliant Diamond and Shining Pearl 15; Scarlet and Violet 27; Legends Z-A 15	below 38, where the stage is had: the relearner's
SPECIES_MAGCARGO	Shell Smash	for Ian			yes	Legends Z-A	0	Black and White 38; Black 2 and White 2 38; X and Y 38; Omega Ruby and Alpha Sapphire 38; Sun and Moon 0; Sun and Moon 1; Ultra Sun and Ultra Moon 0; Ultra Sun and Ultra Moon 1; Brilliant Diamond and Shining Pearl 0; Brilliant Diamond and Shining Pearl 1; Scarlet and Violet 0; Legends Z-A 0	an S or SSS status move, which the rules add only where Kaizo gives the species the move, and Kaizo gives no species a later move
SPECIES_SWINUB	Bulldoze	added	11			Legends Arceus	11	Legends Arceus 11	known at capture at 15
SPECIES_SWINUB	High Horsepower	for Ian			yes	Legends Arceus	25	Legends Arceus 25	25 to 26: no earlier than Kaizo's level for like moves (26) within its split; a stage the power flags or the bar hold takes a new attack only no earlier than its first good one of that type
SPECIES_SWINUB	Icicle Crash	for Ian			yes	Legends Arceus	18	Legends Arceus 18	18 to 26: no earlier than Kaizo's level for like moves (27) within its split; a stage the power flags or the bar hold takes a new attack only no earlier than its first good one of that type
SPECIES_PILOSWINE	Bulldoze	relearner only	11			Legends Arceus	11	Legends Arceus 11	below 33, where the stage is had: the relearner's
SPECIES_PILOSWINE	High Horsepower	for Ian			yes	Legends Arceus	25	Legends Arceus 25	25 to 33: no earlier than Kaizo's level for like moves (36) within its split; a stage the power flags or the bar hold takes a new attack only no earlier than its first good one of that type
SPECIES_PILOSWINE	Icicle Crash	for Ian			yes	Legends Arceus	18	Legends Arceus 18	18 to 26: no earlier than Kaizo's level for like moves (28) within its split; a stage the power flags or the bar hold takes a new attack only no earlier than its first good one of that type
SPECIES_CORSOLA	Life Dew	added	35			Legends Z-A	35	Sword and Shield 35; Brilliant Diamond and Shining Pearl 35; Legends Z-A 35	
SPECIES_REMORAID	Acid Spray	added	5			Legends Arceus	6	Legends Arceus 6	6 to 5: the one-level rule
SPECIES_REMORAID	Soak	added	41			Legends Z-A	40	Black and White 49; Black 2 and White 2 50; X and Y 50; Omega Ruby and Alpha Sapphire 50; Sun and Moon 50; Ultra Sun and Ultra Moon 50; Sword and Shield 40; Brilliant Diamond and Shining Pearl 40; Legends Z-A 40	40 to 41: the one-level rule
SPECIES_OCTILLERY	Acid Spray	relearner only	6			Legends Arceus	6	Legends Arceus 6	below 25, where the stage is had: the relearner's
SPECIES_OCTILLERY	Soak	added	47			Legends Z-A	48	Black and White 61; Black 2 and White 2 64; X and Y 64; Omega Ruby and Alpha Sapphire 64; Sun and Moon 64; Ultra Sun and Ultra Moon 64; Sword and Shield 48; Brilliant Diamond and Shining Pearl 48; Legends Z-A 48	48 to 47: the one-level rule
SPECIES_DELIBIRD	Freeze-Dry	added	37		yes	Legends Z-A	37	Legends Z-A 37	
SPECIES_MANTINE	Wide Guard	relearner only	16			Legends Z-A	16	Black 2 and White 2 23; X and Y 23; Omega Ruby and Alpha Sapphire 23; Sun and Moon 23; Ultra Sun and Ultra Moon 23; Sword and Shield 16; Brilliant Diamond and Shining Pearl 16; Legends Z-A 16	below 30, where the stage is had: the relearner's
SPECIES_SKARMORY	Autotomize	added	32			Brilliant Diamond and Shining Pearl	32	Black and White 39; Black 2 and White 2 39; X and Y 39; Omega Ruby and Alpha Sapphire 50; Sun and Moon 50; Ultra Sun and Ultra Moon 50; Sword and Shield 32; Brilliant Diamond and Shining Pearl 32	known at capture at 39
SPECIES_SKARMORY	Drill Run	added	38			Legends Z-A	38	Legends Z-A 38	known at capture at 39
SPECIES_HOUNDOUR	Comeuppance	left out				Scarlet and Violet	37	Scarlet and Violet 37	dead weight: works only asleep, or returns less than double
SPECIES_HOUNDOUR	Flame Charge	added	37			Brilliant Diamond and Shining Pearl	37	Brilliant Diamond and Shining Pearl 37	
SPECIES_HOUNDOUR	Foul Play	for Ian			yes	Scarlet and Violet	40	Black and White 40; Black 2 and White 2 40; X and Y 40; Omega Ruby and Alpha Sapphire 40; Sun and Moon 40; Ultra Sun and Ultra Moon 40; Brilliant Diamond and Shining Pearl 40; Scarlet and Violet 40	a stage the power flags or the bar hold takes a new attack only no earlier than its first good one of that type
SPECIES_HOUNDOUR	Incinerate	added	20			Scarlet and Violet	20	Scarlet and Violet 20	
SPECIES_HOUNDOUR	Inferno	added	56			Scarlet and Violet	56	Black and White 56; Black 2 and White 2 56; X and Y 56; Omega Ruby and Alpha Sapphire 56; Sun and Moon 56; Ultra Sun and Ultra Moon 56; Brilliant Diamond and Shining Pearl 56; Scarlet and Violet 56	
SPECIES_HOUNDOOM	Comeuppance	left out				Scarlet and Violet	41	Scarlet and Violet 41	dead weight: works only asleep, or returns less than double
SPECIES_HOUNDOOM	Flame Charge	added	41			Brilliant Diamond and Shining Pearl	41	Brilliant Diamond and Shining Pearl 41	
SPECIES_HOUNDOOM	Foul Play	for Ian			yes	Scarlet and Violet	45	Black and White 45; Black 2 and White 2 45; X and Y 45; Omega Ruby and Alpha Sapphire 45; Sun and Moon 45; Ultra Sun and Ultra Moon 45; Brilliant Diamond and Shining Pearl 45; Scarlet and Violet 45	a stage the power flags or the bar hold takes a new attack only no earlier than its first good one of that type
SPECIES_HOUNDOOM	Incinerate	relearner only	20			Scarlet and Violet	20	Scarlet and Violet 20	below 24, where the stage is had: the relearner's
SPECIES_HOUNDOOM	Inferno	added	62			Scarlet and Violet	62	Black and White 65; Black 2 and White 2 65; X and Y 1; X and Y 65; Omega Ruby and Alpha Sapphire 1; Omega Ruby and Alpha Sapphire 65; Sun and Moon 1; Sun and Moon 65; Ultra Sun and Ultra Moon 1; Ultra Sun and Ultra Moon 65; Brilliant Diamond and Shining Pearl 1; Brilliant Diamond and Shining Pearl 65; Scarlet and Violet 62	
SPECIES_HOUNDOOM	Snarl	relearner only	21			Legends Z-A	21	Legends Z-A 21	below 24, where the stage is had: the relearner's
SPECIES_KINGDRA	Laser Focus	added	37			Legends Z-A	37	Sword and Shield 37; Brilliant Diamond and Shining Pearl 37; Legends Z-A 37	
SPECIES_KINGDRA	Wave Crash	added	72		yes	Scarlet and Violet	72	Scarlet and Violet 72	
SPECIES_PHANPY	Bulldoze	added	15			Legends Z-A	15	Brilliant Diamond and Shining Pearl 15; Scarlet and Violet 15; Legends Z-A 15	
SPECIES_DONPHAN	Bulldoze	relearner only	1			Legends Z-A	1	Black and White 1; Black 2 and White 2 1; X and Y 1; Omega Ruby and Alpha Sapphire 1; Sun and Moon 1; Ultra Sun and Ultra Moon 1; Brilliant Diamond and Shining Pearl 1; Scarlet and Violet 1; Legends Z-A 1	below 25, where the stage is had: the relearner's
SPECIES_DONPHAN	StompingTantrum	added	53		yes	Legends Z-A	30	Scarlet and Violet 30; Legends Z-A 30	30 to 53: no earlier than Kaizo's level for like moves (62) within its split
SPECIES_SMOOCHUM	Heart Stamp	added	20			Ultra Sun and Ultra Moon	21	Black and White 21; Black 2 and White 2 21; X and Y 21; Omega Ruby and Alpha Sapphire 21; Sun and Moon 21; Ultra Sun and Ultra Moon 21	21 to 20: the one-level rule
SPECIES_ELEKID	Electro Ball	added	22			Ultra Sun and Ultra Moon	22	Black and White 31; Black 2 and White 2 22; X and Y 22; Omega Ruby and Alpha Sapphire 22; Sun and Moon 22; Ultra Sun and Ultra Moon 22	known at capture at 25
SPECIES_MAGBY	Clear Smog	added	12			Legends Z-A	12	Black 2 and White 2 19; X and Y 19; Omega Ruby and Alpha Sapphire 19; Sun and Moon 19; Ultra Sun and Ultra Moon 19; Sword and Shield 12; Brilliant Diamond and Shining Pearl 12; Scarlet and Violet 12; Legends Z-A 12	
SPECIES_MAGBY	Flame Burst	for Ian			yes	Ultra Sun and Ultra Moon	22	Black and White 28; Black 2 and White 2 22; X and Y 22; Omega Ruby and Alpha Sapphire 22; Sun and Moon 22; Ultra Sun and Ultra Moon 22	placeable, since only its doubles effect is missing (partial: plain hit; the splash on the target's partner is missing (doubles only)); a stage the power flags or the bar hold takes a new attack only no earlier than its first good one of that type
SPECIES_BLISSEY	Baby-Doll Eyes	relearner only	11			Legends Arceus	11	Legends Arceus 11	below 40, where the stage is had: the relearner's
SPECIES_BLISSEY	Bestow	left out				Ultra Sun and Ultra Moon	20	Black and White 20; Black 2 and White 2 20; X and Y 20; Omega Ruby and Alpha Sapphire 20; Sun and Moon 20; Ultra Sun and Ultra Moon 20	the engine does not run it in full (partial: status move running the plain-hit script: its effect never happens)
SPECIES_BLISSEY	Disarming Voice	relearner only	1			Legends Z-A	1	Sword and Shield 1; Brilliant Diamond and Shining Pearl 1; Scarlet and Violet 1; Legends Z-A 1	below 40, where the stage is had: the relearner's
SPECIES_BLISSEY	Draining Kiss	relearner only	18			Legends Arceus	18	Legends Arceus 18	below 40, where the stage is had: the relearner's
SPECIES_BLISSEY	Echoed Voice	relearner only	8			Legends Z-A	8	Sword and Shield 8; Brilliant Diamond and Shining Pearl 8; Scarlet and Violet 8; Legends Z-A 8	below 40, where the stage is had: the relearner's
SPECIES_BLISSEY	Fairy Wind	relearner only	6			Legends Arceus	6	Legends Arceus 6	below 40, where the stage is had: the relearner's
SPECIES_BLISSEY	Heal Pulse	relearner only	28			Legends Z-A	28	Black and White 38; Black 2 and White 2 38; X and Y 38; Omega Ruby and Alpha Sapphire 38; Sun and Moon 38; Ultra Sun and Ultra Moon 39; Sword and Shield 28; Brilliant Diamond and Shining Pearl 28; Scarlet and Violet 28; Legends Z-A 28	below 40, where the stage is had: the relearner's
SPECIES_BLISSEY	Life Dew	relearner only	12			Legends Z-A	12	Sword and Shield 12; Brilliant Diamond and Shining Pearl 12; Scarlet and Violet 12; Legends Z-A 12	below 40, where the stage is had: the relearner's
SPECIES_LARVITAR	Chip Away	added	13			Ultra Sun and Ultra Moon	14	Black and White 14; Black 2 and White 2 14; X and Y 14; Omega Ruby and Alpha Sapphire 14; Sun and Moon 14; Ultra Sun and Ultra Moon 14	known at capture at 20; 14 to 13: the one-level rule
SPECIES_LARVITAR	Smack Down	added	24			Scarlet and Violet	24	Scarlet and Violet 24	
SPECIES_LARVITAR	StompingTantrum	added	44		yes	Scarlet and Violet	18	Sword and Shield 18; Brilliant Diamond and Shining Pearl 18; Scarlet and Violet 18	18 to 44: no earlier than Kaizo's level for like moves (49) within its split
SPECIES_PUPITAR	Chip Away	relearner only	14			Ultra Sun and Ultra Moon	14	Black and White 14; Black 2 and White 2 14; X and Y 14; Omega Ruby and Alpha Sapphire 14; Sun and Moon 14; Ultra Sun and Ultra Moon 14	below 30, where the stage is had: the relearner's
SPECIES_PUPITAR	Smack Down	relearner only	24			Scarlet and Violet	24	Scarlet and Violet 24	below 30, where the stage is had: the relearner's
SPECIES_PUPITAR	StompingTantrum	added	44		yes	Scarlet and Violet	18	Sword and Shield 18; Brilliant Diamond and Shining Pearl 18; Scarlet and Violet 18	18 to 44: no earlier than Kaizo's level for like moves (54) within its split
SPECIES_TYRANITAR	Chip Away	relearner only	14			Ultra Sun and Ultra Moon	14	Black and White 14; Black 2 and White 2 14; X and Y 14; Omega Ruby and Alpha Sapphire 14; Sun and Moon 14; Ultra Sun and Ultra Moon 14	below 55, where the stage is had: the relearner's
SPECIES_TYRANITAR	Heavy Slam	relearner only	53			Legends Z-A	53	Legends Z-A 53	below 55, where the stage is had: the relearner's
SPECIES_TYRANITAR	Smack Down	relearner only	24			Scarlet and Violet	24	Scarlet and Violet 24	below 55, where the stage is had: the relearner's
SPECIES_TYRANITAR	StompingTantrum	relearner only	18			Scarlet and Violet	18	Sword and Shield 18; Brilliant Diamond and Shining Pearl 18; Scarlet and Violet 18	below 55, where the stage is had: the relearner's
SPECIES_TREECKO	Leafage	already there				Legends Z-A	3	Sword and Shield 3; Brilliant Diamond and Shining Pearl 3; Scarlet and Violet 3; Legends Z-A 3	the proposal has it
SPECIES_TREECKO	Quick Guard	added	15			Scarlet and Violet	15	Omega Ruby and Alpha Sapphire 41; Sun and Moon 41; Ultra Sun and Ultra Moon 41; Sword and Shield 15; Brilliant Diamond and Shining Pearl 15; Scarlet and Violet 15	
SPECIES_GROVYLE	Leafage	relearner only	3			Legends Z-A	3	Sword and Shield 1; Brilliant Diamond and Shining Pearl 1; Scarlet and Violet 1; Legends Z-A 3	below 16, where the stage is had: the relearner's
SPECIES_GROVYLE	Quick Guard	relearner only	15			Scarlet and Violet	15	Omega Ruby and Alpha Sapphire 53; Sun and Moon 53; Ultra Sun and Ultra Moon 53; Sword and Shield 15; Brilliant Diamond and Shining Pearl 15; Scarlet and Violet 15	below 16, where the stage is had: the relearner's
SPECIES_SCEPTILE	Dual Chop	added	36			Brilliant Diamond and Shining Pearl	0	Omega Ruby and Alpha Sapphire 36; Sun and Moon 0; Sun and Moon 1; Ultra Sun and Ultra Moon 0; Ultra Sun and Ultra Moon 1; Sword and Shield 0; Sword and Shield 1; Brilliant Diamond and Shining Pearl 0; Brilliant Diamond and Shining Pearl 1	
SPECIES_SCEPTILE	Leafage	relearner only	3			Legends Z-A	3	Sword and Shield 1; Brilliant Diamond and Shining Pearl 1; Scarlet and Violet 1; Legends Z-A 3	below 36, where the stage is had: the relearner's
SPECIES_SCEPTILE	Quick Guard	relearner only	15			Scarlet and Violet	15	Omega Ruby and Alpha Sapphire 57; Sun and Moon 57; Ultra Sun and Ultra Moon 57; Sword and Shield 15; Brilliant Diamond and Shining Pearl 15; Scarlet and Violet 15	below 36, where the stage is had: the relearner's
SPECIES_SCEPTILE	Shed Tail	left out				Legends Z-A	1	Legends Z-A 1	the engine does not run it in full (stub: nothing happens)
SPECIES_TORCHIC	Flame Burst	for Ian			yes	Ultra Sun and Ultra Moon	28	Omega Ruby and Alpha Sapphire 28; Sun and Moon 28; Ultra Sun and Ultra Moon 28	placeable, since only its doubles effect is missing (partial: plain hit; the splash on the target's partner is missing (doubles only)); a stage the power flags or the bar hold takes a new attack only no earlier than its first good one of that type
SPECIES_TORCHIC	Flame Charge	added	9			Legends Z-A	9	Sword and Shield 9; Brilliant Diamond and Shining Pearl 9; Scarlet and Violet 9; Legends Z-A 9	
SPECIES_COMBUSKEN	Flame Charge	relearner only	9			Legends Z-A	9	Omega Ruby and Alpha Sapphire 20; Sun and Moon 20; Ultra Sun and Ultra Moon 20; Sword and Shield 9; Brilliant Diamond and Shining Pearl 9; Scarlet and Violet 9; Legends Z-A 9	below 16, where the stage is had: the relearner's
SPECIES_BLAZIKEN	Flame Charge	relearner only	9			Legends Z-A	9	Omega Ruby and Alpha Sapphire 20; Sun and Moon 20; Ultra Sun and Ultra Moon 20; Sword and Shield 9; Brilliant Diamond and Shining Pearl 9; Scarlet and Violet 9; Legends Z-A 9	below 36, where the stage is had: the relearner's
SPECIES_SWAMPERT	Sludge Wave	for Ian			yes	Legends Z-A	60	Legends Z-A 60	a stage the power flags or the bar hold takes a new attack only no earlier than its first good one of that type
SPECIES_POOCHYENA	Play Rough	for Ian			yes	Legends Z-A	46	Sun and Moon 46; Ultra Sun and Ultra Moon 46; Brilliant Diamond and Shining Pearl 46; Scarlet and Violet 44; Legends Z-A 46	a stage the power flags or the bar hold takes a new attack only no earlier than its first good one of that type
SPECIES_MIGHTYENA	Play Rough	for Ian			yes	Legends Z-A	56	Sun and Moon 56; Ultra Sun and Ultra Moon 56; Brilliant Diamond and Shining Pearl 56; Scarlet and Violet 56; Legends Z-A 56	a stage the power flags or the bar hold takes a new attack only no earlier than its first good one of that type
SPECIES_MIGHTYENA	Snarl	added	18			Legends Z-A	0	Omega Ruby and Alpha Sapphire 18; Sun and Moon 0; Sun and Moon 1; Ultra Sun and Ultra Moon 0; Ultra Sun and Ultra Moon 1; Brilliant Diamond and Shining Pearl 0; Brilliant Diamond and Shining Pearl 1; Scarlet and Violet 0; Legends Z-A 0	
SPECIES_BEAUTIFLY	Quiver Dance	for Ian			yes	Legends Z-A	40	Black and White 45; Black 2 and White 2 45; X and Y 45; Omega Ruby and Alpha Sapphire 40; Sun and Moon 40; Ultra Sun and Ultra Moon 40; Brilliant Diamond and Shining Pearl 40; Legends Z-A 40	an S or SSS status move, which the rules add only where Kaizo gives the species the move, and Kaizo gives no species a later move
SPECIES_BEAUTIFLY	Venoshock	added	25			Legends Arceus	25	Legends Arceus 25	
SPECIES_DUSTOX	Quiver Dance	for Ian			yes	Legends Z-A	40	Black and White 45; Black 2 and White 2 45; X and Y 45; Omega Ruby and Alpha Sapphire 40; Sun and Moon 40; Ultra Sun and Ultra Moon 40; Brilliant Diamond and Shining Pearl 40; Legends Z-A 40	an S or SSS status move, which the rules add only where Kaizo gives the species the move, and Kaizo gives no species a later move
SPECIES_DUSTOX	Venoshock	added	19			Legends Z-A	20	Omega Ruby and Alpha Sapphire 20; Sun and Moon 20; Ultra Sun and Ultra Moon 20; Brilliant Diamond and Shining Pearl 20; Legends Arceus 25; Legends Z-A 20	20 to 19: the one-level rule
SPECIES_SHIFTRY	Hurricane	for Ian			yes	Ultra Sun and Ultra Moon	32	Omega Ruby and Alpha Sapphire 32; Sun and Moon 32; Ultra Sun and Ultra Moon 32; Sword and Shield 1; Brilliant Diamond and Shining Pearl 1; Scarlet and Violet 1; Legends Z-A 1	a stage the power flags or the bar hold takes a new attack only no earlier than its first good one of that type
SPECIES_SHIFTRY	Leaf Tornado	added	17			Legends Z-A	0	Black and White 19; Black 2 and White 2 19; X and Y 19; Omega Ruby and Alpha Sapphire 20; Sun and Moon 20; Ultra Sun and Ultra Moon 20; Sword and Shield 0; Sword and Shield 1; Brilliant Diamond and Shining Pearl 0; Brilliant Diamond and Shining Pearl 1; Legends Z-A 0	
SPECIES_WINGULL	Hurricane	for Ian			yes	Legends Z-A	45	Black and White 50; Black 2 and White 2 49; X and Y 49; Omega Ruby and Alpha Sapphire 43; Sun and Moon 43; Ultra Sun and Ultra Moon 43; Sword and Shield 45; Brilliant Diamond and Shining Pearl 45; Scarlet and Violet 45; Legends Z-A 45	a stage the power flags or the bar hold takes a new attack only no earlier than its first good one of that type
SPECIES_PELIPPER	Hurricane	for Ian			yes	Legends Z-A	55	Black and White 63; Black 2 and White 2 63; X and Y 63; Omega Ruby and Alpha Sapphire 1; Omega Ruby and Alpha Sapphire 55; Sun and Moon 1; Sun and Moon 55; Ultra Sun and Ultra Moon 1; Ultra Sun and Ultra Moon 55; Sword and Shield 55; Brilliant Diamond and Shining Pearl 55; Scarlet and Violet 55; Legends Z-A 55	a stage the power flags or the bar hold takes a new attack only no earlier than its first good one of that type
SPECIES_PELIPPER	Soak	relearner only	1			Legends Z-A	1	Black and White 1; Black 2 and White 2 1; X and Y 1; Omega Ruby and Alpha Sapphire 1; Sun and Moon 1; Ultra Sun and Ultra Moon 1; Sword and Shield 1; Brilliant Diamond and Shining Pearl 1; Scarlet and Violet 1; Legends Z-A 1	below 25, where the stage is had: the relearner's
SPECIES_RALTS	Disarming Voice	added	11			Ultra Sun and Ultra Moon	11	Omega Ruby and Alpha Sapphire 11; Sun and Moon 11; Ultra Sun and Ultra Moon 11; Sword and Shield 1; Brilliant Diamond and Shining Pearl 1; Scarlet and Violet 1; Legends Z-A 1	
SPECIES_RALTS	Draining Kiss	added	12			Legends Z-A	12	Omega Ruby and Alpha Sapphire 22; Sun and Moon 22; Ultra Sun and Ultra Moon 22; Sword and Shield 12; Brilliant Diamond and Shining Pearl 12; Legends Arceus 11; Scarlet and Violet 12; Legends Z-A 12	
SPECIES_RALTS	Heal Pulse	added	30			Scarlet and Violet	33	Black and White 23; Black 2 and White 2 23; X and Y 23; Omega Ruby and Alpha Sapphire 19; Sun and Moon 19; Ultra Sun and Ultra Moon 19; Sword and Shield 33; Brilliant Diamond and Shining Pearl 33; Scarlet and Violet 33	33 to 30: the one-level rule
SPECIES_RALTS	Life Dew	added	20			Scarlet and Violet	21	Sword and Shield 21; Brilliant Diamond and Shining Pearl 21; Scarlet and Violet 21	21 to 20: the one-level rule
SPECIES_RALTS	Mystical Fire	added	44			Legends Z-A	44	Legends Z-A 44	
SPECIES_RALTS	Stored Power	added	42			Ultra Sun and Ultra Moon	42	Black and White 54; Black 2 and White 2 54; X and Y 54; Omega Ruby and Alpha Sapphire 42; Sun and Moon 42; Ultra Sun and Ultra Moon 42	
SPECIES_KIRLIA	Disarming Voice	relearner only	11			Ultra Sun and Ultra Moon	11	Omega Ruby and Alpha Sapphire 11; Sun and Moon 11; Ultra Sun and Ultra Moon 11; Sword and Shield 1; Brilliant Diamond and Shining Pearl 1; Scarlet and Violet 1; Legends Z-A 1	below 20, where the stage is had: the relearner's
SPECIES_KIRLIA	Draining Kiss	relearner only	12			Legends Z-A	12	Omega Ruby and Alpha Sapphire 23; Sun and Moon 23; Ultra Sun and Ultra Moon 23; Sword and Shield 12; Brilliant Diamond and Shining Pearl 12; Legends Arceus 11; Scarlet and Violet 12; Legends Z-A 12	below 20, where the stage is had: the relearner's
SPECIES_KIRLIA	Heal Pulse	added	43			Scarlet and Violet	43	Black and White 25; Black 2 and White 2 25; X and Y 25; Omega Ruby and Alpha Sapphire 19; Sun and Moon 19; Ultra Sun and Ultra Moon 19; Sword and Shield 43; Brilliant Diamond and Shining Pearl 43; Scarlet and Violet 43	
SPECIES_KIRLIA	Life Dew	added	23			Scarlet and Violet	23	Sword and Shield 23; Brilliant Diamond and Shining Pearl 23; Scarlet and Violet 23	
SPECIES_KIRLIA	Mystical Fire	added	44			Legends Z-A	44	Legends Z-A 44	
SPECIES_KIRLIA	Stored Power	added	51			Ultra Sun and Ultra Moon	51	Black and White 64; Black 2 and White 2 64; X and Y 64; Omega Ruby and Alpha Sapphire 51; Sun and Moon 51; Ultra Sun and Ultra Moon 51	
SPECIES_GARDEVOIR	Dazzling Gleam	for Ian			yes	Legends Z-A	0	Sword and Shield 0; Sword and Shield 1; Brilliant Diamond and Shining Pearl 0; Brilliant Diamond and Shining Pearl 1; Legends Arceus 0; Scarlet and Violet 0; Legends Z-A 0	a stage the power flags or the bar hold takes a new attack only no earlier than its first good one of that type
SPECIES_GARDEVOIR	Disarming Voice	relearner only	11			Ultra Sun and Ultra Moon	11	Omega Ruby and Alpha Sapphire 11; Sun and Moon 11; Ultra Sun and Ultra Moon 11; Sword and Shield 1; Brilliant Diamond and Shining Pearl 1; Scarlet and Violet 1; Legends Z-A 1	below 30, where the stage is had: the relearner's
SPECIES_GARDEVOIR	Draining Kiss	relearner only	12			Legends Z-A	12	Omega Ruby and Alpha Sapphire 23; Sun and Moon 23; Ultra Sun and Ultra Moon 23; Sword and Shield 12; Brilliant Diamond and Shining Pearl 12; Legends Arceus 11; Scarlet and Violet 12; Legends Z-A 12	below 30, where the stage is had: the relearner's
SPECIES_GARDEVOIR	Heal Pulse	added	49			Brilliant Diamond and Shining Pearl	49	Black and White 25; Black 2 and White 2 25; X and Y 25; Omega Ruby and Alpha Sapphire 19; Sun and Moon 19; Ultra Sun and Ultra Moon 19; Sword and Shield 49; Brilliant Diamond and Shining Pearl 49; Scarlet and Violet 1	
SPECIES_GARDEVOIR	Life Dew	relearner only	23			Scarlet and Violet	23	Sword and Shield 23; Brilliant Diamond and Shining Pearl 23; Scarlet and Violet 23	below 30, where the stage is had: the relearner's
SPECIES_GARDEVOIR	Misty Terrain	left out				Scarlet and Violet	1	X and Y 1; Omega Ruby and Alpha Sapphire 1; Sun and Moon 1; Ultra Sun and Ultra Moon 1; Sword and Shield 1; Brilliant Diamond and Shining Pearl 1; Scarlet and Violet 1	the engine does not run it in full (stub: nothing happens (terrain held))
SPECIES_GARDEVOIR	Moonblast	for Ian			yes	Legends Z-A	49	X and Y 1; X and Y 85; Omega Ruby and Alpha Sapphire 1; Omega Ruby and Alpha Sapphire 62; Sun and Moon 1; Sun and Moon 62; Ultra Sun and Ultra Moon 1; Ultra Sun and Ultra Moon 62; Sword and Shield 1; Brilliant Diamond and Shining Pearl 1; Legends Arceus 43; Scarlet and Violet 49; Legends Z-A 49	a stage the power flags or the bar hold takes a new attack only no earlier than its first good one of that type
SPECIES_GARDEVOIR	Mystical Fire	added	43			Legends Z-A	44	Scarlet and Violet 1; Legends Z-A 44	44 to 43: the one-level rule
SPECIES_GARDEVOIR	Stored Power	added	58			Ultra Sun and Ultra Moon	58	Black and White 80; Black 2 and White 2 80; X and Y 1; X and Y 80; Omega Ruby and Alpha Sapphire 1; Omega Ruby and Alpha Sapphire 58; Sun and Moon 1; Sun and Moon 58; Ultra Sun and Ultra Moon 1; Ultra Sun and Ultra Moon 58	
SPECIES_SURSKIT	Soak	added	14			Legends Z-A	14	Brilliant Diamond and Shining Pearl 14; Scarlet and Violet 14; Legends Z-A 14	
SPECIES_SURSKIT	Sticky Web	for Ian			yes	Legends Z-A	38	X and Y 46; Omega Ruby and Alpha Sapphire 38; Sun and Moon 38; Ultra Sun and Ultra Moon 38; Brilliant Diamond and Shining Pearl 38; Scarlet and Violet 38; Legends Z-A 38	an S or SSS status move, which the rules add only where Kaizo gives the species the move, and Kaizo gives no species a later move
SPECIES_MASQUERAIN	Quiver Dance	for Ian			yes	Legends Z-A	52	Black and White 68; Black 2 and White 2 68; X and Y 1; X and Y 68; Omega Ruby and Alpha Sapphire 1; Omega Ruby and Alpha Sapphire 52; Sun and Moon 1; Sun and Moon 52; Ultra Sun and Ultra Moon 1; Ultra Sun and Ultra Moon 52; Brilliant Diamond and Shining Pearl 1; Brilliant Diamond and Shining Pearl 52; Scarlet and Violet 52; Legends Z-A 52	an S or SSS status move, which the rules add only where Kaizo gives the species the move, and Kaizo gives no species a later move
SPECIES_MASQUERAIN	Soak	relearner only	14			Brilliant Diamond and Shining Pearl	14	Brilliant Diamond and Shining Pearl 14; Scarlet and Violet 1; Legends Z-A 1	below 22, where the stage is had: the relearner's
SPECIES_MASQUERAIN	Sticky Web	for Ian			yes	Brilliant Diamond and Shining Pearl	1	Brilliant Diamond and Shining Pearl 1	an S or SSS status move, which the rules add only where Kaizo gives the species the move, and Kaizo gives no species a later move
SPECIES_MAKUHITA	Heavy Slam	added	46			Legends Z-A	46	Black and White 46; Black 2 and White 2 46; X and Y 46; Omega Ruby and Alpha Sapphire 46; Sun and Moon 46; Ultra Sun and Ultra Moon 46; Brilliant Diamond and Shining Pearl 46; Scarlet and Violet 46; Legends Z-A 46	
SPECIES_HARIYAMA	Headlong Rush	for Ian			yes	Legends Z-A	60	Scarlet and Violet 60; Legends Z-A 60	a stage the power flags or the bar hold takes a new attack only no earlier than its first good one of that type
SPECIES_HARIYAMA	Heavy Slam	added	54			Legends Z-A	54	Black and White 62; Black 2 and White 2 62; X and Y 62; Omega Ruby and Alpha Sapphire 54; Sun and Moon 54; Ultra Sun and Ultra Moon 54; Brilliant Diamond and Shining Pearl 54; Scarlet and Violet 54; Legends Z-A 54	
SPECIES_SKITTY	Baby-Doll Eyes	added	43			Brilliant Diamond and Shining Pearl	43	Brilliant Diamond and Shining Pearl 43	
SPECIES_SKITTY	Disarming Voice	added	13			Legends Z-A	13	Omega Ruby and Alpha Sapphire 13; Sun and Moon 13; Ultra Sun and Ultra Moon 13; Brilliant Diamond and Shining Pearl 13; Legends Z-A 13	
SPECIES_SKITTY	Play Rough	for Ian			yes	Legends Z-A	46	X and Y 49; Omega Ruby and Alpha Sapphire 46; Sun and Moon 46; Ultra Sun and Ultra Moon 46; Brilliant Diamond and Shining Pearl 46; Legends Z-A 46	a stage the power flags or the bar hold takes a new attack only no earlier than its first good one of that type
SPECIES_DELCATTY	Baby-Doll Eyes	relearner only	1			Brilliant Diamond and Shining Pearl	1	Brilliant Diamond and Shining Pearl 1	below 17, where the stage is had: the relearner's
SPECIES_DELCATTY	Disarming Voice	relearner only	1			Brilliant Diamond and Shining Pearl	1	Brilliant Diamond and Shining Pearl 1	below 17, where the stage is had: the relearner's
SPECIES_DELCATTY	Play Rough	for Ian			yes	Brilliant Diamond and Shining Pearl	1	Brilliant Diamond and Shining Pearl 1	1 to 44: no earlier than Kaizo's level for like moves (53) within its split; a stage the power flags or the bar hold takes a new attack only no earlier than its first good one of that type
SPECIES_MAWILE	Draining Kiss	added	22			Legends Z-A	22	Legends Z-A 22	known at capture at 33
SPECIES_MAWILE	Fairy Wind	relearner only	4			Brilliant Diamond and Shining Pearl	4	X and Y 1; Omega Ruby and Alpha Sapphire 1; Sun and Moon 1; Ultra Sun and Ultra Moon 1; Sword and Shield 4; Brilliant Diamond and Shining Pearl 4; Legends Z-A 1	below 33, where the stage is had: the relearner's
SPECIES_MAWILE	Play Rough	added	48		yes	Legends Z-A	48	X and Y 1; X and Y 60; Omega Ruby and Alpha Sapphire 1; Omega Ruby and Alpha Sapphire 49; Sun and Moon 1; Sun and Moon 49; Ultra Sun and Ultra Moon 1; Ultra Sun and Ultra Moon 49; Sword and Shield 48; Brilliant Diamond and Shining Pearl 48; Legends Z-A 48	
SPECIES_MEDITITE	Work Up	relearner only	1			Legends Z-A	1	Scarlet and Violet 1; Legends Z-A 1	below 16, where the stage is had: the relearner's
SPECIES_MEDICHAM	Axe Kick	for Ian			yes	Scarlet and Violet	53	Scarlet and Violet 53	a stage the power flags or the bar hold takes a new attack only no earlier than its first good one of that type
SPECIES_MEDICHAM	Work Up	relearner only	1			Legends Z-A	1	Scarlet and Violet 1; Legends Z-A 1	below 37, where the stage is had: the relearner's
SPECIES_PLUSLE	Bestow	left out				Legends Z-A	13	Omega Ruby and Alpha Sapphire 13; Sun and Moon 13; Ultra Sun and Ultra Moon 13; Legends Z-A 13	the engine does not run it in full (partial: status move running the plain-hit script: its effect never happens)
SPECIES_PLUSLE	Electro Ball	added	19			Legends Z-A	19	Black and White 29; Black 2 and White 2 29; X and Y 29; Omega Ruby and Alpha Sapphire 19; Sun and Moon 19; Ultra Sun and Ultra Moon 19; Brilliant Diamond and Shining Pearl 19; Scarlet and Violet 19; Legends Z-A 19	
SPECIES_PLUSLE	Entrainment	added	49			Legends Z-A	49	Black and White 63; Black 2 and White 2 63; X and Y 1; X and Y 63; Omega Ruby and Alpha Sapphire 49; Sun and Moon 49; Ultra Sun and Ultra Moon 49; Brilliant Diamond and Shining Pearl 49; Scarlet and Violet 49; Legends Z-A 49	
SPECIES_PLUSLE	Nuzzle	added	1			Legends Z-A	1	X and Y 1; Omega Ruby and Alpha Sapphire 1; Sun and Moon 1; Ultra Sun and Ultra Moon 1; Brilliant Diamond and Shining Pearl 1; Legends Z-A 1	known at capture at 11
SPECIES_PLUSLE	Play Nice	added	20			X and Y	21	X and Y 1; X and Y 21; Omega Ruby and Alpha Sapphire 1; Sun and Moon 1; Ultra Sun and Ultra Moon 1; Brilliant Diamond and Shining Pearl 1; Scarlet and Violet 1; Legends Z-A 1	21 to 20: the one-level rule
SPECIES_MINUN	Electro Ball	added	19			Legends Z-A	19	Black and White 29; Black 2 and White 2 29; X and Y 29; Omega Ruby and Alpha Sapphire 19; Sun and Moon 19; Ultra Sun and Ultra Moon 19; Brilliant Diamond and Shining Pearl 19; Scarlet and Violet 19; Legends Z-A 19	
SPECIES_MINUN	Entrainment	added	49			Legends Z-A	49	Black and White 63; Black 2 and White 2 63; X and Y 1; X and Y 63; Omega Ruby and Alpha Sapphire 49; Sun and Moon 49; Ultra Sun and Ultra Moon 49; Brilliant Diamond and Shining Pearl 49; Scarlet and Violet 49; Legends Z-A 49	
SPECIES_MINUN	Nuzzle	added	1			Legends Z-A	1	X and Y 1; Omega Ruby and Alpha Sapphire 1; Sun and Moon 1; Ultra Sun and Ultra Moon 1; Brilliant Diamond and Shining Pearl 1; Legends Z-A 1	known at capture at 11
SPECIES_MINUN	Play Nice	added	2			Legends Z-A	1	X and Y 1; Omega Ruby and Alpha Sapphire 1; Sun and Moon 1; Ultra Sun and Ultra Moon 1; Brilliant Diamond and Shining Pearl 1; Scarlet and Violet 1; Legends Z-A 1	known at capture at 11; 1 to 2: the one-level rule
SPECIES_ROSELIA	Petal Blizzard	added	45		yes	Brilliant Diamond and Shining Pearl	45	X and Y 50; Omega Ruby and Alpha Sapphire 37; Sun and Moon 37; Ultra Sun and Ultra Moon 37; Sword and Shield 45; Brilliant Diamond and Shining Pearl 45	
SPECIES_ROSELIA	Venoshock	relearner only	25			Legends Arceus	25	Legends Arceus 25	below 30, where the stage is had: the relearner's
SPECIES_CARVANHA	Flip Turn	added	20			Legends Z-A	20	Legends Z-A 20	
SPECIES_CARVANHA	Liquidation	for Ian			yes	Legends Z-A	44	Sword and Shield 40; Brilliant Diamond and Shining Pearl 40; Legends Z-A 44	a stage the power flags or the bar hold takes a new attack only no earlier than its first good one of that type
SPECIES_SHARPEDO	Flip Turn	relearner only	20			Legends Z-A	20	Legends Z-A 20	below 30, where the stage is had: the relearner's
SPECIES_SHARPEDO	Liquidation	for Ian			yes	Legends Z-A	44	Sword and Shield 46; Brilliant Diamond and Shining Pearl 46; Legends Z-A 44	a stage the power flags or the bar hold takes a new attack only no earlier than its first good one of that type
SPECIES_WAILMER	Heavy Slam	added	20			Legends Z-A	21	Black and White 50; Black 2 and White 2 50; X and Y 50; Omega Ruby and Alpha Sapphire 53; Sun and Moon 53; Ultra Sun and Ultra Moon 53; Sword and Shield 21; Brilliant Diamond and Shining Pearl 21; Legends Z-A 21	21 to 20: the one-level rule
SPECIES_WAILORD	Heavy Slam	relearner only	21			Legends Z-A	21	Black and White 70; Black 2 and White 2 70; X and Y 70; Omega Ruby and Alpha Sapphire 1; Omega Ruby and Alpha Sapphire 65; Sun and Moon 1; Sun and Moon 65; Ultra Sun and Ultra Moon 1; Ultra Sun and Ultra Moon 65; Sword and Shield 21; Brilliant Diamond and Shining Pearl 21; Legends Z-A 21	below 40, where the stage is had: the relearner's
SPECIES_WAILORD	Noble Roar	relearner only	1			Legends Z-A	1	Sun and Moon 1; Ultra Sun and Ultra Moon 1; Sword and Shield 1; Brilliant Diamond and Shining Pearl 1; Legends Z-A 1	below 40, where the stage is had: the relearner's
SPECIES_WAILORD	Soak	relearner only	1			Legends Z-A	1	Sun and Moon 1; Ultra Sun and Ultra Moon 1; Sword and Shield 1; Brilliant Diamond and Shining Pearl 1; Legends Z-A 1	below 40, where the stage is had: the relearner's
SPECIES_TRAPINCH	Bulldoze	added	20			Legends Z-A	20	Black 2 and White 2 21; X and Y 21; Omega Ruby and Alpha Sapphire 8; Sun and Moon 8; Ultra Sun and Ultra Moon 8; Sword and Shield 20; Brilliant Diamond and Shining Pearl 20; Scarlet and Violet 20; Legends Z-A 20	
SPECIES_TRAPINCH	Laser Focus	added	4			Legends Z-A	4	Sword and Shield 4; Brilliant Diamond and Shining Pearl 4; Legends Z-A 4	known at capture at 20
SPECIES_VIBRAVA	Boomburst	for Ian			yes	Legends Z-A	62	Omega Ruby and Alpha Sapphire 47; Sun and Moon 47; Ultra Sun and Ultra Moon 47; Sword and Shield 62; Brilliant Diamond and Shining Pearl 62; Scarlet and Violet 62; Legends Z-A 62	a stage the power flags or the bar hold takes a new attack only no earlier than its first good one of that type
SPECIES_VIBRAVA	Bulldoze	relearner only	8			Ultra Sun and Ultra Moon	8	Black 2 and White 2 21; X and Y 21; Omega Ruby and Alpha Sapphire 8; Sun and Moon 8; Ultra Sun and Ultra Moon 8; Sword and Shield 1; Brilliant Diamond and Shining Pearl 1; Legends Z-A 1	below 35, where the stage is had: the relearner's
SPECIES_VIBRAVA	Dragon Tail	relearner only	20			Legends Z-A	20	Sword and Shield 20; Brilliant Diamond and Shining Pearl 20; Scarlet and Violet 20; Legends Z-A 20	below 35, where the stage is had: the relearner's
SPECIES_VIBRAVA	Laser Focus	relearner only	1			Legends Z-A	1	Sword and Shield 1; Brilliant Diamond and Shining Pearl 1; Legends Z-A 1	below 35, where the stage is had: the relearner's
SPECIES_FLYGON	Boomburst	added	68		yes	Legends Z-A	68	Sword and Shield 68; Brilliant Diamond and Shining Pearl 68; Scarlet and Violet 68; Legends Z-A 68	
SPECIES_FLYGON	Bulldoze	relearner only	8			Ultra Sun and Ultra Moon	8	Black 2 and White 2 21; X and Y 21; Omega Ruby and Alpha Sapphire 8; Sun and Moon 8; Ultra Sun and Ultra Moon 8; Sword and Shield 1; Brilliant Diamond and Shining Pearl 1; Scarlet and Violet 1; Legends Z-A 1	below 45, where the stage is had: the relearner's
SPECIES_FLYGON	Dragon Tail	relearner only	20			Legends Z-A	20	Black and White 65; Black 2 and White 2 45; X and Y 45; Omega Ruby and Alpha Sapphire 29; Sun and Moon 29; Ultra Sun and Ultra Moon 29; Sword and Shield 20; Brilliant Diamond and Shining Pearl 20; Scarlet and Violet 20; Legends Z-A 20	below 45, where the stage is had: the relearner's
SPECIES_FLYGON	Laser Focus	relearner only	1			Legends Z-A	1	Sword and Shield 1; Brilliant Diamond and Shining Pearl 1; Legends Z-A 1	below 45, where the stage is had: the relearner's
SPECIES_SWABLU	Cotton Guard	added	31			Legends Z-A	32	Black and White 40; Black 2 and White 2 39; X and Y 39; Omega Ruby and Alpha Sapphire 34; Sun and Moon 34; Ultra Sun and Ultra Moon 34; Sword and Shield 32; Brilliant Diamond and Shining Pearl 32; Scarlet and Violet 32; Legends Z-A 32	32 to 31: the one-level rule
SPECIES_SWABLU	Disarming Voice	added	4			Legends Z-A	4	Omega Ruby and Alpha Sapphire 11; Sun and Moon 11; Ultra Sun and Ultra Moon 11; Sword and Shield 4; Brilliant Diamond and Shining Pearl 4; Scarlet and Violet 4; Legends Z-A 4	
SPECIES_SWABLU	Moonblast	added	41		yes	Legends Z-A	40	X and Y 50; Omega Ruby and Alpha Sapphire 46; Sun and Moon 46; Ultra Sun and Ultra Moon 46; Sword and Shield 40; Brilliant Diamond and Shining Pearl 40; Scarlet and Violet 40; Legends Z-A 40	40 to 41: the one-level rule
SPECIES_SWABLU	Round	added	16			Scarlet and Violet	16	Black 2 and White 2 18; X and Y 18; Omega Ruby and Alpha Sapphire 17; Sun and Moon 17; Ultra Sun and Ultra Moon 17; Sword and Shield 16; Brilliant Diamond and Shining Pearl 16; Scarlet and Violet 16	
SPECIES_ALTARIA	Cotton Guard	relearner only	32			Legends Z-A	32	Black and White 46; Black 2 and White 2 42; X and Y 42; Omega Ruby and Alpha Sapphire 34; Sun and Moon 34; Ultra Sun and Ultra Moon 34; Sword and Shield 32; Brilliant Diamond and Shining Pearl 32; Scarlet and Violet 32; Legends Z-A 32	below 35, where the stage is had: the relearner's
SPECIES_ALTARIA	Disarming Voice	relearner only	4			Legends Z-A	4	Omega Ruby and Alpha Sapphire 11; Sun and Moon 11; Ultra Sun and Ultra Moon 11; Sword and Shield 1; Brilliant Diamond and Shining Pearl 1; Scarlet and Violet 1; Legends Z-A 4	below 35, where the stage is had: the relearner's
SPECIES_ALTARIA	Hurricane	for Ian			yes	Brilliant Diamond and Shining Pearl	1	Brilliant Diamond and Shining Pearl 1	1 to 53: no earlier than Kaizo's level for like moves (61) within its split; a stage the power flags or the bar hold takes a new attack only no earlier than its first good one of that type
SPECIES_ALTARIA	Moonblast	for Ian			yes	Legends Z-A	40	X and Y 60; Omega Ruby and Alpha Sapphire 52; Sun and Moon 52; Ultra Sun and Ultra Moon 52; Sword and Shield 44; Brilliant Diamond and Shining Pearl 44; Scarlet and Violet 44; Legends Z-A 40	a stage the power flags or the bar hold takes a new attack only no earlier than its first good one of that type
SPECIES_ALTARIA	Round	relearner only	16			Scarlet and Violet	16	Black 2 and White 2 18; X and Y 18; Omega Ruby and Alpha Sapphire 17; Sun and Moon 17; Ultra Sun and Ultra Moon 17; Sword and Shield 16; Brilliant Diamond and Shining Pearl 16; Scarlet and Violet 16	below 35, where the stage is had: the relearner's
SPECIES_LUNATONE	Magic Room	left out				Legends Z-A	45	Black and White 64; Black 2 and White 2 53; X and Y 1; X and Y 53; Omega Ruby and Alpha Sapphire 49; Sun and Moon 49; Ultra Sun and Ultra Moon 49; Sword and Shield 45; Brilliant Diamond and Shining Pearl 45; Legends Z-A 45	the engine does not run it in full (partial: status move running the plain-hit script: its effect never happens)
SPECIES_LUNATONE	Moonblast	added	50		yes	X and Y	50	X and Y 50; Omega Ruby and Alpha Sapphire 1; Sun and Moon 1; Ultra Sun and Ultra Moon 1; Sword and Shield 1; Brilliant Diamond and Shining Pearl 1; Legends Z-A 1	
SPECIES_LUNATONE	Psyshock	added	21		yes	Legends Z-A	20	Sun and Moon 1; Ultra Sun and Ultra Moon 1; Sword and Shield 20; Brilliant Diamond and Shining Pearl 20; Legends Z-A 20	known at capture at 31; 20 to 21: the one-level rule
SPECIES_SOLROCK	Wonder Room	added	46			Legends Z-A	45	Black and White 64; Black 2 and White 2 53; X and Y 1; X and Y 53; Omega Ruby and Alpha Sapphire 49; Sun and Moon 49; Ultra Sun and Ultra Moon 49; Sword and Shield 45; Brilliant Diamond and Shining Pearl 45; Legends Z-A 45	45 to 46: the one-level rule
SPECIES_WHISCASH	Belch	relearner only	1			Legends Z-A	1	Sun and Moon 1; Ultra Sun and Ultra Moon 1; Sword and Shield 1; Brilliant Diamond and Shining Pearl 1; Scarlet and Violet 1; Legends Z-A 1	below 30, where the stage is had: the relearner's
SPECIES_CORPHISH	Razor Shell	for Ian			yes	Legends Z-A	32	Omega Ruby and Alpha Sapphire 31; Sun and Moon 31; Ultra Sun and Ultra Moon 31; Sword and Shield 32; Brilliant Diamond and Shining Pearl 32; Scarlet and Violet 32; Legends Z-A 32	a stage the power flags or the bar hold takes a new attack only no earlier than its first good one of that type
SPECIES_CRAWDAUNT	Razor Shell	for Ian			yes	Legends Z-A	34	Omega Ruby and Alpha Sapphire 32; Sun and Moon 32; Ultra Sun and Ultra Moon 32; Sword and Shield 34; Brilliant Diamond and Shining Pearl 34; Scarlet and Violet 34; Legends Z-A 34	a stage the power flags or the bar hold takes a new attack only no earlier than its first good one of that type
SPECIES_ANORITH	Smack Down	added	8			Legends Z-A	8	Omega Ruby and Alpha Sapphire 13; Sun and Moon 13; Ultra Sun and Ultra Moon 13; Sword and Shield 8; Brilliant Diamond and Shining Pearl 8; Legends Z-A 8	known at capture at 20
SPECIES_ARMALDO	Smack Down	relearner only	13			Ultra Sun and Ultra Moon	13	Omega Ruby and Alpha Sapphire 13; Sun and Moon 13; Ultra Sun and Ultra Moon 13; Sword and Shield 1; Brilliant Diamond and Shining Pearl 1; Legends Z-A 1	below 40, where the stage is had: the relearner's
SPECIES_MILOTIC	Breaking Swipe	relearner only	16			Legends Z-A	16	Legends Z-A 16	below 30, where the stage is had: the relearner's
SPECIES_MILOTIC	Coil	added	48		yes	Scarlet and Violet	48	Omega Ruby and Alpha Sapphire 44; Sun and Moon 41; Ultra Sun and Ultra Moon 41; Sword and Shield 48; Brilliant Diamond and Shining Pearl 48; Scarlet and Violet 48	
SPECIES_MILOTIC	Disarming Voice	relearner only	4			Legends Z-A	4	Omega Ruby and Alpha Sapphire 11; Sun and Moon 11; Ultra Sun and Ultra Moon 11; Sword and Shield 4; Brilliant Diamond and Shining Pearl 4; Scarlet and Violet 4; Legends Z-A 4	below 30, where the stage is had: the relearner's
SPECIES_MILOTIC	Dragon Tail	relearner only	24			Scarlet and Violet	24	Omega Ruby and Alpha Sapphire 27; Sun and Moon 24; Ultra Sun and Ultra Moon 24; Sword and Shield 24; Brilliant Diamond and Shining Pearl 24; Scarlet and Violet 24	below 30, where the stage is had: the relearner's
SPECIES_MILOTIC	Draining Kiss	relearner only	20			Legends Z-A	20	Legends Z-A 20	below 30, where the stage is had: the relearner's
SPECIES_MILOTIC	Life Dew	relearner only	20			Scarlet and Violet	20	Sword and Shield 20; Brilliant Diamond and Shining Pearl 20; Scarlet and Violet 20	below 30, where the stage is had: the relearner's
SPECIES_CASTFORM	Hurricane	for Ian			yes	Legends Z-A	45	Omega Ruby and Alpha Sapphire 45; Sun and Moon 45; Ultra Sun and Ultra Moon 45; Brilliant Diamond and Shining Pearl 45; Legends Z-A 45	a stage the power flags or the bar hold takes a new attack only no earlier than its first good one of that type
SPECIES_DUSKULL	Hex	added	32			Legends Z-A	32	Black and White 38; Black 2 and White 2 38; X and Y 38; Omega Ruby and Alpha Sapphire 38; Sun and Moon 38; Ultra Sun and Ultra Moon 38; Sword and Shield 32; Brilliant Diamond and Shining Pearl 32; Legends Arceus 11; Scarlet and Violet 32; Legends Z-A 32	
SPECIES_DUSCLOPS	Hex	relearner only	32			Legends Z-A	32	Black and White 42; Black 2 and White 2 42; X and Y 42; Omega Ruby and Alpha Sapphire 40; Sun and Moon 40; Ultra Sun and Ultra Moon 40; Sword and Shield 32; Brilliant Diamond and Shining Pearl 32; Legends Arceus 11; Scarlet and Violet 32; Legends Z-A 32	below 37, where the stage is had: the relearner's
SPECIES_TROPIUS	Bestow	left out				Ultra Sun and Ultra Moon	46	Black and White 57; Black 2 and White 2 57; X and Y 1; X and Y 57; Omega Ruby and Alpha Sapphire 46; Sun and Moon 46; Ultra Sun and Ultra Moon 46	the engine does not run it in full (partial: status move running the plain-hit script: its effect never happens)
SPECIES_TROPIUS	Dragon Hammer	for Ian			yes	Brilliant Diamond and Shining Pearl	46	Brilliant Diamond and Shining Pearl 46	a stage the power flags or the bar hold takes a new attack only no earlier than its first good one of that type
SPECIES_TROPIUS	Leaf Tornado	replaces	31	Magical Leaf		Brilliant Diamond and Shining Pearl	26	Black and White 47; Black 2 and White 2 47; X and Y 47; Omega Ruby and Alpha Sapphire 26; Sun and Moon 26; Ultra Sun and Ultra Moon 26; Brilliant Diamond and Shining Pearl 26	replaces Magical Leaf at 31
SPECIES_TROPIUS	Wide Guard	added	30			Legends Z-A	30	Scarlet and Violet 30; Legends Z-A 30	
SPECIES_CHIMECHO	Boomburst	added	48		yes	Legends Z-A	48	Legends Z-A 48	
SPECIES_CHIMECHO	Disarming Voice	relearner only	10			Legends Z-A	10	Legends Z-A 10	below 20, where the stage is had: the relearner's
SPECIES_CHIMECHO	Entrainment	relearner only	1			Brilliant Diamond and Shining Pearl	1	Brilliant Diamond and Shining Pearl 1	below 20, where the stage is had: the relearner's
SPECIES_CHIMECHO	Heal Pulse	added	47			Scarlet and Violet	47	Black and White 49; Black 2 and White 2 49; X and Y 49; Omega Ruby and Alpha Sapphire 47; Sun and Moon 47; Ultra Sun and Ultra Moon 47; Brilliant Diamond and Shining Pearl 47; Scarlet and Violet 47	
SPECIES_CHIMECHO	Stored Power	left out				Scarlet and Violet	16	Scarlet and Violet 16	dead weight: strength 20, under 40
SPECIES_CHIMECHO	Synchronoise	left out				Ultra Sun and Ultra Moon	52	Black and White 54; Black 2 and White 2 54; X and Y 1; X and Y 54; Omega Ruby and Alpha Sapphire 1; Omega Ruby and Alpha Sapphire 52; Sun and Moon 1; Sun and Moon 52; Ultra Sun and Ultra Moon 1; Ultra Sun and Ultra Moon 52	the engine does not run it in full (partial: plain 120 hit on any foe; the rule that it hits only a foe sharing a type is missing)
SPECIES_ABSOL	Phantom Force	for Ian			yes	Legends Z-A	1	Legends Z-A 1	1 to 26: no earlier than Kaizo's level for like moves (28) within its split; a stage the power flags or the bar hold takes a new attack only no earlier than its first good one of that type
SPECIES_ABSOL	Snarl	relearner only	1			Legends Z-A	1	Legends Z-A 1	below 26, where the stage is had: the relearner's
SPECIES_SNORUNT	Frost Breath	added	30			Scarlet and Violet	30	Omega Ruby and Alpha Sapphire 37; Sun and Moon 37; Ultra Sun and Ultra Moon 37; Sword and Shield 30; Brilliant Diamond and Shining Pearl 30; Scarlet and Violet 30	
SPECIES_SNORUNT	Icicle Crash	for Ian			yes	Legends Z-A	40	Legends Arceus 34; Legends Z-A 40	comes along without a real wait into Glalie, which the power flags or the bar hold, before its first good one of that type
SPECIES_SNORUNT	Snowscape	left out				Scarlet and Violet	45	Scarlet and Violet 45	the engine does not run it in full (stub: nothing happens)
SPECIES_GLALIE	Freeze-Dry	for Ian			yes	Legends Z-A	0	Omega Ruby and Alpha Sapphire 42; Sun and Moon 0; Sun and Moon 1; Ultra Sun and Ultra Moon 0; Ultra Sun and Ultra Moon 1; Sword and Shield 0; Sword and Shield 1; Brilliant Diamond and Shining Pearl 0; Brilliant Diamond and Shining Pearl 1; Scarlet and Violet 0; Legends Z-A 0	a stage the power flags or the bar hold takes a new attack only no earlier than its first good one of that type
SPECIES_GLALIE	Frost Breath	relearner only	30			Scarlet and Violet	30	Omega Ruby and Alpha Sapphire 37; Sun and Moon 37; Ultra Sun and Ultra Moon 37; Sword and Shield 30; Brilliant Diamond and Shining Pearl 30; Scarlet and Violet 30	below 42, where the stage is had: the relearner's
SPECIES_GLALIE	Icicle Crash	for Ian			yes	Legends Z-A	40	Legends Arceus 34; Legends Z-A 40	a stage the power flags or the bar hold takes a new attack only no earlier than its first good one of that type
SPECIES_GLALIE	Snowscape	left out				Scarlet and Violet	47	Scarlet and Violet 47	the engine does not run it in full (stub: nothing happens)
SPECIES_SPHEAL	Liquidation	added	53		yes	Legends Arceus	25	Legends Arceus 25	25 to 53: no earlier than Kaizo's level for like moves (63) within its split
SPECIES_SEALEO	Liquidation	for Ian			yes	Legends Arceus	25	Legends Arceus 25	25 to 44: no earlier than Kaizo's level for like moves (50) within its split; comes along without a real wait into Walrein, which the power flags or the bar hold, before its first good one of that type
SPECIES_WALREIN	Liquidation	for Ian			yes	Legends Arceus	25	Legends Arceus 25	a stage the power flags or the bar hold takes a new attack only no earlier than its first good one of that type
SPECIES_CLAMPERL	Shell Smash	for Ian			yes	Legends Z-A	50	Black and White 51; Black 2 and White 2 51; X and Y 50; Omega Ruby and Alpha Sapphire 50; Sun and Moon 50; Ultra Sun and Ultra Moon 50; Brilliant Diamond and Shining Pearl 50; Legends Z-A 50	an S or SSS status move, which the rules add only where Kaizo gives the species the move, and Kaizo gives no species a later move
SPECIES_HUNTAIL	Coil	added	45		yes	Legends Z-A	45	Omega Ruby and Alpha Sapphire 45; Sun and Moon 45; Ultra Sun and Ultra Moon 45; Brilliant Diamond and Shining Pearl 45; Legends Z-A 45	
SPECIES_HUNTAIL	Shell Smash	for Ian			yes	Brilliant Diamond and Shining Pearl	1	Brilliant Diamond and Shining Pearl 1	an S or SSS status move, which the rules add only where Kaizo gives the species the move, and Kaizo gives no species a later move
SPECIES_GOREBYSS	Coil	added	45		yes	Legends Z-A	45	Omega Ruby and Alpha Sapphire 45; Sun and Moon 45; Ultra Sun and Ultra Moon 45; Brilliant Diamond and Shining Pearl 45; Legends Z-A 45	
SPECIES_GOREBYSS	Draining Kiss	added	11			Legends Z-A	11	Omega Ruby and Alpha Sapphire 11; Sun and Moon 11; Ultra Sun and Ultra Moon 11; Brilliant Diamond and Shining Pearl 11; Legends Z-A 11	
SPECIES_GOREBYSS	Shell Smash	for Ian			yes	Brilliant Diamond and Shining Pearl	1	Brilliant Diamond and Shining Pearl 1	an S or SSS status move, which the rules add only where Kaizo gives the species the move, and Kaizo gives no species a later move
SPECIES_LUVDISC	Baby-Doll Eyes	added	36			Legends Z-A	37	Brilliant Diamond and Shining Pearl 37; Scarlet and Violet 37; Legends Z-A 37	37 to 36: the one-level rule
SPECIES_LUVDISC	Draining Kiss	added	21			Legends Z-A	22	Omega Ruby and Alpha Sapphire 9; Sun and Moon 9; Ultra Sun and Ultra Moon 9; Brilliant Diamond and Shining Pearl 9; Scarlet and Violet 22; Legends Z-A 22	22 to 21: the one-level rule
SPECIES_LUVDISC	Heart Stamp	added	23			Ultra Sun and Ultra Moon	22	Sun and Moon 22; Ultra Sun and Ultra Moon 22	22 to 23: the one-level rule
SPECIES_LUVDISC	Soak	added	42			Legends Z-A	42	Sun and Moon 42; Ultra Sun and Ultra Moon 42; Brilliant Diamond and Shining Pearl 42; Scarlet and Violet 42; Legends Z-A 42	
SPECIES_LUVDISC	Tearful Look	added	13			Brilliant Diamond and Shining Pearl	13	Brilliant Diamond and Shining Pearl 13	
SPECIES_METANG	Hone Claws	relearner only	1			Scarlet and Violet	1	Scarlet and Violet 1	below 20, where the stage is had: the relearner's
SPECIES_METAGROSS	Brutal Swing	added	46			Legends Z-A	46	Legends Z-A 46	
SPECIES_METAGROSS	Heavy Slam	relearner only	1			Legends Z-A	1	Legends Z-A 1	below 45, where the stage is had: the relearner's
SPECIES_REGIROCK	Bulldoze	added	6			Legends Z-A	6	Omega Ruby and Alpha Sapphire 1; Omega Ruby and Alpha Sapphire 19; Sun and Moon 1; Sun and Moon 19; Ultra Sun and Ultra Moon 1; Ultra Sun and Ultra Moon 19; Sword and Shield 6; Brilliant Diamond and Shining Pearl 6; Scarlet and Violet 6; Legends Z-A 6	known at capture at 30
SPECIES_REGICE	Bulldoze	added	6			Legends Z-A	6	Omega Ruby and Alpha Sapphire 1; Omega Ruby and Alpha Sapphire 19; Sun and Moon 1; Sun and Moon 19; Ultra Sun and Ultra Moon 1; Ultra Sun and Ultra Moon 19; Sword and Shield 6; Brilliant Diamond and Shining Pearl 6; Scarlet and Violet 6; Legends Z-A 6	known at capture at 30
SPECIES_REGISTEEL	Bulldoze	added	6			Legends Z-A	6	Omega Ruby and Alpha Sapphire 1; Omega Ruby and Alpha Sapphire 19; Sun and Moon 1; Sun and Moon 19; Ultra Sun and Ultra Moon 1; Ultra Sun and Ultra Moon 19; Sword and Shield 6; Brilliant Diamond and Shining Pearl 6; Scarlet and Violet 6; Legends Z-A 6	known at capture at 30
SPECIES_REGISTEEL	Heavy Slam	added	48			Legends Z-A	48	Sword and Shield 48; Brilliant Diamond and Shining Pearl 48; Scarlet and Violet 48; Legends Z-A 48	
SPECIES_TURTWIG	Bulldoze	added	18			Legends Arceus	18	Legends Arceus 18	
SPECIES_TURTWIG	Leafage	already there				Legends Arceus	6	Brilliant Diamond and Shining Pearl 6; Legends Arceus 6	the proposal has it
SPECIES_GROTLE	Bulldoze	added	18			Legends Arceus	18	Legends Arceus 18	
SPECIES_GROTLE	Leafage	relearner only	6			Legends Arceus	6	Brilliant Diamond and Shining Pearl 6; Legends Arceus 6	below 18, where the stage is had: the relearner's
SPECIES_TORTERRA	Bulldoze	relearner only	18			Legends Arceus	18	Legends Arceus 18	below 32, where the stage is had: the relearner's
SPECIES_TORTERRA	Headlong Rush	added	63		yes	Scarlet and Violet	63	Legends Arceus 57; Scarlet and Violet 63	
SPECIES_TORTERRA	Leafage	relearner only	6			Legends Arceus	6	Brilliant Diamond and Shining Pearl 6; Legends Arceus 6	below 32, where the stage is had: the relearner's
SPECIES_PIPLUP	Liquidation	for Ian			yes	Legends Arceus	34	Legends Arceus 34	a stage the power flags or the bar hold takes a new attack only no earlier than its first good one of that type
SPECIES_PRINPLUP	Liquidation	for Ian			yes	Legends Arceus	34	Legends Arceus 34	34 to 39: no earlier than Kaizo's level for like moves (42) within its split; a stage the power flags or the bar hold takes a new attack only no earlier than its first good one of that type
SPECIES_EMPOLEON	Liquidation	for Ian			yes	Legends Arceus	34	Legends Arceus 34	a stage the power flags or the bar hold takes a new attack only no earlier than its first good one of that type
SPECIES_EMPOLEON	Wave Crash	added	66		yes	Scarlet and Violet	66	Legends Arceus 57; Scarlet and Violet 66	
SPECIES_STARLY	Final Gambit	added	41			Scarlet and Violet	41	Black and White 41; Black 2 and White 2 41; X and Y 41; Omega Ruby and Alpha Sapphire 41; Sun and Moon 41; Ultra Sun and Ultra Moon 41; Brilliant Diamond and Shining Pearl 41; Scarlet and Violet 41	
SPECIES_STARAVIA	Final Gambit	added	48			Scarlet and Violet	48	Black and White 48; Black 2 and White 2 48; X and Y 48; Omega Ruby and Alpha Sapphire 48; Sun and Moon 48; Ultra Sun and Ultra Moon 48; Brilliant Diamond and Shining Pearl 48; Scarlet and Violet 48	
SPECIES_STARAPTOR	Final Gambit	added	57			Scarlet and Violet	57	Black and White 57; Black 2 and White 2 57; X and Y 57; Omega Ruby and Alpha Sapphire 57; Sun and Moon 57; Ultra Sun and Ultra Moon 57; Brilliant Diamond and Shining Pearl 57; Scarlet and Violet 57	
SPECIES_BIBAREL	Rototiller	left out				Legends Z-A	1	X and Y 1; Omega Ruby and Alpha Sapphire 1; Sun and Moon 1; Ultra Sun and Ultra Moon 1; Legends Z-A 1	the engine does not run it in full (partial: status move running the plain-hit script: its effect never happens)
SPECIES_KRICKETOT	Struggle Bug	added	6			Legends Z-A	6	Black and White 6; Black 2 and White 2 6; X and Y 6; Omega Ruby and Alpha Sapphire 6; Sun and Moon 6; Ultra Sun and Ultra Moon 6; Brilliant Diamond and Shining Pearl 6; Scarlet and Violet 6; Legends Z-A 6	
SPECIES_KRICKETUNE	Fell Stinger	added	36			Legends Z-A	36	X and Y 36; Omega Ruby and Alpha Sapphire 36; Sun and Moon 36; Ultra Sun and Ultra Moon 36; Brilliant Diamond and Shining Pearl 36; Scarlet and Violet 36; Legends Z-A 36	
SPECIES_KRICKETUNE	Sticky Web	for Ian			yes	Legends Z-A	44	X and Y 44; Omega Ruby and Alpha Sapphire 44; Sun and Moon 44; Ultra Sun and Ultra Moon 44; Brilliant Diamond and Shining Pearl 44; Scarlet and Violet 44; Legends Z-A 44	an S or SSS status move, which the rules add only where Kaizo gives the species the move, and Kaizo gives no species a later move
SPECIES_KRICKETUNE	Struggle Bug	relearner only	1			Brilliant Diamond and Shining Pearl	1	Brilliant Diamond and Shining Pearl 1	below 10, where the stage is had: the relearner's
SPECIES_SHINX	Baby-Doll Eyes	added	11			Ultra Sun and Ultra Moon	11	X and Y 11; Omega Ruby and Alpha Sapphire 11; Sun and Moon 11; Ultra Sun and Ultra Moon 11	
SPECIES_SHINX	Volt Switch	added	44		yes	Legends Z-A	24	Sword and Shield 24; Brilliant Diamond and Shining Pearl 24; Scarlet and Violet 24; Legends Z-A 24	24 to 44: no earlier than Kaizo's level for like moves (54) within its split
SPECIES_SHINX	Wild Charge	added	48		yes	Legends Z-A	48	Black and White 45; Black 2 and White 2 45; X and Y 45; Omega Ruby and Alpha Sapphire 45; Sun and Moon 45; Ultra Sun and Ultra Moon 45; Sword and Shield 48; Brilliant Diamond and Shining Pearl 48; Legends Arceus 37; Scarlet and Violet 48; Legends Z-A 48	
SPECIES_LUXIO	Volt Switch	for Ian			yes	Legends Z-A	31	Sword and Shield 31; Brilliant Diamond and Shining Pearl 31; Scarlet and Violet 31; Legends Z-A 31	a stage the power flags or the bar hold takes a new attack only no earlier than its first good one of that type
SPECIES_LUXIO	Wild Charge	added	68		yes	Legends Z-A	68	Black and White 53; Black 2 and White 2 53; X and Y 53; Omega Ruby and Alpha Sapphire 53; Sun and Moon 53; Ultra Sun and Ultra Moon 53; Sword and Shield 68; Brilliant Diamond and Shining Pearl 68; Legends Arceus 37; Scarlet and Violet 68; Legends Z-A 68	
SPECIES_LUXRAY	ElectricTerrain	left out				Ultra Sun and Ultra Moon	67	X and Y 1; X and Y 67; Omega Ruby and Alpha Sapphire 1; Omega Ruby and Alpha Sapphire 67; Sun and Moon 1; Sun and Moon 67; Ultra Sun and Ultra Moon 1; Ultra Sun and Ultra Moon 67; Sword and Shield 1; Brilliant Diamond and Shining Pearl 1; Scarlet and Violet 1; Legends Z-A 1	the engine does not run it in full (stub: nothing happens (terrain held))
SPECIES_LUXRAY	Volt Switch	for Ian			yes	Legends Z-A	33	Sword and Shield 33; Brilliant Diamond and Shining Pearl 33; Scarlet and Violet 33; Legends Z-A 33	33 to 39: no earlier than Kaizo's level for like moves (42) within its split; a stage the power flags or the bar hold takes a new attack only no earlier than its first good one of that type
SPECIES_LUXRAY	Wild Charge	left out			yes	Legends Z-A	80	Black and White 63; Black 2 and White 2 63; X and Y 63; Omega Ruby and Alpha Sapphire 63; Sun and Moon 63; Ultra Sun and Ultra Moon 63; Sword and Shield 80; Brilliant Diamond and Shining Pearl 80; Legends Arceus 37; Scarlet and Violet 80; Legends Z-A 80	at 80, past 78
SPECIES_BUDEW	Venoshock	added	25			Legends Arceus	25	Legends Arceus 25	
SPECIES_ROSERADE	Grassy Terrain	left out				Brilliant Diamond and Shining Pearl	1	X and Y 1; Omega Ruby and Alpha Sapphire 1; Sun and Moon 1; Ultra Sun and Ultra Moon 1; Sword and Shield 1; Brilliant Diamond and Shining Pearl 1	the engine does not run it in full (stub: nothing happens (terrain held))
SPECIES_ROSERADE	Mortal Spin	relearner only	1			Legends Z-A	1	Legends Z-A 1	below 40, where the stage is had: the relearner's
SPECIES_ROSERADE	Petal Blizzard	for Ian			yes	Brilliant Diamond and Shining Pearl	1	Sword and Shield 1; Brilliant Diamond and Shining Pearl 1	1 to 53: no earlier than Kaizo's level for like moves (56) within its split; a stage the power flags or the bar hold takes a new attack only no earlier than its first good one of that type
SPECIES_ROSERADE	Venom Drench	relearner only	1			Brilliant Diamond and Shining Pearl	1	X and Y 1; Omega Ruby and Alpha Sapphire 1; Sun and Moon 1; Ultra Sun and Ultra Moon 1; Sword and Shield 1; Brilliant Diamond and Shining Pearl 1	below 40, where the stage is had: the relearner's
SPECIES_ROSERADE	Venoshock	relearner only	25			Legends Arceus	25	Legends Arceus 25	below 40, where the stage is had: the relearner's
SPECIES_CRANIDOS	Chip Away	added	27			Legends Z-A	28	Black and White 28; Black 2 and White 2 28; X and Y 28; Omega Ruby and Alpha Sapphire 28; Sun and Moon 28; Ultra Sun and Ultra Moon 28; Legends Z-A 28	28 to 27: the one-level rule
SPECIES_RAMPARDOS	Chip Away	relearner only	28			Legends Z-A	28	Black and White 28; Black 2 and White 2 28; X and Y 28; Omega Ruby and Alpha Sapphire 28; Sun and Moon 28; Ultra Sun and Ultra Moon 28; Legends Z-A 28	below 30, where the stage is had: the relearner's
SPECIES_SHIELDON	Heavy Slam	added	46			Legends Z-A	46	Black and White 46; Black 2 and White 2 46; X and Y 46; Omega Ruby and Alpha Sapphire 46; Sun and Moon 46; Ultra Sun and Ultra Moon 46; Brilliant Diamond and Shining Pearl 46; Scarlet and Violet 46; Legends Z-A 46	
SPECIES_BASTIODON	Heavy Slam	added	58			Legends Z-A	58	Black and White 58; Black 2 and White 2 58; X and Y 58; Omega Ruby and Alpha Sapphire 58; Sun and Moon 58; Ultra Sun and Ultra Moon 58; Brilliant Diamond and Shining Pearl 58; Scarlet and Violet 58; Legends Z-A 58	
SPECIES_BURMY	Struggle Bug	added	1			Legends Arceus	1	Legends Arceus 1	known at capture at 10
SPECIES_WORMADAM	Infestation	left out				Brilliant Diamond and Shining Pearl	35	Brilliant Diamond and Shining Pearl 35	dead weight: strength 20, under 40
SPECIES_WORMADAM	Quiver Dance	for Ian			yes	Legends Z-A	0	Sun and Moon 0; Sun and Moon 1; Ultra Sun and Ultra Moon 0; Ultra Sun and Ultra Moon 1; Brilliant Diamond and Shining Pearl 0; Brilliant Diamond and Shining Pearl 1; Legends Z-A 0	an S or SSS status move, which the rules add only where Kaizo gives the species the move, and Kaizo gives no species a later move
SPECIES_WORMADAM	Struggle Bug	relearner only	1			Legends Arceus	1	Legends Arceus 1	below 20, where the stage is had: the relearner's
SPECIES_MOTHIM	Lunge	added	48		yes	Legends Z-A	47	Sun and Moon 47; Ultra Sun and Ultra Moon 47; Brilliant Diamond and Shining Pearl 47; Legends Z-A 47	47 to 48: the one-level rule
SPECIES_MOTHIM	Quiver Dance	for Ian			yes	Legends Z-A	0	Black and White 50; Black 2 and White 2 50; X and Y 50; Omega Ruby and Alpha Sapphire 50; Sun and Moon 0; Sun and Moon 1; Ultra Sun and Ultra Moon 0; Ultra Sun and Ultra Moon 1; Brilliant Diamond and Shining Pearl 0; Brilliant Diamond and Shining Pearl 1; Legends Z-A 0	an S or SSS status move, which the rules add only where Kaizo gives the species the move, and Kaizo gives no species a later move
SPECIES_MOTHIM	Struggle Bug	added	37			Brilliant Diamond and Shining Pearl	38	Brilliant Diamond and Shining Pearl 38; Legends Arceus 1	38 to 37: the one-level rule
SPECIES_COMBEE	Struggle Bug	added	6			Legends Arceus	6	Sword and Shield 1; Brilliant Diamond and Shining Pearl 1; Legends Arceus 6; Scarlet and Violet 1; Legends Z-A 1	known at capture at 10
SPECIES_VESPIQUEN	Aromatic Mist	left out				Legends Z-A	8	Sword and Shield 8; Brilliant Diamond and Shining Pearl 8; Scarlet and Violet 8; Legends Z-A 8	the engine does not run it in full (partial: status move running the plain-hit script: its effect never happens)
SPECIES_VESPIQUEN	Fell Stinger	relearner only	12			Legends Z-A	12	X and Y 1; X and Y 57; Omega Ruby and Alpha Sapphire 1; Omega Ruby and Alpha Sapphire 57; Sun and Moon 1; Sun and Moon 57; Ultra Sun and Ultra Moon 1; Ultra Sun and Ultra Moon 57; Sword and Shield 12; Brilliant Diamond and Shining Pearl 12; Scarlet and Violet 12; Legends Z-A 12	below 21, where the stage is had: the relearner's
SPECIES_VESPIQUEN	Struggle Bug	relearner only	6			Legends Arceus	6	Sword and Shield 1; Brilliant Diamond and Shining Pearl 1; Legends Arceus 6; Scarlet and Violet 1; Legends Z-A 1	below 21, where the stage is had: the relearner's
SPECIES_PACHIRISU	Baby-Doll Eyes	added	20			Legends Arceus	21	Brilliant Diamond and Shining Pearl 1; Legends Arceus 21	21 to 20: the one-level rule
SPECIES_PACHIRISU	Electro Ball	added	24			Legends Z-A	25	Black and White 25; Black 2 and White 2 25; X and Y 25; Omega Ruby and Alpha Sapphire 25; Sun and Moon 25; Ultra Sun and Ultra Moon 25; Brilliant Diamond and Shining Pearl 25; Scarlet and Violet 25; Legends Z-A 25	25 to 24: the one-level rule
SPECIES_PACHIRISU	Nuzzle	added	19			Legends Z-A	19	X and Y 19; Omega Ruby and Alpha Sapphire 19; Sun and Moon 19; Ultra Sun and Ultra Moon 19; Brilliant Diamond and Shining Pearl 19; Scarlet and Violet 19; Legends Z-A 19	
SPECIES_BUIZEL	Liquidation	for Ian			yes	Legends Z-A	35	Scarlet and Violet 35; Legends Z-A 35	35 to 53: no earlier than Kaizo's level for like moves (63) within its split; a stage the power flags or the bar hold takes a new attack only no earlier than its first good one of that type
SPECIES_BUIZEL	Soak	added	7			Legends Z-A	7	Scarlet and Violet 7; Legends Z-A 7	
SPECIES_BUIZEL	Wave Crash	for Ian			yes	Legends Z-A	49	Scarlet and Violet 49; Legends Z-A 49	a stage the power flags or the bar hold takes a new attack only no earlier than its first good one of that type
SPECIES_FLOATZEL	Liquidation	for Ian			yes	Legends Z-A	41	Scarlet and Violet 41; Legends Z-A 41	41 to 53: no earlier than Kaizo's level for like moves (60) within its split; a stage the power flags or the bar hold takes a new attack only no earlier than its first good one of that type
SPECIES_FLOATZEL	Soak	relearner only	1			Legends Z-A	1	Scarlet and Violet 1; Legends Z-A 1	below 20, where the stage is had: the relearner's
SPECIES_FLOATZEL	Wave Crash	for Ian			yes	Legends Z-A	62	Scarlet and Violet 62; Legends Z-A 62	a stage the power flags or the bar hold takes a new attack only no earlier than its first good one of that type
SPECIES_CHERUBI	Draining Kiss	added	15			Legends Arceus	15	Legends Arceus 15	
SPECIES_CHERUBI	Leafage	added	5			Legends Z-A	5	Sword and Shield 5; Brilliant Diamond and Shining Pearl 5; Legends Z-A 5	known at capture at 10
SPECIES_CHERUBI	Petal Blizzard	for Ian			yes	Legends Z-A	35	X and Y 47; Omega Ruby and Alpha Sapphire 47; Sun and Moon 47; Ultra Sun and Ultra Moon 47; Sword and Shield 35; Brilliant Diamond and Shining Pearl 35; Legends Z-A 35	a stage the power flags or the bar hold takes a new attack only no earlier than its first good one of that type
SPECIES_CHERRIM	Draining Kiss	relearner only	15			Legends Arceus	15	Legends Arceus 15	below 25, where the stage is had: the relearner's
SPECIES_CHERRIM	Flower Shield	left out				Legends Z-A	1	Sword and Shield 1; Brilliant Diamond and Shining Pearl 1; Legends Z-A 1	the engine does not run it in full (partial: status move running the plain-hit script: its effect never happens)
SPECIES_CHERRIM	Leafage	relearner only	1			Legends Z-A	1	Sword and Shield 1; Brilliant Diamond and Shining Pearl 1; Legends Z-A 1	below 25, where the stage is had: the relearner's
SPECIES_CHERRIM	Petal Blizzard	added	41		yes	Legends Z-A	41	X and Y 50; Omega Ruby and Alpha Sapphire 50; Sun and Moon 50; Ultra Sun and Ultra Moon 50; Sword and Shield 41; Brilliant Diamond and Shining Pearl 41; Legends Z-A 41	
SPECIES_AMBIPOM	Dual Chop	relearner only	1			Legends Z-A	1	Sun and Moon 1; Ultra Sun and Ultra Moon 1; Brilliant Diamond and Shining Pearl 1; Legends Z-A 1	below 32, where the stage is had: the relearner's
SPECIES_DRIFLOON	Hex	added	16			Legends Z-A	16	Black and White 22; Black 2 and White 2 27; X and Y 27; Omega Ruby and Alpha Sapphire 27; Sun and Moon 27; Ultra Sun and Ultra Moon 27; Sword and Shield 16; Brilliant Diamond and Shining Pearl 16; Legends Arceus 21; Scarlet and Violet 16; Legends Z-A 16	
SPECIES_DRIFLOON	Mystical Fire	added	25			Legends Arceus	25	Legends Arceus 25	
SPECIES_DRIFBLIM	Hex	relearner only	16			Legends Z-A	16	Black and White 22; Black 2 and White 2 27; X and Y 27; Omega Ruby and Alpha Sapphire 27; Sun and Moon 27; Ultra Sun and Ultra Moon 27; Sword and Shield 16; Brilliant Diamond and Shining Pearl 16; Legends Arceus 21; Scarlet and Violet 16; Legends Z-A 16	below 28, where the stage is had: the relearner's
SPECIES_DRIFBLIM	Mystical Fire	relearner only	25			Legends Arceus	25	Legends Arceus 25	below 28, where the stage is had: the relearner's
SPECIES_DRIFBLIM	Phantom Force	for Ian			yes	Legends Z-A	0	X and Y 1; X and Y 65; Omega Ruby and Alpha Sapphire 1; Omega Ruby and Alpha Sapphire 65; Sun and Moon 1; Sun and Moon 65; Ultra Sun and Ultra Moon 1; Ultra Sun and Ultra Moon 65; Sword and Shield 0; Sword and Shield 1; Brilliant Diamond and Shining Pearl 0; Brilliant Diamond and Shining Pearl 1; Scarlet and Violet 0; Legends Z-A 0	28 to 39: no earlier than Kaizo's level for like moves (43) within its split; a stage the power flags or the bar hold takes a new attack only no earlier than its first good one of that type
SPECIES_DRIFBLIM	Strength Sap	for Ian			yes	Legends Z-A	1	Sword and Shield 1; Brilliant Diamond and Shining Pearl 1; Scarlet and Violet 1; Legends Z-A 1	an S or SSS status move, which the rules add only where Kaizo gives the species the move, and Kaizo gives no species a later move
SPECIES_BUNEARY	After You	added	12			Brilliant Diamond and Shining Pearl	12	Black and White 43; Black 2 and White 2 43; X and Y 43; Omega Ruby and Alpha Sapphire 43; Sun and Moon 43; Ultra Sun and Ultra Moon 43; Sword and Shield 12; Brilliant Diamond and Shining Pearl 12	
SPECIES_BUNEARY	Baby-Doll Eyes	added	5			Legends Arceus	5	X and Y 10; Omega Ruby and Alpha Sapphire 10; Sun and Moon 13; Ultra Sun and Ultra Moon 13; Sword and Shield 8; Brilliant Diamond and Shining Pearl 8; Legends Arceus 5	
SPECIES_BUNEARY	Brutal Swing	added	28			Legends Z-A	28	Legends Z-A 28	
SPECIES_BUNEARY	Cotton Guard	added	42			Legends Z-A	42	Legends Z-A 42	
SPECIES_BUNEARY	Draining Kiss	added	14			Legends Z-A	14	Legends Arceus 16; Legends Z-A 14	
SPECIES_BUNEARY	Entrainment	added	40			Brilliant Diamond and Shining Pearl	40	Black and White 53; Black 2 and White 2 53; X and Y 50; Omega Ruby and Alpha Sapphire 50; Sun and Moon 50; Ultra Sun and Ultra Moon 50; Sword and Shield 40; Brilliant Diamond and Shining Pearl 40	
SPECIES_BUNEARY	Play Rough	for Ian			yes	Legends Arceus	31	Legends Arceus 31	a stage the power flags or the bar hold takes a new attack only no earlier than its first good one of that type
SPECIES_LOPUNNY	After You	relearner only	12			Brilliant Diamond and Shining Pearl	12	Black and White 43; Black 2 and White 2 43; X and Y 43; Omega Ruby and Alpha Sapphire 43; Sun and Moon 43; Ultra Sun and Ultra Moon 43; Sword and Shield 12; Brilliant Diamond and Shining Pearl 12	below 20, where the stage is had: the relearner's
SPECIES_LOPUNNY	Baby-Doll Eyes	relearner only	5			Legends Arceus	5	Sun and Moon 13; Ultra Sun and Ultra Moon 13; Sword and Shield 1; Brilliant Diamond and Shining Pearl 1; Legends Arceus 5	below 20, where the stage is had: the relearner's
SPECIES_LOPUNNY	Brutal Swing	added	28			Legends Z-A	28	Legends Z-A 28	
SPECIES_LOPUNNY	Cotton Guard	added	42			Legends Z-A	42	Legends Z-A 42	
SPECIES_LOPUNNY	Draining Kiss	relearner only	14			Legends Z-A	14	Legends Arceus 16; Legends Z-A 14	below 20, where the stage is had: the relearner's
SPECIES_LOPUNNY	Entrainment	added	40			Brilliant Diamond and Shining Pearl	40	Black and White 53; Black 2 and White 2 53; X and Y 53; Omega Ruby and Alpha Sapphire 53; Sun and Moon 53; Ultra Sun and Ultra Moon 53; Sword and Shield 40; Brilliant Diamond and Shining Pearl 40	
SPECIES_LOPUNNY	Play Rough	for Ian			yes	Legends Arceus	31	Legends Arceus 31	a stage the power flags or the bar hold takes a new attack only no earlier than its first good one of that type
SPECIES_LOPUNNY	Power-Up Punch	relearner only	6			Legends Z-A	6	Legends Z-A 6	below 20, where the stage is had: the relearner's
SPECIES_LOPUNNY	Rototiller	left out				Ultra Sun and Ultra Moon	1	X and Y 1; Omega Ruby and Alpha Sapphire 1; Sun and Moon 1; Ultra Sun and Ultra Moon 1	the engine does not run it in full (partial: status move running the plain-hit script: its effect never happens)
SPECIES_MISMAGIUS	Hex	relearner only	18			Legends Arceus	18	Brilliant Diamond and Shining Pearl 1; Legends Arceus 18	below 27, where the stage is had: the relearner's
SPECIES_MISMAGIUS	Mystical Fire	relearner only	1			Legends Z-A	1	Omega Ruby and Alpha Sapphire 1; Sun and Moon 1; Ultra Sun and Ultra Moon 1; Brilliant Diamond and Shining Pearl 1; Scarlet and Violet 1; Legends Z-A 1	below 27, where the stage is had: the relearner's
SPECIES_MISMAGIUS	Phantom Force	for Ian			yes	Legends Z-A	1	X and Y 1; Omega Ruby and Alpha Sapphire 1; Sun and Moon 1; Ultra Sun and Ultra Moon 1; Brilliant Diamond and Shining Pearl 1; Scarlet and Violet 1; Legends Z-A 1	a stage the power flags or the bar hold takes a new attack only no earlier than its first good one of that type
SPECIES_HONCHKROW	Comeuppance	left out				Legends Z-A	65	Scarlet and Violet 65; Legends Z-A 65	dead weight: works only asleep, or returns less than double
SPECIES_HONCHKROW	Foul Play	for Ian			yes	Legends Z-A	45	Black and White 45; Black 2 and White 2 45; X and Y 45; Omega Ruby and Alpha Sapphire 45; Sun and Moon 45; Ultra Sun and Ultra Moon 45; Brilliant Diamond and Shining Pearl 45; Scarlet and Violet 45; Legends Z-A 45	a stage the power flags or the bar hold takes a new attack only no earlier than its first good one of that type
SPECIES_HONCHKROW	Quash	left out				Brilliant Diamond and Shining Pearl	65	Black and White 65; Black 2 and White 2 65; X and Y 65; Omega Ruby and Alpha Sapphire 65; Sun and Moon 65; Ultra Sun and Ultra Moon 65; Brilliant Diamond and Shining Pearl 65; Scarlet and Violet 1; Legends Z-A 1	the engine does not run it in full (stub: nothing happens)
SPECIES_HONCHKROW	Snarl	relearner only	6			Legends Arceus	6	Legends Arceus 6	below 27, where the stage is had: the relearner's
SPECIES_GLAMEOW	Hone Claws	added	48			Legends Z-A	48	Black and White 48; Black 2 and White 2 48; X and Y 48; Omega Ruby and Alpha Sapphire 48; Sun and Moon 48; Ultra Sun and Ultra Moon 48; Brilliant Diamond and Shining Pearl 48; Legends Z-A 48	
SPECIES_GLAMEOW	Play Rough	for Ian			yes	Legends Z-A	50	X and Y 50; Omega Ruby and Alpha Sapphire 50; Sun and Moon 50; Ultra Sun and Ultra Moon 50; Brilliant Diamond and Shining Pearl 50; Legends Arceus 31; Legends Z-A 50	a stage the power flags or the bar hold takes a new attack only no earlier than its first good one of that type
SPECIES_GLAMEOW	Retaliate	for Ian			yes	Brilliant Diamond and Shining Pearl	32	Brilliant Diamond and Shining Pearl 32	a stage the power flags or the bar hold takes a new attack only no earlier than its first good one of that type
SPECIES_PURUGLY	Hone Claws	added	60			Legends Z-A	60	Black and White 60; Black 2 and White 2 60; X and Y 60; Omega Ruby and Alpha Sapphire 60; Sun and Moon 60; Ultra Sun and Ultra Moon 60; Brilliant Diamond and Shining Pearl 60; Legends Z-A 60	
SPECIES_PURUGLY	Play Rough	for Ian			yes	Legends Arceus	31	Brilliant Diamond and Shining Pearl 1; Legends Arceus 31	31 to 44: no earlier than Kaizo's level for like moves (53) within its split; a stage the power flags or the bar hold takes a new attack only no earlier than its first good one of that type
SPECIES_PURUGLY	Retaliate	for Ian			yes	Brilliant Diamond and Shining Pearl	32	Brilliant Diamond and Shining Pearl 32	a stage the power flags or the bar hold takes a new attack only no earlier than its first good one of that type
SPECIES_CHINGLING	Disarming Voice	added	10			Legends Z-A	10	Legends Z-A 10	known at capture at 13
SPECIES_CHINGLING	Entrainment	added	19			Scarlet and Violet	19	Black and White 25; Black 2 and White 2 25; X and Y 25; Omega Ruby and Alpha Sapphire 19; Sun and Moon 19; Ultra Sun and Ultra Moon 19; Brilliant Diamond and Shining Pearl 19; Scarlet and Violet 19	
SPECIES_STUNKY	Acid Spray	added	9			Legends Z-A	9	Black and White 32; Black 2 and White 2 32; X and Y 32; Omega Ruby and Alpha Sapphire 32; Sun and Moon 19; Ultra Sun and Ultra Moon 19; Sword and Shield 9; Brilliant Diamond and Shining Pearl 9; Legends Arceus 6; Scarlet and Violet 9; Legends Z-A 9	known at capture at 17
SPECIES_STUNKY	Belch	added	39			Legends Z-A	39	X and Y 46; Omega Ruby and Alpha Sapphire 46; Sun and Moon 43; Ultra Sun and Ultra Moon 43; Sword and Shield 39; Brilliant Diamond and Shining Pearl 39; Scarlet and Violet 39; Legends Z-A 39	
SPECIES_STUNKY	Venom Drench	added	42			Brilliant Diamond and Shining Pearl	42	Sun and Moon 37; Ultra Sun and Ultra Moon 37; Sword and Shield 42; Brilliant Diamond and Shining Pearl 42	
SPECIES_STUNKY	Venoshock	added	21			Legends Z-A	21	Sword and Shield 21; Brilliant Diamond and Shining Pearl 21; Legends Arceus 18; Scarlet and Violet 21; Legends Z-A 21	
SPECIES_SKUNTANK	Acid Spray	relearner only	6			Legends Arceus	6	Black and White 32; Black 2 and White 2 32; X and Y 32; Omega Ruby and Alpha Sapphire 32; Sun and Moon 19; Ultra Sun and Ultra Moon 19; Sword and Shield 9; Brilliant Diamond and Shining Pearl 9; Legends Arceus 6	below 34, where the stage is had: the relearner's
SPECIES_SKUNTANK	Belch	added	43			Legends Z-A	43	X and Y 56; Omega Ruby and Alpha Sapphire 56; Sun and Moon 43; Ultra Sun and Ultra Moon 43; Sword and Shield 43; Brilliant Diamond and Shining Pearl 43; Scarlet and Violet 43; Legends Z-A 43	
SPECIES_SKUNTANK	Venom Drench	added	48			Brilliant Diamond and Shining Pearl	48	Sun and Moon 37; Ultra Sun and Ultra Moon 37; Sword and Shield 48; Brilliant Diamond and Shining Pearl 48	
SPECIES_SKUNTANK	Venoshock	relearner only	21			Legends Z-A	21	Sword and Shield 21; Brilliant Diamond and Shining Pearl 21; Legends Arceus 18; Scarlet and Violet 21; Legends Z-A 21	below 34, where the stage is had: the relearner's
SPECIES_BRONZOR	Heavy Slam	added	32			Legends Z-A	32	Black and White 54; Black 2 and White 2 49; X and Y 49; Omega Ruby and Alpha Sapphire 49; Sun and Moon 49; Ultra Sun and Ultra Moon 49; Sword and Shield 32; Brilliant Diamond and Shining Pearl 32; Scarlet and Violet 32; Legends Z-A 32	
SPECIES_BRONZOR	Hex	added	18			Legends Arceus	18	Legends Arceus 18	
SPECIES_BRONZONG	Heavy Slam	relearner only	32			Legends Z-A	32	Black and White 72; Black 2 and White 2 58; X and Y 58; Omega Ruby and Alpha Sapphire 58; Sun and Moon 58; Ultra Sun and Ultra Moon 58; Sword and Shield 32; Brilliant Diamond and Shining Pearl 32; Scarlet and Violet 32; Legends Z-A 32	below 33, where the stage is had: the relearner's
SPECIES_BRONZONG	Hex	relearner only	18			Legends Arceus	18	Legends Arceus 18	below 33, where the stage is had: the relearner's
SPECIES_BONSLY	Tearful Look	added	24			Legends Z-A	24	Sun and Moon 22; Ultra Sun and Ultra Moon 22; Sword and Shield 24; Brilliant Diamond and Shining Pearl 24; Scarlet and Violet 24; Legends Z-A 24	
SPECIES_MIME_JR	Dazzling Gleam	added	44		yes	Legends Z-A	44	Sword and Shield 44; Brilliant Diamond and Shining Pearl 44; Legends Z-A 44	
SPECIES_MIME_JR	Infestation	left out				Legends Z-A	17	Legends Z-A 17	dead weight: strength 20, under 40
SPECIES_HAPPINY	Baby-Doll Eyes	added	11			Legends Arceus	11	Legends Arceus 11	known at capture at 19
SPECIES_HAPPINY	Disarming Voice	added	13			Legends Z-A	12	Sword and Shield 12; Brilliant Diamond and Shining Pearl 12; Scarlet and Violet 12; Legends Z-A 12	known at capture at 19; 12 to 13: the one-level rule
SPECIES_HAPPINY	Draining Kiss	added	18			Legends Arceus	18	Legends Arceus 18	known at capture at 19
SPECIES_HAPPINY	Fairy Wind	added	6			Legends Arceus	6	Legends Arceus 6	known at capture at 19
SPECIES_CHATOT	Confide	relearner only	1			Legends Z-A	1	X and Y 1; Omega Ruby and Alpha Sapphire 1; Sun and Moon 1; Ultra Sun and Ultra Moon 1; Brilliant Diamond and Shining Pearl 1; Legends Z-A 1	below 20, where the stage is had: the relearner's
SPECIES_CHATOT	Echoed Voice	left out				Legends Z-A	37	Black and White 37; Black 2 and White 2 37; X and Y 37; Omega Ruby and Alpha Sapphire 37; Sun and Moon 37; Ultra Sun and Ultra Moon 37; Brilliant Diamond and Shining Pearl 37; Legends Z-A 37	dead weight: strength 40, at most half of Maylene's usual 90
SPECIES_CHATOT	Hurricane	for Ian			yes	Legends Arceus	52	Legends Arceus 52	a stage the power flags or the bar hold takes a new attack only no earlier than its first good one of that type
SPECIES_CHATOT	Parting Shot	for Ian			yes	Brilliant Diamond and Shining Pearl	49	Brilliant Diamond and Shining Pearl 49	an S or SSS status move, which the rules add only where Kaizo gives the species the move, and Kaizo gives no species a later move
SPECIES_CHATOT	Play Rough	for Ian			yes	Legends Arceus	43	Legends Arceus 43	a stage the power flags or the bar hold takes a new attack only no earlier than its first good one of that type
SPECIES_CHATOT	Round	added	28			Legends Z-A	29	Black and White 29; Black 2 and White 2 29; X and Y 29; Omega Ruby and Alpha Sapphire 29; Sun and Moon 29; Ultra Sun and Ultra Moon 29; Brilliant Diamond and Shining Pearl 29; Legends Z-A 29	29 to 28: the one-level rule
SPECIES_CHATOT	Synchronoise	left out				Legends Z-A	49	Black and White 49; Black 2 and White 2 49; X and Y 49; Omega Ruby and Alpha Sapphire 49; Sun and Moon 49; Ultra Sun and Ultra Moon 49; Legends Z-A 49	the engine does not run it in full (partial: plain 120 hit on any foe; the rule that it hits only a foe sharing a type is missing)
SPECIES_SPIRITOMB	Hex	replaces	25	Ominous Wind		Legends Z-A	25	Sword and Shield 25; Brilliant Diamond and Shining Pearl 25; Legends Arceus 11; Scarlet and Violet 25; Legends Z-A 25	replaces Ominous Wind at 25
SPECIES_GIBLE	Bulldoze	added	18			Legends Z-A	18	Sword and Shield 18; Brilliant Diamond and Shining Pearl 18; Legends Arceus 9; Scarlet and Violet 18; Legends Z-A 18	
SPECIES_GABITE	Bulldoze	relearner only	18			Legends Z-A	18	Sword and Shield 18; Brilliant Diamond and Shining Pearl 18; Legends Arceus 9; Scarlet and Violet 18; Legends Z-A 18	below 24, where the stage is had: the relearner's
SPECIES_GABITE	Dual Chop	for Ian			yes	Ultra Sun and Ultra Moon	0	Black and White 24; Black 2 and White 2 24; X and Y 24; Omega Ruby and Alpha Sapphire 24; Sun and Moon 0; Sun and Moon 1; Ultra Sun and Ultra Moon 0; Ultra Sun and Ultra Moon 1; Sword and Shield 1; Brilliant Diamond and Shining Pearl 1	a stage the power flags or the bar hold takes a new attack only no earlier than its first good one of that type
SPECIES_GARCHOMP	Bulldoze	relearner only	18			Legends Z-A	18	Sword and Shield 18; Brilliant Diamond and Shining Pearl 18; Legends Arceus 9; Scarlet and Violet 18; Legends Z-A 18	below 48, where the stage is had: the relearner's
SPECIES_GARCHOMP	Dual Chop	relearner only	24		yes	Omega Ruby and Alpha Sapphire	24	Black and White 24; Black 2 and White 2 24; X and Y 24; Omega Ruby and Alpha Sapphire 24; Sun and Moon 1; Ultra Sun and Ultra Moon 1; Sword and Shield 1; Brilliant Diamond and Shining Pearl 1	below 48, where the stage is had: the relearner's
SPECIES_MUNCHLAX	Bulldoze	added	15			Legends Arceus	15	Legends Arceus 15	
SPECIES_MUNCHLAX	Chip Away	for Ian			yes	Ultra Sun and Ultra Moon	17	Black and White 25; Black 2 and White 2 25; X and Y 17; Omega Ruby and Alpha Sapphire 17; Sun and Moon 17; Ultra Sun and Ultra Moon 17	17 to 22: no earlier than Kaizo's level for like moves (22) within its split; comes along without a real wait into Snorlax, which the power flags or the bar hold, before its first good one of that type
SPECIES_MUNCHLAX	High Horsepower	for Ian			yes	Legends Arceus	37	Legends Arceus 37	comes along without a real wait into Snorlax, which the power flags or the bar hold, before its first good one of that type
SPECIES_RIOLU	Bulldoze	added	28			Legends Z-A	28	Legends Z-A 28	
SPECIES_RIOLU	Final Gambit	added	52			Scarlet and Violet	52	Black and White 55; Black 2 and White 2 55; X and Y 50; Omega Ruby and Alpha Sapphire 50; Sun and Moon 50; Ultra Sun and Ultra Moon 50; Sword and Shield 52; Brilliant Diamond and Shining Pearl 52; Scarlet and Violet 52	
SPECIES_RIOLU	Quick Guard	added	32			Scarlet and Violet	32	Sword and Shield 32; Brilliant Diamond and Shining Pearl 32; Scarlet and Violet 32	
SPECIES_RIOLU	Work Up	added	16			Legends Z-A	16	Sword and Shield 16; Brilliant Diamond and Shining Pearl 16; Scarlet and Violet 16; Legends Z-A 16	
SPECIES_LUCARIO	Bulldoze	added	28			Legends Z-A	28	Legends Z-A 28	
SPECIES_LUCARIO	Final Gambit	relearner only	1			Scarlet and Violet	1	Sword and Shield 1; Brilliant Diamond and Shining Pearl 1; Scarlet and Violet 1	below 28, where the stage is had: the relearner's
SPECIES_LUCARIO	Heal Pulse	added	44			Scarlet and Violet	44	Black and White 42; Black 2 and White 2 42; X and Y 51; Omega Ruby and Alpha Sapphire 51; Sun and Moon 51; Ultra Sun and Ultra Moon 51; Sword and Shield 44; Brilliant Diamond and Shining Pearl 44; Scarlet and Violet 44	
SPECIES_LUCARIO	Laser Focus	relearner only	16			Brilliant Diamond and Shining Pearl	16	Sun and Moon 1; Ultra Sun and Ultra Moon 1; Sword and Shield 16; Brilliant Diamond and Shining Pearl 16	below 28, where the stage is had: the relearner's
SPECIES_LUCARIO	Life Dew	relearner only	1			Scarlet and Violet	1	Sword and Shield 1; Brilliant Diamond and Shining Pearl 1; Scarlet and Violet 1	below 28, where the stage is had: the relearner's
SPECIES_LUCARIO	Power-Up Punch	relearner only	20			Brilliant Diamond and Shining Pearl	20	X and Y 15; Omega Ruby and Alpha Sapphire 15; Sun and Moon 15; Ultra Sun and Ultra Moon 15; Sword and Shield 20; Brilliant Diamond and Shining Pearl 20	below 28, where the stage is had: the relearner's
SPECIES_LUCARIO	Quick Guard	added	32			Scarlet and Violet	32	Black and White 33; Black 2 and White 2 33; X and Y 33; Omega Ruby and Alpha Sapphire 33; Sun and Moon 33; Ultra Sun and Ultra Moon 33; Sword and Shield 32; Brilliant Diamond and Shining Pearl 32; Scarlet and Violet 32	
SPECIES_LUCARIO	Work Up	relearner only	16			Legends Z-A	16	Sun and Moon 42; Ultra Sun and Ultra Moon 42; Sword and Shield 1; Brilliant Diamond and Shining Pearl 1; Scarlet and Violet 16; Legends Z-A 16	below 28, where the stage is had: the relearner's
SPECIES_HIPPOPOTAS	High Horsepower	added	39		yes	Legends Arceus	34	Legends Arceus 34	34 to 39: no earlier than Kaizo's level for like moves (40) within its split
SPECIES_HIPPOWDON	Heavy Slam	added	36			Legends Z-A	36	Legends Z-A 36	
SPECIES_HIPPOWDON	High Horsepower	for Ian			yes	Legends Arceus	34	Legends Arceus 34	34 to 44: no earlier than Kaizo's level for like moves (48) within its split; a stage the power flags or the bar hold takes a new attack only no earlier than its first good one of that type
SPECIES_SKORUPI	Fell Stinger	added	5			Legends Z-A	6	X and Y 47; Omega Ruby and Alpha Sapphire 47; Sun and Moon 47; Ultra Sun and Ultra Moon 47; Sword and Shield 6; Brilliant Diamond and Shining Pearl 6; Legends Z-A 6	known at capture at 22; 6 to 5: the one-level rule
SPECIES_SKORUPI	Hone Claws	added	3			Legends Z-A	3	Black and White 45; Black 2 and White 2 30; X and Y 30; Omega Ruby and Alpha Sapphire 30; Sun and Moon 30; Ultra Sun and Ultra Moon 30; Sword and Shield 3; Brilliant Diamond and Shining Pearl 3; Legends Z-A 3	known at capture at 22
SPECIES_SKORUPI	Venoshock	added	21			Legends Z-A	21	Black and White 50; Black 2 and White 2 27; X and Y 27; Omega Ruby and Alpha Sapphire 27; Sun and Moon 27; Ultra Sun and Ultra Moon 27; Sword and Shield 21; Brilliant Diamond and Shining Pearl 21; Legends Arceus 11; Legends Z-A 21	known at capture at 22
SPECIES_DRAPION	Fell Stinger	left out				Ultra Sun and Ultra Moon	53	X and Y 53; Omega Ruby and Alpha Sapphire 53; Sun and Moon 53; Ultra Sun and Ultra Moon 53; Sword and Shield 1; Brilliant Diamond and Shining Pearl 1; Legends Z-A 1	dead weight: strength 50, at most half of Byron's usual 100
SPECIES_DRAPION	Hone Claws	relearner only	30			Ultra Sun and Ultra Moon	30	Black and White 48; Black 2 and White 2 30; X and Y 30; Omega Ruby and Alpha Sapphire 30; Sun and Moon 30; Ultra Sun and Ultra Moon 30; Sword and Shield 1; Brilliant Diamond and Shining Pearl 1; Legends Z-A 1	below 40, where the stage is had: the relearner's
SPECIES_DRAPION	Venoshock	relearner only	21			Legends Z-A	21	Black and White 56; Black 2 and White 2 27; X and Y 27; Omega Ruby and Alpha Sapphire 27; Sun and Moon 27; Ultra Sun and Ultra Moon 27; Sword and Shield 21; Brilliant Diamond and Shining Pearl 21; Legends Arceus 11; Legends Z-A 21	below 40, where the stage is had: the relearner's
SPECIES_CROAGUNK	Belch	added	48			Legends Z-A	48	X and Y 47; Omega Ruby and Alpha Sapphire 47; Sun and Moon 47; Ultra Sun and Ultra Moon 47; Sword and Shield 48; Brilliant Diamond and Shining Pearl 48; Scarlet and Violet 48; Legends Z-A 48	
SPECIES_CROAGUNK	Venoshock	added	20			Legends Z-A	20	Black and White 36; Black 2 and White 2 36; X and Y 36; Omega Ruby and Alpha Sapphire 36; Sun and Moon 36; Ultra Sun and Ultra Moon 36; Sword and Shield 20; Brilliant Diamond and Shining Pearl 20; Legends Arceus 15; Scarlet and Violet 20; Legends Z-A 20	
SPECIES_TOXICROAK	Belch	added	55			Legends Z-A	54	X and Y 58; Omega Ruby and Alpha Sapphire 58; Sun and Moon 58; Ultra Sun and Ultra Moon 58; Sword and Shield 54; Brilliant Diamond and Shining Pearl 54; Scarlet and Violet 54; Legends Z-A 54	54 to 55: the one-level rule
SPECIES_TOXICROAK	Venoshock	relearner only	20			Legends Z-A	20	Black and White 36; Black 2 and White 2 36; X and Y 36; Omega Ruby and Alpha Sapphire 36; Sun and Moon 36; Ultra Sun and Ultra Moon 36; Sword and Shield 20; Brilliant Diamond and Shining Pearl 20; Legends Arceus 15; Scarlet and Violet 20; Legends Z-A 20	below 37, where the stage is had: the relearner's
SPECIES_CARNIVINE	Acid Spray	added	6			Legends Arceus	6	Legends Arceus 6	known at capture at 20
SPECIES_CARNIVINE	Leaf Tornado	added	30			Legends Z-A	31	Black and White 31; Black 2 and White 2 31; X and Y 31; Omega Ruby and Alpha Sapphire 31; Sun and Moon 31; Ultra Sun and Ultra Moon 31; Brilliant Diamond and Shining Pearl 31; Legends Z-A 31	31 to 30: the one-level rule
SPECIES_FINNEON	Soak	added	54			Legends Z-A	54	Black and White 54; Black 2 and White 2 54; X and Y 54; Omega Ruby and Alpha Sapphire 54; Sun and Moon 54; Ultra Sun and Ultra Moon 54; Brilliant Diamond and Shining Pearl 54; Scarlet and Violet 54; Legends Z-A 54	
SPECIES_LUMINEON	Soak	added	66			Brilliant Diamond and Shining Pearl	66	Black and White 66; Black 2 and White 2 66; X and Y 1; X and Y 66; Omega Ruby and Alpha Sapphire 1; Omega Ruby and Alpha Sapphire 66; Sun and Moon 1; Sun and Moon 66; Ultra Sun and Ultra Moon 1; Ultra Sun and Ultra Moon 66; Brilliant Diamond and Shining Pearl 1; Brilliant Diamond and Shining Pearl 66; Scarlet and Violet 1; Legends Z-A 1	
SPECIES_MANTYKE	Wide Guard	added	16			Legends Z-A	16	Black 2 and White 2 23; X and Y 23; Omega Ruby and Alpha Sapphire 23; Sun and Moon 23; Ultra Sun and Ultra Moon 23; Sword and Shield 16; Brilliant Diamond and Shining Pearl 16; Legends Z-A 16	
SPECIES_SNOVER	Icicle Crash	for Ian			yes	Legends Arceus	18	Legends Arceus 18	18 to 33: no earlier than Kaizo's level for like moves (38) within its split; a stage the power flags or the bar hold takes a new attack only no earlier than its first good one of that type
SPECIES_SNOVER	Leafage	added	4			Scarlet and Violet	5	Sword and Shield 5; Brilliant Diamond and Shining Pearl 5; Legends Arceus 6; Scarlet and Violet 5; Legends Z-A 1	known at capture at 15; 5 to 4: the one-level rule
SPECIES_ABOMASNOW	Aurora Veil	relearner only	1			Scarlet and Violet	1	Sword and Shield 1; Brilliant Diamond and Shining Pearl 1; Scarlet and Violet 1	below 40, where the stage is had: the relearner's
SPECIES_ABOMASNOW	Ice Hammer	relearner only	1		yes	Legends Z-A	1	Legends Z-A 1	below 40, where the stage is had: the relearner's
SPECIES_ABOMASNOW	Icicle Crash	added	53		yes	Legends Arceus	18	Legends Arceus 18	18 to 53: no earlier than Kaizo's level for like moves (64) within its split
SPECIES_ABOMASNOW	Leafage	relearner only	6			Legends Arceus	6	Sword and Shield 1; Brilliant Diamond and Shining Pearl 1; Legends Arceus 6; Scarlet and Violet 1; Legends Z-A 1	below 40, where the stage is had: the relearner's
SPECIES_WEAVILE	Hone Claws	relearner only	36			Legends Z-A	36	Black and White 35; Black 2 and White 2 25; X and Y 25; Omega Ruby and Alpha Sapphire 25; Sun and Moon 25; Ultra Sun and Ultra Moon 25; Sword and Shield 36; Brilliant Diamond and Shining Pearl 36; Scarlet and Violet 36; Legends Z-A 36	below 39, where the stage is had: the relearner's
SPECIES_MAGNEZONE	ElectricTerrain	left out				X and Y	11	X and Y 11; Omega Ruby and Alpha Sapphire 1; Sun and Moon 1; Ultra Sun and Ultra Moon 1; Sword and Shield 1; Brilliant Diamond and Shining Pearl 1; Scarlet and Violet 1; Legends Z-A 1	the engine does not run it in full (stub: nothing happens (terrain held))
SPECIES_MAGNEZONE	Electro Ball	relearner only	12			Legends Z-A	12	Black and White 27; Black 2 and White 2 34; X and Y 34; Omega Ruby and Alpha Sapphire 29; Sun and Moon 29; Ultra Sun and Ultra Moon 29; Sword and Shield 12; Brilliant Diamond and Shining Pearl 12; Scarlet and Violet 12; Legends Z-A 12	below 32, where the stage is had: the relearner's
SPECIES_MAGNEZONE	Magnetic Flux	left out				Legends Z-A	1	X and Y 1; Omega Ruby and Alpha Sapphire 1; Sun and Moon 1; Ultra Sun and Ultra Moon 1; Sword and Shield 1; Brilliant Diamond and Shining Pearl 1; Scarlet and Violet 1; Legends Z-A 1	the engine does not run it in full (partial: status move running the plain-hit script: its effect never happens)
SPECIES_LICKILICKY	Bulldoze	relearner only	11			Legends Arceus	11	Legends Arceus 11	below 32, where the stage is had: the relearner's
SPECIES_LICKILICKY	Chip Away	added	53		yes	Ultra Sun and Ultra Moon	37	Black and White 37; Black 2 and White 2 37; X and Y 37; Omega Ruby and Alpha Sapphire 37; Sun and Moon 37; Ultra Sun and Ultra Moon 37	37 to 53: no earlier than Kaizo's level for like moves (55) within its split
SPECIES_RHYPERIOR	Bulldoze	relearner only	6			Legends Arceus	6	Omega Ruby and Alpha Sapphire 21; Sun and Moon 21; Ultra Sun and Ultra Moon 21; Sword and Shield 1; Brilliant Diamond and Shining Pearl 1; Legends Arceus 6; Scarlet and Violet 1; Legends Z-A 1	below 40, where the stage is had: the relearner's
SPECIES_RHYPERIOR	Chip Away	relearner only	25			Ultra Sun and Ultra Moon	25	Black and White 30; Black 2 and White 2 30; X and Y 30; Omega Ruby and Alpha Sapphire 25; Sun and Moon 25; Ultra Sun and Ultra Moon 25	below 40, where the stage is had: the relearner's
SPECIES_RHYPERIOR	Drill Run	added	44		yes	Legends Z-A	35	Black and White 47; Black 2 and White 2 47; X and Y 47; Omega Ruby and Alpha Sapphire 33; Sun and Moon 33; Ultra Sun and Ultra Moon 33; Sword and Shield 35; Brilliant Diamond and Shining Pearl 35; Scarlet and Violet 35; Legends Z-A 35	35 to 44: no earlier than Kaizo's level for like moves (51) within its split
SPECIES_RHYPERIOR	High Horsepower	relearner only	34		yes	Legends Arceus	34	Legends Arceus 34	below 40, where the stage is had: the relearner's
SPECIES_RHYPERIOR	Smack Down	relearner only	13			Ultra Sun and Ultra Moon	13	Omega Ruby and Alpha Sapphire 13; Sun and Moon 13; Ultra Sun and Ultra Moon 13; Sword and Shield 1; Brilliant Diamond and Shining Pearl 1; Scarlet and Violet 1; Legends Z-A 1	below 40, where the stage is had: the relearner's
SPECIES_TANGROWTH	Acid Spray	relearner only	15			Legends Arceus	15	Legends Arceus 15	below 35, where the stage is had: the relearner's
SPECIES_TANGROWTH	Grassy Terrain	left out				Legends Z-A	56	X and Y 50; Omega Ruby and Alpha Sapphire 50; Sun and Moon 50; Ultra Sun and Ultra Moon 50; Sword and Shield 56; Brilliant Diamond and Shining Pearl 56; Legends Z-A 56	the engine does not run it in full (stub: nothing happens (terrain held))
SPECIES_ELECTIVIRE	ElectricTerrain	left out				Ultra Sun and Ultra Moon	65	X and Y 1; X and Y 65; Omega Ruby and Alpha Sapphire 1; Omega Ruby and Alpha Sapphire 65; Sun and Moon 1; Sun and Moon 65; Ultra Sun and Ultra Moon 1; Ultra Sun and Ultra Moon 65	the engine does not run it in full (stub: nothing happens (terrain held))
SPECIES_ELECTIVIRE	Electro Ball	relearner only	22			Ultra Sun and Ultra Moon	22	Black and White 32; Black 2 and White 2 22; X and Y 22; Omega Ruby and Alpha Sapphire 22; Sun and Moon 22; Ultra Sun and Ultra Moon 22	below 30, where the stage is had: the relearner's
SPECIES_ELECTIVIRE	Ion Deluge	left out				Ultra Sun and Ultra Moon	1	X and Y 1; Omega Ruby and Alpha Sapphire 1; Sun and Moon 1; Ultra Sun and Ultra Moon 1	the engine does not run it in full (stub: nothing happens)
SPECIES_ELECTIVIRE	Wild Charge	added	56		yes	Brilliant Diamond and Shining Pearl	1	Brilliant Diamond and Shining Pearl 1	1 to 56: no earlier than Kaizo's level for like moves (70) within its split
SPECIES_MAGMORTAR	Clear Smog	relearner only	12			Legends Z-A	12	Black 2 and White 2 19; X and Y 19; Omega Ruby and Alpha Sapphire 19; Sun and Moon 19; Ultra Sun and Ultra Moon 19; Sword and Shield 12; Brilliant Diamond and Shining Pearl 12; Scarlet and Violet 12; Legends Z-A 12	below 30, where the stage is had: the relearner's
SPECIES_MAGMORTAR	Flame Burst	for Ian			yes	Ultra Sun and Ultra Moon	22	Black and White 32; Black 2 and White 2 22; X and Y 22; Omega Ruby and Alpha Sapphire 22; Sun and Moon 22; Ultra Sun and Ultra Moon 22	placeable, since only its doubles effect is missing (partial: plain hit; the splash on the target's partner is missing (doubles only)); a stage the power flags or the bar hold takes a new attack only no earlier than its first good one of that type
SPECIES_TOGEKISS	After You	relearner only	1			Legends Z-A	1	X and Y 1; Omega Ruby and Alpha Sapphire 1; Sun and Moon 1; Ultra Sun and Ultra Moon 1; Sword and Shield 1; Brilliant Diamond and Shining Pearl 1; Legends Z-A 1	below 40, where the stage is had: the relearner's
SPECIES_TOGEKISS	Baby-Doll Eyes	relearner only	25			Legends Arceus	25	Legends Arceus 25	below 40, where the stage is had: the relearner's
SPECIES_TOGEKISS	Draining Kiss	relearner only	11			Legends Arceus	11	Legends Arceus 11	below 40, where the stage is had: the relearner's
SPECIES_TOGEKISS	Fairy Wind	relearner only	6			Legends Arceus	6	Sword and Shield 1; Brilliant Diamond and Shining Pearl 1; Legends Arceus 6; Legends Z-A 1	below 40, where the stage is had: the relearner's
SPECIES_TOGEKISS	Life Dew	relearner only	1			Legends Z-A	1	Sword and Shield 1; Brilliant Diamond and Shining Pearl 1; Legends Z-A 1	below 40, where the stage is had: the relearner's
SPECIES_TOGEKISS	Moonblast	for Ian			yes	Legends Arceus	43	Legends Arceus 43	43 to 60: no earlier than Kaizo's level for like moves (77) within its split; a stage the power flags or the bar hold takes a new attack only no earlier than its first good one of that type
SPECIES_LEAFEON	Baby-Doll Eyes	relearner only	15			Scarlet and Violet	15	Sun and Moon 9; Ultra Sun and Ultra Moon 9; Sword and Shield 15; Brilliant Diamond and Shining Pearl 15; Legends Arceus 18; Scarlet and Violet 15	below 30, where the stage is had: the relearner's
SPECIES_LEAFEON	Disarming Voice	relearner only	15			Legends Z-A	15	Legends Z-A 15	below 30, where the stage is had: the relearner's
SPECIES_LEAFEON	Leafage	left out				Legends Arceus	0	Legends Arceus 0	dead weight: strength 40, at most half of Fantina's usual 80
SPECIES_GLACEON	Baby-Doll Eyes	relearner only	15			Scarlet and Violet	15	Sun and Moon 9; Ultra Sun and Ultra Moon 9; Sword and Shield 15; Brilliant Diamond and Shining Pearl 15; Legends Arceus 18; Scarlet and Violet 15	below 30, where the stage is had: the relearner's
SPECIES_GLACEON	Disarming Voice	relearner only	15			Legends Z-A	15	Legends Z-A 15	below 30, where the stage is had: the relearner's
SPECIES_GLACEON	Freeze-Dry	for Ian			yes	Legends Z-A	40	Sword and Shield 40; Brilliant Diamond and Shining Pearl 40; Scarlet and Violet 40; Legends Z-A 40	a stage the power flags or the bar hold takes a new attack only no earlier than its first good one of that type
SPECIES_GLACEON	Snowscape	left out				Scarlet and Violet	35	Scarlet and Violet 35	the engine does not run it in full (stub: nothing happens)
SPECIES_GLISCOR	Acrobatics	relearner only	22			Legends Z-A	22	Black and White 27; Black 2 and White 2 22; X and Y 22; Omega Ruby and Alpha Sapphire 22; Sun and Moon 22; Ultra Sun and Ultra Moon 22; Brilliant Diamond and Shining Pearl 22; Scarlet and Violet 22; Legends Z-A 22	below 39, where the stage is had: the relearner's
SPECIES_MAMOSWINE	Bulldoze	relearner only	11			Legends Arceus	11	Legends Arceus 11	below 40, where the stage is had: the relearner's
SPECIES_MAMOSWINE	High Horsepower	for Ian			yes	Legends Arceus	25	Legends Arceus 25	a stage the power flags or the bar hold takes a new attack only no earlier than its first good one of that type
SPECIES_MAMOSWINE	Icicle Crash	for Ian			yes	Legends Arceus	18	Legends Arceus 18	18 to 33: no earlier than Kaizo's level for like moves (36) within its split; a stage the power flags or the bar hold takes a new attack only no earlier than its first good one of that type
SPECIES_GALLADE	Aqua Cutter	relearner only	1			Scarlet and Violet	1	Scarlet and Violet 1	below 27, where the stage is had: the relearner's
SPECIES_GALLADE	Disarming Voice	relearner only	1			Legends Z-A	1	Sword and Shield 1; Brilliant Diamond and Shining Pearl 1; Scarlet and Violet 1; Legends Z-A 1	below 27, where the stage is had: the relearner's
SPECIES_GALLADE	Draining Kiss	relearner only	11			Legends Arceus	11	Sword and Shield 1; Brilliant Diamond and Shining Pearl 1; Legends Arceus 11; Scarlet and Violet 1; Legends Z-A 1	below 27, where the stage is had: the relearner's
SPECIES_GALLADE	Heal Pulse	added	49			Scarlet and Violet	49	Black and White 25; Black 2 and White 2 25; X and Y 25; Omega Ruby and Alpha Sapphire 19; Sun and Moon 19; Ultra Sun and Ultra Moon 19; Sword and Shield 49; Brilliant Diamond and Shining Pearl 49; Scarlet and Violet 49	
SPECIES_GALLADE	Life Dew	relearner only	1			Scarlet and Violet	1	Sword and Shield 1; Brilliant Diamond and Shining Pearl 1; Scarlet and Violet 1	below 27, where the stage is had: the relearner's
SPECIES_GALLADE	Mystical Fire	relearner only	1			Legends Z-A	1	Legends Z-A 1	below 27, where the stage is had: the relearner's
SPECIES_GALLADE	Quick Guard	added	56			Scarlet and Violet	56	Omega Ruby and Alpha Sapphire 11; Sun and Moon 11; Ultra Sun and Ultra Moon 11; Sword and Shield 56; Brilliant Diamond and Shining Pearl 56; Scarlet and Violet 56	
SPECIES_GALLADE	Sacred Sword	for Ian			yes	Legends Z-A	1	Scarlet and Violet 1; Legends Z-A 1	a stage the power flags or the bar hold takes a new attack only no earlier than its first good one of that type
SPECIES_GALLADE	Stored Power	added	58			Ultra Sun and Ultra Moon	58	Black and White 64; Black 2 and White 2 64; X and Y 1; X and Y 64; Omega Ruby and Alpha Sapphire 1; Omega Ruby and Alpha Sapphire 58; Sun and Moon 1; Sun and Moon 58; Ultra Sun and Ultra Moon 1; Ultra Sun and Ultra Moon 58	
SPECIES_GALLADE	Wide Guard	added	55			Scarlet and Violet	56	Omega Ruby and Alpha Sapphire 23; Sun and Moon 23; Ultra Sun and Ultra Moon 23; Sword and Shield 56; Brilliant Diamond and Shining Pearl 56; Scarlet and Violet 56	56 to 55: the one-level rule
SPECIES_PROBOPASS	Body Press	added	50			Brilliant Diamond and Shining Pearl	50	Brilliant Diamond and Shining Pearl 50	
SPECIES_PROBOPASS	Magnetic Flux	left out				Legends Z-A	1	Sun and Moon 1; Ultra Sun and Ultra Moon 1; Brilliant Diamond and Shining Pearl 1; Scarlet and Violet 1; Legends Z-A 1	the engine does not run it in full (partial: status move running the plain-hit script: its effect never happens)
SPECIES_PROBOPASS	Smack Down	relearner only	10			Brilliant Diamond and Shining Pearl	10	Brilliant Diamond and Shining Pearl 10	below 32, where the stage is had: the relearner's
SPECIES_PROBOPASS	Wide Guard	relearner only	1			Legends Z-A	1	Omega Ruby and Alpha Sapphire 1; Sun and Moon 1; Ultra Sun and Ultra Moon 1; Brilliant Diamond and Shining Pearl 1; Scarlet and Violet 1; Legends Z-A 1	below 32, where the stage is had: the relearner's
SPECIES_DUSKNOIR	Hex	relearner only	32			Legends Z-A	32	Black and White 42; Black 2 and White 2 42; X and Y 42; Omega Ruby and Alpha Sapphire 40; Sun and Moon 40; Ultra Sun and Ultra Moon 40; Sword and Shield 32; Brilliant Diamond and Shining Pearl 32; Legends Arceus 11; Scarlet and Violet 32; Legends Z-A 32	below 54, where the stage is had: the relearner's
SPECIES_FROSLASS	Aurora Veil	added	54			Scarlet and Violet	54	Sword and Shield 54; Brilliant Diamond and Shining Pearl 54; Scarlet and Violet 54	
SPECIES_FROSLASS	Draining Kiss	added	27			Legends Z-A	0	Omega Ruby and Alpha Sapphire 23; Sun and Moon 23; Ultra Sun and Ultra Moon 23; Sword and Shield 20; Brilliant Diamond and Shining Pearl 20; Scarlet and Violet 20; Legends Z-A 0	
SPECIES_FROSLASS	Frost Breath	added	30			Scarlet and Violet	30	Sword and Shield 30; Brilliant Diamond and Shining Pearl 30; Scarlet and Violet 30	
SPECIES_FROSLASS	Hex	replaces	22	Ominous Wind		Scarlet and Violet	0	Sword and Shield 0; Sword and Shield 1; Brilliant Diamond and Shining Pearl 0; Brilliant Diamond and Shining Pearl 1; Legends Arceus 18; Scarlet and Violet 0	replaces Ominous Wind at 22
SPECIES_FROSLASS	Icicle Crash	for Ian			yes	Legends Arceus	34	Legends Arceus 34; Legends Z-A 1	34 to 39: no earlier than Kaizo's level for like moves (41) within its split; a stage the power flags or the bar hold takes a new attack only no earlier than its first good one of that type
SPECIES_FROSLASS	Phantom Force	for Ian			yes	Legends Z-A	55	Legends Z-A 55	a stage the power flags or the bar hold takes a new attack only no earlier than its first good one of that type
SPECIES_FROSLASS	Snowscape	left out				Scarlet and Violet	40	Scarlet and Violet 40	the engine does not run it in full (stub: nothing happens)
SPECIES_ROTOM	Eerie Impulse	added	25			Legends Z-A	25	Legends Z-A 25	
SPECIES_ROTOM	Electro Ball	added	20			Scarlet and Violet	20	Black and White 43; Black 2 and White 2 43; X and Y 43; Omega Ruby and Alpha Sapphire 43; Sun and Moon 43; Ultra Sun and Ultra Moon 43; Sword and Shield 20; Brilliant Diamond and Shining Pearl 20; Scarlet and Violet 20	
SPECIES_ROTOM	Hex	added	35			Scarlet and Violet	35	Black and White 50; Black 2 and White 2 50; X and Y 50; Omega Ruby and Alpha Sapphire 50; Sun and Moon 50; Ultra Sun and Ultra Moon 50; Sword and Shield 35; Brilliant Diamond and Shining Pearl 35; Legends Arceus 11; Scarlet and Violet 35	
SPECIES_ROTOM	ParabolicCharge	added	14			Legends Z-A	15	Legends Z-A 15	known at capture at 20; 15 to 14: the one-level rule
SPECIES_ROTOM	Parting Shot	for Ian			yes	Legends Z-A	17	Legends Z-A 17	an S or SSS status move, which the rules add only where Kaizo gives the species the move, and Kaizo gives no species a later move
SPECIES_REGIGIGAS	Body Press	added	42			Legends Z-A	42	Sword and Shield 42; Brilliant Diamond and Shining Pearl 42; Scarlet and Violet 42; Legends Z-A 42	
SPECIES_REGIGIGAS	Bulldoze	added	12			Legends Arceus	12	Legends Arceus 12	
SPECIES_REGIGIGAS	Heavy Slam	added	60			Legends Z-A	60	Black and White 90; Black 2 and White 2 90; X and Y 1; X and Y 90; Omega Ruby and Alpha Sapphire 1; Omega Ruby and Alpha Sapphire 90; Sun and Moon 1; Sun and Moon 90; Ultra Sun and Ultra Moon 1; Ultra Sun and Ultra Moon 90; Sword and Shield 60; Brilliant Diamond and Shining Pearl 60; Scarlet and Violet 60; Legends Z-A 60	
SPECIES_REGIGIGAS	Wide Guard	added	48			Legends Z-A	48	Black and White 40; Black 2 and White 2 40; X and Y 40; Omega Ruby and Alpha Sapphire 40; Sun and Moon 40; Ultra Sun and Ultra Moon 40; Sword and Shield 48; Brilliant Diamond and Shining Pearl 48; Scarlet and Violet 48; Legends Z-A 48	
SPECIES_GIRATINA	Hex	added	21			Legends Z-A	21	Black and White 50; Black 2 and White 2 50; X and Y 50; Omega Ruby and Alpha Sapphire 50; Sun and Moon 50; Ultra Sun and Ultra Moon 50; Sword and Shield 21; Brilliant Diamond and Shining Pearl 21; Scarlet and Violet 21; Legends Z-A 21	known at capture at 47
SPECIES_CRESSELIA	Ally Switch	left out				Legends Z-A	24	Scarlet and Violet 24; Legends Z-A 24	the engine does not run it in full (partial: status move running the plain-hit script: its effect never happens)
SPECIES_CRESSELIA	Lunar Blessing	once fixed	72		yes	Legends Z-A	72	Legends Arceus 57; Scarlet and Violet 72; Legends Z-A 72	the engine does not run it yet (partial: status move running the plain-hit script: its effect never happens); element 4 will make it work; would be added
SPECIES_CRESSELIA	Moonblast	added	65		yes	Legends Z-A	60	X and Y 99; Omega Ruby and Alpha Sapphire 99; Sun and Moon 99; Ultra Sun and Ultra Moon 99; Sword and Shield 60; Brilliant Diamond and Shining Pearl 60; Legends Arceus 46; Scarlet and Violet 60; Legends Z-A 60	60 to 65: no earlier than Kaizo's level for like moves (78) within its split
SPECIES_MANAPHY	Moonblast	for Ian			yes	Legends Arceus	36	Legends Arceus 36	a stage the power flags or the bar hold takes a new attack only no earlier than its first good one of that type
SPECIES_MANAPHY	Take Heart	for Ian			yes	Scarlet and Violet	76	Legends Arceus 46; Scarlet and Violet 76	an S or SSS status move, which the rules add only where Kaizo gives the species the move, and Kaizo gives no species a later move
SPECIES_DARKRAI	Brutal Swing	relearner only	10			Legends Z-A	10	Legends Z-A 10	below 40, where the stage is had: the relearner's
SPECIES_DARKRAI	Hex	added	12			Legends Arceus	12	Legends Arceus 12	known at capture at 40
SPECIES_DARKRAI	Phantom Force	added	70		yes	Legends Z-A	70	Legends Z-A 70	
SPECIES_DARKRAI	Snarl	added	16			Legends Z-A	16	Legends Z-A 16	known at capture at 40
SPECIES_SHAYMIN	Grassy Terrain	left out				Scarlet and Violet	64	Scarlet and Violet 64	the engine does not run it in full (stub: nothing happens (terrain held))
SPECIES_SHAYMIN	Leafage	added	1			Legends Arceus	1	Legends Arceus 1	known at capture at 30
SPECIES_SHAYMIN	Play Rough	added	47		yes	Scarlet and Violet	46	Scarlet and Violet 46	46 to 47: the one-level rule
