species	move	engine	games
SPECIES_CHARMANDER	Acrobatics	runs	Sword and Shield TM
SPECIES_CHARMANDER	Breaking Swipe	runs	Scarlet and Violet TM
SPECIES_CHARMANDER	Confide	runs	X and Y TM; Omega Ruby and Alpha Sapphire TM; Sun and Moon TM; Ultra Sun and Ultra Moon TM
SPECIES_CHARMANDER	Dragon Tail	runs	Sword and Shield egg; Brilliant Diamond and Shining Pearl egg; Scarlet and Violet TM; Scarlet and Violet egg
SPECIES_CHARMANDER	Echoed Voice	runs	Black and White TM; Black 2 and White 2 TM; X and Y TM; Omega Ruby and Alpha Sapphire TM; Sun and Moon TM; Ultra Sun and Ultra Moon TM
SPECIES_CHARMANDER	Fire Pledge	runs	Black and White tutor; Black 2 and White 2 tutor; X and Y tutor; Omega Ruby and Alpha Sapphire tutor; Sun and Moon tutor; Ultra Sun and Ultra Moon tutor; Sword and Shield tutor; Scarlet and Violet TM
SPECIES_CHARMANDER	Flame Charge	runs	Black and White TM; Black 2 and White 2 TM; X and Y TM; Omega Ruby and Alpha Sapphire TM; Sun and Moon TM; Ultra Sun and Ultra Moon TM; Scarlet and Violet TM; Legends Z-A TM
SPECIES_CHARMANDER	Hone Claws	runs	Black and White TM; Black 2 and White 2 TM; X and Y TM; Omega Ruby and Alpha Sapphire TM
SPECIES_CHARMANDER	Incinerate	runs	Black and White TM; Black 2 and White 2 TM; X and Y TM; Omega Ruby and Alpha Sapphire TM
SPECIES_CHARMANDER	Power-Up Punch	runs	X and Y TM; Omega Ruby and Alpha Sapphire TM
SPECIES_CHARMANDER	Round	runs	Black and White TM; Black 2 and White 2 TM; X and Y TM; Omega Ruby and Alpha Sapphire TM; Sun and Moon TM; Ultra Sun and Ultra Moon TM; Sword and Shield TM
SPECIES_CHARMANDER	Temper Flare	runs	Scarlet and Violet TM
SPECIES_CHARMANDER	Tera Blast	runs	Scarlet and Violet TM
SPECIES_CHARMANDER	Work Up	runs	Sun and Moon TM; Ultra Sun and Ultra Moon TM; Sword and Shield TM; Brilliant Diamond and Shining Pearl TM
SPECIES_CHARMELEON	Acrobatics	runs	Sword and Shield TM
SPECIES_CHARMELEON	Breaking Swipe	runs	Scarlet and Violet TM
SPECIES_CHARMELEON	Confide	runs	X and Y TM; Omega Ruby and Alpha Sapphire TM; Sun and Moon TM; Ultra Sun and Ultra Moon TM
SPECIES_CHARMELEON	Dragon Tail	runs	Sword and Shield egg; Brilliant Diamond and Shining Pearl egg; Scarlet and Violet TM; Scarlet and Violet egg
SPECIES_CHARMELEON	Echoed Voice	runs	Black and White TM; Black 2 and White 2 TM; X and Y TM; Omega Ruby and Alpha Sapphire TM; Sun and Moon TM; Ultra Sun and Ultra Moon TM
SPECIES_CHARMELEON	Fire Pledge	runs	Black and White tutor; Black 2 and White 2 tutor; X and Y tutor; Omega Ruby and Alpha Sapphire tutor; Sun and Moon tutor; Ultra Sun and Ultra Moon tutor; Sword and Shield tutor; Scarlet and Violet TM
SPECIES_CHARMELEON	Flame Charge	runs	Black and White TM; Black 2 and White 2 TM; X and Y TM; Omega Ruby and Alpha Sapphire TM; Sun and Moon TM; Ultra Sun and Ultra Moon TM; Scarlet and Violet TM; Legends Z-A TM
SPECIES_CHARMELEON	Hone Claws	runs	Black and White TM; Black 2 and White 2 TM; X and Y TM; Omega Ruby and Alpha Sapphire TM
SPECIES_CHARMELEON	Incinerate	runs	Black and White TM; Black 2 and White 2 TM; X and Y TM; Omega Ruby and Alpha Sapphire TM
SPECIES_CHARMELEON	Power-Up Punch	runs	X and Y TM; Omega Ruby and Alpha Sapphire TM
SPECIES_CHARMELEON	Round	runs	Black and White TM; Black 2 and White 2 TM; X and Y TM; Omega Ruby and Alpha Sapphire TM; Sun and Moon TM; Ultra Sun and Ultra Moon TM; Sword and Shield TM
SPECIES_CHARMELEON	Temper Flare	runs	Scarlet and Violet TM
SPECIES_CHARMELEON	Tera Blast	runs	Scarlet and Violet TM
SPECIES_CHARMELEON	Work Up	runs	Sun and Moon TM; Ultra Sun and Ultra Moon TM; Sword and Shield TM; Brilliant Diamond and Shining Pearl TM
SPECIES_CHARIZARD	Acrobatics	runs	Sword and Shield TM; Scarlet and Violet TM
SPECIES_CHARIZARD	Breaking Swipe	runs	Sword and Shield TM; Scarlet and Violet TM
SPECIES_CHARIZARD	Brutal Swing	runs	Sun and Moon TM; Ultra Sun and Ultra Moon TM; Sword and Shield TM
SPECIES_CHARIZARD	Bulldoze	runs	Black and White TM; Black 2 and White 2 TM; X and Y TM; Omega Ruby and Alpha Sapphire TM; Sun and Moon TM; Ultra Sun and Ultra Moon TM; Sword and Shield TM; Brilliant Diamond and Shining Pearl TM; Scarlet and Violet TM
SPECIES_CHARIZARD	Confide	runs	X and Y TM; Omega Ruby and Alpha Sapphire TM; Sun and Moon TM; Ultra Sun and Ultra Moon TM
SPECIES_CHARIZARD	Dragon Cheer	partial: status move running the plain-hit script: its effect never happens	Scarlet and Violet TM
SPECIES_CHARIZARD	Dragon Tail	runs	Black and White TM; Black 2 and White 2 TM; X and Y TM; Omega Ruby and Alpha Sapphire TM; Sun and Moon TM; Ultra Sun and Ultra Moon TM; Let's Go TM; Sword and Shield egg; Brilliant Diamond and Shining Pearl egg; Scarlet and Violet TM; Scarlet and Violet egg
SPECIES_CHARIZARD	Dual Wingbeat	runs	Sword and Shield tutor; Legends Z-A TM
SPECIES_CHARIZARD	Echoed Voice	runs	Black and White TM; Black 2 and White 2 TM; X and Y TM; Omega Ruby and Alpha Sapphire TM; Sun and Moon TM; Ultra Sun and Ultra Moon TM
SPECIES_CHARIZARD	Fire Pledge	runs	Black and White tutor; Black 2 and White 2 tutor; X and Y tutor; Omega Ruby and Alpha Sapphire tutor; Sun and Moon tutor; Ultra Sun and Ultra Moon tutor; Sword and Shield tutor; Scarlet and Violet TM
SPECIES_CHARIZARD	Flame Charge	runs	Black and White TM; Black 2 and White 2 TM; X and Y TM; Omega Ruby and Alpha Sapphire TM; Sun and Moon TM; Ultra Sun and Ultra Moon TM; Scarlet and Violet TM; Legends Z-A TM
SPECIES_CHARIZARD	Heat Crash	runs	Sword and Shield TM; Scarlet and Violet TM
SPECIES_CHARIZARD	Hone Claws	runs	Black and White TM; Black 2 and White 2 TM; X and Y TM; Omega Ruby and Alpha Sapphire TM
SPECIES_CHARIZARD	Hurricane	runs	Sword and Shield TM; Scarlet and Violet TM; Legends Z-A TM
SPECIES_CHARIZARD	Incinerate	runs	Black and White TM; Black 2 and White 2 TM; X and Y TM; Omega Ruby and Alpha Sapphire TM
SPECIES_CHARIZARD	Mystical Fire	runs	Sword and Shield TM
SPECIES_CHARIZARD	Power-Up Punch	runs	X and Y TM; Omega Ruby and Alpha Sapphire TM
SPECIES_CHARIZARD	Round	runs	Black and White TM; Black 2 and White 2 TM; X and Y TM; Omega Ruby and Alpha Sapphire TM; Sun and Moon TM; Ultra Sun and Ultra Moon TM; Sword and Shield TM
SPECIES_CHARIZARD	Scale Shot	partial: hits two to five times; the Speed rise and Defense drop are missing	Sword and Shield tutor; Legends Z-A TM
SPECIES_CHARIZARD	Scorching Sands	runs	Sword and Shield tutor; Scarlet and Violet TM; Legends Z-A TM
SPECIES_CHARIZARD	Sky Drop	partial: plain 60 hit; the two-turn lift is missing	Black and White TM; Black 2 and White 2 TM; X and Y TM; Omega Ruby and Alpha Sapphire TM; Sun and Moon TM; Ultra Sun and Ultra Moon TM
SPECIES_CHARIZARD	Temper Flare	runs	Scarlet and Violet TM
SPECIES_CHARIZARD	Tera Blast	runs	Scarlet and Violet TM
SPECIES_CHARIZARD	Work Up	runs	Sun and Moon TM; Ultra Sun and Ultra Moon TM; Sword and Shield TM; Brilliant Diamond and Shining Pearl TM
SPECIES_SQUIRTLE	Chilling Water	runs	Scarlet and Violet TM; Legends Z-A TM
SPECIES_SQUIRTLE	Confide	runs	X and Y TM; Omega Ruby and Alpha Sapphire TM; Sun and Moon TM; Ultra Sun and Ultra Moon TM
SPECIES_SQUIRTLE	Flip Turn	runs	Sword and Shield tutor; Scarlet and Violet TM; Legends Z-A TM
SPECIES_SQUIRTLE	Ice Spinner	runs	Scarlet and Violet TM
SPECIES_SQUIRTLE	Life Dew	runs	Sword and Shield egg; Brilliant Diamond and Shining Pearl egg; Scarlet and Violet egg
SPECIES_SQUIRTLE	Power-Up Punch	runs	X and Y TM; Omega Ruby and Alpha Sapphire TM
SPECIES_SQUIRTLE	Round	runs	Black and White TM; Black 2 and White 2 TM; X and Y TM; Omega Ruby and Alpha Sapphire TM; Sun and Moon TM; Ultra Sun and Ultra Moon TM; Sword and Shield TM
SPECIES_SQUIRTLE	Scald	runs	Black and White TM; Black 2 and White 2 TM; X and Y TM; Omega Ruby and Alpha Sapphire TM; Sun and Moon TM; Ultra Sun and Ultra Moon TM; Let's Go TM; Sword and Shield TM; Brilliant Diamond and Shining Pearl TM; Legends Z-A TM
SPECIES_SQUIRTLE	Tera Blast	runs	Scarlet and Violet TM
SPECIES_SQUIRTLE	Water Pledge	runs	Black and White tutor; Black 2 and White 2 tutor; X and Y tutor; Omega Ruby and Alpha Sapphire tutor; Sun and Moon tutor; Ultra Sun and Ultra Moon tutor; Sword and Shield tutor; Scarlet and Violet TM
SPECIES_SQUIRTLE	Work Up	runs	Sun and Moon TM; Ultra Sun and Ultra Moon TM; Sword and Shield TM; Brilliant Diamond and Shining Pearl TM; Legends Z-A TM
SPECIES_WARTORTLE	Chilling Water	runs	Scarlet and Violet TM; Legends Z-A TM
SPECIES_WARTORTLE	Confide	runs	X and Y TM; Omega Ruby and Alpha Sapphire TM; Sun and Moon TM; Ultra Sun and Ultra Moon TM
SPECIES_WARTORTLE	Flip Turn	runs	Sword and Shield tutor; Scarlet and Violet TM; Legends Z-A TM
SPECIES_WARTORTLE	Ice Spinner	runs	Scarlet and Violet TM
SPECIES_WARTORTLE	Life Dew	runs	Sword and Shield egg; Brilliant Diamond and Shining Pearl egg; Scarlet and Violet egg
SPECIES_WARTORTLE	Power-Up Punch	runs	X and Y TM; Omega Ruby and Alpha Sapphire TM
SPECIES_WARTORTLE	Round	runs	Black and White TM; Black 2 and White 2 TM; X and Y TM; Omega Ruby and Alpha Sapphire TM; Sun and Moon TM; Ultra Sun and Ultra Moon TM; Sword and Shield TM
SPECIES_WARTORTLE	Scald	runs	Black and White TM; Black 2 and White 2 TM; X and Y TM; Omega Ruby and Alpha Sapphire TM; Sun and Moon TM; Ultra Sun and Ultra Moon TM; Let's Go TM; Sword and Shield TM; Brilliant Diamond and Shining Pearl TM; Legends Z-A TM
SPECIES_WARTORTLE	Tera Blast	runs	Scarlet and Violet TM
SPECIES_WARTORTLE	Water Pledge	runs	Black and White tutor; Black 2 and White 2 tutor; X and Y tutor; Omega Ruby and Alpha Sapphire tutor; Sun and Moon tutor; Ultra Sun and Ultra Moon tutor; Sword and Shield tutor; Scarlet and Violet TM
SPECIES_WARTORTLE	Work Up	runs	Sun and Moon TM; Ultra Sun and Ultra Moon TM; Sword and Shield TM; Brilliant Diamond and Shining Pearl TM; Legends Z-A TM
SPECIES_BLASTOISE	Body Press	runs	Sword and Shield TM; Scarlet and Violet TM
SPECIES_BLASTOISE	Bulldoze	runs	Black and White TM; Black 2 and White 2 TM; X and Y TM; Omega Ruby and Alpha Sapphire TM; Sun and Moon TM; Ultra Sun and Ultra Moon TM; Sword and Shield TM; Brilliant Diamond and Shining Pearl TM
SPECIES_BLASTOISE	Chilling Water	runs	Scarlet and Violet TM; Legends Z-A TM
SPECIES_BLASTOISE	Confide	runs	X and Y TM; Omega Ruby and Alpha Sapphire TM; Sun and Moon TM; Ultra Sun and Ultra Moon TM
SPECIES_BLASTOISE	Dragon Tail	runs	Black and White TM; Black 2 and White 2 TM; X and Y TM; Omega Ruby and Alpha Sapphire TM; Sun and Moon TM; Ultra Sun and Ultra Moon TM; Let's Go TM
SPECIES_BLASTOISE	Flip Turn	runs	Sword and Shield tutor; Scarlet and Violet TM; Legends Z-A TM
SPECIES_BLASTOISE	Ice Spinner	runs	Scarlet and Violet TM
SPECIES_BLASTOISE	Life Dew	runs	Sword and Shield egg; Brilliant Diamond and Shining Pearl egg; Scarlet and Violet egg
SPECIES_BLASTOISE	Power-Up Punch	runs	X and Y TM; Omega Ruby and Alpha Sapphire TM
SPECIES_BLASTOISE	Round	runs	Black and White TM; Black 2 and White 2 TM; X and Y TM; Omega Ruby and Alpha Sapphire TM; Sun and Moon TM; Ultra Sun and Ultra Moon TM; Sword and Shield TM
SPECIES_BLASTOISE	Scald	runs	Black and White TM; Black 2 and White 2 TM; X and Y TM; Omega Ruby and Alpha Sapphire TM; Sun and Moon TM; Ultra Sun and Ultra Moon TM; Let's Go TM; Sword and Shield TM; Brilliant Diamond and Shining Pearl TM; Legends Z-A TM
SPECIES_BLASTOISE	Smack Down	runs	Black and White TM; Black 2 and White 2 TM; X and Y TM; Omega Ruby and Alpha Sapphire TM; Sun and Moon TM; Ultra Sun and Ultra Moon TM; Scarlet and Violet TM
SPECIES_BLASTOISE	Tera Blast	runs	Scarlet and Violet TM
SPECIES_BLASTOISE	Terrain Pulse	partial: plain 50 Normal hit; its type and power change wait on terrain	Sword and Shield tutor
SPECIES_BLASTOISE	Water Pledge	runs	Black and White tutor; Black 2 and White 2 tutor; X and Y tutor; Omega Ruby and Alpha Sapphire tutor; Sun and Moon tutor; Ultra Sun and Ultra Moon tutor; Sword and Shield tutor; Scarlet and Violet TM
SPECIES_BLASTOISE	Work Up	runs	Sun and Moon TM; Ultra Sun and Ultra Moon TM; Sword and Shield TM; Brilliant Diamond and Shining Pearl TM; Legends Z-A TM
SPECIES_PIKACHU	Alluring Voice	runs	Scarlet and Violet TM
SPECIES_PIKACHU	Bestow	partial: status move running the plain-hit script: its effect never happens	Black and White egg; Black 2 and White 2 egg; X and Y egg; Omega Ruby and Alpha Sapphire egg; Sun and Moon egg; Ultra Sun and Ultra Moon egg
SPECIES_PIKACHU	Confide	runs	X and Y TM; Omega Ruby and Alpha Sapphire TM; Sun and Moon TM; Ultra Sun and Ultra Moon TM
SPECIES_PIKACHU	Disarming Voice	runs	X and Y egg; Omega Ruby and Alpha Sapphire egg; Sun and Moon egg; Ultra Sun and Ultra Moon egg; Sword and Shield egg; Brilliant Diamond and Shining Pearl egg; Scarlet and Violet TM; Scarlet and Violet egg
SPECIES_PIKACHU	Echoed Voice	runs	Black and White TM; Black 2 and White 2 TM; X and Y TM; Omega Ruby and Alpha Sapphire TM; Sun and Moon TM; Ultra Sun and Ultra Moon TM
SPECIES_PIKACHU	Eerie Impulse	runs	Scarlet and Violet TM
SPECIES_PIKACHU	ElectricTerrain	stub: nothing happens (terrain held)	Sun and Moon egg; Ultra Sun and Ultra Moon egg; Sword and Shield TM; Brilliant Diamond and Shining Pearl egg; Scarlet and Violet TM
SPECIES_PIKACHU	Electroweb	runs	Omega Ruby and Alpha Sapphire tutor; Ultra Sun and Ultra Moon tutor; Sword and Shield TM; Scarlet and Violet TM; Legends Z-A TM
SPECIES_PIKACHU	Floaty Fall	runs	Let's Go tutor
SPECIES_PIKACHU	Laser Focus	runs	Ultra Sun and Ultra Moon tutor
SPECIES_PIKACHU	Play Rough	runs	Sword and Shield TM; Scarlet and Violet TM; Legends Z-A TM
SPECIES_PIKACHU	Rising Voltage	runs	Sword and Shield tutor
SPECIES_PIKACHU	Round	runs	Black and White TM; Black 2 and White 2 TM; X and Y TM; Omega Ruby and Alpha Sapphire TM; Sun and Moon TM; Ultra Sun and Ultra Moon TM; Sword and Shield TM
SPECIES_PIKACHU	Splishy Splash	runs	Let's Go tutor
SPECIES_PIKACHU	Tera Blast	runs	Scarlet and Violet TM
SPECIES_PIKACHU	Trailblaze	runs	Scarlet and Violet TM; Legends Z-A TM
SPECIES_PIKACHU	Upper Hand	runs	Scarlet and Violet TM
SPECIES_PIKACHU	Volt Switch	runs	Black and White TM; Black 2 and White 2 TM; X and Y TM; Omega Ruby and Alpha Sapphire TM; Sun and Moon TM; Ultra Sun and Ultra Moon TM; Sword and Shield TM; Brilliant Diamond and Shining Pearl TM; Scarlet and Violet TM; Legends Z-A TM
SPECIES_PIKACHU	Zippy Zap	runs	Let's Go tutor
SPECIES_RAICHU	Alluring Voice	runs	Scarlet and Violet TM
SPECIES_RAICHU	Bestow	partial: status move running the plain-hit script: its effect never happens	Black and White egg; Black 2 and White 2 egg; X and Y egg; Omega Ruby and Alpha Sapphire egg; Sun and Moon egg; Ultra Sun and Ultra Moon egg
SPECIES_RAICHU	Brutal Swing	runs	Sword and Shield TM
SPECIES_RAICHU	Confide	runs	X and Y TM; Omega Ruby and Alpha Sapphire TM; Sun and Moon TM; Ultra Sun and Ultra Moon TM
SPECIES_RAICHU	Dazzling Gleam	runs	Legends Z-A TM
SPECIES_RAICHU	Disarming Voice	runs	X and Y egg; Omega Ruby and Alpha Sapphire egg; Sun and Moon egg; Ultra Sun and Ultra Moon egg; Sword and Shield egg; Brilliant Diamond and Shining Pearl egg; Scarlet and Violet TM; Scarlet and Violet egg
SPECIES_RAICHU	Echoed Voice	runs	Black and White TM; Black 2 and White 2 TM; X and Y TM; Omega Ruby and Alpha Sapphire TM; Sun and Moon TM; Ultra Sun and Ultra Moon TM
SPECIES_RAICHU	ElectricTerrain	stub: nothing happens (terrain held)	Sun and Moon egg; Ultra Sun and Ultra Moon egg; Sword and Shield TM; Brilliant Diamond and Shining Pearl egg; Scarlet and Violet TM
SPECIES_RAICHU	Electroweb	runs	Omega Ruby and Alpha Sapphire tutor; Ultra Sun and Ultra Moon tutor; Sword and Shield TM; Scarlet and Violet TM; Legends Z-A TM
SPECIES_RAICHU	Laser Focus	runs	Ultra Sun and Ultra Moon tutor
SPECIES_RAICHU	Play Rough	runs	Sword and Shield TM; Scarlet and Violet TM; Legends Z-A TM
SPECIES_RAICHU	Rising Voltage	runs	Sword and Shield tutor
SPECIES_RAICHU	Round	runs	Black and White TM; Black 2 and White 2 TM; X and Y TM; Omega Ruby and Alpha Sapphire TM; Sun and Moon TM; Ultra Sun and Ultra Moon TM; Sword and Shield TM
SPECIES_RAICHU	Speed Swap	partial: status move running the plain-hit script: its effect never happens	Sword and Shield TM
SPECIES_RAICHU	Tera Blast	runs	Scarlet and Violet TM
SPECIES_RAICHU	Trailblaze	runs	Scarlet and Violet TM; Legends Z-A TM
SPECIES_RAICHU	Upper Hand	runs	Scarlet and Violet TM
SPECIES_RAICHU	Volt Switch	runs	Black and White TM; Black 2 and White 2 TM; X and Y TM; Omega Ruby and Alpha Sapphire TM; Sun and Moon TM; Ultra Sun and Ultra Moon TM; Sword and Shield TM; Brilliant Diamond and Shining Pearl TM; Scarlet and Violet TM; Legends Z-A TM
SPECIES_RAICHU	Wild Charge	runs	Black and White TM; Black 2 and White 2 TM; X and Y TM; Omega Ruby and Alpha Sapphire TM; Sun and Moon TM; Ultra Sun and Ultra Moon TM; Sword and Shield TM; Scarlet and Violet TM; Legends Z-A TM
SPECIES_NIDORAN_F	Chip Away	runs	Black and White egg; Black 2 and White 2 egg; X and Y egg; Omega Ruby and Alpha Sapphire egg; Sun and Moon egg; Ultra Sun and Ultra Moon egg
SPECIES_NIDORAN_F	Confide	runs	X and Y TM; Omega Ruby and Alpha Sapphire TM; Sun and Moon TM; Ultra Sun and Ultra Moon TM
SPECIES_NIDORAN_F	Echoed Voice	runs	X and Y TM; Omega Ruby and Alpha Sapphire TM; Sun and Moon TM; Ultra Sun and Ultra Moon TM
SPECIES_NIDORAN_F	Hone Claws	runs	Black and White TM; Black 2 and White 2 TM; X and Y TM; Omega Ruby and Alpha Sapphire TM
SPECIES_NIDORAN_F	Round	runs	Black and White TM; Black 2 and White 2 TM; X and Y TM; Omega Ruby and Alpha Sapphire TM; Sun and Moon TM; Ultra Sun and Ultra Moon TM; Sword and Shield TM; Legends Z-A TM
SPECIES_NIDORAN_F	Venom Drench	runs	X and Y egg; Omega Ruby and Alpha Sapphire egg; Sun and Moon egg; Ultra Sun and Ultra Moon egg; Sword and Shield TM; Brilliant Diamond and Shining Pearl egg; Legends Z-A TM
SPECIES_NIDORAN_F	Venoshock	runs	Black and White TM; Black 2 and White 2 TM; X and Y TM; Omega Ruby and Alpha Sapphire TM; Sun and Moon TM; Ultra Sun and Ultra Moon TM; Sword and Shield TM; Legends Z-A TM
SPECIES_NIDORINA	Chip Away	runs	Black and White egg; Black 2 and White 2 egg; X and Y egg; Omega Ruby and Alpha Sapphire egg; Sun and Moon egg; Ultra Sun and Ultra Moon egg
SPECIES_NIDORINA	Confide	runs	X and Y TM; Omega Ruby and Alpha Sapphire TM; Sun and Moon TM; Ultra Sun and Ultra Moon TM
SPECIES_NIDORINA	Echoed Voice	runs	Black and White TM; Black 2 and White 2 TM; X and Y TM; Omega Ruby and Alpha Sapphire TM; Sun and Moon TM; Ultra Sun and Ultra Moon TM
SPECIES_NIDORINA	Hone Claws	runs	Black and White TM; Black 2 and White 2 TM; X and Y TM; Omega Ruby and Alpha Sapphire TM
SPECIES_NIDORINA	Round	runs	Black and White TM; Black 2 and White 2 TM; X and Y TM; Omega Ruby and Alpha Sapphire TM; Sun and Moon TM; Ultra Sun and Ultra Moon TM; Sword and Shield TM; Legends Z-A TM
SPECIES_NIDORINA	StompingTantrum	runs	Ultra Sun and Ultra Moon tutor; Sword and Shield TM; Legends Z-A TM
SPECIES_NIDORINA	Venom Drench	runs	X and Y egg; Omega Ruby and Alpha Sapphire egg; Sun and Moon egg; Ultra Sun and Ultra Moon egg; Sword and Shield TM; Brilliant Diamond and Shining Pearl egg; Legends Z-A TM
SPECIES_NIDORINA	Venoshock	runs	Black and White TM; Black 2 and White 2 TM; X and Y TM; Omega Ruby and Alpha Sapphire TM; Sun and Moon TM; Ultra Sun and Ultra Moon TM; Sword and Shield TM; Legends Z-A TM
SPECIES_NIDOQUEEN	Body Press	runs	Sword and Shield TM; Legends Z-A TM
SPECIES_NIDOQUEEN	Bulldoze	runs	Black and White TM; Black 2 and White 2 TM; X and Y TM; Omega Ruby and Alpha Sapphire TM; Sun and Moon TM; Ultra Sun and Ultra Moon TM; Sword and Shield TM; Brilliant Diamond and Shining Pearl TM; Legends Z-A TM
SPECIES_NIDOQUEEN	Confide	runs	X and Y TM; Omega Ruby and Alpha Sapphire TM; Sun and Moon TM; Ultra Sun and Ultra Moon TM
SPECIES_NIDOQUEEN	Dragon Tail	runs	Black and White TM; Black 2 and White 2 TM; X and Y TM; Omega Ruby and Alpha Sapphire TM; Sun and Moon TM; Ultra Sun and Ultra Moon TM; Let's Go TM
SPECIES_NIDOQUEEN	Drill Run	runs	Omega Ruby and Alpha Sapphire tutor; Ultra Sun and Ultra Moon tutor; Let's Go TM; Sword and Shield TM; Legends Z-A TM
SPECIES_NIDOQUEEN	Echoed Voice	runs	Black and White TM; Black 2 and White 2 TM; X and Y TM; Omega Ruby and Alpha Sapphire TM; Sun and Moon TM; Ultra Sun and Ultra Moon TM
SPECIES_NIDOQUEEN	Hex	runs	Sword and Shield TM; Legends Z-A TM
SPECIES_NIDOQUEEN	High Horsepower	runs	Sword and Shield TM; Legends Z-A TM
SPECIES_NIDOQUEEN	Hone Claws	runs	Black and White TM; Black 2 and White 2 TM; X and Y TM; Omega Ruby and Alpha Sapphire TM
SPECIES_NIDOQUEEN	Incinerate	runs	Black and White TM; Black 2 and White 2 TM; X and Y TM; Omega Ruby and Alpha Sapphire TM
SPECIES_NIDOQUEEN	Power-Up Punch	runs	X and Y TM; Omega Ruby and Alpha Sapphire TM
SPECIES_NIDOQUEEN	Quash	stub: nothing happens	Black and White TM; Black 2 and White 2 TM; X and Y TM; Omega Ruby and Alpha Sapphire TM; Sun and Moon TM; Ultra Sun and Ultra Moon TM
SPECIES_NIDOQUEEN	Round	runs	Black and White TM; Black 2 and White 2 TM; X and Y TM; Omega Ruby and Alpha Sapphire TM; Sun and Moon TM; Ultra Sun and Ultra Moon TM; Sword and Shield TM; Legends Z-A TM
SPECIES_NIDOQUEEN	Scorching Sands	runs	Sword and Shield tutor; Legends Z-A TM
SPECIES_NIDOQUEEN	Smack Down	runs	Black and White TM; Black 2 and White 2 TM; X and Y TM; Omega Ruby and Alpha Sapphire TM; Sun and Moon TM; Ultra Sun and Ultra Moon TM
SPECIES_NIDOQUEEN	StompingTantrum	runs	Ultra Sun and Ultra Moon tutor; Sword and Shield TM; Legends Z-A TM
SPECIES_NIDOQUEEN	Throat Chop	stub: plain hit	Ultra Sun and Ultra Moon tutor; Sword and Shield TM; Legends Z-A TM
SPECIES_NIDOQUEEN	Venom Drench	runs	X and Y egg; Omega Ruby and Alpha Sapphire egg; Sun and Moon egg; Ultra Sun and Ultra Moon egg; Sword and Shield TM; Brilliant Diamond and Shining Pearl egg; Legends Z-A TM
SPECIES_NIDOQUEEN	Venoshock	runs	Black and White TM; Black 2 and White 2 TM; X and Y TM; Omega Ruby and Alpha Sapphire TM; Sun and Moon TM; Ultra Sun and Ultra Moon TM; Sword and Shield TM; Legends Z-A TM
SPECIES_NIDORAN_M	Chip Away	runs	Black and White egg; Black 2 and White 2 egg; X and Y egg; Omega Ruby and Alpha Sapphire egg; Sun and Moon egg; Ultra Sun and Ultra Moon egg
SPECIES_NIDORAN_M	Confide	runs	X and Y TM; Omega Ruby and Alpha Sapphire TM; Sun and Moon TM; Ultra Sun and Ultra Moon TM
SPECIES_NIDORAN_M	Drill Run	runs	Black 2 and White 2 tutor; Omega Ruby and Alpha Sapphire tutor; Ultra Sun and Ultra Moon tutor; Let's Go TM; Sword and Shield TM; Legends Z-A TM
SPECIES_NIDORAN_M	Echoed Voice	runs	Black and White TM; Black 2 and White 2 TM; X and Y TM; Omega Ruby and Alpha Sapphire TM; Sun and Moon TM; Ultra Sun and Ultra Moon TM
SPECIES_NIDORAN_M	Hone Claws	runs	Black and White TM; Black 2 and White 2 TM; X and Y TM; Omega Ruby and Alpha Sapphire TM
SPECIES_NIDORAN_M	Round	runs	Black and White TM; Black 2 and White 2 TM; X and Y TM; Omega Ruby and Alpha Sapphire TM; Sun and Moon TM; Ultra Sun and Ultra Moon TM; Sword and Shield TM; Legends Z-A TM
SPECIES_NIDORAN_M	Smart Strike	runs	Sun and Moon TM; Ultra Sun and Ultra Moon TM; Sword and Shield TM; Legends Z-A TM
SPECIES_NIDORAN_M	Venom Drench	runs	X and Y egg; Omega Ruby and Alpha Sapphire egg; Sun and Moon egg; Ultra Sun and Ultra Moon egg; Sword and Shield TM; Brilliant Diamond and Shining Pearl egg; Legends Z-A TM
SPECIES_NIDORAN_M	Venoshock	runs	Black and White TM; Black 2 and White 2 TM; X and Y TM; Omega Ruby and Alpha Sapphire TM; Sun and Moon TM; Ultra Sun and Ultra Moon TM; Sword and Shield TM; Legends Z-A TM
SPECIES_NIDORINO	Chip Away	runs	Black and White egg; Black 2 and White 2 egg; X and Y egg; Omega Ruby and Alpha Sapphire egg; Sun and Moon egg; Ultra Sun and Ultra Moon egg
SPECIES_NIDORINO	Confide	runs	X and Y TM; Omega Ruby and Alpha Sapphire TM; Sun and Moon TM; Ultra Sun and Ultra Moon TM
SPECIES_NIDORINO	Drill Run	runs	Black 2 and White 2 tutor; Omega Ruby and Alpha Sapphire tutor; Ultra Sun and Ultra Moon tutor; Let's Go TM; Sword and Shield TM; Legends Z-A TM
SPECIES_NIDORINO	Echoed Voice	runs	Black and White TM; Black 2 and White 2 TM; X and Y TM; Omega Ruby and Alpha Sapphire TM; Sun and Moon TM; Ultra Sun and Ultra Moon TM
SPECIES_NIDORINO	Hone Claws	runs	Black and White TM; Black 2 and White 2 TM; X and Y TM; Omega Ruby and Alpha Sapphire TM
SPECIES_NIDORINO	Round	runs	Black and White TM; Black 2 and White 2 TM; X and Y TM; Omega Ruby and Alpha Sapphire TM; Sun and Moon TM; Ultra Sun and Ultra Moon TM; Sword and Shield TM; Legends Z-A TM
SPECIES_NIDORINO	Smart Strike	runs	Sun and Moon TM; Ultra Sun and Ultra Moon TM; Sword and Shield TM; Legends Z-A TM
SPECIES_NIDORINO	StompingTantrum	runs	Ultra Sun and Ultra Moon tutor; Sword and Shield TM; Legends Z-A TM
SPECIES_NIDORINO	Venom Drench	runs	X and Y egg; Omega Ruby and Alpha Sapphire egg; Sun and Moon egg; Ultra Sun and Ultra Moon egg; Sword and Shield TM; Brilliant Diamond and Shining Pearl egg; Legends Z-A TM
SPECIES_NIDORINO	Venoshock	runs	Black and White TM; Black 2 and White 2 TM; X and Y TM; Omega Ruby and Alpha Sapphire TM; Sun and Moon TM; Ultra Sun and Ultra Moon TM; Sword and Shield TM; Legends Z-A TM
SPECIES_NIDOKING	Body Press	runs	Sword and Shield TM; Legends Z-A TM
SPECIES_NIDOKING	Bulldoze	runs	Black and White TM; Black 2 and White 2 TM; X and Y TM; Omega Ruby and Alpha Sapphire TM; Sun and Moon TM; Ultra Sun and Ultra Moon TM; Sword and Shield TM; Brilliant Diamond and Shining Pearl TM; Legends Z-A TM
SPECIES_NIDOKING	Confide	runs	X and Y TM; Omega Ruby and Alpha Sapphire TM; Sun and Moon TM; Ultra Sun and Ultra Moon TM
SPECIES_NIDOKING	Dragon Tail	runs	Black and White TM; Black 2 and White 2 TM; X and Y TM; Omega Ruby and Alpha Sapphire TM; Sun and Moon TM; Ultra Sun and Ultra Moon TM; Let's Go TM
SPECIES_NIDOKING	Drill Run	runs	Black 2 and White 2 tutor; Omega Ruby and Alpha Sapphire tutor; Ultra Sun and Ultra Moon tutor; Let's Go TM; Sword and Shield TM; Legends Z-A TM
SPECIES_NIDOKING	Echoed Voice	runs	Black and White TM; Black 2 and White 2 TM; X and Y TM; Omega Ruby and Alpha Sapphire TM; Sun and Moon TM; Ultra Sun and Ultra Moon TM
SPECIES_NIDOKING	Hex	runs	Sword and Shield TM; Legends Z-A TM
SPECIES_NIDOKING	High Horsepower	runs	Sword and Shield TM; Legends Z-A TM
SPECIES_NIDOKING	Hone Claws	runs	Black and White TM; Black 2 and White 2 TM; X and Y TM; Omega Ruby and Alpha Sapphire TM
SPECIES_NIDOKING	Incinerate	runs	Black and White TM; Black 2 and White 2 TM; X and Y TM; Omega Ruby and Alpha Sapphire TM
SPECIES_NIDOKING	Power-Up Punch	runs	X and Y TM; Omega Ruby and Alpha Sapphire TM
SPECIES_NIDOKING	Quash	stub: nothing happens	Black and White TM; Black 2 and White 2 TM; X and Y TM; Omega Ruby and Alpha Sapphire TM; Sun and Moon TM; Ultra Sun and Ultra Moon TM
SPECIES_NIDOKING	Round	runs	Black and White TM; Black 2 and White 2 TM; X and Y TM; Omega Ruby and Alpha Sapphire TM; Sun and Moon TM; Ultra Sun and Ultra Moon TM; Sword and Shield TM; Legends Z-A TM
SPECIES_NIDOKING	Scorching Sands	runs	Sword and Shield tutor; Legends Z-A TM
SPECIES_NIDOKING	Smack Down	runs	Black and White TM; Black 2 and White 2 TM; X and Y TM; Omega Ruby and Alpha Sapphire TM; Sun and Moon TM; Ultra Sun and Ultra Moon TM
SPECIES_NIDOKING	Smart Strike	runs	Sun and Moon TM; Ultra Sun and Ultra Moon TM; Sword and Shield TM; Legends Z-A TM
SPECIES_NIDOKING	StompingTantrum	runs	Ultra Sun and Ultra Moon tutor; Sword and Shield TM; Legends Z-A TM
SPECIES_NIDOKING	Throat Chop	stub: plain hit	Ultra Sun and Ultra Moon tutor; Sword and Shield TM; Legends Z-A TM
SPECIES_NIDOKING	Venom Drench	runs	X and Y egg; Omega Ruby and Alpha Sapphire egg; Sun and Moon egg; Ultra Sun and Ultra Moon egg; Sword and Shield TM; Brilliant Diamond and Shining Pearl egg; Legends Z-A TM
SPECIES_NIDOKING	Venoshock	runs	Black and White TM; Black 2 and White 2 TM; X and Y TM; Omega Ruby and Alpha Sapphire TM; Sun and Moon TM; Ultra Sun and Ultra Moon TM; Sword and Shield TM; Legends Z-A TM
SPECIES_CLEFAIRY	Alluring Voice	runs	Scarlet and Violet TM
SPECIES_CLEFAIRY	Ally Switch	partial: status move running the plain-hit script: its effect never happens	Sword and Shield TM
SPECIES_CLEFAIRY	Chilling Water	runs	Scarlet and Violet TM; Legends Z-A TM
SPECIES_CLEFAIRY	Confide	runs	X and Y TM; Omega Ruby and Alpha Sapphire TM; Sun and Moon TM; Ultra Sun and Ultra Moon TM
SPECIES_CLEFAIRY	Dual Wingbeat	runs	Sword and Shield tutor; Scarlet and Violet TM; Legends Z-A TM
SPECIES_CLEFAIRY	Echoed Voice	runs	Black and White TM; Black 2 and White 2 TM; X and Y TM; Omega Ruby and Alpha Sapphire TM; Sun and Moon TM; Ultra Sun and Ultra Moon TM
SPECIES_CLEFAIRY	Heal Pulse	runs	X and Y egg; Omega Ruby and Alpha Sapphire egg; Sun and Moon egg; Ultra Sun and Ultra Moon egg; Sword and Shield egg; Brilliant Diamond and Shining Pearl egg; Scarlet and Violet egg
SPECIES_CLEFAIRY	Incinerate	runs	Black and White TM; Black 2 and White 2 TM; X and Y TM; Omega Ruby and Alpha Sapphire TM
SPECIES_CLEFAIRY	Meteor Beam	runs	Sword and Shield tutor; Scarlet and Violet TM; Legends Z-A TM
SPECIES_CLEFAIRY	Misty Explosion	runs	Sword and Shield tutor; Scarlet and Violet TM
SPECIES_CLEFAIRY	Misty Terrain	stub: nothing happens (terrain held)	X and Y egg; Omega Ruby and Alpha Sapphire egg; Sun and Moon egg; Ultra Sun and Ultra Moon egg; Sword and Shield TM; Brilliant Diamond and Shining Pearl egg; Scarlet and Violet TM
SPECIES_CLEFAIRY	Play Rough	runs	Let's Go TM; Sword and Shield TM; Scarlet and Violet TM; Legends Z-A TM
SPECIES_CLEFAIRY	Power-Up Punch	runs	X and Y TM; Omega Ruby and Alpha Sapphire TM
SPECIES_CLEFAIRY	Psyshock	runs	Black and White TM; Black 2 and White 2 TM; X and Y TM; Omega Ruby and Alpha Sapphire TM; Sun and Moon TM; Ultra Sun and Ultra Moon TM; Sword and Shield TM; Scarlet and Violet TM; Legends Z-A TM
SPECIES_CLEFAIRY	Retaliate	runs	Black and White TM; Black 2 and White 2 TM; X and Y TM; Omega Ruby and Alpha Sapphire TM; Sword and Shield TM
SPECIES_CLEFAIRY	Round	runs	Black and White TM; Black 2 and White 2 TM; X and Y TM; Omega Ruby and Alpha Sapphire TM; Sun and Moon TM; Ultra Sun and Ultra Moon TM; Sword and Shield TM
SPECIES_CLEFAIRY	Telekinesis	partial: status move running the plain-hit script: its effect never happens	Black and White TM; Black 2 and White 2 TM; Ultra Sun and Ultra Moon tutor
SPECIES_CLEFAIRY	Tera Blast	runs	Scarlet and Violet TM
SPECIES_CLEFAIRY	Wonder Room	runs	Black 2 and White 2 tutor; Omega Ruby and Alpha Sapphire tutor; Ultra Sun and Ultra Moon tutor; Sword and Shield TM
SPECIES_CLEFAIRY	Work Up	runs	Black and White TM; Black 2 and White 2 TM; Sun and Moon TM; Ultra Sun and Ultra Moon TM; Sword and Shield TM; Brilliant Diamond and Shining Pearl TM; Legends Z-A TM
SPECIES_CLEFABLE	Alluring Voice	runs	Scarlet and Violet TM
SPECIES_CLEFABLE	Ally Switch	partial: status move running the plain-hit script: its effect never happens	Sword and Shield TM
SPECIES_CLEFABLE	Chilling Water	runs	Scarlet and Violet TM; Legends Z-A TM
SPECIES_CLEFABLE	Confide	runs	X and Y TM; Omega Ruby and Alpha Sapphire TM; Sun and Moon TM; Ultra Sun and Ultra Moon TM
SPECIES_CLEFABLE	Dual Wingbeat	runs	Sword and Shield tutor; Scarlet and Violet TM; Legends Z-A TM
SPECIES_CLEFABLE	Echoed Voice	runs	Black and White TM; Black 2 and White 2 TM; X and Y TM; Omega Ruby and Alpha Sapphire TM; Sun and Moon TM; Ultra Sun and Ultra Moon TM
SPECIES_CLEFABLE	Heal Pulse	runs	X and Y egg; Omega Ruby and Alpha Sapphire egg; Sun and Moon egg; Ultra Sun and Ultra Moon egg; Sword and Shield egg; Brilliant Diamond and Shining Pearl egg; Scarlet and Violet egg
SPECIES_CLEFABLE	Incinerate	runs	Black and White TM; Black 2 and White 2 TM; X and Y TM; Omega Ruby and Alpha Sapphire TM
SPECIES_CLEFABLE	Laser Focus	runs	Ultra Sun and Ultra Moon tutor
SPECIES_CLEFABLE	Meteor Beam	runs	Sword and Shield tutor; Scarlet and Violet TM; Legends Z-A TM
SPECIES_CLEFABLE	Misty Explosion	runs	Sword and Shield tutor; Scarlet and Violet TM
SPECIES_CLEFABLE	Misty Terrain	stub: nothing happens (terrain held)	X and Y egg; Omega Ruby and Alpha Sapphire egg; Sun and Moon egg; Ultra Sun and Ultra Moon egg; Sword and Shield TM; Brilliant Diamond and Shining Pearl egg; Scarlet and Violet TM
SPECIES_CLEFABLE	Play Rough	runs	Let's Go TM; Sword and Shield TM; Scarlet and Violet TM; Legends Z-A TM
SPECIES_CLEFABLE	Power-Up Punch	runs	X and Y TM; Omega Ruby and Alpha Sapphire TM
SPECIES_CLEFABLE	Psyshock	runs	Black and White TM; Black 2 and White 2 TM; X and Y TM; Omega Ruby and Alpha Sapphire TM; Sun and Moon TM; Ultra Sun and Ultra Moon TM; Sword and Shield TM; Scarlet and Violet TM; Legends Z-A TM
SPECIES_CLEFABLE	Retaliate	runs	Black and White TM; Black 2 and White 2 TM; X and Y TM; Omega Ruby and Alpha Sapphire TM; Sword and Shield TM
SPECIES_CLEFABLE	Round	runs	Black and White TM; Black 2 and White 2 TM; X and Y TM; Omega Ruby and Alpha Sapphire TM; Sun and Moon TM; Ultra Sun and Ultra Moon TM; Sword and Shield TM
SPECIES_CLEFABLE	Telekinesis	partial: status move running the plain-hit script: its effect never happens	Black and White TM; Black 2 and White 2 TM; Ultra Sun and Ultra Moon tutor
SPECIES_CLEFABLE	Tera Blast	runs	Scarlet and Violet TM
SPECIES_CLEFABLE	Wonder Room	runs	Black 2 and White 2 tutor; Omega Ruby and Alpha Sapphire tutor; Ultra Sun and Ultra Moon tutor; Sword and Shield TM
SPECIES_CLEFABLE	Work Up	runs	Black and White TM; Black 2 and White 2 TM; Sun and Moon TM; Ultra Sun and Ultra Moon TM; Sword and Shield TM; Brilliant Diamond and Shining Pearl TM; Legends Z-A TM
SPECIES_VULPIX	BurningJealousy	runs	Sword and Shield tutor; Scarlet and Violet TM; Legends Z-A TM
SPECIES_VULPIX	Confide	runs	X and Y TM; Omega Ruby and Alpha Sapphire TM; Sun and Moon TM; Ultra Sun and Ultra Moon TM
SPECIES_VULPIX	Flame Charge	runs	Black and White TM; Black 2 and White 2 TM; X and Y TM; Omega Ruby and Alpha Sapphire TM; Sun and Moon TM; Ultra Sun and Ultra Moon TM; Sword and Shield egg; Brilliant Diamond and Shining Pearl egg; Scarlet and Violet TM; Scarlet and Violet egg; Legends Z-A TM; Legends Z-A egg
SPECIES_VULPIX	Foul Play	runs	Black 2 and White 2 tutor; Omega Ruby and Alpha Sapphire tutor; Ultra Sun and Ultra Moon tutor; Let's Go TM; Sword and Shield TM; Scarlet and Violet TM; Legends Z-A TM
SPECIES_VULPIX	Mystical Fire	runs	Sword and Shield TM; Legends Arceus tutor; Legends Z-A TM
SPECIES_VULPIX	Round	runs	Black and White TM; Black 2 and White 2 TM; X and Y TM; Omega Ruby and Alpha Sapphire TM; Sun and Moon TM; Ultra Sun and Ultra Moon TM; Sword and Shield TM; Legends Z-A TM
SPECIES_VULPIX	Snarl	runs	Scarlet and Violet TM
SPECIES_VULPIX	Tail Slap	runs	Black and White egg; Black 2 and White 2 egg; X and Y egg; Omega Ruby and Alpha Sapphire egg; Sun and Moon egg; Ultra Sun and Ultra Moon egg; Sword and Shield TM; Legends Z-A TM
SPECIES_VULPIX	Tera Blast	runs	Scarlet and Violet TM
SPECIES_NINETALES	Baby-Doll Eyes	runs	Sword and Shield egg; Brilliant Diamond and Shining Pearl egg; Legends Arceus tutor; Scarlet and Violet egg
SPECIES_NINETALES	BurningJealousy	runs	Sword and Shield tutor; Scarlet and Violet TM; Legends Z-A TM
SPECIES_NINETALES	Confide	runs	X and Y TM; Omega Ruby and Alpha Sapphire TM; Sun and Moon TM; Ultra Sun and Ultra Moon TM
SPECIES_NINETALES	Flame Charge	runs	Black and White TM; Black 2 and White 2 TM; X and Y TM; Omega Ruby and Alpha Sapphire TM; Sun and Moon TM; Ultra Sun and Ultra Moon TM; Sword and Shield egg; Brilliant Diamond and Shining Pearl egg; Scarlet and Violet TM; Scarlet and Violet egg
SPECIES_NINETALES	Foul Play	runs	Black 2 and White 2 tutor; Omega Ruby and Alpha Sapphire tutor; Ultra Sun and Ultra Moon tutor; Let's Go TM; Sword and Shield TM; Scarlet and Violet TM; Legends Z-A TM
SPECIES_NINETALES	Laser Focus	runs	Ultra Sun and Ultra Moon tutor
SPECIES_NINETALES	Mystical Fire	runs	Sword and Shield TM; Legends Arceus tutor; Legends Z-A TM
SPECIES_NINETALES	Psyshock	runs	Black and White TM; Black 2 and White 2 TM; X and Y TM; Omega Ruby and Alpha Sapphire TM; Sun and Moon TM; Ultra Sun and Ultra Moon TM; Sword and Shield TM; Scarlet and Violet TM; Legends Z-A TM
SPECIES_NINETALES	Round	runs	Black and White TM; Black 2 and White 2 TM; X and Y TM; Omega Ruby and Alpha Sapphire TM; Sun and Moon TM; Ultra Sun and Ultra Moon TM; Sword and Shield TM; Legends Z-A TM
SPECIES_NINETALES	Scorching Sands	runs	Sword and Shield tutor; Scarlet and Violet TM; Legends Z-A TM
SPECIES_NINETALES	Snarl	runs	Scarlet and Violet TM
SPECIES_NINETALES	Stored Power	runs	Sword and Shield TM; Scarlet and Violet TM; Legends Z-A TM
SPECIES_NINETALES	Tail Slap	runs	Black and White egg; Black 2 and White 2 egg; X and Y egg; Omega Ruby and Alpha Sapphire egg; Sun and Moon egg; Ultra Sun and Ultra Moon egg; Sword and Shield TM; Legends Z-A TM
SPECIES_NINETALES	Tera Blast	runs	Scarlet and Violet TM
SPECIES_ZUBAT	Confide	runs	X and Y TM; Omega Ruby and Alpha Sapphire TM; Sun and Moon TM; Ultra Sun and Ultra Moon TM
SPECIES_ZUBAT	Dual Wingbeat	runs	Sword and Shield tutor; Legends Z-A TM
SPECIES_ZUBAT	Round	runs	Black and White TM; Black 2 and White 2 TM; X and Y TM; Omega Ruby and Alpha Sapphire TM; Sun and Moon TM; Ultra Sun and Ultra Moon TM; Sword and Shield TM
SPECIES_ZUBAT	Venom Drench	runs	X and Y egg; Omega Ruby and Alpha Sapphire egg; Sun and Moon egg; Ultra Sun and Ultra Moon egg; Sword and Shield TM; Brilliant Diamond and Shining Pearl egg
SPECIES_GOLBAT	Confide	runs	X and Y TM; Omega Ruby and Alpha Sapphire TM; Sun and Moon TM; Ultra Sun and Ultra Moon TM
SPECIES_GOLBAT	Dual Wingbeat	runs	Sword and Shield tutor; Legends Z-A TM
SPECIES_GOLBAT	Round	runs	Black and White TM; Black 2 and White 2 TM; X and Y TM; Omega Ruby and Alpha Sapphire TM; Sun and Moon TM; Ultra Sun and Ultra Moon TM; Sword and Shield TM
SPECIES_GOLBAT	Venom Drench	runs	X and Y egg; Omega Ruby and Alpha Sapphire egg; Sun and Moon egg; Ultra Sun and Ultra Moon egg; Sword and Shield TM; Brilliant Diamond and Shining Pearl egg
SPECIES_PSYDUCK	Chilling Water	runs	Scarlet and Violet TM; Legends Z-A TM
SPECIES_PSYDUCK	Clear Smog	runs	X and Y egg; Omega Ruby and Alpha Sapphire egg; Sun and Moon egg; Ultra Sun and Ultra Moon egg; Sword and Shield egg; Brilliant Diamond and Shining Pearl egg; Scarlet and Violet egg; Legends Z-A TM; Legends Z-A egg
SPECIES_PSYDUCK	Confide	runs	X and Y TM; Omega Ruby and Alpha Sapphire TM; Sun and Moon TM; Ultra Sun and Ultra Moon TM
SPECIES_PSYDUCK	Flip Turn	runs	Scarlet and Violet TM
SPECIES_PSYDUCK	Hone Claws	runs	Black and White TM; Black 2 and White 2 TM; X and Y TM; Omega Ruby and Alpha Sapphire TM
SPECIES_PSYDUCK	Liquidation	runs	Scarlet and Violet TM; Legends Z-A TM
SPECIES_PSYDUCK	Low Sweep	runs	Scarlet and Violet TM; Legends Z-A TM
SPECIES_PSYDUCK	Power-Up Punch	runs	X and Y TM; Omega Ruby and Alpha Sapphire TM
SPECIES_PSYDUCK	Psychic Noise	runs	Scarlet and Violet TM
SPECIES_PSYDUCK	Psyshock	runs	Black and White TM; Black 2 and White 2 TM; X and Y TM; Omega Ruby and Alpha Sapphire TM; Sun and Moon TM; Ultra Sun and Ultra Moon TM; Sword and Shield TM; Scarlet and Violet TM; Legends Z-A TM
SPECIES_PSYDUCK	Round	runs	Black and White TM; Black 2 and White 2 TM; X and Y TM; Omega Ruby and Alpha Sapphire TM; Sun and Moon TM; Ultra Sun and Ultra Moon TM; Sword and Shield TM
SPECIES_PSYDUCK	Scald	runs	Black and White TM; Black 2 and White 2 TM; X and Y TM; Omega Ruby and Alpha Sapphire TM; Sun and Moon TM; Ultra Sun and Ultra Moon TM; Let's Go TM; Sword and Shield TM; Brilliant Diamond and Shining Pearl TM
SPECIES_PSYDUCK	Simple Beam	stub: nothing happens	X and Y egg; Omega Ruby and Alpha Sapphire egg; Sun and Moon egg; Ultra Sun and Ultra Moon egg; Sword and Shield egg; Brilliant Diamond and Shining Pearl egg; Scarlet and Violet egg; Legends Z-A TM; Legends Z-A egg
SPECIES_PSYDUCK	Synchronoise	partial: plain 120 hit on any foe; the rule that it hits only a foe sharing a type is missing	Black and White egg; Black 2 and White 2 egg; X and Y egg; Omega Ruby and Alpha Sapphire egg; Sun and Moon egg; Ultra Sun and Ultra Moon egg
SPECIES_PSYDUCK	Telekinesis	partial: status move running the plain-hit script: its effect never happens	Black and White TM; Black 2 and White 2 TM; Ultra Sun and Ultra Moon tutor
SPECIES_PSYDUCK	Tera Blast	runs	Scarlet and Violet TM; Legends Z-A TM
SPECIES_PSYDUCK	Trailblaze	runs	Scarlet and Violet TM; Legends Z-A TM
SPECIES_GOLDUCK	Chilling Water	runs	Scarlet and Violet TM; Legends Z-A TM
SPECIES_GOLDUCK	Clear Smog	runs	X and Y egg; Omega Ruby and Alpha Sapphire egg; Sun and Moon egg; Ultra Sun and Ultra Moon egg; Sword and Shield egg; Brilliant Diamond and Shining Pearl egg; Scarlet and Violet egg
SPECIES_GOLDUCK	Confide	runs	X and Y TM; Omega Ruby and Alpha Sapphire TM; Sun and Moon TM; Ultra Sun and Ultra Moon TM
SPECIES_GOLDUCK	Flip Turn	runs	Sword and Shield tutor; Scarlet and Violet TM
SPECIES_GOLDUCK	Hone Claws	runs	Black and White TM; Black 2 and White 2 TM; X and Y TM; Omega Ruby and Alpha Sapphire TM
SPECIES_GOLDUCK	Laser Focus	runs	Ultra Sun and Ultra Moon tutor
SPECIES_GOLDUCK	Liquidation	runs	Ultra Sun and Ultra Moon tutor; Sword and Shield TM; Scarlet and Violet TM; Legends Z-A TM
SPECIES_GOLDUCK	Low Sweep	runs	Black and White TM; Black 2 and White 2 TM; X and Y TM; Omega Ruby and Alpha Sapphire TM; Sun and Moon TM; Ultra Sun and Ultra Moon TM; Sword and Shield TM; Brilliant Diamond and Shining Pearl TM; Scarlet and Violet TM; Legends Z-A TM
SPECIES_GOLDUCK	Power-Up Punch	runs	X and Y TM; Omega Ruby and Alpha Sapphire TM
SPECIES_GOLDUCK	Psychic Noise	runs	Scarlet and Violet TM
SPECIES_GOLDUCK	Psyshock	runs	Black and White TM; Black 2 and White 2 TM; X and Y TM; Omega Ruby and Alpha Sapphire TM; Sun and Moon TM; Ultra Sun and Ultra Moon TM; Sword and Shield TM; Scarlet and Violet TM; Legends Z-A TM
SPECIES_GOLDUCK	Round	runs	Black and White TM; Black 2 and White 2 TM; X and Y TM; Omega Ruby and Alpha Sapphire TM; Sun and Moon TM; Ultra Sun and Ultra Moon TM; Sword and Shield TM
SPECIES_GOLDUCK	Scald	runs	Black and White TM; Black 2 and White 2 TM; X and Y TM; Omega Ruby and Alpha Sapphire TM; Sun and Moon TM; Ultra Sun and Ultra Moon TM; Let's Go TM; Sword and Shield TM; Brilliant Diamond and Shining Pearl TM
SPECIES_GOLDUCK	Simple Beam	stub: nothing happens	X and Y egg; Omega Ruby and Alpha Sapphire egg; Sun and Moon egg; Ultra Sun and Ultra Moon egg; Sword and Shield egg; Brilliant Diamond and Shining Pearl egg; Scarlet and Violet egg
SPECIES_GOLDUCK	Synchronoise	partial: plain 120 hit on any foe; the rule that it hits only a foe sharing a type is missing	Black and White egg; Black 2 and White 2 egg; X and Y egg; Omega Ruby and Alpha Sapphire egg; Sun and Moon egg; Ultra Sun and Ultra Moon egg
SPECIES_GOLDUCK	Telekinesis	partial: status move running the plain-hit script: its effect never happens	Black and White TM; Black 2 and White 2 TM; Ultra Sun and Ultra Moon tutor
SPECIES_GOLDUCK	Tera Blast	runs	Scarlet and Violet TM; Legends Z-A TM
SPECIES_GOLDUCK	Trailblaze	runs	Scarlet and Violet TM; Legends Z-A TM
SPECIES_MANKEY	Acrobatics	runs	Black and White TM; Black 2 and White 2 TM; X and Y TM; Omega Ruby and Alpha Sapphire TM; Sun and Moon TM; Ultra Sun and Ultra Moon TM; Scarlet and Violet TM
SPECIES_MANKEY	Circle Throw	runs	Legends Z-A TM
SPECIES_MANKEY	Confide	runs	X and Y TM; Omega Ruby and Alpha Sapphire TM; Sun and Moon TM; Ultra Sun and Ultra Moon TM
SPECIES_MANKEY	Dual Chop	runs	Black 2 and White 2 tutor; Omega Ruby and Alpha Sapphire tutor; Ultra Sun and Ultra Moon tutor; Legends Z-A TM
SPECIES_MANKEY	Hone Claws	runs	Black and White TM; Black 2 and White 2 TM; X and Y TM; Omega Ruby and Alpha Sapphire TM
SPECIES_MANKEY	Lash Out	runs	Scarlet and Violet TM
SPECIES_MANKEY	Power Trip	runs	Sun and Moon egg; Ultra Sun and Ultra Moon egg
SPECIES_MANKEY	Power-Up Punch	runs	X and Y TM; Omega Ruby and Alpha Sapphire TM; Legends Z-A TM
SPECIES_MANKEY	Round	runs	Black and White TM; Black 2 and White 2 TM; X and Y TM; Omega Ruby and Alpha Sapphire TM; Sun and Moon TM; Ultra Sun and Ultra Moon TM
SPECIES_MANKEY	Smack Down	runs	Black and White TM; Black 2 and White 2 TM; X and Y TM; Omega Ruby and Alpha Sapphire TM; Sun and Moon TM; Ultra Sun and Ultra Moon TM
SPECIES_MANKEY	Storm Throw	runs	Legends Z-A TM
SPECIES_MANKEY	Tera Blast	runs	Scarlet and Violet TM
SPECIES_MANKEY	Throat Chop	stub: plain hit	Scarlet and Violet TM
SPECIES_MANKEY	Work Up	runs	Black and White TM; Black 2 and White 2 TM; Sun and Moon TM; Ultra Sun and Ultra Moon TM; Brilliant Diamond and Shining Pearl TM; Legends Z-A TM
SPECIES_PRIMEAPE	Acrobatics	runs	Black and White TM; Black 2 and White 2 TM; X and Y TM; Omega Ruby and Alpha Sapphire TM; Sun and Moon TM; Ultra Sun and Ultra Moon TM; Scarlet and Violet TM
SPECIES_PRIMEAPE	Circle Throw	runs	Legends Z-A TM
SPECIES_PRIMEAPE	Confide	runs	X and Y TM; Omega Ruby and Alpha Sapphire TM; Sun and Moon TM; Ultra Sun and Ultra Moon TM
SPECIES_PRIMEAPE	Dual Chop	runs	Black 2 and White 2 tutor; Omega Ruby and Alpha Sapphire tutor; Ultra Sun and Ultra Moon tutor; Legends Z-A TM
SPECIES_PRIMEAPE	Hone Claws	runs	Black and White TM; Black 2 and White 2 TM; X and Y TM; Omega Ruby and Alpha Sapphire TM
SPECIES_PRIMEAPE	Lash Out	runs	Scarlet and Violet TM
SPECIES_PRIMEAPE	Power Trip	runs	Sun and Moon egg; Ultra Sun and Ultra Moon egg
SPECIES_PRIMEAPE	Power-Up Punch	runs	X and Y TM; Omega Ruby and Alpha Sapphire TM; Legends Z-A TM
SPECIES_PRIMEAPE	Round	runs	Black and White TM; Black 2 and White 2 TM; X and Y TM; Omega Ruby and Alpha Sapphire TM; Sun and Moon TM; Ultra Sun and Ultra Moon TM
SPECIES_PRIMEAPE	Smack Down	runs	Black and White TM; Black 2 and White 2 TM; X and Y TM; Omega Ruby and Alpha Sapphire TM; Sun and Moon TM; Ultra Sun and Ultra Moon TM; Scarlet and Violet TM
SPECIES_PRIMEAPE	Storm Throw	runs	Legends Z-A TM
SPECIES_PRIMEAPE	Tera Blast	runs	Scarlet and Violet TM
SPECIES_PRIMEAPE	Throat Chop	stub: plain hit	Ultra Sun and Ultra Moon tutor; Scarlet and Violet TM
SPECIES_PRIMEAPE	Work Up	runs	Black and White TM; Black 2 and White 2 TM; Sun and Moon TM; Ultra Sun and Ultra Moon TM; Brilliant Diamond and Shining Pearl TM; Legends Z-A TM
SPECIES_POLIWAG	Bulldoze	runs	Sword and Shield TM; Brilliant Diamond and Shining Pearl TM; Scarlet and Violet TM; Legends Z-A TM
SPECIES_POLIWAG	Chilling Water	runs	Scarlet and Violet TM
SPECIES_POLIWAG	Confide	runs	X and Y TM; Omega Ruby and Alpha Sapphire TM; Sun and Moon TM; Ultra Sun and Ultra Moon TM
SPECIES_POLIWAG	Liquidation	runs	Scarlet and Violet TM
SPECIES_POLIWAG	Round	runs	Black and White TM; Black 2 and White 2 TM; X and Y TM; Omega Ruby and Alpha Sapphire TM; Sun and Moon TM; Ultra Sun and Ultra Moon TM; Sword and Shield TM; Legends Z-A TM
SPECIES_POLIWAG	Scald	runs	Black and White TM; Black 2 and White 2 TM; X and Y TM; Omega Ruby and Alpha Sapphire TM; Sun and Moon TM; Ultra Sun and Ultra Moon TM; Let's Go TM; Sword and Shield TM; Brilliant Diamond and Shining Pearl TM; Legends Z-A TM
SPECIES_POLIWAG	Tera Blast	runs	Scarlet and Violet TM
SPECIES_POLIWHIRL	Bulldoze	runs	Black and White TM; Black 2 and White 2 TM; X and Y TM; Omega Ruby and Alpha Sapphire TM; Sun and Moon TM; Ultra Sun and Ultra Moon TM; Sword and Shield TM; Brilliant Diamond and Shining Pearl TM; Scarlet and Violet TM; Legends Z-A TM
SPECIES_POLIWHIRL	Chilling Water	runs	Scarlet and Violet TM
SPECIES_POLIWHIRL	Confide	runs	X and Y TM; Omega Ruby and Alpha Sapphire TM; Sun and Moon TM; Ultra Sun and Ultra Moon TM
SPECIES_POLIWHIRL	Liquidation	runs	Scarlet and Violet TM
SPECIES_POLIWHIRL	Low Sweep	runs	Scarlet and Violet TM
SPECIES_POLIWHIRL	Power-Up Punch	runs	X and Y TM; Omega Ruby and Alpha Sapphire TM
SPECIES_POLIWHIRL	Round	runs	Black and White TM; Black 2 and White 2 TM; X and Y TM; Omega Ruby and Alpha Sapphire TM; Sun and Moon TM; Ultra Sun and Ultra Moon TM; Sword and Shield TM; Legends Z-A TM
SPECIES_POLIWHIRL	Scald	runs	Black and White TM; Black 2 and White 2 TM; X and Y TM; Omega Ruby and Alpha Sapphire TM; Sun and Moon TM; Ultra Sun and Ultra Moon TM; Let's Go TM; Sword and Shield TM; Brilliant Diamond and Shining Pearl TM; Legends Z-A TM
SPECIES_POLIWHIRL	Tera Blast	runs	Scarlet and Violet TM
SPECIES_POLIWRATH	Bulldoze	runs	Black and White TM; Black 2 and White 2 TM; X and Y TM; Omega Ruby and Alpha Sapphire TM; Sun and Moon TM; Ultra Sun and Ultra Moon TM; Sword and Shield TM; Brilliant Diamond and Shining Pearl TM; Scarlet and Violet TM; Legends Z-A TM
SPECIES_POLIWRATH	Chilling Water	runs	Scarlet and Violet TM
SPECIES_POLIWRATH	Coaching	runs	Sword and Shield tutor; Scarlet and Violet TM; Legends Z-A TM
SPECIES_POLIWRATH	Confide	runs	X and Y TM; Omega Ruby and Alpha Sapphire TM; Sun and Moon TM; Ultra Sun and Ultra Moon TM
SPECIES_POLIWRATH	Darkest Lariat	runs	Sword and Shield TM; Legends Z-A TM
SPECIES_POLIWRATH	Dual Chop	runs	Ultra Sun and Ultra Moon tutor
SPECIES_POLIWRATH	High Horsepower	runs	Sword and Shield TM; Scarlet and Violet TM; Legends Z-A TM
SPECIES_POLIWRATH	Liquidation	runs	Sword and Shield TM; Scarlet and Violet TM; Legends Z-A TM
SPECIES_POLIWRATH	Low Sweep	runs	Black and White TM; Black 2 and White 2 TM; X and Y TM; Omega Ruby and Alpha Sapphire TM; Sun and Moon TM; Ultra Sun and Ultra Moon TM; Sword and Shield TM; Brilliant Diamond and Shining Pearl TM; Scarlet and Violet TM; Legends Z-A TM
SPECIES_POLIWRATH	Power-Up Punch	runs	X and Y TM; Omega Ruby and Alpha Sapphire TM
SPECIES_POLIWRATH	Round	runs	Black and White TM; Black 2 and White 2 TM; X and Y TM; Omega Ruby and Alpha Sapphire TM; Sun and Moon TM; Ultra Sun and Ultra Moon TM; Sword and Shield TM; Legends Z-A TM
SPECIES_POLIWRATH	Scald	runs	Black and White TM; Black 2 and White 2 TM; X and Y TM; Omega Ruby and Alpha Sapphire TM; Sun and Moon TM; Ultra Sun and Ultra Moon TM; Let's Go TM; Sword and Shield TM; Brilliant Diamond and Shining Pearl TM; Legends Z-A TM
SPECIES_POLIWRATH	Tera Blast	runs	Scarlet and Violet TM
SPECIES_POLIWRATH	Throat Chop	stub: plain hit	Ultra Sun and Ultra Moon tutor; Sword and Shield TM; Scarlet and Violet TM; Legends Z-A TM
SPECIES_POLIWRATH	Upper Hand	runs	Scarlet and Violet TM
SPECIES_POLIWRATH	Work Up	runs	Black and White TM; Black 2 and White 2 TM; Sun and Moon TM; Ultra Sun and Ultra Moon TM; Sword and Shield TM; Brilliant Diamond and Shining Pearl TM; Legends Z-A TM
SPECIES_ABRA	Ally Switch	partial: status move running the plain-hit script: its effect never happens	Black and White TM; Black 2 and White 2 TM; X and Y egg; Omega Ruby and Alpha Sapphire egg; Sun and Moon egg; Ultra Sun and Ultra Moon tutor; Ultra Sun and Ultra Moon egg; Sword and Shield TM; Brilliant Diamond and Shining Pearl egg
SPECIES_ABRA	Confide	runs	X and Y TM; Omega Ruby and Alpha Sapphire TM; Sun and Moon TM; Ultra Sun and Ultra Moon TM
SPECIES_ABRA	Dazzling Gleam	runs	X and Y TM; Omega Ruby and Alpha Sapphire TM; Sun and Moon TM; Ultra Sun and Ultra Moon TM; Let's Go TM; Sword and Shield TM; Brilliant Diamond and Shining Pearl TM; Legends Z-A TM
SPECIES_ABRA	Foul Play	runs	Black 2 and White 2 tutor; Omega Ruby and Alpha Sapphire tutor; Ultra Sun and Ultra Moon tutor; Let's Go TM; Sword and Shield TM
SPECIES_ABRA	Guard Split	runs	Black and White egg; Black 2 and White 2 egg; X and Y egg; Omega Ruby and Alpha Sapphire egg; Sun and Moon egg; Ultra Sun and Ultra Moon egg; Sword and Shield egg; Brilliant Diamond and Shining Pearl egg
SPECIES_ABRA	Magic Room	partial: status move running the plain-hit script: its effect never happens	Black 2 and White 2 tutor; Omega Ruby and Alpha Sapphire tutor; Ultra Sun and Ultra Moon tutor; Sword and Shield TM
SPECIES_ABRA	Psychic Terrain	stub: nothing happens (terrain held)	Ultra Sun and Ultra Moon egg; Sword and Shield TM
SPECIES_ABRA	Psyshock	runs	Black and White TM; Black 2 and White 2 TM; X and Y TM; Omega Ruby and Alpha Sapphire TM; Sun and Moon TM; Ultra Sun and Ultra Moon TM; Sword and Shield TM
SPECIES_ABRA	Round	runs	Black and White TM; Black 2 and White 2 TM; X and Y TM; Omega Ruby and Alpha Sapphire TM; Sun and Moon TM; Ultra Sun and Ultra Moon TM; Sword and Shield TM
SPECIES_ABRA	Speed Swap	partial: status move running the plain-hit script: its effect never happens	Sword and Shield TM
SPECIES_ABRA	Telekinesis	partial: status move running the plain-hit script: its effect never happens	Black and White TM; Black 2 and White 2 TM; Ultra Sun and Ultra Moon tutor
SPECIES_ABRA	Wonder Room	runs	Black 2 and White 2 tutor; Omega Ruby and Alpha Sapphire tutor; Ultra Sun and Ultra Moon tutor; Sword and Shield TM
SPECIES_KADABRA	Confide	runs	X and Y TM; Omega Ruby and Alpha Sapphire TM; Sun and Moon TM; Ultra Sun and Ultra Moon TM
SPECIES_KADABRA	Dazzling Gleam	runs	X and Y TM; Omega Ruby and Alpha Sapphire TM; Sun and Moon TM; Ultra Sun and Ultra Moon TM; Let's Go TM; Sword and Shield TM; Brilliant Diamond and Shining Pearl TM; Legends Z-A TM
SPECIES_KADABRA	Expanding Force	partial: plain 80 hit; its Psychic Terrain boost waits on terrain	Sword and Shield tutor
SPECIES_KADABRA	Foul Play	runs	Black 2 and White 2 tutor; Omega Ruby and Alpha Sapphire tutor; Ultra Sun and Ultra Moon tutor; Let's Go TM; Sword and Shield TM
SPECIES_KADABRA	Guard Split	runs	Black and White egg; Black 2 and White 2 egg; X and Y egg; Omega Ruby and Alpha Sapphire egg; Sun and Moon egg; Ultra Sun and Ultra Moon egg; Sword and Shield egg; Brilliant Diamond and Shining Pearl egg
SPECIES_KADABRA	Magic Room	partial: status move running the plain-hit script: its effect never happens	Black 2 and White 2 tutor; Omega Ruby and Alpha Sapphire tutor; Ultra Sun and Ultra Moon tutor; Sword and Shield TM
SPECIES_KADABRA	Psychic Terrain	stub: nothing happens (terrain held)	Ultra Sun and Ultra Moon egg; Sword and Shield TM
SPECIES_KADABRA	Round	runs	Black and White TM; Black 2 and White 2 TM; X and Y TM; Omega Ruby and Alpha Sapphire TM; Sun and Moon TM; Ultra Sun and Ultra Moon TM; Sword and Shield TM
SPECIES_KADABRA	Speed Swap	partial: status move running the plain-hit script: its effect never happens	Sword and Shield TM
SPECIES_KADABRA	Wonder Room	runs	Black 2 and White 2 tutor; Omega Ruby and Alpha Sapphire tutor; Ultra Sun and Ultra Moon tutor; Sword and Shield TM
SPECIES_ALAKAZAM	Confide	runs	X and Y TM; Omega Ruby and Alpha Sapphire TM; Sun and Moon TM; Ultra Sun and Ultra Moon TM
SPECIES_ALAKAZAM	Dazzling Gleam	runs	X and Y TM; Omega Ruby and Alpha Sapphire TM; Sun and Moon TM; Ultra Sun and Ultra Moon TM; Let's Go TM; Sword and Shield TM; Brilliant Diamond and Shining Pearl TM; Legends Z-A TM
SPECIES_ALAKAZAM	Expanding Force	partial: plain 80 hit; its Psychic Terrain boost waits on terrain	Sword and Shield tutor
SPECIES_ALAKAZAM	Foul Play	runs	Black 2 and White 2 tutor; Omega Ruby and Alpha Sapphire tutor; Ultra Sun and Ultra Moon tutor; Let's Go TM; Sword and Shield TM
SPECIES_ALAKAZAM	Guard Split	runs	Black and White egg; Black 2 and White 2 egg; X and Y egg; Omega Ruby and Alpha Sapphire egg; Sun and Moon egg; Ultra Sun and Ultra Moon egg; Sword and Shield egg; Brilliant Diamond and Shining Pearl egg
SPECIES_ALAKAZAM	Laser Focus	runs	Ultra Sun and Ultra Moon tutor
SPECIES_ALAKAZAM	Magic Room	partial: status move running the plain-hit script: its effect never happens	Black 2 and White 2 tutor; Omega Ruby and Alpha Sapphire tutor; Ultra Sun and Ultra Moon tutor; Sword and Shield TM
SPECIES_ALAKAZAM	Psychic Terrain	stub: nothing happens (terrain held)	Ultra Sun and Ultra Moon egg; Sword and Shield TM
SPECIES_ALAKAZAM	Round	runs	Black and White TM; Black 2 and White 2 TM; X and Y TM; Omega Ruby and Alpha Sapphire TM; Sun and Moon TM; Ultra Sun and Ultra Moon TM; Sword and Shield TM
SPECIES_ALAKAZAM	Speed Swap	partial: status move running the plain-hit script: its effect never happens	Sword and Shield TM
SPECIES_ALAKAZAM	Stored Power	runs	Sword and Shield TM
SPECIES_ALAKAZAM	Wonder Room	runs	Black 2 and White 2 tutor; Omega Ruby and Alpha Sapphire tutor; Ultra Sun and Ultra Moon tutor; Sword and Shield TM
SPECIES_MACHOP	Coaching	runs	Sword and Shield tutor
SPECIES_MACHOP	Confide	runs	X and Y TM; Omega Ruby and Alpha Sapphire TM; Sun and Moon TM; Ultra Sun and Ultra Moon TM
SPECIES_MACHOP	Heavy Slam	runs	Black and White egg; Black 2 and White 2 egg; X and Y egg; Omega Ruby and Alpha Sapphire egg; Sun and Moon egg; Ultra Sun and Ultra Moon egg; Sword and Shield TM; Brilliant Diamond and Shining Pearl egg
SPECIES_MACHOP	Incinerate	runs	Black and White TM; Black 2 and White 2 TM; X and Y TM; Omega Ruby and Alpha Sapphire TM
SPECIES_MACHOP	Quick Guard	runs	X and Y egg; Omega Ruby and Alpha Sapphire egg; Sun and Moon egg; Ultra Sun and Ultra Moon egg; Sword and Shield egg; Brilliant Diamond and Shining Pearl egg
SPECIES_MACHOP	Retaliate	runs	Black and White TM; Black 2 and White 2 TM; X and Y TM; Omega Ruby and Alpha Sapphire TM; Sword and Shield TM
SPECIES_MACHOP	Round	runs	Black and White TM; Black 2 and White 2 TM; X and Y TM; Omega Ruby and Alpha Sapphire TM; Sun and Moon TM; Ultra Sun and Ultra Moon TM; Sword and Shield TM
SPECIES_MACHOP	Smack Down	runs	Black and White TM; Black 2 and White 2 TM; X and Y TM; Omega Ruby and Alpha Sapphire TM; Sun and Moon TM; Ultra Sun and Ultra Moon TM
SPECIES_MACHOP	Work Up	runs	Black and White TM; Black 2 and White 2 TM; Sun and Moon TM; Ultra Sun and Ultra Moon TM; Sword and Shield TM; Brilliant Diamond and Shining Pearl TM; Legends Z-A TM
SPECIES_MACHOKE	Coaching	runs	Sword and Shield tutor
SPECIES_MACHOKE	Confide	runs	X and Y TM; Omega Ruby and Alpha Sapphire TM; Sun and Moon TM; Ultra Sun and Ultra Moon TM
SPECIES_MACHOKE	Heavy Slam	runs	Black and White egg; Black 2 and White 2 egg; X and Y egg; Omega Ruby and Alpha Sapphire egg; Sun and Moon egg; Ultra Sun and Ultra Moon egg; Sword and Shield TM; Brilliant Diamond and Shining Pearl egg
SPECIES_MACHOKE	Incinerate	runs	Black and White TM; Black 2 and White 2 TM; X and Y TM; Omega Ruby and Alpha Sapphire TM
SPECIES_MACHOKE	Quick Guard	runs	X and Y egg; Omega Ruby and Alpha Sapphire egg; Sun and Moon egg; Ultra Sun and Ultra Moon egg; Sword and Shield egg; Brilliant Diamond and Shining Pearl egg
SPECIES_MACHOKE	Retaliate	runs	Black and White TM; Black 2 and White 2 TM; X and Y TM; Omega Ruby and Alpha Sapphire TM; Sword and Shield TM
SPECIES_MACHOKE	Round	runs	Black and White TM; Black 2 and White 2 TM; X and Y TM; Omega Ruby and Alpha Sapphire TM; Sun and Moon TM; Ultra Sun and Ultra Moon TM; Sword and Shield TM
SPECIES_MACHOKE	Smack Down	runs	Black and White TM; Black 2 and White 2 TM; X and Y TM; Omega Ruby and Alpha Sapphire TM; Sun and Moon TM; Ultra Sun and Ultra Moon TM
SPECIES_MACHOKE	StompingTantrum	runs	Ultra Sun and Ultra Moon tutor; Sword and Shield TM
SPECIES_MACHOKE	Work Up	runs	Black and White TM; Black 2 and White 2 TM; Sun and Moon TM; Ultra Sun and Ultra Moon TM; Sword and Shield TM; Brilliant Diamond and Shining Pearl TM; Legends Z-A TM
SPECIES_MACHAMP	Coaching	runs	Sword and Shield tutor
SPECIES_MACHAMP	Confide	runs	X and Y TM; Omega Ruby and Alpha Sapphire TM; Sun and Moon TM; Ultra Sun and Ultra Moon TM
SPECIES_MACHAMP	Darkest Lariat	runs	Sword and Shield TM
SPECIES_MACHAMP	High Horsepower	runs	Sword and Shield TM
SPECIES_MACHAMP	Incinerate	runs	Black and White TM; Black 2 and White 2 TM; X and Y TM; Omega Ruby and Alpha Sapphire TM
SPECIES_MACHAMP	Quick Guard	runs	X and Y egg; Omega Ruby and Alpha Sapphire egg; Sun and Moon egg; Ultra Sun and Ultra Moon egg; Sword and Shield egg; Brilliant Diamond and Shining Pearl egg
SPECIES_MACHAMP	Retaliate	runs	Black and White TM; Black 2 and White 2 TM; X and Y TM; Omega Ruby and Alpha Sapphire TM; Sword and Shield TM
SPECIES_MACHAMP	Round	runs	Black and White TM; Black 2 and White 2 TM; X and Y TM; Omega Ruby and Alpha Sapphire TM; Sun and Moon TM; Ultra Sun and Ultra Moon TM; Sword and Shield TM
SPECIES_MACHAMP	Smack Down	runs	Black and White TM; Black 2 and White 2 TM; X and Y TM; Omega Ruby and Alpha Sapphire TM; Sun and Moon TM; Ultra Sun and Ultra Moon TM
SPECIES_MACHAMP	StompingTantrum	runs	Ultra Sun and Ultra Moon tutor; Sword and Shield TM
SPECIES_MACHAMP	Storm Throw	runs	Legends Z-A TM
SPECIES_MACHAMP	Throat Chop	stub: plain hit	Ultra Sun and Ultra Moon tutor; Sword and Shield TM
SPECIES_MACHAMP	Work Up	runs	Black and White TM; Black 2 and White 2 TM; Sun and Moon TM; Ultra Sun and Ultra Moon TM; Sword and Shield TM; Brilliant Diamond and Shining Pearl TM; Legends Z-A TM
SPECIES_TENTACOOL	Brutal Swing	runs	Sword and Shield TM; Legends Z-A TM
SPECIES_TENTACOOL	Chilling Water	runs	Scarlet and Violet TM
SPECIES_TENTACOOL	Confide	runs	X and Y TM; Omega Ruby and Alpha Sapphire TM; Sun and Moon TM; Ultra Sun and Ultra Moon TM
SPECIES_TENTACOOL	Dazzling Gleam	runs	X and Y TM; Omega Ruby and Alpha Sapphire TM; Sun and Moon TM; Ultra Sun and Ultra Moon TM; Let's Go TM; Sword and Shield TM; Brilliant Diamond and Shining Pearl TM; Scarlet and Violet TM; Legends Z-A TM
SPECIES_TENTACOOL	Flip Turn	runs	Scarlet and Violet TM
SPECIES_TENTACOOL	Infestation	runs	X and Y TM; Omega Ruby and Alpha Sapphire TM; Sun and Moon TM; Ultra Sun and Ultra Moon TM
SPECIES_TENTACOOL	Liquidation	runs	Scarlet and Violet TM
SPECIES_TENTACOOL	Pounce	runs	Scarlet and Violet TM
SPECIES_TENTACOOL	Round	runs	Black and White TM; Black 2 and White 2 TM; X and Y TM; Omega Ruby and Alpha Sapphire TM; Sun and Moon TM; Ultra Sun and Ultra Moon TM; Sword and Shield TM; Legends Z-A TM
SPECIES_TENTACOOL	Scald	runs	Black and White TM; Black 2 and White 2 TM; X and Y TM; Omega Ruby and Alpha Sapphire TM; Sun and Moon TM; Ultra Sun and Ultra Moon TM; Let's Go TM; Sword and Shield TM; Brilliant Diamond and Shining Pearl TM; Legends Z-A TM
SPECIES_TENTACOOL	Tera Blast	runs	Scarlet and Violet TM
SPECIES_TENTACOOL	Throat Chop	stub: plain hit	Scarlet and Violet TM
SPECIES_TENTACOOL	Venoshock	runs	Black and White TM; Black 2 and White 2 TM; X and Y TM; Omega Ruby and Alpha Sapphire TM; Sun and Moon TM; Ultra Sun and Ultra Moon TM; Sword and Shield TM; Scarlet and Violet TM; Legends Z-A TM
SPECIES_TENTACRUEL	Brutal Swing	runs	Sword and Shield TM; Legends Z-A TM
SPECIES_TENTACRUEL	Chilling Water	runs	Scarlet and Violet TM
SPECIES_TENTACRUEL	Confide	runs	X and Y TM; Omega Ruby and Alpha Sapphire TM; Sun and Moon TM; Ultra Sun and Ultra Moon TM
SPECIES_TENTACRUEL	Corrosive Gas	partial: status move running the plain-hit script: its effect never happens	Sword and Shield tutor; Legends Z-A TM
SPECIES_TENTACRUEL	Dazzling Gleam	runs	X and Y TM; Omega Ruby and Alpha Sapphire TM; Sun and Moon TM; Ultra Sun and Ultra Moon TM; Let's Go TM; Sword and Shield TM; Brilliant Diamond and Shining Pearl TM; Scarlet and Violet TM; Legends Z-A TM
SPECIES_TENTACRUEL	Flip Turn	runs	Scarlet and Violet TM
SPECIES_TENTACRUEL	Infestation	runs	X and Y TM; Omega Ruby and Alpha Sapphire TM; Sun and Moon TM; Ultra Sun and Ultra Moon TM
SPECIES_TENTACRUEL	Liquidation	runs	Scarlet and Violet TM
SPECIES_TENTACRUEL	Pounce	runs	Scarlet and Violet TM
SPECIES_TENTACRUEL	Round	runs	Black and White TM; Black 2 and White 2 TM; X and Y TM; Omega Ruby and Alpha Sapphire TM; Sun and Moon TM; Ultra Sun and Ultra Moon TM; Sword and Shield TM; Legends Z-A TM
SPECIES_TENTACRUEL	Scald	runs	Black and White TM; Black 2 and White 2 TM; X and Y TM; Omega Ruby and Alpha Sapphire TM; Sun and Moon TM; Ultra Sun and Ultra Moon TM; Let's Go TM; Sword and Shield TM; Brilliant Diamond and Shining Pearl TM; Legends Z-A TM
SPECIES_TENTACRUEL	Skitter Smack	runs	Scarlet and Violet TM
SPECIES_TENTACRUEL	Tera Blast	runs	Scarlet and Violet TM
SPECIES_TENTACRUEL	Throat Chop	stub: plain hit	Scarlet and Violet TM
SPECIES_TENTACRUEL	Venom Drench	runs	Sword and Shield TM; Legends Z-A TM
SPECIES_TENTACRUEL	Venoshock	runs	Black and White TM; Black 2 and White 2 TM; X and Y TM; Omega Ruby and Alpha Sapphire TM; Sun and Moon TM; Ultra Sun and Ultra Moon TM; Sword and Shield TM; Scarlet and Violet TM; Legends Z-A TM
SPECIES_GEODUDE	Autotomize	runs	Black and White egg; Black 2 and White 2 egg; X and Y egg; Omega Ruby and Alpha Sapphire egg; Sun and Moon egg; Ultra Sun and Ultra Moon egg; Brilliant Diamond and Shining Pearl egg
SPECIES_GEODUDE	Brutal Swing	runs	Legends Z-A TM
SPECIES_GEODUDE	Confide	runs	X and Y TM; Omega Ruby and Alpha Sapphire TM; Sun and Moon TM; Ultra Sun and Ultra Moon TM
SPECIES_GEODUDE	High Horsepower	runs	Scarlet and Violet TM
SPECIES_GEODUDE	Incinerate	runs	Black and White TM; Black 2 and White 2 TM; X and Y TM; Omega Ruby and Alpha Sapphire TM
SPECIES_GEODUDE	Power-Up Punch	runs	X and Y TM; Omega Ruby and Alpha Sapphire TM
SPECIES_GEODUDE	Round	runs	Black and White TM; Black 2 and White 2 TM; X and Y TM; Omega Ruby and Alpha Sapphire TM; Sun and Moon TM; Ultra Sun and Ultra Moon TM; Legends Z-A TM
SPECIES_GEODUDE	Scorching Sands	runs	Legends Z-A TM
SPECIES_GEODUDE	Steel Roller	stub: plain 130 hit, should fail without terrain	Legends Z-A TM
SPECIES_GEODUDE	StompingTantrum	runs	Scarlet and Violet TM
SPECIES_GEODUDE	Tera Blast	runs	Scarlet and Violet TM
SPECIES_GEODUDE	Wide Guard	runs	X and Y egg; Omega Ruby and Alpha Sapphire egg; Sun and Moon egg; Ultra Sun and Ultra Moon egg; Brilliant Diamond and Shining Pearl egg; Scarlet and Violet egg
SPECIES_GRAVELER	Autotomize	runs	Black and White egg; Black 2 and White 2 egg; X and Y egg; Omega Ruby and Alpha Sapphire egg; Sun and Moon egg; Ultra Sun and Ultra Moon egg; Brilliant Diamond and Shining Pearl egg
SPECIES_GRAVELER	Body Press	runs	Scarlet and Violet TM
SPECIES_GRAVELER	Brutal Swing	runs	Legends Z-A TM
SPECIES_GRAVELER	Confide	runs	X and Y TM; Omega Ruby and Alpha Sapphire TM; Sun and Moon TM; Ultra Sun and Ultra Moon TM
SPECIES_GRAVELER	Hard Press	runs	Scarlet and Violet TM
SPECIES_GRAVELER	Heavy Slam	runs	Scarlet and Violet TM
SPECIES_GRAVELER	High Horsepower	runs	Scarlet and Violet TM; Legends Z-A TM
SPECIES_GRAVELER	Incinerate	runs	Black and White TM; Black 2 and White 2 TM; X and Y TM; Omega Ruby and Alpha Sapphire TM
SPECIES_GRAVELER	Power-Up Punch	runs	X and Y TM; Omega Ruby and Alpha Sapphire TM
SPECIES_GRAVELER	Round	runs	Black and White TM; Black 2 and White 2 TM; X and Y TM; Omega Ruby and Alpha Sapphire TM; Sun and Moon TM; Ultra Sun and Ultra Moon TM; Legends Z-A TM
SPECIES_GRAVELER	Scorching Sands	runs	Legends Z-A TM
SPECIES_GRAVELER	Steel Roller	stub: plain 130 hit, should fail without terrain	Legends Z-A TM
SPECIES_GRAVELER	StompingTantrum	runs	Ultra Sun and Ultra Moon tutor; Scarlet and Violet TM; Legends Z-A TM
SPECIES_GRAVELER	Tera Blast	runs	Scarlet and Violet TM
SPECIES_GRAVELER	Wide Guard	runs	X and Y egg; Omega Ruby and Alpha Sapphire egg; Sun and Moon egg; Ultra Sun and Ultra Moon egg; Brilliant Diamond and Shining Pearl egg; Scarlet and Violet egg
SPECIES_GOLEM	Autotomize	runs	Black and White egg; Black 2 and White 2 egg; X and Y egg; Omega Ruby and Alpha Sapphire egg; Sun and Moon egg; Ultra Sun and Ultra Moon egg; Brilliant Diamond and Shining Pearl egg
SPECIES_GOLEM	Body Press	runs	Scarlet and Violet TM
SPECIES_GOLEM	Brutal Swing	runs	Legends Z-A TM
SPECIES_GOLEM	Confide	runs	X and Y TM; Omega Ruby and Alpha Sapphire TM; Sun and Moon TM; Ultra Sun and Ultra Moon TM
SPECIES_GOLEM	Hard Press	runs	Scarlet and Violet TM
SPECIES_GOLEM	High Horsepower	runs	Scarlet and Violet TM; Legends Z-A TM
SPECIES_GOLEM	Incinerate	runs	Black and White TM; Black 2 and White 2 TM; X and Y TM; Omega Ruby and Alpha Sapphire TM
SPECIES_GOLEM	Meteor Beam	runs	Legends Z-A TM
SPECIES_GOLEM	Power-Up Punch	runs	X and Y TM; Omega Ruby and Alpha Sapphire TM
SPECIES_GOLEM	Round	runs	Black and White TM; Black 2 and White 2 TM; X and Y TM; Omega Ruby and Alpha Sapphire TM; Sun and Moon TM; Ultra Sun and Ultra Moon TM; Legends Z-A TM
SPECIES_GOLEM	Scorching Sands	runs	Legends Z-A TM
SPECIES_GOLEM	Steel Roller	stub: plain 130 hit, should fail without terrain	Legends Z-A TM
SPECIES_GOLEM	StompingTantrum	runs	Ultra Sun and Ultra Moon tutor; Scarlet and Violet TM; Legends Z-A TM
SPECIES_GOLEM	Tera Blast	runs	Scarlet and Violet TM
SPECIES_GOLEM	Wide Guard	runs	X and Y egg; Omega Ruby and Alpha Sapphire egg; Sun and Moon egg; Ultra Sun and Ultra Moon egg; Brilliant Diamond and Shining Pearl egg; Scarlet and Violet egg
SPECIES_PONYTA	Ally Switch	partial: status move running the plain-hit script: its effect never happens	X and Y egg; Omega Ruby and Alpha Sapphire egg; Sun and Moon egg; Ultra Sun and Ultra Moon tutor; Ultra Sun and Ultra Moon egg; Sword and Shield TM; Brilliant Diamond and Shining Pearl egg; Legends Z-A TM
SPECIES_PONYTA	Confide	runs	X and Y TM; Omega Ruby and Alpha Sapphire TM; Sun and Moon TM; Ultra Sun and Ultra Moon TM
SPECIES_PONYTA	Echoed Voice	runs	Black and White TM; Black 2 and White 2 TM; X and Y TM; Omega Ruby and Alpha Sapphire TM; Sun and Moon TM; Ultra Sun and Ultra Moon TM
SPECIES_PONYTA	High Horsepower	runs	Ultra Sun and Ultra Moon egg; Sword and Shield TM; Brilliant Diamond and Shining Pearl egg; Legends Z-A TM
SPECIES_PONYTA	Incinerate	runs	Black and White TM; Black 2 and White 2 TM; X and Y TM; Omega Ruby and Alpha Sapphire TM
SPECIES_PONYTA	Mystical Fire	runs	Sword and Shield TM; Legends Z-A TM
SPECIES_PONYTA	Play Rough	runs	Sword and Shield TM; Legends Z-A TM
SPECIES_PONYTA	Round	runs	Black and White TM; Black 2 and White 2 TM; X and Y TM; Omega Ruby and Alpha Sapphire TM; Sun and Moon TM; Ultra Sun and Ultra Moon TM; Sword and Shield TM; Legends Z-A TM
SPECIES_PONYTA	Solar Blade	runs	Sword and Shield TM; Legends Z-A TM
SPECIES_PONYTA	Wild Charge	runs	Black and White TM; Black 2 and White 2 TM; X and Y TM; Omega Ruby and Alpha Sapphire TM; Sun and Moon TM; Ultra Sun and Ultra Moon TM; Sword and Shield TM; Legends Z-A TM
SPECIES_RAPIDASH	Ally Switch	partial: status move running the plain-hit script: its effect never happens	X and Y egg; Omega Ruby and Alpha Sapphire egg; Sun and Moon egg; Ultra Sun and Ultra Moon tutor; Ultra Sun and Ultra Moon egg; Sword and Shield TM; Brilliant Diamond and Shining Pearl egg; Legends Z-A TM
SPECIES_RAPIDASH	Confide	runs	X and Y TM; Omega Ruby and Alpha Sapphire TM; Sun and Moon TM; Ultra Sun and Ultra Moon TM
SPECIES_RAPIDASH	Drill Run	runs	Black 2 and White 2 tutor; Omega Ruby and Alpha Sapphire tutor; Ultra Sun and Ultra Moon tutor; Let's Go TM; Sword and Shield TM; Legends Z-A TM
SPECIES_RAPIDASH	Echoed Voice	runs	Black and White TM; Black 2 and White 2 TM; X and Y TM; Omega Ruby and Alpha Sapphire TM; Sun and Moon TM; Ultra Sun and Ultra Moon TM
SPECIES_RAPIDASH	High Horsepower	runs	Ultra Sun and Ultra Moon egg; Sword and Shield TM; Brilliant Diamond and Shining Pearl egg; Legends Z-A TM
SPECIES_RAPIDASH	Incinerate	runs	Black and White TM; Black 2 and White 2 TM; X and Y TM; Omega Ruby and Alpha Sapphire TM
SPECIES_RAPIDASH	Mystical Fire	runs	Sword and Shield TM; Legends Z-A TM
SPECIES_RAPIDASH	Play Rough	runs	Sword and Shield TM; Legends Z-A TM
SPECIES_RAPIDASH	Round	runs	Black and White TM; Black 2 and White 2 TM; X and Y TM; Omega Ruby and Alpha Sapphire TM; Sun and Moon TM; Ultra Sun and Ultra Moon TM; Sword and Shield TM; Legends Z-A TM
SPECIES_RAPIDASH	Scorching Sands	runs	Sword and Shield tutor; Legends Z-A TM
SPECIES_RAPIDASH	Solar Blade	runs	Sword and Shield TM; Legends Z-A TM
SPECIES_RAPIDASH	Throat Chop	stub: plain hit	Ultra Sun and Ultra Moon tutor; Sword and Shield TM; Legends Z-A TM
SPECIES_RAPIDASH	Wild Charge	runs	Black and White TM; Black 2 and White 2 TM; X and Y TM; Omega Ruby and Alpha Sapphire TM; Sun and Moon TM; Ultra Sun and Ultra Moon TM; Sword and Shield TM; Legends Z-A TM
SPECIES_SLOWPOKE	After You	runs	Black 2 and White 2 tutor; Omega Ruby and Alpha Sapphire tutor; Ultra Sun and Ultra Moon tutor
SPECIES_SLOWPOKE	Belch	runs	X and Y egg; Omega Ruby and Alpha Sapphire egg; Sun and Moon egg; Ultra Sun and Ultra Moon egg; Sword and Shield egg; Brilliant Diamond and Shining Pearl egg; Scarlet and Violet egg
SPECIES_SLOWPOKE	Bulldoze	runs	Black and White TM; Black 2 and White 2 TM; X and Y TM; Omega Ruby and Alpha Sapphire TM; Sun and Moon TM; Ultra Sun and Ultra Moon TM; Sword and Shield TM; Brilliant Diamond and Shining Pearl TM; Scarlet and Violet TM
SPECIES_SLOWPOKE	Chilling Water	runs	Scarlet and Violet TM; Legends Z-A TM
SPECIES_SLOWPOKE	Confide	runs	X and Y TM; Omega Ruby and Alpha Sapphire TM; Sun and Moon TM; Ultra Sun and Ultra Moon TM
SPECIES_SLOWPOKE	Echoed Voice	runs	Black and White TM; Black 2 and White 2 TM; X and Y TM; Omega Ruby and Alpha Sapphire TM; Sun and Moon TM; Ultra Sun and Ultra Moon TM
SPECIES_SLOWPOKE	Expanding Force	partial: plain 80 hit; its Psychic Terrain boost waits on terrain	Sword and Shield tutor; Scarlet and Violet TM
SPECIES_SLOWPOKE	Foul Play	runs	Scarlet and Violet TM
SPECIES_SLOWPOKE	Incinerate	runs	Black and White TM; Black 2 and White 2 TM; X and Y TM; Omega Ruby and Alpha Sapphire TM
SPECIES_SLOWPOKE	Liquidation	runs	Sword and Shield TM; Scarlet and Violet TM; Legends Z-A TM
SPECIES_SLOWPOKE	Psychic Terrain	stub: nothing happens (terrain held)	Sword and Shield TM; Scarlet and Violet TM
SPECIES_SLOWPOKE	Psyshock	runs	Black and White TM; Black 2 and White 2 TM; X and Y TM; Omega Ruby and Alpha Sapphire TM; Sun and Moon TM; Ultra Sun and Ultra Moon TM; Sword and Shield TM; Scarlet and Violet TM; Legends Z-A TM
SPECIES_SLOWPOKE	Round	runs	Black and White TM; Black 2 and White 2 TM; X and Y TM; Omega Ruby and Alpha Sapphire TM; Sun and Moon TM; Ultra Sun and Ultra Moon TM; Sword and Shield TM
SPECIES_SLOWPOKE	Scald	runs	Black and White TM; Black 2 and White 2 TM; X and Y TM; Omega Ruby and Alpha Sapphire TM; Sun and Moon TM; Ultra Sun and Ultra Moon TM; Let's Go TM; Sword and Shield TM; Brilliant Diamond and Shining Pearl TM; Legends Z-A TM
SPECIES_SLOWPOKE	Snowscape	stub: nothing happens	Scarlet and Violet TM
SPECIES_SLOWPOKE	Stored Power	runs	Sword and Shield TM; Scarlet and Violet TM
SPECIES_SLOWPOKE	Telekinesis	partial: status move running the plain-hit script: its effect never happens	Black and White TM; Black 2 and White 2 TM; Ultra Sun and Ultra Moon tutor
SPECIES_SLOWPOKE	Tera Blast	runs	Scarlet and Violet TM
SPECIES_SLOWPOKE	Wonder Room	runs	Black and White egg; Black 2 and White 2 tutor; Black 2 and White 2 egg; X and Y egg; Omega Ruby and Alpha Sapphire tutor; Omega Ruby and Alpha Sapphire egg; Sun and Moon egg; Ultra Sun and Ultra Moon tutor; Ultra Sun and Ultra Moon egg; Sword and Shield TM; Brilliant Diamond and Shining Pearl egg
SPECIES_SLOWBRO	After You	runs	Black 2 and White 2 tutor; Omega Ruby and Alpha Sapphire tutor; Ultra Sun and Ultra Moon tutor
SPECIES_SLOWBRO	Belch	runs	X and Y egg; Omega Ruby and Alpha Sapphire egg; Sun and Moon egg; Ultra Sun and Ultra Moon egg; Sword and Shield egg; Brilliant Diamond and Shining Pearl egg; Scarlet and Violet egg
SPECIES_SLOWBRO	Body Press	runs	Sword and Shield TM; Scarlet and Violet TM
SPECIES_SLOWBRO	Bulldoze	runs	Black and White TM; Black 2 and White 2 TM; X and Y TM; Omega Ruby and Alpha Sapphire TM; Sun and Moon TM; Ultra Sun and Ultra Moon TM; Sword and Shield TM; Brilliant Diamond and Shining Pearl TM; Scarlet and Violet TM
SPECIES_SLOWBRO	Chilling Water	runs	Scarlet and Violet TM; Legends Z-A TM
SPECIES_SLOWBRO	Confide	runs	X and Y TM; Omega Ruby and Alpha Sapphire TM; Sun and Moon TM; Ultra Sun and Ultra Moon TM
SPECIES_SLOWBRO	Echoed Voice	runs	Black and White TM; Black 2 and White 2 TM; X and Y TM; Omega Ruby and Alpha Sapphire TM; Sun and Moon TM; Ultra Sun and Ultra Moon TM
SPECIES_SLOWBRO	Expanding Force	partial: plain 80 hit; its Psychic Terrain boost waits on terrain	Sword and Shield tutor; Scarlet and Violet TM
SPECIES_SLOWBRO	Foul Play	runs	Black 2 and White 2 tutor; Omega Ruby and Alpha Sapphire tutor; Ultra Sun and Ultra Moon tutor; Let's Go TM; Sword and Shield TM; Scarlet and Violet TM
SPECIES_SLOWBRO	Incinerate	runs	Black and White TM; Black 2 and White 2 TM; X and Y TM; Omega Ruby and Alpha Sapphire TM
SPECIES_SLOWBRO	Liquidation	runs	Sword and Shield TM; Scarlet and Violet TM; Legends Z-A TM
SPECIES_SLOWBRO	Psychic Noise	runs	Scarlet and Violet TM
SPECIES_SLOWBRO	Psychic Terrain	stub: nothing happens (terrain held)	Sword and Shield TM; Scarlet and Violet TM
SPECIES_SLOWBRO	Psyshock	runs	Black and White TM; Black 2 and White 2 TM; X and Y TM; Omega Ruby and Alpha Sapphire TM; Sun and Moon TM; Ultra Sun and Ultra Moon TM; Sword and Shield TM; Scarlet and Violet TM; Legends Z-A TM
SPECIES_SLOWBRO	Razor Shell	runs	Sword and Shield TM
SPECIES_SLOWBRO	Round	runs	Black and White TM; Black 2 and White 2 TM; X and Y TM; Omega Ruby and Alpha Sapphire TM; Sun and Moon TM; Ultra Sun and Ultra Moon TM; Sword and Shield TM
SPECIES_SLOWBRO	Scald	runs	Black and White TM; Black 2 and White 2 TM; X and Y TM; Omega Ruby and Alpha Sapphire TM; Sun and Moon TM; Ultra Sun and Ultra Moon TM; Let's Go TM; Sword and Shield TM; Brilliant Diamond and Shining Pearl TM; Scarlet and Violet TM; Legends Z-A TM
SPECIES_SLOWBRO	Snowscape	stub: nothing happens	Scarlet and Violet TM
SPECIES_SLOWBRO	Stored Power	runs	Sword and Shield TM; Scarlet and Violet TM
SPECIES_SLOWBRO	Telekinesis	partial: status move running the plain-hit script: its effect never happens	Black and White TM; Black 2 and White 2 TM; Ultra Sun and Ultra Moon tutor
SPECIES_SLOWBRO	Tera Blast	runs	Scarlet and Violet TM
SPECIES_SLOWBRO	Wonder Room	runs	Black and White egg; Black 2 and White 2 tutor; Black 2 and White 2 egg; X and Y egg; Omega Ruby and Alpha Sapphire tutor; Omega Ruby and Alpha Sapphire egg; Sun and Moon egg; Ultra Sun and Ultra Moon tutor; Ultra Sun and Ultra Moon egg; Sword and Shield TM; Brilliant Diamond and Shining Pearl egg
SPECIES_MAGNEMITE	Confide	runs	X and Y TM; Omega Ruby and Alpha Sapphire TM; Sun and Moon TM; Ultra Sun and Ultra Moon TM
SPECIES_MAGNEMITE	Eerie Impulse	runs	Scarlet and Violet TM; Legends Z-A TM
SPECIES_MAGNEMITE	ElectricTerrain	stub: nothing happens (terrain held)	Scarlet and Violet TM; Legends Z-A TM
SPECIES_MAGNEMITE	Electroweb	runs	Black 2 and White 2 tutor; Omega Ruby and Alpha Sapphire tutor; Ultra Sun and Ultra Moon tutor; Sword and Shield TM; Scarlet and Violet TM; Scarlet and Violet egg; Legends Z-A TM; Legends Z-A egg
SPECIES_MAGNEMITE	Heavy Slam	runs	Scarlet and Violet TM; Legends Z-A TM
SPECIES_MAGNEMITE	Rising Voltage	runs	Sword and Shield tutor
SPECIES_MAGNEMITE	Round	runs	Black and White TM; Black 2 and White 2 TM; X and Y TM; Omega Ruby and Alpha Sapphire TM; Sun and Moon TM; Ultra Sun and Ultra Moon TM; Sword and Shield TM
SPECIES_MAGNEMITE	Steel Beam	runs	Sword and Shield tutor; Scarlet and Violet TM; Legends Z-A TM
SPECIES_MAGNEMITE	Tera Blast	runs	Scarlet and Violet TM; Legends Z-A TM
SPECIES_MAGNEMITE	Volt Switch	runs	Black and White TM; Black 2 and White 2 TM; X and Y TM; Omega Ruby and Alpha Sapphire TM; Sun and Moon TM; Ultra Sun and Ultra Moon TM; Sword and Shield TM; Brilliant Diamond and Shining Pearl TM; Scarlet and Violet TM; Legends Z-A TM
SPECIES_MAGNEMITE	Wild Charge	runs	Black and White TM; Black 2 and White 2 TM; X and Y TM; Omega Ruby and Alpha Sapphire TM; Sun and Moon TM; Ultra Sun and Ultra Moon TM; Sword and Shield TM; Scarlet and Violet TM; Legends Z-A TM
SPECIES_MAGNETON	Confide	runs	X and Y TM; Omega Ruby and Alpha Sapphire TM; Sun and Moon TM; Ultra Sun and Ultra Moon TM
SPECIES_MAGNETON	Eerie Impulse	runs	Scarlet and Violet TM; Legends Z-A TM
SPECIES_MAGNETON	Electroweb	runs	Black 2 and White 2 tutor; Omega Ruby and Alpha Sapphire tutor; Ultra Sun and Ultra Moon tutor; Sword and Shield TM; Scarlet and Violet TM; Scarlet and Violet egg
SPECIES_MAGNETON	Heavy Slam	runs	Scarlet and Violet TM; Legends Z-A TM
SPECIES_MAGNETON	Rising Voltage	runs	Sword and Shield tutor
SPECIES_MAGNETON	Round	runs	Black and White TM; Black 2 and White 2 TM; X and Y TM; Omega Ruby and Alpha Sapphire TM; Sun and Moon TM; Ultra Sun and Ultra Moon TM; Sword and Shield TM
SPECIES_MAGNETON	Steel Beam	runs	Sword and Shield tutor; Scarlet and Violet TM; Legends Z-A TM
SPECIES_MAGNETON	Tera Blast	runs	Scarlet and Violet TM; Legends Z-A TM
SPECIES_MAGNETON	Volt Switch	runs	Black and White TM; Black 2 and White 2 TM; X and Y TM; Omega Ruby and Alpha Sapphire TM; Sun and Moon TM; Ultra Sun and Ultra Moon TM; Sword and Shield TM; Brilliant Diamond and Shining Pearl TM; Scarlet and Violet TM; Legends Z-A TM
SPECIES_MAGNETON	Wild Charge	runs	Black and White TM; Black 2 and White 2 TM; X and Y TM; Omega Ruby and Alpha Sapphire TM; Sun and Moon TM; Ultra Sun and Ultra Moon TM; Sword and Shield TM; Scarlet and Violet TM; Legends Z-A TM
SPECIES_SEEL	Belch	runs	X and Y egg; Omega Ruby and Alpha Sapphire egg; Sun and Moon egg; Ultra Sun and Ultra Moon egg; Brilliant Diamond and Shining Pearl egg; Scarlet and Violet egg
SPECIES_SEEL	Chilling Water	runs	Scarlet and Violet TM
SPECIES_SEEL	Confide	runs	X and Y TM; Omega Ruby and Alpha Sapphire TM; Sun and Moon TM; Ultra Sun and Ultra Moon TM
SPECIES_SEEL	Drill Run	runs	Black 2 and White 2 tutor; Omega Ruby and Alpha Sapphire tutor; Ultra Sun and Ultra Moon tutor; Let's Go TM; Scarlet and Violet TM; Legends Z-A TM
SPECIES_SEEL	Echoed Voice	runs	Black and White TM; Black 2 and White 2 TM; X and Y TM; Omega Ruby and Alpha Sapphire TM; Sun and Moon TM; Ultra Sun and Ultra Moon TM
SPECIES_SEEL	Entrainment	runs	X and Y egg; Omega Ruby and Alpha Sapphire egg; Sun and Moon egg; Ultra Sun and Ultra Moon egg; Brilliant Diamond and Shining Pearl egg; Scarlet and Violet egg
SPECIES_SEEL	Flip Turn	runs	Scarlet and Violet TM; Legends Z-A TM
SPECIES_SEEL	Ice Spinner	runs	Scarlet and Violet TM
SPECIES_SEEL	Round	runs	Black and White TM; Black 2 and White 2 TM; X and Y TM; Omega Ruby and Alpha Sapphire TM; Sun and Moon TM; Ultra Sun and Ultra Moon TM; Legends Z-A TM
SPECIES_SEEL	Smart Strike	runs	Sun and Moon TM; Ultra Sun and Ultra Moon TM; Scarlet and Violet TM; Legends Z-A TM
SPECIES_SEEL	Tera Blast	runs	Scarlet and Violet TM
SPECIES_SEEL	Triple Axel	runs	Scarlet and Violet TM
SPECIES_DEWGONG	Alluring Voice	runs	Scarlet and Violet TM
SPECIES_DEWGONG	Belch	runs	X and Y egg; Omega Ruby and Alpha Sapphire egg; Sun and Moon egg; Ultra Sun and Ultra Moon egg; Brilliant Diamond and Shining Pearl egg; Scarlet and Violet egg
SPECIES_DEWGONG	Chilling Water	runs	Scarlet and Violet TM
SPECIES_DEWGONG	Confide	runs	X and Y TM; Omega Ruby and Alpha Sapphire TM; Sun and Moon TM; Ultra Sun and Ultra Moon TM
SPECIES_DEWGONG	Drill Run	runs	Black 2 and White 2 tutor; Omega Ruby and Alpha Sapphire tutor; Ultra Sun and Ultra Moon tutor; Let's Go TM; Scarlet and Violet TM; Legends Z-A TM
SPECIES_DEWGONG	Echoed Voice	runs	Black and White TM; Black 2 and White 2 TM; X and Y TM; Omega Ruby and Alpha Sapphire TM; Sun and Moon TM; Ultra Sun and Ultra Moon TM
SPECIES_DEWGONG	Entrainment	runs	X and Y egg; Omega Ruby and Alpha Sapphire egg; Sun and Moon egg; Ultra Sun and Ultra Moon egg; Brilliant Diamond and Shining Pearl egg; Scarlet and Violet egg
SPECIES_DEWGONG	Flip Turn	runs	Scarlet and Violet TM; Legends Z-A TM
SPECIES_DEWGONG	Frost Breath	runs	Black and White TM; Black 2 and White 2 TM; X and Y TM; Omega Ruby and Alpha Sapphire TM; Sun and Moon TM; Ultra Sun and Ultra Moon TM
SPECIES_DEWGONG	Ice Spinner	runs	Scarlet and Violet TM
SPECIES_DEWGONG	Liquidation	runs	Ultra Sun and Ultra Moon tutor; Scarlet and Violet TM; Legends Z-A TM
SPECIES_DEWGONG	Play Rough	runs	Scarlet and Violet TM
SPECIES_DEWGONG	Round	runs	Black and White TM; Black 2 and White 2 TM; X and Y TM; Omega Ruby and Alpha Sapphire TM; Sun and Moon TM; Ultra Sun and Ultra Moon TM; Legends Z-A TM
SPECIES_DEWGONG	Smart Strike	runs	Sun and Moon TM; Ultra Sun and Ultra Moon TM; Scarlet and Violet TM; Legends Z-A TM
SPECIES_DEWGONG	Tera Blast	runs	Scarlet and Violet TM
SPECIES_DEWGONG	Triple Axel	runs	Scarlet and Violet TM; Legends Z-A TM
SPECIES_SHELLDER	Chilling Water	runs	Scarlet and Violet TM; Legends Z-A TM
SPECIES_SHELLDER	Confide	runs	X and Y TM; Omega Ruby and Alpha Sapphire TM; Sun and Moon TM; Ultra Sun and Ultra Moon TM
SPECIES_SHELLDER	Ice Spinner	runs	Scarlet and Violet TM; Legends Z-A TM
SPECIES_SHELLDER	Life Dew	runs	Sword and Shield egg; Brilliant Diamond and Shining Pearl egg; Scarlet and Violet egg; Legends Z-A TM; Legends Z-A egg
SPECIES_SHELLDER	Liquidation	runs	Ultra Sun and Ultra Moon tutor; Sword and Shield TM; Scarlet and Violet TM; Legends Z-A TM
SPECIES_SHELLDER	Round	runs	Black and White TM; Black 2 and White 2 TM; X and Y TM; Omega Ruby and Alpha Sapphire TM; Sun and Moon TM; Ultra Sun and Ultra Moon TM; Sword and Shield TM
SPECIES_SHELLDER	Snowscape	stub: nothing happens	Scarlet and Violet TM; Legends Z-A TM
SPECIES_SHELLDER	Tera Blast	runs	Scarlet and Violet TM; Legends Z-A TM
SPECIES_CLOYSTER	Chilling Water	runs	Scarlet and Violet TM; Legends Z-A TM
SPECIES_CLOYSTER	Confide	runs	X and Y TM; Omega Ruby and Alpha Sapphire TM; Sun and Moon TM; Ultra Sun and Ultra Moon TM
SPECIES_CLOYSTER	Drill Run	runs	Scarlet and Violet TM; Legends Z-A TM
SPECIES_CLOYSTER	Frost Breath	runs	Black and White TM; Black 2 and White 2 TM; X and Y TM; Omega Ruby and Alpha Sapphire TM; Sun and Moon TM; Ultra Sun and Ultra Moon TM
SPECIES_CLOYSTER	Ice Spinner	runs	Scarlet and Violet TM; Legends Z-A TM
SPECIES_CLOYSTER	Life Dew	runs	Sword and Shield egg; Brilliant Diamond and Shining Pearl egg; Scarlet and Violet egg
SPECIES_CLOYSTER	Liquidation	runs	Ultra Sun and Ultra Moon tutor; Sword and Shield TM; Scarlet and Violet TM; Legends Z-A TM
SPECIES_CLOYSTER	Round	runs	Black and White TM; Black 2 and White 2 TM; X and Y TM; Omega Ruby and Alpha Sapphire TM; Sun and Moon TM; Ultra Sun and Ultra Moon TM; Sword and Shield TM
SPECIES_CLOYSTER	Smart Strike	runs	Sun and Moon TM; Ultra Sun and Ultra Moon TM; Sword and Shield TM; Scarlet and Violet TM; Legends Z-A TM
SPECIES_CLOYSTER	Snowscape	stub: nothing happens	Scarlet and Violet TM; Legends Z-A TM
SPECIES_CLOYSTER	Steel Roller	stub: plain 130 hit, should fail without terrain	Sword and Shield tutor
SPECIES_CLOYSTER	Tera Blast	runs	Scarlet and Violet TM; Legends Z-A TM
SPECIES_GASTLY	Acid Spray	runs	Scarlet and Violet TM; Legends Z-A TM
SPECIES_GASTLY	Ally Switch	partial: status move running the plain-hit script: its effect never happens	Ultra Sun and Ultra Moon tutor; Sword and Shield TM
SPECIES_GASTLY	Clear Smog	runs	Black and White egg; Black 2 and White 2 egg; X and Y egg; Omega Ruby and Alpha Sapphire egg; Sun and Moon egg; Ultra Sun and Ultra Moon egg; Sword and Shield egg; Brilliant Diamond and Shining Pearl egg; Scarlet and Violet egg
SPECIES_GASTLY	Confide	runs	X and Y TM; Omega Ruby and Alpha Sapphire TM; Sun and Moon TM; Ultra Sun and Ultra Moon TM
SPECIES_GASTLY	Corrosive Gas	partial: status move running the plain-hit script: its effect never happens	Sword and Shield tutor
SPECIES_GASTLY	Dazzling Gleam	runs	X and Y TM; Omega Ruby and Alpha Sapphire TM; Sun and Moon TM; Ultra Sun and Ultra Moon TM; Let's Go TM; Sword and Shield TM; Brilliant Diamond and Shining Pearl TM; Scarlet and Violet TM; Legends Z-A TM
SPECIES_GASTLY	Foul Play	runs	Black 2 and White 2 tutor; Omega Ruby and Alpha Sapphire tutor; Ultra Sun and Ultra Moon tutor; Let's Go TM; Sword and Shield TM; Scarlet and Violet TM
SPECIES_GASTLY	Infestation	runs	X and Y TM; Omega Ruby and Alpha Sapphire TM; Sun and Moon TM; Ultra Sun and Ultra Moon TM
SPECIES_GASTLY	Poltergeist	runs	Sword and Shield tutor; Scarlet and Violet TM
SPECIES_GASTLY	Reflect Type	partial: status move running the plain-hit script: its effect never happens	X and Y egg; Omega Ruby and Alpha Sapphire egg; Sun and Moon egg; Ultra Sun and Ultra Moon egg; Sword and Shield egg; Brilliant Diamond and Shining Pearl egg; Scarlet and Violet egg
SPECIES_GASTLY	Round	runs	Black and White TM; Black 2 and White 2 TM; X and Y TM; Omega Ruby and Alpha Sapphire TM; Sun and Moon TM; Ultra Sun and Ultra Moon TM; Sword and Shield TM
SPECIES_GASTLY	Skitter Smack	runs	Sword and Shield tutor; Scarlet and Violet TM
SPECIES_GASTLY	Sludge Wave	runs	Sword and Shield TM; Scarlet and Violet TM
SPECIES_GASTLY	Telekinesis	partial: status move running the plain-hit script: its effect never happens	Black and White TM; Black 2 and White 2 TM; Ultra Sun and Ultra Moon tutor
SPECIES_GASTLY	Tera Blast	runs	Scarlet and Violet TM
SPECIES_GASTLY	Wonder Room	runs	Black 2 and White 2 tutor; Omega Ruby and Alpha Sapphire tutor; Ultra Sun and Ultra Moon tutor; Sword and Shield TM
SPECIES_HAUNTER	Acid Spray	runs	Scarlet and Violet TM; Legends Z-A TM
SPECIES_HAUNTER	Ally Switch	partial: status move running the plain-hit script: its effect never happens	Ultra Sun and Ultra Moon tutor; Sword and Shield TM
SPECIES_HAUNTER	Clear Smog	runs	Black and White egg; Black 2 and White 2 egg; X and Y egg; Omega Ruby and Alpha Sapphire egg; Sun and Moon egg; Ultra Sun and Ultra Moon egg; Sword and Shield egg; Brilliant Diamond and Shining Pearl egg; Scarlet and Violet egg
SPECIES_HAUNTER	Confide	runs	X and Y TM; Omega Ruby and Alpha Sapphire TM; Sun and Moon TM; Ultra Sun and Ultra Moon TM
SPECIES_HAUNTER	Corrosive Gas	partial: status move running the plain-hit script: its effect never happens	Sword and Shield tutor
SPECIES_HAUNTER	Dazzling Gleam	runs	X and Y TM; Omega Ruby and Alpha Sapphire TM; Sun and Moon TM; Ultra Sun and Ultra Moon TM; Let's Go TM; Sword and Shield TM; Brilliant Diamond and Shining Pearl TM; Scarlet and Violet TM; Legends Z-A TM
SPECIES_HAUNTER	Foul Play	runs	Black 2 and White 2 tutor; Omega Ruby and Alpha Sapphire tutor; Ultra Sun and Ultra Moon tutor; Let's Go TM; Sword and Shield TM; Scarlet and Violet TM
SPECIES_HAUNTER	Infestation	runs	X and Y TM; Omega Ruby and Alpha Sapphire TM; Sun and Moon TM; Ultra Sun and Ultra Moon TM
SPECIES_HAUNTER	Poltergeist	runs	Sword and Shield tutor; Scarlet and Violet TM
SPECIES_HAUNTER	Reflect Type	partial: status move running the plain-hit script: its effect never happens	X and Y egg; Omega Ruby and Alpha Sapphire egg; Sun and Moon egg; Ultra Sun and Ultra Moon egg; Sword and Shield egg; Brilliant Diamond and Shining Pearl egg; Scarlet and Violet egg
SPECIES_HAUNTER	Round	runs	Black and White TM; Black 2 and White 2 TM; X and Y TM; Omega Ruby and Alpha Sapphire TM; Sun and Moon TM; Ultra Sun and Ultra Moon TM; Sword and Shield TM
SPECIES_HAUNTER	Skitter Smack	runs	Sword and Shield tutor; Scarlet and Violet TM
SPECIES_HAUNTER	Telekinesis	partial: status move running the plain-hit script: its effect never happens	Black and White TM; Black 2 and White 2 TM; Ultra Sun and Ultra Moon tutor
SPECIES_HAUNTER	Tera Blast	runs	Scarlet and Violet TM
SPECIES_HAUNTER	Wonder Room	runs	Black 2 and White 2 tutor; Omega Ruby and Alpha Sapphire tutor; Ultra Sun and Ultra Moon tutor; Sword and Shield TM
SPECIES_GENGAR	Acid Spray	runs	Scarlet and Violet TM; Legends Z-A TM
SPECIES_GENGAR	Ally Switch	partial: status move running the plain-hit script: its effect never happens	Ultra Sun and Ultra Moon tutor; Sword and Shield TM
SPECIES_GENGAR	Clear Smog	runs	Black and White egg; Black 2 and White 2 egg; X and Y egg; Omega Ruby and Alpha Sapphire egg; Sun and Moon egg; Ultra Sun and Ultra Moon egg; Sword and Shield egg; Brilliant Diamond and Shining Pearl egg; Scarlet and Violet egg
SPECIES_GENGAR	Confide	runs	X and Y TM; Omega Ruby and Alpha Sapphire TM; Sun and Moon TM; Ultra Sun and Ultra Moon TM
SPECIES_GENGAR	Corrosive Gas	partial: status move running the plain-hit script: its effect never happens	Sword and Shield tutor
SPECIES_GENGAR	Dazzling Gleam	runs	X and Y TM; Omega Ruby and Alpha Sapphire TM; Sun and Moon TM; Ultra Sun and Ultra Moon TM; Let's Go TM; Sword and Shield TM; Brilliant Diamond and Shining Pearl TM; Scarlet and Violet TM; Legends Z-A TM
SPECIES_GENGAR	Foul Play	runs	Black 2 and White 2 tutor; Omega Ruby and Alpha Sapphire tutor; Ultra Sun and Ultra Moon tutor; Let's Go TM; Sword and Shield TM; Scarlet and Violet TM
SPECIES_GENGAR	Infestation	runs	X and Y TM; Omega Ruby and Alpha Sapphire TM; Sun and Moon TM; Ultra Sun and Ultra Moon TM
SPECIES_GENGAR	Laser Focus	runs	Ultra Sun and Ultra Moon tutor
SPECIES_GENGAR	Poltergeist	runs	Sword and Shield tutor; Scarlet and Violet TM
SPECIES_GENGAR	Power-Up Punch	runs	X and Y TM; Omega Ruby and Alpha Sapphire TM
SPECIES_GENGAR	Psychic Noise	runs	Scarlet and Violet TM
SPECIES_GENGAR	Round	runs	Black and White TM; Black 2 and White 2 TM; X and Y TM; Omega Ruby and Alpha Sapphire TM; Sun and Moon TM; Ultra Sun and Ultra Moon TM; Sword and Shield TM
SPECIES_GENGAR	Skitter Smack	runs	Sword and Shield tutor; Scarlet and Violet TM
SPECIES_GENGAR	Telekinesis	partial: status move running the plain-hit script: its effect never happens	Black and White TM; Black 2 and White 2 TM; Ultra Sun and Ultra Moon tutor
SPECIES_GENGAR	Tera Blast	runs	Scarlet and Violet TM
SPECIES_GENGAR	Wonder Room	runs	Black 2 and White 2 tutor; Omega Ruby and Alpha Sapphire tutor; Ultra Sun and Ultra Moon tutor; Sword and Shield TM
SPECIES_ONIX	Body Press	runs	Sword and Shield TM
SPECIES_ONIX	Brutal Swing	runs	Sun and Moon TM; Ultra Sun and Ultra Moon TM; Sword and Shield TM
SPECIES_ONIX	Confide	runs	X and Y TM; Omega Ruby and Alpha Sapphire TM; Sun and Moon TM; Ultra Sun and Ultra Moon TM
SPECIES_ONIX	Dragon Tail	runs	Black and White TM; Black 2 and White 2 TM; X and Y TM; Omega Ruby and Alpha Sapphire TM; Sun and Moon TM; Ultra Sun and Ultra Moon TM; Let's Go TM; Sword and Shield egg; Brilliant Diamond and Shining Pearl egg
SPECIES_ONIX	Drill Run	runs	Sword and Shield TM
SPECIES_ONIX	Heavy Slam	runs	Black and White egg; Black 2 and White 2 egg; X and Y egg; Omega Ruby and Alpha Sapphire egg; Sun and Moon egg; Ultra Sun and Ultra Moon egg; Sword and Shield TM; Brilliant Diamond and Shining Pearl egg
SPECIES_ONIX	Meteor Beam	runs	Sword and Shield tutor; Legends Z-A TM
SPECIES_ONIX	Rototiller	partial: status move running the plain-hit script: its effect never happens	X and Y egg; Omega Ruby and Alpha Sapphire egg; Sun and Moon egg; Ultra Sun and Ultra Moon egg
SPECIES_ONIX	Round	runs	Black and White TM; Black 2 and White 2 TM; X and Y TM; Omega Ruby and Alpha Sapphire TM; Sun and Moon TM; Ultra Sun and Ultra Moon TM; Sword and Shield TM
SPECIES_ONIX	Scorching Sands	runs	Sword and Shield tutor; Legends Z-A TM
SPECIES_ONIX	StompingTantrum	runs	Ultra Sun and Ultra Moon tutor; Sword and Shield TM
SPECIES_ONIX	Wide Guard	runs	Ultra Sun and Ultra Moon egg; Sword and Shield egg; Brilliant Diamond and Shining Pearl egg
SPECIES_KRABBY	Ally Switch	partial: status move running the plain-hit script: its effect never happens	X and Y egg; Omega Ruby and Alpha Sapphire egg; Sun and Moon egg; Ultra Sun and Ultra Moon tutor; Ultra Sun and Ultra Moon egg; Sword and Shield TM; Brilliant Diamond and Shining Pearl egg; Legends Z-A TM
SPECIES_KRABBY	Chip Away	runs	Black and White egg; Black 2 and White 2 egg; X and Y egg; Omega Ruby and Alpha Sapphire egg; Sun and Moon egg; Ultra Sun and Ultra Moon egg
SPECIES_KRABBY	Confide	runs	X and Y TM; Omega Ruby and Alpha Sapphire TM; Sun and Moon TM; Ultra Sun and Ultra Moon TM
SPECIES_KRABBY	Hone Claws	runs	Black and White TM; Black 2 and White 2 TM; X and Y TM; Omega Ruby and Alpha Sapphire TM
SPECIES_KRABBY	Liquidation	runs	Ultra Sun and Ultra Moon tutor; Sword and Shield TM; Legends Z-A TM
SPECIES_KRABBY	Round	runs	Black and White TM; Black 2 and White 2 TM; X and Y TM; Omega Ruby and Alpha Sapphire TM; Sun and Moon TM; Ultra Sun and Ultra Moon TM; Sword and Shield TM; Legends Z-A TM
SPECIES_KRABBY	Scald	runs	Black and White TM; Black 2 and White 2 TM; X and Y TM; Omega Ruby and Alpha Sapphire TM; Sun and Moon TM; Ultra Sun and Ultra Moon TM; Let's Go TM; Sword and Shield TM; Brilliant Diamond and Shining Pearl TM; Legends Z-A TM
SPECIES_KINGLER	Ally Switch	partial: status move running the plain-hit script: its effect never happens	X and Y egg; Omega Ruby and Alpha Sapphire egg; Sun and Moon egg; Ultra Sun and Ultra Moon tutor; Ultra Sun and Ultra Moon egg; Sword and Shield TM; Brilliant Diamond and Shining Pearl egg; Legends Z-A TM
SPECIES_KINGLER	Brutal Swing	runs	Sword and Shield TM; Legends Z-A TM
SPECIES_KINGLER	Chip Away	runs	Black and White egg; Black 2 and White 2 egg; X and Y egg; Omega Ruby and Alpha Sapphire egg; Sun and Moon egg; Ultra Sun and Ultra Moon egg
SPECIES_KINGLER	Confide	runs	X and Y TM; Omega Ruby and Alpha Sapphire TM; Sun and Moon TM; Ultra Sun and Ultra Moon TM
SPECIES_KINGLER	High Horsepower	runs	Sword and Shield TM; Legends Z-A TM
SPECIES_KINGLER	Hone Claws	runs	Black and White TM; Black 2 and White 2 TM; X and Y TM; Omega Ruby and Alpha Sapphire TM
SPECIES_KINGLER	Liquidation	runs	Ultra Sun and Ultra Moon tutor; Sword and Shield TM; Legends Z-A TM
SPECIES_KINGLER	Quash	stub: nothing happens	Black and White TM; Black 2 and White 2 TM; X and Y TM; Omega Ruby and Alpha Sapphire TM; Sun and Moon TM; Ultra Sun and Ultra Moon TM
SPECIES_KINGLER	Round	runs	Black and White TM; Black 2 and White 2 TM; X and Y TM; Omega Ruby and Alpha Sapphire TM; Sun and Moon TM; Ultra Sun and Ultra Moon TM; Sword and Shield TM; Legends Z-A TM
SPECIES_KINGLER	Scald	runs	Black and White TM; Black 2 and White 2 TM; X and Y TM; Omega Ruby and Alpha Sapphire TM; Sun and Moon TM; Ultra Sun and Ultra Moon TM; Let's Go TM; Sword and Shield TM; Brilliant Diamond and Shining Pearl TM; Legends Z-A TM
SPECIES_KINGLER	StompingTantrum	runs	Ultra Sun and Ultra Moon tutor; Sword and Shield TM; Legends Z-A TM
SPECIES_LICKITUNG	Belch	runs	X and Y egg; Omega Ruby and Alpha Sapphire egg; Sun and Moon egg; Ultra Sun and Ultra Moon egg; Sword and Shield egg; Brilliant Diamond and Shining Pearl egg; Legends Z-A TM; Legends Z-A egg
SPECIES_LICKITUNG	Body Press	runs	Sword and Shield TM; Legends Z-A TM
SPECIES_LICKITUNG	Brutal Swing	runs	Sun and Moon TM; Ultra Sun and Ultra Moon TM; Sword and Shield TM; Legends Z-A TM
SPECIES_LICKITUNG	Confide	runs	X and Y TM; Omega Ruby and Alpha Sapphire TM; Sun and Moon TM; Ultra Sun and Ultra Moon TM
SPECIES_LICKITUNG	Dragon Tail	runs	Black and White TM; Black 2 and White 2 TM; X and Y TM; Omega Ruby and Alpha Sapphire TM; Sun and Moon TM; Ultra Sun and Ultra Moon TM; Let's Go TM
SPECIES_LICKITUNG	Incinerate	runs	Black and White TM; Black 2 and White 2 TM; X and Y TM; Omega Ruby and Alpha Sapphire TM
SPECIES_LICKITUNG	Power-Up Punch	runs	X and Y TM; Omega Ruby and Alpha Sapphire TM
SPECIES_LICKITUNG	Retaliate	runs	Black and White TM; Black 2 and White 2 TM; X and Y TM; Omega Ruby and Alpha Sapphire TM; Sword and Shield TM; Legends Z-A TM
SPECIES_LICKITUNG	Round	runs	Black and White TM; Black 2 and White 2 TM; X and Y TM; Omega Ruby and Alpha Sapphire TM; Sun and Moon TM; Ultra Sun and Ultra Moon TM; Sword and Shield TM; Legends Z-A TM
SPECIES_LICKITUNG	Steel Roller	stub: plain 130 hit, should fail without terrain	Sword and Shield tutor; Legends Z-A TM
SPECIES_LICKITUNG	StompingTantrum	runs	Ultra Sun and Ultra Moon tutor; Sword and Shield TM; Legends Z-A TM
SPECIES_LICKITUNG	Terrain Pulse	partial: plain 50 Normal hit; its type and power change wait on terrain	Sword and Shield tutor; Legends Z-A TM
SPECIES_LICKITUNG	Work Up	runs	Black and White TM; Black 2 and White 2 TM; Sun and Moon TM; Ultra Sun and Ultra Moon TM; Sword and Shield TM; Brilliant Diamond and Shining Pearl TM; Legends Z-A TM
SPECIES_KOFFING	Acid Spray	runs	Scarlet and Violet TM
SPECIES_KOFFING	Confide	runs	X and Y TM; Omega Ruby and Alpha Sapphire TM; Sun and Moon TM; Ultra Sun and Ultra Moon TM
SPECIES_KOFFING	Corrosive Gas	partial: status move running the plain-hit script: its effect never happens	Sword and Shield tutor; Legends Z-A TM
SPECIES_KOFFING	Incinerate	runs	Black and White TM; Black 2 and White 2 TM; X and Y TM; Omega Ruby and Alpha Sapphire TM
SPECIES_KOFFING	Infestation	runs	X and Y TM; Omega Ruby and Alpha Sapphire TM; Sun and Moon TM; Ultra Sun and Ultra Moon TM
SPECIES_KOFFING	Round	runs	Black and White TM; Black 2 and White 2 TM; X and Y TM; Omega Ruby and Alpha Sapphire TM; Sun and Moon TM; Ultra Sun and Ultra Moon TM; Sword and Shield TM; Legends Z-A TM
SPECIES_KOFFING	Sludge Wave	runs	Sword and Shield TM; Scarlet and Violet TM; Legends Z-A TM
SPECIES_KOFFING	Tera Blast	runs	Scarlet and Violet TM
SPECIES_KOFFING	Venom Drench	runs	Ultra Sun and Ultra Moon egg; Sword and Shield TM; Brilliant Diamond and Shining Pearl egg; Legends Z-A TM
SPECIES_KOFFING	Venoshock	runs	Black and White TM; Black 2 and White 2 TM; X and Y TM; Omega Ruby and Alpha Sapphire TM; Sun and Moon TM; Ultra Sun and Ultra Moon TM; Sword and Shield TM; Scarlet and Violet TM; Legends Z-A TM
SPECIES_WEEZING	Acid Spray	runs	Scarlet and Violet TM
SPECIES_WEEZING	Confide	runs	X and Y TM; Omega Ruby and Alpha Sapphire TM; Sun and Moon TM; Ultra Sun and Ultra Moon TM
SPECIES_WEEZING	Corrosive Gas	partial: status move running the plain-hit script: its effect never happens	Sword and Shield tutor; Legends Z-A TM
SPECIES_WEEZING	Incinerate	runs	Black and White TM; Black 2 and White 2 TM; X and Y TM; Omega Ruby and Alpha Sapphire TM
SPECIES_WEEZING	Infestation	runs	X and Y TM; Omega Ruby and Alpha Sapphire TM; Sun and Moon TM; Ultra Sun and Ultra Moon TM
SPECIES_WEEZING	Round	runs	Black and White TM; Black 2 and White 2 TM; X and Y TM; Omega Ruby and Alpha Sapphire TM; Sun and Moon TM; Ultra Sun and Ultra Moon TM; Sword and Shield TM; Legends Z-A TM
SPECIES_WEEZING	Sludge Wave	runs	Sword and Shield TM; Scarlet and Violet TM; Legends Z-A TM
SPECIES_WEEZING	Tera Blast	runs	Scarlet and Violet TM
SPECIES_WEEZING	Venom Drench	runs	Ultra Sun and Ultra Moon egg; Sword and Shield TM; Brilliant Diamond and Shining Pearl egg; Legends Z-A TM
SPECIES_WEEZING	Venoshock	runs	Black and White TM; Black 2 and White 2 TM; X and Y TM; Omega Ruby and Alpha Sapphire TM; Sun and Moon TM; Ultra Sun and Ultra Moon TM; Sword and Shield TM; Scarlet and Violet TM; Legends Z-A TM
SPECIES_RHYHORN	Body Press	runs	Scarlet and Violet TM
SPECIES_RHYHORN	Confide	runs	X and Y TM; Omega Ruby and Alpha Sapphire TM; Sun and Moon TM; Ultra Sun and Ultra Moon TM
SPECIES_RHYHORN	Guard Split	runs	X and Y egg; Omega Ruby and Alpha Sapphire egg; Sun and Moon egg; Ultra Sun and Ultra Moon egg; Sword and Shield egg; Brilliant Diamond and Shining Pearl egg; Scarlet and Violet egg; Legends Z-A TM; Legends Z-A egg
SPECIES_RHYHORN	Heavy Slam	runs	Scarlet and Violet TM
SPECIES_RHYHORN	Incinerate	runs	Black and White TM; Black 2 and White 2 TM; X and Y TM; Omega Ruby and Alpha Sapphire TM
SPECIES_RHYHORN	Rototiller	partial: status move running the plain-hit script: its effect never happens	X and Y egg; Omega Ruby and Alpha Sapphire egg; Sun and Moon egg; Ultra Sun and Ultra Moon egg
SPECIES_RHYHORN	Round	runs	Black and White TM; Black 2 and White 2 TM; X and Y TM; Omega Ruby and Alpha Sapphire TM; Sun and Moon TM; Ultra Sun and Ultra Moon TM; Sword and Shield TM; Legends Z-A TM
SPECIES_RHYHORN	Scorching Sands	runs	Sword and Shield tutor; Scarlet and Violet TM; Legends Z-A TM
SPECIES_RHYHORN	Smart Strike	runs	Sun and Moon TM; Ultra Sun and Ultra Moon TM; Sword and Shield TM; Scarlet and Violet TM; Legends Z-A TM
SPECIES_RHYHORN	StompingTantrum	runs	Ultra Sun and Ultra Moon tutor; Sword and Shield TM; Scarlet and Violet TM; Legends Z-A TM
SPECIES_RHYHORN	Supercell Slam	runs	Scarlet and Violet TM
SPECIES_RHYHORN	Tera Blast	runs	Scarlet and Violet TM
SPECIES_RHYDON	Body Press	runs	Sword and Shield TM; Scarlet and Violet TM; Legends Z-A TM
SPECIES_RHYDON	Breaking Swipe	runs	Sword and Shield TM; Scarlet and Violet TM; Legends Z-A TM
SPECIES_RHYDON	Brutal Swing	runs	Sun and Moon TM; Ultra Sun and Ultra Moon TM; Sword and Shield TM; Legends Z-A TM
SPECIES_RHYDON	Confide	runs	X and Y TM; Omega Ruby and Alpha Sapphire TM; Sun and Moon TM; Ultra Sun and Ultra Moon TM
SPECIES_RHYDON	Dragon Tail	runs	Black and White TM; Black 2 and White 2 TM; X and Y TM; Omega Ruby and Alpha Sapphire TM; Sun and Moon TM; Ultra Sun and Ultra Moon TM; Let's Go TM
SPECIES_RHYDON	Guard Split	runs	X and Y egg; Omega Ruby and Alpha Sapphire egg; Sun and Moon egg; Ultra Sun and Ultra Moon egg; Sword and Shield egg; Brilliant Diamond and Shining Pearl egg; Scarlet and Violet egg
SPECIES_RHYDON	Heat Crash	runs	Sword and Shield TM; Scarlet and Violet TM; Legends Z-A TM
SPECIES_RHYDON	Heavy Slam	runs	Sword and Shield TM; Scarlet and Violet TM; Legends Z-A TM
SPECIES_RHYDON	Incinerate	runs	Black and White TM; Black 2 and White 2 TM; X and Y TM; Omega Ruby and Alpha Sapphire TM
SPECIES_RHYDON	Meteor Beam	runs	Sword and Shield tutor; Scarlet and Violet TM; Legends Z-A TM
SPECIES_RHYDON	Power-Up Punch	runs	X and Y TM; Omega Ruby and Alpha Sapphire TM
SPECIES_RHYDON	Rototiller	partial: status move running the plain-hit script: its effect never happens	X and Y egg; Omega Ruby and Alpha Sapphire egg; Sun and Moon egg; Ultra Sun and Ultra Moon egg
SPECIES_RHYDON	Round	runs	Black and White TM; Black 2 and White 2 TM; X and Y TM; Omega Ruby and Alpha Sapphire TM; Sun and Moon TM; Ultra Sun and Ultra Moon TM; Sword and Shield TM; Legends Z-A TM
SPECIES_RHYDON	Scorching Sands	runs	Sword and Shield tutor; Scarlet and Violet TM; Legends Z-A TM
SPECIES_RHYDON	Smart Strike	runs	Sun and Moon TM; Ultra Sun and Ultra Moon TM; Sword and Shield TM; Scarlet and Violet TM; Legends Z-A TM
SPECIES_RHYDON	StompingTantrum	runs	Ultra Sun and Ultra Moon tutor; Sword and Shield TM; Scarlet and Violet TM; Legends Z-A TM
SPECIES_RHYDON	Supercell Slam	runs	Scarlet and Violet TM
SPECIES_RHYDON	Tera Blast	runs	Scarlet and Violet TM
SPECIES_CHANSEY	Ally Switch	partial: status move running the plain-hit script: its effect never happens	Ultra Sun and Ultra Moon tutor; Sword and Shield TM
SPECIES_CHANSEY	Bulldoze	runs	Black and White TM; Black 2 and White 2 TM; X and Y TM; Omega Ruby and Alpha Sapphire TM; Sun and Moon TM; Ultra Sun and Ultra Moon TM; Sword and Shield TM; Brilliant Diamond and Shining Pearl TM; Scarlet and Violet TM; Legends Z-A TM
SPECIES_CHANSEY	Chilling Water	runs	Scarlet and Violet TM; Legends Z-A TM
SPECIES_CHANSEY	Confide	runs	X and Y TM; Omega Ruby and Alpha Sapphire TM; Sun and Moon TM; Ultra Sun and Ultra Moon TM
SPECIES_CHANSEY	Dazzling Gleam	runs	X and Y TM; Omega Ruby and Alpha Sapphire TM; Sun and Moon TM; Ultra Sun and Ultra Moon TM; Let's Go TM; Sword and Shield TM; Brilliant Diamond and Shining Pearl TM; Scarlet and Violet TM; Legends Z-A TM
SPECIES_CHANSEY	ElectricTerrain	stub: nothing happens (terrain held)	Scarlet and Violet TM; Legends Z-A TM
SPECIES_CHANSEY	Incinerate	runs	Black and White TM; Black 2 and White 2 TM; X and Y TM; Omega Ruby and Alpha Sapphire TM
SPECIES_CHANSEY	Laser Focus	runs	Ultra Sun and Ultra Moon tutor
SPECIES_CHANSEY	Power-Up Punch	runs	X and Y TM; Omega Ruby and Alpha Sapphire TM
SPECIES_CHANSEY	Retaliate	runs	Black and White TM; Black 2 and White 2 TM; X and Y TM; Omega Ruby and Alpha Sapphire TM; Sword and Shield TM
SPECIES_CHANSEY	Round	runs	Black and White TM; Black 2 and White 2 TM; X and Y TM; Omega Ruby and Alpha Sapphire TM; Sun and Moon TM; Ultra Sun and Ultra Moon TM; Sword and Shield TM
SPECIES_CHANSEY	Snowscape	stub: nothing happens	Scarlet and Violet TM; Legends Z-A TM
SPECIES_CHANSEY	StompingTantrum	runs	Ultra Sun and Ultra Moon tutor; Sword and Shield TM; Scarlet and Violet TM; Legends Z-A TM
SPECIES_CHANSEY	Stored Power	runs	Sword and Shield TM; Scarlet and Violet TM; Legends Z-A TM
SPECIES_CHANSEY	Telekinesis	partial: status move running the plain-hit script: its effect never happens	Ultra Sun and Ultra Moon tutor
SPECIES_CHANSEY	Tera Blast	runs	Scarlet and Violet TM; Legends Z-A TM
SPECIES_CHANSEY	Trailblaze	runs	Scarlet and Violet TM; Legends Z-A TM
SPECIES_CHANSEY	Wild Charge	runs	Black and White TM; Black 2 and White 2 TM; X and Y TM; Omega Ruby and Alpha Sapphire TM; Sun and Moon TM; Ultra Sun and Ultra Moon TM; Sword and Shield TM; Scarlet and Violet TM; Legends Z-A TM
SPECIES_CHANSEY	Work Up	runs	Black and White TM; Black 2 and White 2 TM; Sun and Moon TM; Ultra Sun and Ultra Moon TM; Sword and Shield TM; Brilliant Diamond and Shining Pearl TM
SPECIES_TANGELA	Confide	runs	X and Y TM; Omega Ruby and Alpha Sapphire TM; Sun and Moon TM; Ultra Sun and Ultra Moon TM
SPECIES_TANGELA	Grassy Glide	partial: plain 55 hit; its priority in Grassy Terrain waits on terrain	Sword and Shield tutor; Legends Z-A TM
SPECIES_TANGELA	Infestation	runs	X and Y TM; Omega Ruby and Alpha Sapphire TM; Sun and Moon TM; Ultra Sun and Ultra Moon TM
SPECIES_TANGELA	Rage Powder	runs	Black and White egg; Black 2 and White 2 egg; X and Y egg; Omega Ruby and Alpha Sapphire egg; Sun and Moon egg; Ultra Sun and Ultra Moon egg; Sword and Shield egg; Brilliant Diamond and Shining Pearl egg; Legends Z-A TM; Legends Z-A egg
SPECIES_TANGELA	Round	runs	Black and White TM; Black 2 and White 2 TM; X and Y TM; Omega Ruby and Alpha Sapphire TM; Sun and Moon TM; Ultra Sun and Ultra Moon TM; Sword and Shield TM; Legends Z-A TM
SPECIES_HORSEA	Chilling Water	runs	Scarlet and Violet TM
SPECIES_HORSEA	Clear Smog	runs	Black and White egg; Black 2 and White 2 egg; X and Y egg; Omega Ruby and Alpha Sapphire egg; Sun and Moon egg; Ultra Sun and Ultra Moon egg; Sword and Shield egg; Brilliant Diamond and Shining Pearl egg; Scarlet and Violet egg; Legends Z-A TM; Legends Z-A egg
SPECIES_HORSEA	Confide	runs	X and Y TM; Omega Ruby and Alpha Sapphire TM; Sun and Moon TM; Ultra Sun and Ultra Moon TM
SPECIES_HORSEA	Flip Turn	runs	Sword and Shield tutor; Scarlet and Violet TM; Legends Z-A TM
SPECIES_HORSEA	Liquidation	runs	Sword and Shield TM; Scarlet and Violet TM; Legends Z-A TM
SPECIES_HORSEA	Round	runs	Black and White TM; Black 2 and White 2 TM; X and Y TM; Omega Ruby and Alpha Sapphire TM; Sun and Moon TM; Ultra Sun and Ultra Moon TM; Sword and Shield TM; Legends Z-A TM
SPECIES_HORSEA	Scald	runs	Black and White TM; Black 2 and White 2 TM; X and Y TM; Omega Ruby and Alpha Sapphire TM; Sun and Moon TM; Ultra Sun and Ultra Moon TM; Let's Go TM; Sword and Shield TM; Brilliant Diamond and Shining Pearl TM; Legends Z-A TM
SPECIES_HORSEA	Scale Shot	partial: hits two to five times; the Speed rise and Defense drop are missing	Sword and Shield tutor; Scarlet and Violet TM; Legends Z-A TM
SPECIES_HORSEA	Tera Blast	runs	Scarlet and Violet TM
SPECIES_SEADRA	Chilling Water	runs	Scarlet and Violet TM
SPECIES_SEADRA	Confide	runs	X and Y TM; Omega Ruby and Alpha Sapphire TM; Sun and Moon TM; Ultra Sun and Ultra Moon TM
SPECIES_SEADRA	Flip Turn	runs	Sword and Shield tutor; Scarlet and Violet TM; Legends Z-A TM
SPECIES_SEADRA	Liquidation	runs	Sword and Shield TM; Scarlet and Violet TM; Legends Z-A TM
SPECIES_SEADRA	Round	runs	Black and White TM; Black 2 and White 2 TM; X and Y TM; Omega Ruby and Alpha Sapphire TM; Sun and Moon TM; Ultra Sun and Ultra Moon TM; Sword and Shield TM; Legends Z-A TM
SPECIES_SEADRA	Scald	runs	Black and White TM; Black 2 and White 2 TM; X and Y TM; Omega Ruby and Alpha Sapphire TM; Sun and Moon TM; Ultra Sun and Ultra Moon TM; Let's Go TM; Sword and Shield TM; Brilliant Diamond and Shining Pearl TM; Legends Z-A TM
SPECIES_SEADRA	Scale Shot	partial: hits two to five times; the Speed rise and Defense drop are missing	Sword and Shield tutor; Scarlet and Violet TM; Legends Z-A TM
SPECIES_SEADRA	Snowscape	stub: nothing happens	Scarlet and Violet TM
SPECIES_SEADRA	Tera Blast	runs	Scarlet and Violet TM
SPECIES_GOLDEEN	Confide	runs	X and Y TM; Omega Ruby and Alpha Sapphire TM; Sun and Moon TM; Ultra Sun and Ultra Moon TM
SPECIES_GOLDEEN	Drill Run	runs	Black 2 and White 2 tutor; Omega Ruby and Alpha Sapphire tutor; Ultra Sun and Ultra Moon tutor; Let's Go TM; Sword and Shield TM; Legends Z-A TM
SPECIES_GOLDEEN	Flip Turn	runs	Sword and Shield tutor; Legends Z-A TM
SPECIES_GOLDEEN	Round	runs	Black and White TM; Black 2 and White 2 TM; X and Y TM; Omega Ruby and Alpha Sapphire TM; Sun and Moon TM; Ultra Sun and Ultra Moon TM; Sword and Shield TM; Legends Z-A TM
SPECIES_GOLDEEN	Scald	runs	Black and White TM; Black 2 and White 2 TM; X and Y TM; Omega Ruby and Alpha Sapphire TM; Sun and Moon TM; Ultra Sun and Ultra Moon TM; Let's Go TM; Sword and Shield TM; Brilliant Diamond and Shining Pearl TM; Legends Z-A TM
SPECIES_GOLDEEN	Scale Shot	partial: hits two to five times; the Speed rise and Defense drop are missing	Sword and Shield tutor; Legends Z-A TM
SPECIES_GOLDEEN	Smart Strike	runs	Sun and Moon TM; Ultra Sun and Ultra Moon TM; Sword and Shield TM; Legends Z-A TM
SPECIES_GOLDEEN	Throat Chop	stub: plain hit	Ultra Sun and Ultra Moon tutor; Sword and Shield TM; Legends Z-A TM
SPECIES_SEAKING	Confide	runs	X and Y TM; Omega Ruby and Alpha Sapphire TM; Sun and Moon TM; Ultra Sun and Ultra Moon TM
SPECIES_SEAKING	Drill Run	runs	Black 2 and White 2 tutor; Omega Ruby and Alpha Sapphire tutor; Ultra Sun and Ultra Moon tutor; Let's Go TM; Sword and Shield TM; Legends Z-A TM
SPECIES_SEAKING	Flip Turn	runs	Sword and Shield tutor; Legends Z-A TM
SPECIES_SEAKING	Round	runs	Black and White TM; Black 2 and White 2 TM; X and Y TM; Omega Ruby and Alpha Sapphire TM; Sun and Moon TM; Ultra Sun and Ultra Moon TM; Sword and Shield TM; Legends Z-A TM
SPECIES_SEAKING	Scald	runs	Black and White TM; Black 2 and White 2 TM; X and Y TM; Omega Ruby and Alpha Sapphire TM; Sun and Moon TM; Ultra Sun and Ultra Moon TM; Let's Go TM; Sword and Shield TM; Brilliant Diamond and Shining Pearl TM; Legends Z-A TM
SPECIES_SEAKING	Scale Shot	partial: hits two to five times; the Speed rise and Defense drop are missing	Sword and Shield tutor; Legends Z-A TM
SPECIES_SEAKING	Smart Strike	runs	Sun and Moon TM; Ultra Sun and Ultra Moon TM; Sword and Shield TM; Legends Z-A TM
SPECIES_SEAKING	Throat Chop	stub: plain hit	Ultra Sun and Ultra Moon tutor; Sword and Shield TM; Legends Z-A TM
SPECIES_STARYU	Confide	runs	X and Y TM; Omega Ruby and Alpha Sapphire TM; Sun and Moon TM; Ultra Sun and Ultra Moon TM
SPECIES_STARYU	Dazzling Gleam	runs	X and Y TM; Omega Ruby and Alpha Sapphire TM; Sun and Moon TM; Ultra Sun and Ultra Moon TM; Let's Go TM; Sword and Shield TM; Brilliant Diamond and Shining Pearl TM; Legends Z-A TM
SPECIES_STARYU	Flip Turn	runs	Sword and Shield tutor; Legends Z-A TM
SPECIES_STARYU	Round	runs	Black and White TM; Black 2 and White 2 TM; X and Y TM; Omega Ruby and Alpha Sapphire TM; Sun and Moon TM; Ultra Sun and Ultra Moon TM; Sword and Shield TM
SPECIES_STARYU	Scald	runs	Black and White TM; Black 2 and White 2 TM; X and Y TM; Omega Ruby and Alpha Sapphire TM; Sun and Moon TM; Ultra Sun and Ultra Moon TM; Let's Go TM; Sword and Shield TM; Brilliant Diamond and Shining Pearl TM; Legends Z-A TM
SPECIES_STARMIE	Ally Switch	partial: status move running the plain-hit script: its effect never happens	Ultra Sun and Ultra Moon tutor; Sword and Shield TM
SPECIES_STARMIE	Chilling Water	runs	Legends Z-A TM
SPECIES_STARMIE	Confide	runs	X and Y TM; Omega Ruby and Alpha Sapphire TM; Sun and Moon TM; Ultra Sun and Ultra Moon TM
SPECIES_STARMIE	Dazzling Gleam	runs	X and Y TM; Omega Ruby and Alpha Sapphire TM; Sun and Moon TM; Ultra Sun and Ultra Moon TM; Let's Go TM; Sword and Shield TM; Brilliant Diamond and Shining Pearl TM; Legends Z-A TM
SPECIES_STARMIE	Expanding Force	partial: plain 80 hit; its Psychic Terrain boost waits on terrain	Sword and Shield tutor
SPECIES_STARMIE	Flip Turn	runs	Sword and Shield tutor; Legends Z-A TM
SPECIES_STARMIE	Meteor Beam	runs	Sword and Shield tutor; Legends Z-A TM
SPECIES_STARMIE	Psyshock	runs	Black and White TM; Black 2 and White 2 TM; X and Y TM; Omega Ruby and Alpha Sapphire TM; Sun and Moon TM; Ultra Sun and Ultra Moon TM; Sword and Shield TM; Legends Z-A TM
SPECIES_STARMIE	Round	runs	Black and White TM; Black 2 and White 2 TM; X and Y TM; Omega Ruby and Alpha Sapphire TM; Sun and Moon TM; Ultra Sun and Ultra Moon TM; Sword and Shield TM
SPECIES_STARMIE	Scald	runs	Black and White TM; Black 2 and White 2 TM; X and Y TM; Omega Ruby and Alpha Sapphire TM; Sun and Moon TM; Ultra Sun and Ultra Moon TM; Let's Go TM; Sword and Shield TM; Brilliant Diamond and Shining Pearl TM; Legends Z-A TM
SPECIES_STARMIE	Telekinesis	partial: status move running the plain-hit script: its effect never happens	Black and White TM; Black 2 and White 2 TM; Ultra Sun and Ultra Moon tutor
SPECIES_STARMIE	Triple Axel	runs	Legends Z-A TM
SPECIES_STARMIE	Wonder Room	runs	Black 2 and White 2 tutor; Omega Ruby and Alpha Sapphire tutor; Ultra Sun and Ultra Moon tutor; Sword and Shield TM
SPECIES_MR_MIME	Ally Switch	partial: status move running the plain-hit script: its effect never happens	Ultra Sun and Ultra Moon tutor; Sword and Shield TM
SPECIES_MR_MIME	Confide	runs	X and Y TM; Omega Ruby and Alpha Sapphire TM; Sun and Moon TM; Ultra Sun and Ultra Moon TM
SPECIES_MR_MIME	Expanding Force	partial: plain 80 hit; its Psychic Terrain boost waits on terrain	Sword and Shield tutor
SPECIES_MR_MIME	FirstImpression	runs	Legends Z-A TM
SPECIES_MR_MIME	Foul Play	runs	Black 2 and White 2 tutor; Omega Ruby and Alpha Sapphire tutor; Ultra Sun and Ultra Moon tutor; Let's Go TM; Sword and Shield TM
SPECIES_MR_MIME	Magic Room	partial: status move running the plain-hit script: its effect never happens	Black and White egg; Black 2 and White 2 tutor; Black 2 and White 2 egg; X and Y egg; Omega Ruby and Alpha Sapphire tutor; Omega Ruby and Alpha Sapphire egg; Sun and Moon egg; Ultra Sun and Ultra Moon tutor; Ultra Sun and Ultra Moon egg; Sword and Shield TM; Brilliant Diamond and Shining Pearl egg
SPECIES_MR_MIME	Play Rough	runs	Legends Z-A TM
SPECIES_MR_MIME	Power Split	runs	Black and White egg; Black 2 and White 2 egg; X and Y egg; Omega Ruby and Alpha Sapphire egg; Sun and Moon egg; Ultra Sun and Ultra Moon egg; Sword and Shield egg; Brilliant Diamond and Shining Pearl egg
SPECIES_MR_MIME	Power-Up Punch	runs	X and Y TM; Omega Ruby and Alpha Sapphire TM
SPECIES_MR_MIME	Psychic Terrain	stub: nothing happens (terrain held)	Ultra Sun and Ultra Moon egg; Sword and Shield TM
SPECIES_MR_MIME	Psyshock	runs	Black and White TM; Black 2 and White 2 TM; X and Y TM; Omega Ruby and Alpha Sapphire TM; Sun and Moon TM; Ultra Sun and Ultra Moon TM; Sword and Shield TM; Legends Z-A TM
SPECIES_MR_MIME	Round	runs	Black and White TM; Black 2 and White 2 TM; X and Y TM; Omega Ruby and Alpha Sapphire TM; Sun and Moon TM; Ultra Sun and Ultra Moon TM; Sword and Shield TM
SPECIES_MR_MIME	Stored Power	runs	Sword and Shield TM
SPECIES_MR_MIME	Telekinesis	partial: status move running the plain-hit script: its effect never happens	Black and White TM; Black 2 and White 2 TM; Ultra Sun and Ultra Moon tutor
SPECIES_MR_MIME	Triple Axel	runs	Legends Z-A TM
SPECIES_MR_MIME	Wonder Room	runs	Black 2 and White 2 tutor; Omega Ruby and Alpha Sapphire tutor; Ultra Sun and Ultra Moon tutor; Sword and Shield TM
SPECIES_SCYTHER	Acrobatics	runs	Sword and Shield TM; Scarlet and Violet TM
SPECIES_SCYTHER	Confide	runs	X and Y TM; Omega Ruby and Alpha Sapphire TM; Sun and Moon TM; Ultra Sun and Ultra Moon TM
SPECIES_SCYTHER	Dual Chop	runs	Legends Z-A TM
SPECIES_SCYTHER	Dual Wingbeat	runs	Sword and Shield tutor; Scarlet and Violet TM; Legends Z-A TM
SPECIES_SCYTHER	Pounce	runs	Scarlet and Violet TM
SPECIES_SCYTHER	Quick Guard	runs	X and Y egg; Omega Ruby and Alpha Sapphire egg; Sun and Moon egg; Ultra Sun and Ultra Moon egg; Sword and Shield egg; Brilliant Diamond and Shining Pearl egg; Scarlet and Violet egg
SPECIES_SCYTHER	Round	runs	Black and White TM; Black 2 and White 2 TM; X and Y TM; Omega Ruby and Alpha Sapphire TM; Sun and Moon TM; Ultra Sun and Ultra Moon TM; Sword and Shield TM
SPECIES_SCYTHER	Skitter Smack	runs	Scarlet and Violet TM
SPECIES_SCYTHER	Struggle Bug	runs	Black and White TM; Black 2 and White 2 TM; X and Y TM; Omega Ruby and Alpha Sapphire TM; Scarlet and Violet TM
SPECIES_SCYTHER	Tera Blast	runs	Scarlet and Violet TM
SPECIES_SCYTHER	Trailblaze	runs	Scarlet and Violet TM; Legends Z-A TM
SPECIES_JYNX	Ally Switch	partial: status move running the plain-hit script: its effect never happens	Ultra Sun and Ultra Moon tutor; Sword and Shield TM; Legends Z-A TM
SPECIES_JYNX	Aurora Veil	runs	Sun and Moon TM; Ultra Sun and Ultra Moon TM
SPECIES_JYNX	Confide	runs	X and Y TM; Omega Ruby and Alpha Sapphire TM; Sun and Moon TM; Ultra Sun and Ultra Moon TM
SPECIES_JYNX	Echoed Voice	runs	Black and White TM; Black 2 and White 2 TM; X and Y TM; Omega Ruby and Alpha Sapphire TM; Sun and Moon TM; Ultra Sun and Ultra Moon TM
SPECIES_JYNX	Expanding Force	partial: plain 80 hit; its Psychic Terrain boost waits on terrain	Sword and Shield tutor; Legends Z-A TM
SPECIES_JYNX	Frost Breath	runs	Black and White TM; Black 2 and White 2 TM; X and Y TM; Omega Ruby and Alpha Sapphire TM; Sun and Moon TM; Ultra Sun and Ultra Moon TM
SPECIES_JYNX	Magic Room	partial: status move running the plain-hit script: its effect never happens	Black 2 and White 2 tutor; Omega Ruby and Alpha Sapphire tutor; Ultra Sun and Ultra Moon tutor; Sword and Shield TM; Legends Z-A TM
SPECIES_JYNX	Power-Up Punch	runs	X and Y TM; Omega Ruby and Alpha Sapphire TM
SPECIES_JYNX	Psychic Terrain	stub: nothing happens (terrain held)	Sword and Shield TM; Legends Z-A TM
SPECIES_JYNX	Psyshock	runs	Black and White TM; Black 2 and White 2 TM; X and Y TM; Omega Ruby and Alpha Sapphire TM; Sun and Moon TM; Ultra Sun and Ultra Moon TM; Sword and Shield TM; Legends Z-A TM
SPECIES_JYNX	Round	runs	Black and White TM; Black 2 and White 2 TM; X and Y TM; Omega Ruby and Alpha Sapphire TM; Sun and Moon TM; Ultra Sun and Ultra Moon TM; Sword and Shield TM; Legends Z-A TM
SPECIES_JYNX	Stored Power	runs	Sword and Shield TM; Legends Z-A TM
SPECIES_JYNX	Telekinesis	partial: status move running the plain-hit script: its effect never happens	Black and White TM; Black 2 and White 2 TM; Ultra Sun and Ultra Moon tutor
SPECIES_JYNX	Triple Axel	runs	Sword and Shield tutor; Legends Z-A TM
SPECIES_JYNX	Wonder Room	runs	Ultra Sun and Ultra Moon tutor; Sword and Shield TM; Legends Z-A TM
SPECIES_ELECTABUZZ	Confide	runs	X and Y TM; Omega Ruby and Alpha Sapphire TM; Sun and Moon TM; Ultra Sun and Ultra Moon TM
SPECIES_ELECTABUZZ	Dual Chop	runs	Black 2 and White 2 tutor; Omega Ruby and Alpha Sapphire tutor; Ultra Sun and Ultra Moon tutor
SPECIES_ELECTABUZZ	Eerie Impulse	runs	Scarlet and Violet TM
SPECIES_ELECTABUZZ	ElectricTerrain	stub: nothing happens (terrain held)	Scarlet and Violet TM
SPECIES_ELECTABUZZ	Electroweb	runs	Black 2 and White 2 tutor; Omega Ruby and Alpha Sapphire tutor; Ultra Sun and Ultra Moon tutor; Sword and Shield TM; Scarlet and Violet TM; Legends Z-A TM
SPECIES_ELECTABUZZ	Low Sweep	runs	Black and White TM; Black 2 and White 2 TM; X and Y TM; Omega Ruby and Alpha Sapphire TM; Sun and Moon TM; Ultra Sun and Ultra Moon TM; Sword and Shield TM; Brilliant Diamond and Shining Pearl TM; Scarlet and Violet TM; Legends Z-A TM
SPECIES_ELECTABUZZ	Power-Up Punch	runs	X and Y TM; Omega Ruby and Alpha Sapphire TM
SPECIES_ELECTABUZZ	Rising Voltage	runs	Sword and Shield tutor; Legends Z-A TM
SPECIES_ELECTABUZZ	Round	runs	Black and White TM; Black 2 and White 2 TM; X and Y TM; Omega Ruby and Alpha Sapphire TM; Sun and Moon TM; Ultra Sun and Ultra Moon TM; Sword and Shield TM; Legends Z-A TM
SPECIES_ELECTABUZZ	Supercell Slam	runs	Scarlet and Violet TM
SPECIES_ELECTABUZZ	Tera Blast	runs	Scarlet and Violet TM
SPECIES_ELECTABUZZ	Trailblaze	runs	Scarlet and Violet TM
SPECIES_ELECTABUZZ	Volt Switch	runs	Black and White TM; Black 2 and White 2 TM; X and Y TM; Omega Ruby and Alpha Sapphire TM; Sun and Moon TM; Ultra Sun and Ultra Moon TM; Sword and Shield TM; Brilliant Diamond and Shining Pearl TM; Scarlet and Violet TM; Legends Z-A TM
SPECIES_ELECTABUZZ	Wild Charge	runs	Black and White TM; Black 2 and White 2 TM; X and Y TM; Omega Ruby and Alpha Sapphire TM; Sun and Moon TM; Ultra Sun and Ultra Moon TM; Sword and Shield TM; Scarlet and Violet TM; Legends Z-A TM
SPECIES_MAGMAR	Acid Spray	runs	Scarlet and Violet TM
SPECIES_MAGMAR	Belch	runs	X and Y egg; Omega Ruby and Alpha Sapphire egg; Sun and Moon egg; Ultra Sun and Ultra Moon egg; Sword and Shield egg; Brilliant Diamond and Shining Pearl egg; Scarlet and Violet egg
SPECIES_MAGMAR	BurningJealousy	runs	Sword and Shield tutor; Scarlet and Violet TM; Legends Z-A TM
SPECIES_MAGMAR	Confide	runs	X and Y TM; Omega Ruby and Alpha Sapphire TM; Sun and Moon TM; Ultra Sun and Ultra Moon TM
SPECIES_MAGMAR	Dual Chop	runs	Black 2 and White 2 tutor; Omega Ruby and Alpha Sapphire tutor; Ultra Sun and Ultra Moon tutor
SPECIES_MAGMAR	Flame Charge	runs	Black and White TM; Black 2 and White 2 TM; X and Y TM; Omega Ruby and Alpha Sapphire TM; Sun and Moon TM; Ultra Sun and Ultra Moon TM; Scarlet and Violet TM
SPECIES_MAGMAR	Heat Crash	runs	Scarlet and Violet TM
SPECIES_MAGMAR	Incinerate	runs	Black and White TM; Black 2 and White 2 TM; X and Y TM; Omega Ruby and Alpha Sapphire TM
SPECIES_MAGMAR	Low Sweep	runs	Black and White TM; Black 2 and White 2 TM; X and Y TM; Omega Ruby and Alpha Sapphire TM; Sun and Moon TM; Ultra Sun and Ultra Moon TM; Sword and Shield TM; Brilliant Diamond and Shining Pearl TM; Scarlet and Violet TM; Legends Z-A TM
SPECIES_MAGMAR	Power-Up Punch	runs	X and Y TM; Omega Ruby and Alpha Sapphire TM
SPECIES_MAGMAR	Round	runs	Black and White TM; Black 2 and White 2 TM; X and Y TM; Omega Ruby and Alpha Sapphire TM; Sun and Moon TM; Ultra Sun and Ultra Moon TM; Sword and Shield TM; Legends Z-A TM
SPECIES_MAGMAR	Scorching Sands	runs	Sword and Shield tutor; Scarlet and Violet TM; Legends Z-A TM
SPECIES_MAGMAR	Temper Flare	runs	Scarlet and Violet TM
SPECIES_MAGMAR	Tera Blast	runs	Scarlet and Violet TM
SPECIES_GYARADOS	Brutal Swing	runs	Sun and Moon TM; Ultra Sun and Ultra Moon TM; Sword and Shield TM
SPECIES_GYARADOS	Bulldoze	runs	Black and White TM; Black 2 and White 2 TM; X and Y TM; Omega Ruby and Alpha Sapphire TM; Sun and Moon TM; Ultra Sun and Ultra Moon TM; Sword and Shield TM; Brilliant Diamond and Shining Pearl TM; Scarlet and Violet TM; Legends Z-A TM
SPECIES_GYARADOS	Chilling Water	runs	Scarlet and Violet TM; Legends Z-A TM
SPECIES_GYARADOS	Confide	runs	X and Y TM; Omega Ruby and Alpha Sapphire TM; Sun and Moon TM; Ultra Sun and Ultra Moon TM
SPECIES_GYARADOS	Dragon Cheer	partial: status move running the plain-hit script: its effect never happens	Scarlet and Violet TM
SPECIES_GYARADOS	Incinerate	runs	Black and White TM; Black 2 and White 2 TM; X and Y TM; Omega Ruby and Alpha Sapphire TM
SPECIES_GYARADOS	Lash Out	runs	Sword and Shield tutor; Scarlet and Violet TM
SPECIES_GYARADOS	Round	runs	Black and White TM; Black 2 and White 2 TM; X and Y TM; Omega Ruby and Alpha Sapphire TM; Sun and Moon TM; Ultra Sun and Ultra Moon TM; Sword and Shield TM
SPECIES_GYARADOS	Scald	runs	Black and White TM; Black 2 and White 2 TM; X and Y TM; Omega Ruby and Alpha Sapphire TM; Sun and Moon TM; Ultra Sun and Ultra Moon TM; Let's Go TM; Sword and Shield TM; Brilliant Diamond and Shining Pearl TM; Scarlet and Violet TM; Legends Z-A TM
SPECIES_GYARADOS	Scale Shot	partial: hits two to five times; the Speed rise and Defense drop are missing	Sword and Shield tutor; Scarlet and Violet TM; Legends Z-A TM
SPECIES_GYARADOS	Temper Flare	runs	Scarlet and Violet TM
SPECIES_GYARADOS	Tera Blast	runs	Scarlet and Violet TM
SPECIES_LAPRAS	Alluring Voice	runs	Scarlet and Violet TM
SPECIES_LAPRAS	Body Press	runs	Sword and Shield TM; Scarlet and Violet TM; Legends Z-A TM
SPECIES_LAPRAS	Bulldoze	runs	Black and White TM; Black 2 and White 2 TM; X and Y TM; Omega Ruby and Alpha Sapphire TM; Sun and Moon TM; Ultra Sun and Ultra Moon TM; Sword and Shield TM; Brilliant Diamond and Shining Pearl TM; Scarlet and Violet TM; Legends Z-A TM
SPECIES_LAPRAS	Chilling Water	runs	Scarlet and Violet TM
SPECIES_LAPRAS	Confide	runs	X and Y TM; Omega Ruby and Alpha Sapphire TM; Sun and Moon TM; Ultra Sun and Ultra Moon TM
SPECIES_LAPRAS	Disarming Voice	runs	Scarlet and Violet TM
SPECIES_LAPRAS	Dragon Cheer	partial: status move running the plain-hit script: its effect never happens	Scarlet and Violet TM
SPECIES_LAPRAS	Drill Run	runs	Black 2 and White 2 tutor; Omega Ruby and Alpha Sapphire tutor; Ultra Sun and Ultra Moon tutor; Let's Go TM; Sword and Shield TM; Scarlet and Violet TM; Legends Z-A TM
SPECIES_LAPRAS	Echoed Voice	runs	Black and White TM; Black 2 and White 2 TM; X and Y TM; Omega Ruby and Alpha Sapphire TM; Sun and Moon TM; Ultra Sun and Ultra Moon TM
SPECIES_LAPRAS	Freeze-Dry	runs	X and Y egg; Omega Ruby and Alpha Sapphire egg; Sun and Moon egg; Ultra Sun and Ultra Moon egg; Sword and Shield egg; Brilliant Diamond and Shining Pearl egg; Scarlet and Violet egg; Legends Z-A TM; Legends Z-A egg
SPECIES_LAPRAS	Frost Breath	runs	Black and White TM; Black 2 and White 2 TM; X and Y TM; Omega Ruby and Alpha Sapphire TM; Sun and Moon TM; Ultra Sun and Ultra Moon TM
SPECIES_LAPRAS	Liquidation	runs	Sword and Shield TM; Scarlet and Violet TM; Legends Z-A TM
SPECIES_LAPRAS	Psychic Noise	runs	Scarlet and Violet TM
SPECIES_LAPRAS	Round	runs	Black and White TM; Black 2 and White 2 TM; X and Y TM; Omega Ruby and Alpha Sapphire TM; Sun and Moon TM; Ultra Sun and Ultra Moon TM; Sword and Shield TM; Legends Z-A TM
SPECIES_LAPRAS	Smart Strike	runs	Sun and Moon TM; Ultra Sun and Ultra Moon TM; Sword and Shield TM; Scarlet and Violet TM; Legends Z-A TM
SPECIES_LAPRAS	Snowscape	stub: nothing happens	Scarlet and Violet TM
SPECIES_LAPRAS	Sparkling Aria	runs	Sword and Shield egg; Scarlet and Violet egg; Legends Z-A TM; Legends Z-A egg
SPECIES_LAPRAS	Tera Blast	runs	Scarlet and Violet TM
SPECIES_EEVEE	Alluring Voice	runs	Scarlet and Violet TM
SPECIES_EEVEE	Baddy Bad	runs	Let's Go tutor
SPECIES_EEVEE	Bouncy Bubble	stub: plain hit	Let's Go tutor
SPECIES_EEVEE	Buzzy Buzz	runs	Let's Go tutor
SPECIES_EEVEE	Confide	runs	X and Y TM; Omega Ruby and Alpha Sapphire TM; Sun and Moon TM; Ultra Sun and Ultra Moon TM
SPECIES_EEVEE	Echoed Voice	runs	Black and White TM; Black 2 and White 2 TM; X and Y TM; Omega Ruby and Alpha Sapphire TM; Sun and Moon TM; Ultra Sun and Ultra Moon TM
SPECIES_EEVEE	Freezy Frost	runs	Let's Go tutor
SPECIES_EEVEE	Glitzy Glow	runs	Let's Go tutor
SPECIES_EEVEE	Laser Focus	runs	Ultra Sun and Ultra Moon tutor
SPECIES_EEVEE	Retaliate	runs	Black and White TM; Black 2 and White 2 TM; X and Y TM; Omega Ruby and Alpha Sapphire TM; Sword and Shield TM
SPECIES_EEVEE	Round	runs	Black and White TM; Black 2 and White 2 TM; X and Y TM; Omega Ruby and Alpha Sapphire TM; Sun and Moon TM; Ultra Sun and Ultra Moon TM; Sword and Shield TM
SPECIES_EEVEE	Sappy Seed	runs	Let's Go tutor
SPECIES_EEVEE	Sizzly Slide	runs	Let's Go tutor
SPECIES_EEVEE	Sparkly Swirl	runs	Let's Go tutor
SPECIES_EEVEE	Stored Power	runs	Black and White egg; Black 2 and White 2 egg; X and Y egg; Omega Ruby and Alpha Sapphire egg; Sun and Moon egg; Ultra Sun and Ultra Moon egg; Sword and Shield TM; Brilliant Diamond and Shining Pearl egg; Scarlet and Violet TM
SPECIES_EEVEE	Synchronoise	partial: plain 120 hit on any foe; the rule that it hits only a foe sharing a type is missing	Black and White egg; Black 2 and White 2 egg; X and Y egg; Omega Ruby and Alpha Sapphire egg; Sun and Moon egg; Ultra Sun and Ultra Moon egg
SPECIES_EEVEE	Tera Blast	runs	Scarlet and Violet TM
SPECIES_EEVEE	Trailblaze	runs	Scarlet and Violet TM; Legends Z-A TM
SPECIES_EEVEE	Work Up	runs	Black and White TM; Black 2 and White 2 TM; Sun and Moon TM; Ultra Sun and Ultra Moon TM; Sword and Shield TM; Brilliant Diamond and Shining Pearl TM
SPECIES_VAPOREON	Alluring Voice	runs	Scarlet and Violet TM
SPECIES_VAPOREON	Chilling Water	runs	Scarlet and Violet TM; Legends Z-A TM
SPECIES_VAPOREON	Confide	runs	X and Y TM; Omega Ruby and Alpha Sapphire TM; Sun and Moon TM; Ultra Sun and Ultra Moon TM
SPECIES_VAPOREON	Echoed Voice	runs	Black and White TM; Black 2 and White 2 TM; X and Y TM; Omega Ruby and Alpha Sapphire TM; Sun and Moon TM; Ultra Sun and Ultra Moon TM
SPECIES_VAPOREON	Flip Turn	runs	Sword and Shield tutor; Scarlet and Violet TM; Legends Z-A TM
SPECIES_VAPOREON	Laser Focus	runs	Ultra Sun and Ultra Moon tutor
SPECIES_VAPOREON	Liquidation	runs	Sword and Shield TM; Scarlet and Violet TM; Legends Z-A TM
SPECIES_VAPOREON	Retaliate	runs	Black and White TM; Black 2 and White 2 TM; X and Y TM; Omega Ruby and Alpha Sapphire TM; Sword and Shield TM
SPECIES_VAPOREON	Round	runs	Black and White TM; Black 2 and White 2 TM; X and Y TM; Omega Ruby and Alpha Sapphire TM; Sun and Moon TM; Ultra Sun and Ultra Moon TM; Sword and Shield TM
SPECIES_VAPOREON	Scald	runs	Black and White TM; Black 2 and White 2 TM; X and Y TM; Omega Ruby and Alpha Sapphire TM; Sun and Moon TM; Ultra Sun and Ultra Moon TM; Let's Go TM; Sword and Shield TM; Brilliant Diamond and Shining Pearl TM; Scarlet and Violet TM; Legends Z-A TM
SPECIES_VAPOREON	Stored Power	runs	Black and White egg; Black 2 and White 2 egg; X and Y egg; Omega Ruby and Alpha Sapphire egg; Sun and Moon egg; Ultra Sun and Ultra Moon egg; Sword and Shield TM; Brilliant Diamond and Shining Pearl egg; Scarlet and Violet TM
SPECIES_VAPOREON	Synchronoise	partial: plain 120 hit on any foe; the rule that it hits only a foe sharing a type is missing	Black and White egg; Black 2 and White 2 egg; X and Y egg; Omega Ruby and Alpha Sapphire egg; Sun and Moon egg; Ultra Sun and Ultra Moon egg
SPECIES_VAPOREON	Tera Blast	runs	Scarlet and Violet TM
SPECIES_VAPOREON	Trailblaze	runs	Scarlet and Violet TM; Legends Z-A TM
SPECIES_VAPOREON	Work Up	runs	Black and White TM; Black 2 and White 2 TM; Sun and Moon TM; Ultra Sun and Ultra Moon TM; Sword and Shield TM; Brilliant Diamond and Shining Pearl TM
SPECIES_JOLTEON	Alluring Voice	runs	Scarlet and Violet TM
SPECIES_JOLTEON	Confide	runs	X and Y TM; Omega Ruby and Alpha Sapphire TM; Sun and Moon TM; Ultra Sun and Ultra Moon TM
SPECIES_JOLTEON	Echoed Voice	runs	Black and White TM; Black 2 and White 2 TM; X and Y TM; Omega Ruby and Alpha Sapphire TM; Sun and Moon TM; Ultra Sun and Ultra Moon TM
SPECIES_JOLTEON	ElectricTerrain	stub: nothing happens (terrain held)	Scarlet and Violet TM
SPECIES_JOLTEON	Electroweb	runs	Scarlet and Violet TM; Legends Z-A TM
SPECIES_JOLTEON	Electro Ball	runs	Sword and Shield TM; Scarlet and Violet TM
SPECIES_JOLTEON	Laser Focus	runs	Ultra Sun and Ultra Moon tutor
SPECIES_JOLTEON	Retaliate	runs	Black and White TM; Black 2 and White 2 TM; X and Y TM; Omega Ruby and Alpha Sapphire TM; Sword and Shield TM
SPECIES_JOLTEON	Rising Voltage	runs	Sword and Shield tutor
SPECIES_JOLTEON	Round	runs	Black and White TM; Black 2 and White 2 TM; X and Y TM; Omega Ruby and Alpha Sapphire TM; Sun and Moon TM; Ultra Sun and Ultra Moon TM; Sword and Shield TM
SPECIES_JOLTEON	Stored Power	runs	Black and White egg; Black 2 and White 2 egg; X and Y egg; Omega Ruby and Alpha Sapphire egg; Sun and Moon egg; Ultra Sun and Ultra Moon egg; Sword and Shield TM; Brilliant Diamond and Shining Pearl egg; Scarlet and Violet TM
SPECIES_JOLTEON	Synchronoise	partial: plain 120 hit on any foe; the rule that it hits only a foe sharing a type is missing	Black and White egg; Black 2 and White 2 egg; X and Y egg; Omega Ruby and Alpha Sapphire egg; Sun and Moon egg; Ultra Sun and Ultra Moon egg
SPECIES_JOLTEON	Tera Blast	runs	Scarlet and Violet TM
SPECIES_JOLTEON	Trailblaze	runs	Scarlet and Violet TM; Legends Z-A TM
SPECIES_JOLTEON	Volt Switch	runs	Black and White TM; Black 2 and White 2 TM; X and Y TM; Omega Ruby and Alpha Sapphire TM; Sun and Moon TM; Ultra Sun and Ultra Moon TM; Sword and Shield TM; Brilliant Diamond and Shining Pearl TM; Scarlet and Violet TM; Legends Z-A TM
SPECIES_JOLTEON	Wild Charge	runs	Black and White TM; Black 2 and White 2 TM; X and Y TM; Omega Ruby and Alpha Sapphire TM; Sun and Moon TM; Ultra Sun and Ultra Moon TM; Sword and Shield TM; Scarlet and Violet TM; Legends Z-A TM
SPECIES_JOLTEON	Work Up	runs	Black and White TM; Black 2 and White 2 TM; Sun and Moon TM; Ultra Sun and Ultra Moon TM; Sword and Shield TM; Brilliant Diamond and Shining Pearl TM
SPECIES_FLAREON	Alluring Voice	runs	Scarlet and Violet TM
SPECIES_FLAREON	BurningJealousy	runs	Sword and Shield tutor; Scarlet and Violet TM
SPECIES_FLAREON	Confide	runs	X and Y TM; Omega Ruby and Alpha Sapphire TM; Sun and Moon TM; Ultra Sun and Ultra Moon TM
SPECIES_FLAREON	Echoed Voice	runs	Black and White TM; Black 2 and White 2 TM; X and Y TM; Omega Ruby and Alpha Sapphire TM; Sun and Moon TM; Ultra Sun and Ultra Moon TM
SPECIES_FLAREON	Flame Charge	runs	Black and White TM; Black 2 and White 2 TM; X and Y TM; Omega Ruby and Alpha Sapphire TM; Sun and Moon TM; Ultra Sun and Ultra Moon TM; Legends Z-A TM
SPECIES_FLAREON	Incinerate	runs	Black and White TM; Black 2 and White 2 TM; X and Y TM; Omega Ruby and Alpha Sapphire TM
SPECIES_FLAREON	Laser Focus	runs	Ultra Sun and Ultra Moon tutor
SPECIES_FLAREON	Mystical Fire	runs	Sword and Shield TM
SPECIES_FLAREON	Retaliate	runs	Black and White TM; Black 2 and White 2 TM; X and Y TM; Omega Ruby and Alpha Sapphire TM; Sword and Shield TM
SPECIES_FLAREON	Round	runs	Black and White TM; Black 2 and White 2 TM; X and Y TM; Omega Ruby and Alpha Sapphire TM; Sun and Moon TM; Ultra Sun and Ultra Moon TM; Sword and Shield TM
SPECIES_FLAREON	Scorching Sands	runs	Sword and Shield tutor; Scarlet and Violet TM; Legends Z-A TM
SPECIES_FLAREON	Stored Power	runs	Black and White egg; Black 2 and White 2 egg; X and Y egg; Omega Ruby and Alpha Sapphire egg; Sun and Moon egg; Ultra Sun and Ultra Moon egg; Sword and Shield TM; Brilliant Diamond and Shining Pearl egg; Scarlet and Violet TM
SPECIES_FLAREON	Synchronoise	partial: plain 120 hit on any foe; the rule that it hits only a foe sharing a type is missing	Black and White egg; Black 2 and White 2 egg; X and Y egg; Omega Ruby and Alpha Sapphire egg; Sun and Moon egg; Ultra Sun and Ultra Moon egg
SPECIES_FLAREON	Temper Flare	runs	Scarlet and Violet TM
SPECIES_FLAREON	Tera Blast	runs	Scarlet and Violet TM
SPECIES_FLAREON	Trailblaze	runs	Scarlet and Violet TM; Legends Z-A TM
SPECIES_FLAREON	Work Up	runs	Black and White TM; Black 2 and White 2 TM; Sun and Moon TM; Ultra Sun and Ultra Moon TM; Sword and Shield TM; Brilliant Diamond and Shining Pearl TM
SPECIES_OMANYTE	Confide	runs	X and Y TM; Omega Ruby and Alpha Sapphire TM; Sun and Moon TM; Ultra Sun and Ultra Moon TM
SPECIES_OMANYTE	Meteor Beam	runs	Sword and Shield tutor; Legends Z-A TM
SPECIES_OMANYTE	Reflect Type	partial: status move running the plain-hit script: its effect never happens	X and Y egg; Omega Ruby and Alpha Sapphire egg; Sun and Moon egg; Ultra Sun and Ultra Moon egg; Sword and Shield egg; Brilliant Diamond and Shining Pearl egg; Legends Z-A TM; Legends Z-A egg
SPECIES_OMANYTE	Round	runs	Black and White TM; Black 2 and White 2 TM; X and Y TM; Omega Ruby and Alpha Sapphire TM; Sun and Moon TM; Ultra Sun and Ultra Moon TM; Sword and Shield TM; Legends Z-A TM
SPECIES_OMANYTE	Scald	runs	Black and White TM; Black 2 and White 2 TM; X and Y TM; Omega Ruby and Alpha Sapphire TM; Sun and Moon TM; Ultra Sun and Ultra Moon TM; Let's Go TM; Sword and Shield TM; Brilliant Diamond and Shining Pearl TM; Legends Z-A TM
SPECIES_OMANYTE	Smack Down	runs	Black and White TM; Black 2 and White 2 TM; X and Y TM; Omega Ruby and Alpha Sapphire TM; Sun and Moon TM; Ultra Sun and Ultra Moon TM
SPECIES_OMASTAR	Confide	runs	X and Y TM; Omega Ruby and Alpha Sapphire TM; Sun and Moon TM; Ultra Sun and Ultra Moon TM
SPECIES_OMASTAR	Liquidation	runs	Sword and Shield TM; Legends Z-A TM
SPECIES_OMASTAR	Meteor Beam	runs	Sword and Shield tutor; Legends Z-A TM
SPECIES_OMASTAR	Reflect Type	partial: status move running the plain-hit script: its effect never happens	X and Y egg; Omega Ruby and Alpha Sapphire egg; Sun and Moon egg; Ultra Sun and Ultra Moon egg; Sword and Shield egg; Brilliant Diamond and Shining Pearl egg
SPECIES_OMASTAR	Round	runs	Black and White TM; Black 2 and White 2 TM; X and Y TM; Omega Ruby and Alpha Sapphire TM; Sun and Moon TM; Ultra Sun and Ultra Moon TM; Sword and Shield TM; Legends Z-A TM
SPECIES_OMASTAR	Scald	runs	Black and White TM; Black 2 and White 2 TM; X and Y TM; Omega Ruby and Alpha Sapphire TM; Sun and Moon TM; Ultra Sun and Ultra Moon TM; Let's Go TM; Sword and Shield TM; Brilliant Diamond and Shining Pearl TM; Legends Z-A TM
SPECIES_OMASTAR	Smack Down	runs	Black and White TM; Black 2 and White 2 TM; X and Y TM; Omega Ruby and Alpha Sapphire TM; Sun and Moon TM; Ultra Sun and Ultra Moon TM
SPECIES_KABUTO	Confide	runs	X and Y TM; Omega Ruby and Alpha Sapphire TM; Sun and Moon TM; Ultra Sun and Ultra Moon TM
SPECIES_KABUTO	Hone Claws	runs	Black and White TM; Black 2 and White 2 TM; X and Y TM; Omega Ruby and Alpha Sapphire TM
SPECIES_KABUTO	Meteor Beam	runs	Sword and Shield tutor; Legends Z-A TM
SPECIES_KABUTO	Round	runs	Black and White TM; Black 2 and White 2 TM; X and Y TM; Omega Ruby and Alpha Sapphire TM; Sun and Moon TM; Ultra Sun and Ultra Moon TM; Sword and Shield TM; Legends Z-A TM
SPECIES_KABUTO	Scald	runs	Black and White TM; Black 2 and White 2 TM; X and Y TM; Omega Ruby and Alpha Sapphire TM; Sun and Moon TM; Ultra Sun and Ultra Moon TM; Let's Go TM; Sword and Shield TM; Brilliant Diamond and Shining Pearl TM; Legends Z-A TM
SPECIES_KABUTO	Smack Down	runs	Black and White TM; Black 2 and White 2 TM; X and Y TM; Omega Ruby and Alpha Sapphire TM; Sun and Moon TM; Ultra Sun and Ultra Moon TM
SPECIES_KABUTOPS	Confide	runs	X and Y TM; Omega Ruby and Alpha Sapphire TM; Sun and Moon TM; Ultra Sun and Ultra Moon TM
SPECIES_KABUTOPS	Flip Turn	runs	Sword and Shield tutor; Legends Z-A TM
SPECIES_KABUTOPS	Hone Claws	runs	Black and White TM; Black 2 and White 2 TM; X and Y TM; Omega Ruby and Alpha Sapphire TM
SPECIES_KABUTOPS	Meteor Beam	runs	Sword and Shield tutor; Legends Z-A TM
SPECIES_KABUTOPS	Razor Shell	runs	Sword and Shield TM; Legends Z-A TM
SPECIES_KABUTOPS	Round	runs	Black and White TM; Black 2 and White 2 TM; X and Y TM; Omega Ruby and Alpha Sapphire TM; Sun and Moon TM; Ultra Sun and Ultra Moon TM; Sword and Shield TM; Legends Z-A TM
SPECIES_KABUTOPS	Scald	runs	Black and White TM; Black 2 and White 2 TM; X and Y TM; Omega Ruby and Alpha Sapphire TM; Sun and Moon TM; Ultra Sun and Ultra Moon TM; Let's Go TM; Sword and Shield TM; Brilliant Diamond and Shining Pearl TM; Legends Z-A TM
SPECIES_KABUTOPS	Smack Down	runs	Black and White TM; Black 2 and White 2 TM; X and Y TM; Omega Ruby and Alpha Sapphire TM; Sun and Moon TM; Ultra Sun and Ultra Moon TM
SPECIES_AERODACTYL	Brutal Swing	runs	Sun and Moon TM; Ultra Sun and Ultra Moon TM; Sword and Shield TM
SPECIES_AERODACTYL	Bulldoze	runs	Black and White TM; Black 2 and White 2 TM; X and Y TM; Omega Ruby and Alpha Sapphire TM; Sun and Moon TM; Ultra Sun and Ultra Moon TM; Sword and Shield TM; Brilliant Diamond and Shining Pearl TM
SPECIES_AERODACTYL	Confide	runs	X and Y TM; Omega Ruby and Alpha Sapphire TM; Sun and Moon TM; Ultra Sun and Ultra Moon TM
SPECIES_AERODACTYL	Dual Wingbeat	runs	Sword and Shield tutor; Legends Z-A TM
SPECIES_AERODACTYL	Hone Claws	runs	Black and White TM; Black 2 and White 2 TM; X and Y TM; Omega Ruby and Alpha Sapphire TM
SPECIES_AERODACTYL	Hurricane	runs	Sword and Shield TM; Legends Z-A TM
SPECIES_AERODACTYL	Incinerate	runs	Black and White TM; Black 2 and White 2 TM; X and Y TM; Omega Ruby and Alpha Sapphire TM
SPECIES_AERODACTYL	Laser Focus	runs	Ultra Sun and Ultra Moon tutor
SPECIES_AERODACTYL	Meteor Beam	runs	Sword and Shield tutor; Legends Z-A TM
SPECIES_AERODACTYL	Psychic Fangs	runs	Sword and Shield TM; Legends Z-A TM
SPECIES_AERODACTYL	Round	runs	Black and White TM; Black 2 and White 2 TM; X and Y TM; Omega Ruby and Alpha Sapphire TM; Sun and Moon TM; Ultra Sun and Ultra Moon TM; Sword and Shield TM
SPECIES_AERODACTYL	Smack Down	runs	Black and White TM; Black 2 and White 2 TM; X and Y TM; Omega Ruby and Alpha Sapphire TM; Sun and Moon TM; Ultra Sun and Ultra Moon TM
SPECIES_AERODACTYL	Wide Guard	runs	X and Y egg; Omega Ruby and Alpha Sapphire egg; Sun and Moon egg; Ultra Sun and Ultra Moon egg; Sword and Shield egg; Brilliant Diamond and Shining Pearl egg
SPECIES_SNORLAX	After You	runs	Black and White egg; Black 2 and White 2 tutor; Black 2 and White 2 egg; X and Y egg; Omega Ruby and Alpha Sapphire tutor; Omega Ruby and Alpha Sapphire egg; Sun and Moon egg; Ultra Sun and Ultra Moon tutor; Ultra Sun and Ultra Moon egg; Brilliant Diamond and Shining Pearl egg
SPECIES_SNORLAX	Body Press	runs	Sword and Shield TM; Scarlet and Violet TM; Legends Z-A TM
SPECIES_SNORLAX	Chilling Water	runs	Scarlet and Violet TM
SPECIES_SNORLAX	Confide	runs	X and Y TM; Omega Ruby and Alpha Sapphire TM; Sun and Moon TM; Ultra Sun and Ultra Moon TM
SPECIES_SNORLAX	Darkest Lariat	runs	Sword and Shield TM; Legends Z-A TM
SPECIES_SNORLAX	Hard Press	runs	Scarlet and Violet TM
SPECIES_SNORLAX	Heat Crash	runs	Sword and Shield TM; Scarlet and Violet TM; Legends Z-A TM
SPECIES_SNORLAX	Incinerate	runs	Black and White TM; Black 2 and White 2 TM; X and Y TM; Omega Ruby and Alpha Sapphire TM
SPECIES_SNORLAX	Power-Up Punch	runs	X and Y TM; Omega Ruby and Alpha Sapphire TM; Ultra Sun and Ultra Moon egg; Brilliant Diamond and Shining Pearl egg
SPECIES_SNORLAX	Retaliate	runs	Black and White TM; Black 2 and White 2 TM; X and Y TM; Omega Ruby and Alpha Sapphire TM; Sword and Shield TM; Legends Z-A TM
SPECIES_SNORLAX	Round	runs	Black and White TM; Black 2 and White 2 TM; X and Y TM; Omega Ruby and Alpha Sapphire TM; Sun and Moon TM; Ultra Sun and Ultra Moon TM; Sword and Shield TM; Legends Z-A TM
SPECIES_SNORLAX	Smack Down	runs	Black and White TM; Black 2 and White 2 TM; X and Y TM; Omega Ruby and Alpha Sapphire TM; Sun and Moon TM; Ultra Sun and Ultra Moon TM; Scarlet and Violet TM
SPECIES_SNORLAX	Steel Roller	stub: plain 130 hit, should fail without terrain	Sword and Shield tutor; Legends Z-A TM
SPECIES_SNORLAX	StompingTantrum	runs	Ultra Sun and Ultra Moon tutor; Sword and Shield TM; Scarlet and Violet TM; Legends Z-A TM
SPECIES_SNORLAX	Supercell Slam	runs	Scarlet and Violet TM
SPECIES_SNORLAX	Tera Blast	runs	Scarlet and Violet TM
SPECIES_SNORLAX	Terrain Pulse	partial: plain 50 Normal hit; its type and power change wait on terrain	Sword and Shield tutor; Legends Z-A TM
SPECIES_SNORLAX	Trailblaze	runs	Scarlet and Violet TM
SPECIES_SNORLAX	Wild Charge	runs	Black and White TM; Black 2 and White 2 TM; X and Y TM; Omega Ruby and Alpha Sapphire TM; Sun and Moon TM; Ultra Sun and Ultra Moon TM; Sword and Shield TM; Scarlet and Violet TM; Legends Z-A TM
SPECIES_SNORLAX	Work Up	runs	Black and White TM; Black 2 and White 2 TM; Sun and Moon TM; Ultra Sun and Ultra Moon TM; Sword and Shield TM; Brilliant Diamond and Shining Pearl TM; Legends Z-A TM
SPECIES_ARTICUNO	Aurora Veil	runs	Sun and Moon TM; Ultra Sun and Ultra Moon TM
SPECIES_ARTICUNO	Confide	runs	X and Y TM; Omega Ruby and Alpha Sapphire TM; Sun and Moon TM; Ultra Sun and Ultra Moon TM
SPECIES_ARTICUNO	Dual Wingbeat	runs	Sword and Shield tutor; Scarlet and Violet TM
SPECIES_ARTICUNO	Frost Breath	runs	Black and White TM; Black 2 and White 2 TM; X and Y TM; Omega Ruby and Alpha Sapphire TM; Sun and Moon TM; Ultra Sun and Ultra Moon TM
SPECIES_ARTICUNO	Ice Spinner	runs	Scarlet and Violet TM; Legends Z-A TM
SPECIES_ARTICUNO	Laser Focus	runs	Ultra Sun and Ultra Moon tutor
SPECIES_ARTICUNO	Round	runs	Black and White TM; Black 2 and White 2 TM; X and Y TM; Omega Ruby and Alpha Sapphire TM; Sun and Moon TM; Ultra Sun and Ultra Moon TM; Sword and Shield TM
SPECIES_ARTICUNO	Sky Drop	partial: plain 60 hit; the two-turn lift is missing	Black and White TM; Black 2 and White 2 TM; X and Y TM; Omega Ruby and Alpha Sapphire TM; Sun and Moon TM; Ultra Sun and Ultra Moon TM
SPECIES_ARTICUNO	Tera Blast	runs	Scarlet and Violet TM; Legends Z-A TM
SPECIES_ARTICUNO	Triple Axel	runs	Sword and Shield tutor; Scarlet and Violet TM
SPECIES_ZAPDOS	Acrobatics	runs	Scarlet and Violet TM; Legends Z-A TM
SPECIES_ZAPDOS	Confide	runs	X and Y TM; Omega Ruby and Alpha Sapphire TM; Sun and Moon TM; Ultra Sun and Ultra Moon TM
SPECIES_ZAPDOS	Dual Wingbeat	runs	Sword and Shield tutor; Scarlet and Violet TM
SPECIES_ZAPDOS	Eerie Impulse	runs	Sword and Shield TM; Scarlet and Violet TM; Legends Z-A TM
SPECIES_ZAPDOS	ElectricTerrain	stub: nothing happens (terrain held)	Scarlet and Violet TM; Legends Z-A TM
SPECIES_ZAPDOS	Electro Ball	runs	Scarlet and Violet TM; Legends Z-A TM
SPECIES_ZAPDOS	Hurricane	runs	Sword and Shield TM; Scarlet and Violet TM; Legends Z-A TM
SPECIES_ZAPDOS	Laser Focus	runs	Ultra Sun and Ultra Moon tutor
SPECIES_ZAPDOS	Rising Voltage	runs	Sword and Shield tutor
SPECIES_ZAPDOS	Round	runs	Black and White TM; Black 2 and White 2 TM; X and Y TM; Omega Ruby and Alpha Sapphire TM; Sun and Moon TM; Ultra Sun and Ultra Moon TM; Sword and Shield TM
SPECIES_ZAPDOS	Sky Drop	partial: plain 60 hit; the two-turn lift is missing	Black and White TM; Black 2 and White 2 TM; X and Y TM; Omega Ruby and Alpha Sapphire TM; Sun and Moon TM; Ultra Sun and Ultra Moon TM
SPECIES_ZAPDOS	Supercell Slam	runs	Scarlet and Violet TM
SPECIES_ZAPDOS	Tera Blast	runs	Scarlet and Violet TM; Legends Z-A TM
SPECIES_ZAPDOS	Volt Switch	runs	Black and White TM; Black 2 and White 2 TM; X and Y TM; Omega Ruby and Alpha Sapphire TM; Sun and Moon TM; Ultra Sun and Ultra Moon TM; Sword and Shield TM; Brilliant Diamond and Shining Pearl TM; Scarlet and Violet TM; Legends Z-A TM
SPECIES_ZAPDOS	Wild Charge	runs	Black and White TM; Black 2 and White 2 TM; X and Y TM; Omega Ruby and Alpha Sapphire TM; Sun and Moon TM; Ultra Sun and Ultra Moon TM; Sword and Shield TM; Scarlet and Violet TM; Legends Z-A TM
SPECIES_MOLTRES	Acrobatics	runs	Scarlet and Violet TM; Legends Z-A TM
SPECIES_MOLTRES	BurningJealousy	runs	Sword and Shield tutor; Scarlet and Violet TM
SPECIES_MOLTRES	Confide	runs	X and Y TM; Omega Ruby and Alpha Sapphire TM; Sun and Moon TM; Ultra Sun and Ultra Moon TM
SPECIES_MOLTRES	Dual Wingbeat	runs	Sword and Shield tutor; Scarlet and Violet TM
SPECIES_MOLTRES	Flame Charge	runs	Black and White TM; Black 2 and White 2 TM; X and Y TM; Omega Ruby and Alpha Sapphire TM; Sun and Moon TM; Ultra Sun and Ultra Moon TM; Scarlet and Violet TM; Legends Z-A TM
SPECIES_MOLTRES	Laser Focus	runs	Ultra Sun and Ultra Moon tutor
SPECIES_MOLTRES	Mystical Fire	runs	Sword and Shield TM
SPECIES_MOLTRES	Round	runs	Black and White TM; Black 2 and White 2 TM; X and Y TM; Omega Ruby and Alpha Sapphire TM; Sun and Moon TM; Ultra Sun and Ultra Moon TM; Sword and Shield TM
SPECIES_MOLTRES	Scorching Sands	runs	Sword and Shield tutor; Scarlet and Violet TM
SPECIES_MOLTRES	Sky Drop	partial: plain 60 hit; the two-turn lift is missing	Black and White TM; Black 2 and White 2 TM; X and Y TM; Omega Ruby and Alpha Sapphire TM; Sun and Moon TM; Ultra Sun and Ultra Moon TM
SPECIES_MOLTRES	Temper Flare	runs	Scarlet and Violet TM
SPECIES_MOLTRES	Tera Blast	runs	Scarlet and Violet TM; Legends Z-A TM
SPECIES_TOTODILE	Bulldoze	runs	Legends Z-A TM
SPECIES_TOTODILE	Chilling Water	runs	Scarlet and Violet TM; Legends Z-A TM
SPECIES_TOTODILE	Confide	runs	X and Y TM; Omega Ruby and Alpha Sapphire TM; Sun and Moon TM; Ultra Sun and Ultra Moon TM
SPECIES_TOTODILE	Flip Turn	runs	Scarlet and Violet TM; Legends Z-A TM
SPECIES_TOTODILE	Hone Claws	runs	Black and White TM; Black 2 and White 2 TM; X and Y TM; Omega Ruby and Alpha Sapphire TM
SPECIES_TOTODILE	Power-Up Punch	runs	X and Y TM; Omega Ruby and Alpha Sapphire TM
SPECIES_TOTODILE	Psychic Fangs	runs	Legends Z-A TM
SPECIES_TOTODILE	Round	runs	Black and White TM; Black 2 and White 2 TM; X and Y TM; Omega Ruby and Alpha Sapphire TM; Sun and Moon TM; Ultra Sun and Ultra Moon TM
SPECIES_TOTODILE	Scald	runs	Black and White TM; Black 2 and White 2 TM; X and Y TM; Omega Ruby and Alpha Sapphire TM; Sun and Moon TM; Ultra Sun and Ultra Moon TM; Brilliant Diamond and Shining Pearl TM
SPECIES_TOTODILE	Tera Blast	runs	Scarlet and Violet TM
SPECIES_TOTODILE	Trailblaze	runs	Scarlet and Violet TM; Legends Z-A TM
SPECIES_TOTODILE	Water Pledge	runs	Black and White tutor; Black 2 and White 2 tutor; X and Y tutor; Omega Ruby and Alpha Sapphire tutor; Sun and Moon tutor; Ultra Sun and Ultra Moon tutor; Scarlet and Violet TM
SPECIES_TOTODILE	Work Up	runs	Sun and Moon TM; Ultra Sun and Ultra Moon TM; Brilliant Diamond and Shining Pearl TM; Legends Z-A TM
SPECIES_CROCONAW	Bulldoze	runs	Legends Z-A TM
SPECIES_CROCONAW	Chilling Water	runs	Scarlet and Violet TM; Legends Z-A TM
SPECIES_CROCONAW	Confide	runs	X and Y TM; Omega Ruby and Alpha Sapphire TM; Sun and Moon TM; Ultra Sun and Ultra Moon TM
SPECIES_CROCONAW	Flip Turn	runs	Scarlet and Violet TM; Legends Z-A TM
SPECIES_CROCONAW	Hone Claws	runs	Black and White TM; Black 2 and White 2 TM; X and Y TM; Omega Ruby and Alpha Sapphire TM
SPECIES_CROCONAW	Power-Up Punch	runs	X and Y TM; Omega Ruby and Alpha Sapphire TM
SPECIES_CROCONAW	Psychic Fangs	runs	Scarlet and Violet TM; Legends Z-A TM
SPECIES_CROCONAW	Round	runs	Black and White TM; Black 2 and White 2 TM; X and Y TM; Omega Ruby and Alpha Sapphire TM; Sun and Moon TM; Ultra Sun and Ultra Moon TM
SPECIES_CROCONAW	Scald	runs	Black and White TM; Black 2 and White 2 TM; X and Y TM; Omega Ruby and Alpha Sapphire TM; Sun and Moon TM; Ultra Sun and Ultra Moon TM; Brilliant Diamond and Shining Pearl TM
SPECIES_CROCONAW	Tera Blast	runs	Scarlet and Violet TM
SPECIES_CROCONAW	Trailblaze	runs	Scarlet and Violet TM; Legends Z-A TM
SPECIES_CROCONAW	Water Pledge	runs	Black and White tutor; Black 2 and White 2 tutor; X and Y tutor; Omega Ruby and Alpha Sapphire tutor; Sun and Moon tutor; Ultra Sun and Ultra Moon tutor; Scarlet and Violet TM
SPECIES_CROCONAW	Work Up	runs	Sun and Moon TM; Ultra Sun and Ultra Moon TM; Brilliant Diamond and Shining Pearl TM; Legends Z-A TM
SPECIES_FERALIGATR	Bulldoze	runs	Black and White TM; Black 2 and White 2 TM; X and Y TM; Omega Ruby and Alpha Sapphire TM; Sun and Moon TM; Ultra Sun and Ultra Moon TM; Brilliant Diamond and Shining Pearl TM; Scarlet and Violet TM; Legends Z-A TM
SPECIES_FERALIGATR	Chilling Water	runs	Scarlet and Violet TM; Legends Z-A TM
SPECIES_FERALIGATR	Confide	runs	X and Y TM; Omega Ruby and Alpha Sapphire TM; Sun and Moon TM; Ultra Sun and Ultra Moon TM
SPECIES_FERALIGATR	Dragon Tail	runs	Black and White TM; Black 2 and White 2 TM; X and Y TM; Omega Ruby and Alpha Sapphire TM; Sun and Moon TM; Ultra Sun and Ultra Moon TM; Scarlet and Violet TM
SPECIES_FERALIGATR	Flip Turn	runs	Scarlet and Violet TM; Legends Z-A TM
SPECIES_FERALIGATR	Hone Claws	runs	Black and White TM; Black 2 and White 2 TM; X and Y TM; Omega Ruby and Alpha Sapphire TM
SPECIES_FERALIGATR	Lash Out	runs	Scarlet and Violet TM
SPECIES_FERALIGATR	Power-Up Punch	runs	X and Y TM; Omega Ruby and Alpha Sapphire TM
SPECIES_FERALIGATR	Psychic Fangs	runs	Scarlet and Violet TM; Legends Z-A TM
SPECIES_FERALIGATR	Round	runs	Black and White TM; Black 2 and White 2 TM; X and Y TM; Omega Ruby and Alpha Sapphire TM; Sun and Moon TM; Ultra Sun and Ultra Moon TM
SPECIES_FERALIGATR	Scald	runs	Black and White TM; Black 2 and White 2 TM; X and Y TM; Omega Ruby and Alpha Sapphire TM; Sun and Moon TM; Ultra Sun and Ultra Moon TM; Brilliant Diamond and Shining Pearl TM; Legends Z-A TM
SPECIES_FERALIGATR	Scale Shot	partial: hits two to five times; the Speed rise and Defense drop are missing	Scarlet and Violet TM; Legends Z-A TM
SPECIES_FERALIGATR	Snarl	runs	Scarlet and Violet TM
SPECIES_FERALIGATR	StompingTantrum	runs	Scarlet and Violet TM
SPECIES_FERALIGATR	Tera Blast	runs	Scarlet and Violet TM
SPECIES_FERALIGATR	Trailblaze	runs	Scarlet and Violet TM; Legends Z-A TM
SPECIES_FERALIGATR	Water Pledge	runs	Black and White tutor; Black 2 and White 2 tutor; X and Y tutor; Omega Ruby and Alpha Sapphire tutor; Sun and Moon tutor; Ultra Sun and Ultra Moon tutor; Scarlet and Violet TM
SPECIES_FERALIGATR	Work Up	runs	Sun and Moon TM; Ultra Sun and Ultra Moon TM; Brilliant Diamond and Shining Pearl TM; Legends Z-A TM
SPECIES_SENTRET	Baby-Doll Eyes	runs	Ultra Sun and Ultra Moon egg; Brilliant Diamond and Shining Pearl egg; Scarlet and Violet egg
SPECIES_SENTRET	Brutal Swing	runs	Sun and Moon TM; Ultra Sun and Ultra Moon TM; Legends Z-A TM
SPECIES_SENTRET	Chilling Water	runs	Scarlet and Violet TM
SPECIES_SENTRET	Confide	runs	X and Y TM; Omega Ruby and Alpha Sapphire TM; Sun and Moon TM; Ultra Sun and Ultra Moon TM
SPECIES_SENTRET	Echoed Voice	runs	Black and White TM; Black 2 and White 2 TM; X and Y TM; Omega Ruby and Alpha Sapphire TM; Sun and Moon TM; Ultra Sun and Ultra Moon TM
SPECIES_SENTRET	Hone Claws	runs	Black and White TM; Black 2 and White 2 TM; X and Y TM; Omega Ruby and Alpha Sapphire TM
SPECIES_SENTRET	Play Rough	runs	Scarlet and Violet TM
SPECIES_SENTRET	Power-Up Punch	runs	X and Y TM; Omega Ruby and Alpha Sapphire TM
SPECIES_SENTRET	Retaliate	runs	Black and White TM; Black 2 and White 2 TM; X and Y TM; Omega Ruby and Alpha Sapphire TM; Legends Z-A TM
SPECIES_SENTRET	Round	runs	Black and White TM; Black 2 and White 2 TM; X and Y TM; Omega Ruby and Alpha Sapphire TM; Sun and Moon TM; Ultra Sun and Ultra Moon TM; Legends Z-A TM
SPECIES_SENTRET	Tail Slap	runs	Legends Z-A TM
SPECIES_SENTRET	Tera Blast	runs	Scarlet and Violet TM
SPECIES_SENTRET	Tidy Up	stub: nothing happens	Scarlet and Violet egg
SPECIES_SENTRET	Trailblaze	runs	Scarlet and Violet TM
SPECIES_SENTRET	Work Up	runs	Black and White TM; Black 2 and White 2 TM; Sun and Moon TM; Ultra Sun and Ultra Moon TM; Brilliant Diamond and Shining Pearl TM; Legends Z-A TM
SPECIES_FURRET	Baby-Doll Eyes	runs	Ultra Sun and Ultra Moon egg; Brilliant Diamond and Shining Pearl egg; Scarlet and Violet egg
SPECIES_FURRET	Brutal Swing	runs	Sun and Moon TM; Ultra Sun and Ultra Moon TM; Legends Z-A TM
SPECIES_FURRET	Chilling Water	runs	Scarlet and Violet TM
SPECIES_FURRET	Confide	runs	X and Y TM; Omega Ruby and Alpha Sapphire TM; Sun and Moon TM; Ultra Sun and Ultra Moon TM
SPECIES_FURRET	Echoed Voice	runs	Black and White TM; Black 2 and White 2 TM; X and Y TM; Omega Ruby and Alpha Sapphire TM; Sun and Moon TM; Ultra Sun and Ultra Moon TM
SPECIES_FURRET	Hone Claws	runs	Black and White TM; Black 2 and White 2 TM; X and Y TM; Omega Ruby and Alpha Sapphire TM
SPECIES_FURRET	Play Rough	runs	Scarlet and Violet TM
SPECIES_FURRET	Power-Up Punch	runs	X and Y TM; Omega Ruby and Alpha Sapphire TM
SPECIES_FURRET	Retaliate	runs	Black and White TM; Black 2 and White 2 TM; X and Y TM; Omega Ruby and Alpha Sapphire TM; Legends Z-A TM
SPECIES_FURRET	Round	runs	Black and White TM; Black 2 and White 2 TM; X and Y TM; Omega Ruby and Alpha Sapphire TM; Sun and Moon TM; Ultra Sun and Ultra Moon TM; Legends Z-A TM
SPECIES_FURRET	Tail Slap	runs	Legends Z-A TM
SPECIES_FURRET	Tera Blast	runs	Scarlet and Violet TM
SPECIES_FURRET	Tidy Up	stub: nothing happens	Scarlet and Violet egg
SPECIES_FURRET	Trailblaze	runs	Scarlet and Violet TM
SPECIES_FURRET	Work Up	runs	Black and White TM; Black 2 and White 2 TM; Sun and Moon TM; Ultra Sun and Ultra Moon TM; Brilliant Diamond and Shining Pearl TM; Legends Z-A TM
SPECIES_HOOTHOOT	Acrobatics	runs	Scarlet and Violet TM
SPECIES_HOOTHOOT	Confide	runs	X and Y TM; Omega Ruby and Alpha Sapphire TM; Sun and Moon TM; Ultra Sun and Ultra Moon TM
SPECIES_HOOTHOOT	Dual Wingbeat	runs	Sword and Shield tutor; Scarlet and Violet TM; Legends Z-A TM
SPECIES_HOOTHOOT	Hurricane	runs	Ultra Sun and Ultra Moon egg; Sword and Shield TM; Brilliant Diamond and Shining Pearl egg; Scarlet and Violet TM; Legends Z-A TM
SPECIES_HOOTHOOT	Round	runs	Black and White TM; Black 2 and White 2 TM; X and Y TM; Omega Ruby and Alpha Sapphire TM; Sun and Moon TM; Ultra Sun and Ultra Moon TM; Sword and Shield TM; Legends Z-A TM
SPECIES_HOOTHOOT	Stored Power	runs	Sword and Shield TM; Scarlet and Violet TM; Legends Z-A TM
SPECIES_HOOTHOOT	Tera Blast	runs	Scarlet and Violet TM
SPECIES_HOOTHOOT	Work Up	runs	Black and White TM; Black 2 and White 2 TM; Sun and Moon TM; Ultra Sun and Ultra Moon TM; Sword and Shield TM; Brilliant Diamond and Shining Pearl TM; Legends Z-A TM
SPECIES_NOCTOWL	Acrobatics	runs	Scarlet and Violet TM
SPECIES_NOCTOWL	Confide	runs	X and Y TM; Omega Ruby and Alpha Sapphire TM; Sun and Moon TM; Ultra Sun and Ultra Moon TM
SPECIES_NOCTOWL	Dual Wingbeat	runs	Sword and Shield tutor; Scarlet and Violet TM; Legends Z-A TM
SPECIES_NOCTOWL	Hurricane	runs	Ultra Sun and Ultra Moon egg; Sword and Shield TM; Brilliant Diamond and Shining Pearl egg; Scarlet and Violet TM; Legends Z-A TM
SPECIES_NOCTOWL	Laser Focus	runs	Ultra Sun and Ultra Moon tutor
SPECIES_NOCTOWL	Psychic Noise	runs	Scarlet and Violet TM
SPECIES_NOCTOWL	Round	runs	Black and White TM; Black 2 and White 2 TM; X and Y TM; Omega Ruby and Alpha Sapphire TM; Sun and Moon TM; Ultra Sun and Ultra Moon TM; Sword and Shield TM; Legends Z-A TM
SPECIES_NOCTOWL	Stored Power	runs	Sword and Shield TM; Scarlet and Violet TM; Legends Z-A TM
SPECIES_NOCTOWL	Tera Blast	runs	Scarlet and Violet TM
SPECIES_NOCTOWL	Work Up	runs	Black and White TM; Black 2 and White 2 TM; Sun and Moon TM; Ultra Sun and Ultra Moon TM; Sword and Shield TM; Brilliant Diamond and Shining Pearl TM; Legends Z-A TM
SPECIES_CROBAT	Acid Spray	runs	Legends Z-A TM
SPECIES_CROBAT	Confide	runs	X and Y TM; Omega Ruby and Alpha Sapphire TM; Sun and Moon TM; Ultra Sun and Ultra Moon TM
SPECIES_CROBAT	Dual Wingbeat	runs	Sword and Shield tutor; Legends Z-A TM
SPECIES_CROBAT	Hex	runs	Sword and Shield TM
SPECIES_CROBAT	Hurricane	runs	Sword and Shield TM; Legends Z-A TM
SPECIES_CROBAT	Psychic Fangs	runs	Legends Z-A TM
SPECIES_CROBAT	Round	runs	Black and White TM; Black 2 and White 2 TM; X and Y TM; Omega Ruby and Alpha Sapphire TM; Sun and Moon TM; Ultra Sun and Ultra Moon TM; Sword and Shield TM
SPECIES_CROBAT	Venom Drench	runs	X and Y egg; Omega Ruby and Alpha Sapphire egg; Sun and Moon egg; Ultra Sun and Ultra Moon egg; Sword and Shield TM; Brilliant Diamond and Shining Pearl egg
SPECIES_CHINCHOU	Chilling Water	runs	Scarlet and Violet TM
SPECIES_CHINCHOU	Confide	runs	X and Y TM; Omega Ruby and Alpha Sapphire TM; Sun and Moon TM; Ultra Sun and Ultra Moon TM
SPECIES_CHINCHOU	Dazzling Gleam	runs	X and Y TM; Omega Ruby and Alpha Sapphire TM; Sun and Moon TM; Ultra Sun and Ultra Moon TM; Sword and Shield TM; Brilliant Diamond and Shining Pearl TM; Scarlet and Violet TM; Legends Z-A TM
SPECIES_CHINCHOU	Eerie Impulse	runs	Scarlet and Violet TM
SPECIES_CHINCHOU	ElectricTerrain	stub: nothing happens (terrain held)	Scarlet and Violet TM
SPECIES_CHINCHOU	Electroweb	runs	Scarlet and Violet TM
SPECIES_CHINCHOU	Flip Turn	runs	Scarlet and Violet TM
SPECIES_CHINCHOU	Liquidation	runs	Scarlet and Violet TM
SPECIES_CHINCHOU	Rising Voltage	runs	Sword and Shield tutor; Legends Z-A TM
SPECIES_CHINCHOU	Round	runs	Black and White TM; Black 2 and White 2 TM; X and Y TM; Omega Ruby and Alpha Sapphire TM; Sun and Moon TM; Ultra Sun and Ultra Moon TM; Sword and Shield TM; Legends Z-A TM
SPECIES_CHINCHOU	Scald	runs	Black and White TM; Black 2 and White 2 TM; X and Y TM; Omega Ruby and Alpha Sapphire TM; Sun and Moon TM; Ultra Sun and Ultra Moon TM; Sword and Shield TM; Brilliant Diamond and Shining Pearl TM; Scarlet and Violet TM; Legends Z-A TM
SPECIES_CHINCHOU	Soak	runs	X and Y egg; Omega Ruby and Alpha Sapphire egg; Sun and Moon egg; Ultra Sun and Ultra Moon egg; Sword and Shield egg; Brilliant Diamond and Shining Pearl egg; Scarlet and Violet egg; Legends Z-A TM; Legends Z-A egg
SPECIES_CHINCHOU	Tera Blast	runs	Scarlet and Violet TM
SPECIES_CHINCHOU	Volt Switch	runs	Black and White TM; Black 2 and White 2 TM; X and Y TM; Omega Ruby and Alpha Sapphire TM; Sun and Moon TM; Ultra Sun and Ultra Moon TM; Sword and Shield TM; Brilliant Diamond and Shining Pearl TM; Scarlet and Violet TM; Legends Z-A TM
SPECIES_CHINCHOU	Wild Charge	runs	Black and White TM; Black 2 and White 2 TM; X and Y TM; Omega Ruby and Alpha Sapphire TM; Sun and Moon TM; Ultra Sun and Ultra Moon TM; Sword and Shield TM; Scarlet and Violet TM; Legends Z-A TM
SPECIES_LANTURN	Chilling Water	runs	Scarlet and Violet TM
SPECIES_LANTURN	Confide	runs	X and Y TM; Omega Ruby and Alpha Sapphire TM; Sun and Moon TM; Ultra Sun and Ultra Moon TM
SPECIES_LANTURN	Dazzling Gleam	runs	X and Y TM; Omega Ruby and Alpha Sapphire TM; Sun and Moon TM; Ultra Sun and Ultra Moon TM; Sword and Shield TM; Brilliant Diamond and Shining Pearl TM; Scarlet and Violet TM; Legends Z-A TM
SPECIES_LANTURN	ElectricTerrain	stub: nothing happens (terrain held)	Scarlet and Violet TM
SPECIES_LANTURN	Electroweb	runs	Scarlet and Violet TM
SPECIES_LANTURN	Flip Turn	runs	Scarlet and Violet TM
SPECIES_LANTURN	Liquidation	runs	Scarlet and Violet TM
SPECIES_LANTURN	Rising Voltage	runs	Sword and Shield tutor; Legends Z-A TM
SPECIES_LANTURN	Round	runs	Black and White TM; Black 2 and White 2 TM; X and Y TM; Omega Ruby and Alpha Sapphire TM; Sun and Moon TM; Ultra Sun and Ultra Moon TM; Sword and Shield TM; Legends Z-A TM
SPECIES_LANTURN	Scald	runs	Black and White TM; Black 2 and White 2 TM; X and Y TM; Omega Ruby and Alpha Sapphire TM; Sun and Moon TM; Ultra Sun and Ultra Moon TM; Sword and Shield TM; Brilliant Diamond and Shining Pearl TM; Scarlet and Violet TM; Legends Z-A TM
SPECIES_LANTURN	Soak	runs	X and Y egg; Omega Ruby and Alpha Sapphire egg; Sun and Moon egg; Ultra Sun and Ultra Moon egg; Sword and Shield egg; Brilliant Diamond and Shining Pearl egg; Scarlet and Violet egg
SPECIES_LANTURN	Tera Blast	runs	Scarlet and Violet TM
SPECIES_LANTURN	Volt Switch	runs	Black and White TM; Black 2 and White 2 TM; X and Y TM; Omega Ruby and Alpha Sapphire TM; Sun and Moon TM; Ultra Sun and Ultra Moon TM; Sword and Shield TM; Brilliant Diamond and Shining Pearl TM; Scarlet and Violet TM; Legends Z-A TM
SPECIES_LANTURN	Wild Charge	runs	Black and White TM; Black 2 and White 2 TM; X and Y TM; Omega Ruby and Alpha Sapphire TM; Sun and Moon TM; Ultra Sun and Ultra Moon TM; Sword and Shield TM; Scarlet and Violet TM; Legends Z-A TM
SPECIES_TOGEPI	Confide	runs	X and Y TM; Omega Ruby and Alpha Sapphire TM; Sun and Moon TM; Ultra Sun and Ultra Moon TM
SPECIES_TOGEPI	Dazzling Gleam	runs	X and Y TM; Omega Ruby and Alpha Sapphire TM; Sun and Moon TM; Ultra Sun and Ultra Moon TM; Sword and Shield TM; Brilliant Diamond and Shining Pearl TM; Legends Z-A TM
SPECIES_TOGEPI	Echoed Voice	runs	Black and White TM; Black 2 and White 2 TM; X and Y TM; Omega Ruby and Alpha Sapphire TM; Sun and Moon TM; Ultra Sun and Ultra Moon TM
SPECIES_TOGEPI	Incinerate	runs	Black and White TM; Black 2 and White 2 TM; X and Y TM; Omega Ruby and Alpha Sapphire TM
SPECIES_TOGEPI	Mystical Fire	runs	Sword and Shield TM; Legends Z-A TM
SPECIES_TOGEPI	Play Rough	runs	Sword and Shield TM; Legends Z-A TM
SPECIES_TOGEPI	Psyshock	runs	Black and White TM; Black 2 and White 2 TM; X and Y TM; Omega Ruby and Alpha Sapphire TM; Sun and Moon TM; Ultra Sun and Ultra Moon TM; Sword and Shield TM; Legends Z-A TM
SPECIES_TOGEPI	Round	runs	Black and White TM; Black 2 and White 2 TM; X and Y TM; Omega Ruby and Alpha Sapphire TM; Sun and Moon TM; Ultra Sun and Ultra Moon TM; Sword and Shield TM; Legends Z-A TM
SPECIES_TOGEPI	Stored Power	runs	Black and White egg; Black 2 and White 2 egg; X and Y egg; Omega Ruby and Alpha Sapphire egg; Sun and Moon egg; Ultra Sun and Ultra Moon egg; Sword and Shield TM; Brilliant Diamond and Shining Pearl egg; Legends Z-A TM
SPECIES_TOGEPI	Telekinesis	partial: status move running the plain-hit script: its effect never happens	Black and White TM; Black 2 and White 2 TM; Ultra Sun and Ultra Moon tutor
SPECIES_TOGEPI	Work Up	runs	Black and White TM; Black 2 and White 2 TM; Sun and Moon TM; Ultra Sun and Ultra Moon TM; Sword and Shield TM; Brilliant Diamond and Shining Pearl TM; Legends Z-A TM
SPECIES_TOGETIC	Confide	runs	X and Y TM; Omega Ruby and Alpha Sapphire TM; Sun and Moon TM; Ultra Sun and Ultra Moon TM
SPECIES_TOGETIC	Dazzling Gleam	runs	X and Y TM; Omega Ruby and Alpha Sapphire TM; Sun and Moon TM; Ultra Sun and Ultra Moon TM; Sword and Shield TM; Brilliant Diamond and Shining Pearl TM; Legends Z-A TM
SPECIES_TOGETIC	Dual Wingbeat	runs	Sword and Shield tutor; Legends Z-A TM
SPECIES_TOGETIC	Echoed Voice	runs	Black and White TM; Black 2 and White 2 TM; X and Y TM; Omega Ruby and Alpha Sapphire TM; Sun and Moon TM; Ultra Sun and Ultra Moon TM
SPECIES_TOGETIC	Incinerate	runs	Black and White TM; Black 2 and White 2 TM; X and Y TM; Omega Ruby and Alpha Sapphire TM
SPECIES_TOGETIC	Mystical Fire	runs	Sword and Shield TM; Legends Z-A TM
SPECIES_TOGETIC	Play Rough	runs	Sword and Shield TM; Legends Z-A TM
SPECIES_TOGETIC	Psyshock	runs	Black and White TM; Black 2 and White 2 TM; X and Y TM; Omega Ruby and Alpha Sapphire TM; Sun and Moon TM; Ultra Sun and Ultra Moon TM; Sword and Shield TM; Legends Z-A TM
SPECIES_TOGETIC	Retaliate	runs	Black and White TM; Black 2 and White 2 TM; X and Y TM; Omega Ruby and Alpha Sapphire TM; Sword and Shield TM; Legends Z-A TM
SPECIES_TOGETIC	Round	runs	Black and White TM; Black 2 and White 2 TM; X and Y TM; Omega Ruby and Alpha Sapphire TM; Sun and Moon TM; Ultra Sun and Ultra Moon TM; Sword and Shield TM; Legends Z-A TM
SPECIES_TOGETIC	Smart Strike	runs	Sun and Moon TM; Ultra Sun and Ultra Moon TM; Sword and Shield TM; Legends Z-A TM
SPECIES_TOGETIC	Stored Power	runs	Black and White egg; Black 2 and White 2 egg; X and Y egg; Omega Ruby and Alpha Sapphire egg; Sun and Moon egg; Ultra Sun and Ultra Moon egg; Sword and Shield TM; Brilliant Diamond and Shining Pearl egg; Legends Z-A TM
SPECIES_TOGETIC	Telekinesis	partial: status move running the plain-hit script: its effect never happens	Black and White TM; Black 2 and White 2 TM; Ultra Sun and Ultra Moon tutor
SPECIES_TOGETIC	Work Up	runs	Black and White TM; Black 2 and White 2 TM; Sun and Moon TM; Ultra Sun and Ultra Moon TM; Sword and Shield TM; Brilliant Diamond and Shining Pearl TM; Legends Z-A TM
SPECIES_MAREEP	After You	runs	Black and White egg; Black 2 and White 2 tutor; Black 2 and White 2 egg; X and Y egg; Omega Ruby and Alpha Sapphire tutor; Omega Ruby and Alpha Sapphire egg; Sun and Moon egg; Ultra Sun and Ultra Moon tutor; Ultra Sun and Ultra Moon egg; Brilliant Diamond and Shining Pearl egg; Scarlet and Violet egg
SPECIES_MAREEP	Confide	runs	X and Y TM; Omega Ruby and Alpha Sapphire TM; Sun and Moon TM; Ultra Sun and Ultra Moon TM
SPECIES_MAREEP	Echoed Voice	runs	Black and White TM; Black 2 and White 2 TM; X and Y TM; Omega Ruby and Alpha Sapphire TM; Sun and Moon TM; Ultra Sun and Ultra Moon TM
SPECIES_MAREEP	Eerie Impulse	runs	X and Y egg; Omega Ruby and Alpha Sapphire egg; Sun and Moon egg; Ultra Sun and Ultra Moon egg; Brilliant Diamond and Shining Pearl egg; Scarlet and Violet TM; Scarlet and Violet egg
SPECIES_MAREEP	ElectricTerrain	stub: nothing happens (terrain held)	X and Y egg; Omega Ruby and Alpha Sapphire egg; Sun and Moon egg; Ultra Sun and Ultra Moon egg; Brilliant Diamond and Shining Pearl egg; Scarlet and Violet TM; Scarlet and Violet egg
SPECIES_MAREEP	Electroweb	runs	Omega Ruby and Alpha Sapphire tutor; Ultra Sun and Ultra Moon tutor; Scarlet and Violet TM; Scarlet and Violet egg; Legends Z-A TM
SPECIES_MAREEP	Round	runs	Black and White TM; Black 2 and White 2 TM; X and Y TM; Omega Ruby and Alpha Sapphire TM; Sun and Moon TM; Ultra Sun and Ultra Moon TM
SPECIES_MAREEP	Tera Blast	runs	Scarlet and Violet TM
SPECIES_MAREEP	Trailblaze	runs	Scarlet and Violet TM; Legends Z-A TM
SPECIES_MAREEP	Volt Switch	runs	Scarlet and Violet TM; Legends Z-A TM
SPECIES_MAREEP	Wild Charge	runs	Black and White TM; Black 2 and White 2 TM; X and Y TM; Omega Ruby and Alpha Sapphire TM; Sun and Moon TM; Ultra Sun and Ultra Moon TM; Scarlet and Violet TM; Legends Z-A TM
SPECIES_FLAAFFY	After You	runs	Black and White egg; Black 2 and White 2 tutor; Black 2 and White 2 egg; X and Y egg; Omega Ruby and Alpha Sapphire tutor; Omega Ruby and Alpha Sapphire egg; Sun and Moon egg; Ultra Sun and Ultra Moon tutor; Ultra Sun and Ultra Moon egg; Brilliant Diamond and Shining Pearl egg; Scarlet and Violet egg
SPECIES_FLAAFFY	Confide	runs	X and Y TM; Omega Ruby and Alpha Sapphire TM; Sun and Moon TM; Ultra Sun and Ultra Moon TM
SPECIES_FLAAFFY	Echoed Voice	runs	Black and White TM; Black 2 and White 2 TM; X and Y TM; Omega Ruby and Alpha Sapphire TM; Sun and Moon TM; Ultra Sun and Ultra Moon TM
SPECIES_FLAAFFY	Eerie Impulse	runs	X and Y egg; Omega Ruby and Alpha Sapphire egg; Sun and Moon egg; Ultra Sun and Ultra Moon egg; Brilliant Diamond and Shining Pearl egg; Scarlet and Violet TM; Scarlet and Violet egg
SPECIES_FLAAFFY	ElectricTerrain	stub: nothing happens (terrain held)	X and Y egg; Omega Ruby and Alpha Sapphire egg; Sun and Moon egg; Ultra Sun and Ultra Moon egg; Brilliant Diamond and Shining Pearl egg; Scarlet and Violet TM; Scarlet and Violet egg
SPECIES_FLAAFFY	Electroweb	runs	Omega Ruby and Alpha Sapphire tutor; Ultra Sun and Ultra Moon tutor; Scarlet and Violet TM; Scarlet and Violet egg; Legends Z-A TM
SPECIES_FLAAFFY	Power-Up Punch	runs	X and Y TM; Omega Ruby and Alpha Sapphire TM
SPECIES_FLAAFFY	Round	runs	Black and White TM; Black 2 and White 2 TM; X and Y TM; Omega Ruby and Alpha Sapphire TM; Sun and Moon TM; Ultra Sun and Ultra Moon TM
SPECIES_FLAAFFY	Tera Blast	runs	Scarlet and Violet TM
SPECIES_FLAAFFY	Trailblaze	runs	Scarlet and Violet TM; Legends Z-A TM
SPECIES_FLAAFFY	Volt Switch	runs	Black and White TM; Black 2 and White 2 TM; X and Y TM; Omega Ruby and Alpha Sapphire TM; Sun and Moon TM; Ultra Sun and Ultra Moon TM; Brilliant Diamond and Shining Pearl TM; Scarlet and Violet TM; Legends Z-A TM
SPECIES_FLAAFFY	Wild Charge	runs	Black and White TM; Black 2 and White 2 TM; X and Y TM; Omega Ruby and Alpha Sapphire TM; Sun and Moon TM; Ultra Sun and Ultra Moon TM; Scarlet and Violet TM; Legends Z-A TM
SPECIES_AMPHAROS	After You	runs	Black and White egg; Black 2 and White 2 tutor; Black 2 and White 2 egg; X and Y egg; Omega Ruby and Alpha Sapphire tutor; Omega Ruby and Alpha Sapphire egg; Sun and Moon egg; Ultra Sun and Ultra Moon tutor; Ultra Sun and Ultra Moon egg; Brilliant Diamond and Shining Pearl egg; Scarlet and Violet egg
SPECIES_AMPHAROS	Brutal Swing	runs	Sun and Moon TM; Ultra Sun and Ultra Moon TM
SPECIES_AMPHAROS	Bulldoze	runs	Black and White TM; Black 2 and White 2 TM; X and Y TM; Omega Ruby and Alpha Sapphire TM; Sun and Moon TM; Ultra Sun and Ultra Moon TM; Brilliant Diamond and Shining Pearl TM; Scarlet and Violet TM
SPECIES_AMPHAROS	Confide	runs	X and Y TM; Omega Ruby and Alpha Sapphire TM; Sun and Moon TM; Ultra Sun and Ultra Moon TM
SPECIES_AMPHAROS	Dragon Cheer	partial: status move running the plain-hit script: its effect never happens	Scarlet and Violet TM
SPECIES_AMPHAROS	Dragon Tail	runs	Scarlet and Violet TM
SPECIES_AMPHAROS	Dual Chop	runs	Legends Z-A TM
SPECIES_AMPHAROS	Echoed Voice	runs	Black and White TM; Black 2 and White 2 TM; X and Y TM; Omega Ruby and Alpha Sapphire TM; Sun and Moon TM; Ultra Sun and Ultra Moon TM
SPECIES_AMPHAROS	ElectricTerrain	stub: nothing happens (terrain held)	X and Y egg; Omega Ruby and Alpha Sapphire egg; Sun and Moon egg; Ultra Sun and Ultra Moon egg; Brilliant Diamond and Shining Pearl egg; Scarlet and Violet TM; Scarlet and Violet egg
SPECIES_AMPHAROS	Electroweb	runs	Omega Ruby and Alpha Sapphire tutor; Ultra Sun and Ultra Moon tutor; Scarlet and Violet TM; Scarlet and Violet egg; Legends Z-A TM
SPECIES_AMPHAROS	Laser Focus	runs	Ultra Sun and Ultra Moon tutor
SPECIES_AMPHAROS	Meteor Beam	runs	Scarlet and Violet TM; Legends Z-A TM
SPECIES_AMPHAROS	Power-Up Punch	runs	X and Y TM; Omega Ruby and Alpha Sapphire TM
SPECIES_AMPHAROS	Round	runs	Black and White TM; Black 2 and White 2 TM; X and Y TM; Omega Ruby and Alpha Sapphire TM; Sun and Moon TM; Ultra Sun and Ultra Moon TM
SPECIES_AMPHAROS	StompingTantrum	runs	Scarlet and Violet TM
SPECIES_AMPHAROS	Supercell Slam	runs	Scarlet and Violet TM
SPECIES_AMPHAROS	Tera Blast	runs	Scarlet and Violet TM
SPECIES_AMPHAROS	Trailblaze	runs	Scarlet and Violet TM; Legends Z-A TM
SPECIES_AMPHAROS	Volt Switch	runs	Black and White TM; Black 2 and White 2 TM; X and Y TM; Omega Ruby and Alpha Sapphire TM; Sun and Moon TM; Ultra Sun and Ultra Moon TM; Brilliant Diamond and Shining Pearl TM; Scarlet and Violet TM; Legends Z-A TM
SPECIES_AMPHAROS	Wild Charge	runs	Black and White TM; Black 2 and White 2 TM; X and Y TM; Omega Ruby and Alpha Sapphire TM; Sun and Moon TM; Ultra Sun and Ultra Moon TM; Scarlet and Violet TM; Legends Z-A TM
SPECIES_MARILL	Alluring Voice	runs	Scarlet and Violet TM
SPECIES_MARILL	Brutal Swing	runs	Sword and Shield TM
SPECIES_MARILL	Bulldoze	runs	Scarlet and Violet TM; Legends Z-A TM
SPECIES_MARILL	Chilling Water	runs	Scarlet and Violet TM; Legends Z-A TM
SPECIES_MARILL	Confide	runs	X and Y TM; Omega Ruby and Alpha Sapphire TM; Sun and Moon TM; Ultra Sun and Ultra Moon TM
SPECIES_MARILL	Disarming Voice	runs	Scarlet and Violet TM; Legends Z-A TM
SPECIES_MARILL	Draining Kiss	runs	Sword and Shield TM; Scarlet and Violet TM; Legends Z-A TM
SPECIES_MARILL	Ice Spinner	runs	Scarlet and Violet TM; Legends Z-A TM
SPECIES_MARILL	Liquidation	runs	Scarlet and Violet TM; Legends Z-A TM
SPECIES_MARILL	Misty Explosion	runs	Sword and Shield tutor; Scarlet and Violet TM
SPECIES_MARILL	Misty Terrain	stub: nothing happens (terrain held)	Sword and Shield TM; Scarlet and Violet TM; Legends Z-A TM
SPECIES_MARILL	Power-Up Punch	runs	X and Y TM; Omega Ruby and Alpha Sapphire TM
SPECIES_MARILL	Round	runs	Black and White TM; Black 2 and White 2 TM; X and Y TM; Omega Ruby and Alpha Sapphire TM; Sun and Moon TM; Ultra Sun and Ultra Moon TM; Sword and Shield TM
SPECIES_MARILL	Scald	runs	Black and White TM; Black 2 and White 2 TM; X and Y TM; Omega Ruby and Alpha Sapphire TM; Sun and Moon TM; Ultra Sun and Ultra Moon TM; Sword and Shield TM; Brilliant Diamond and Shining Pearl TM
SPECIES_MARILL	Snowscape	stub: nothing happens	Scarlet and Violet TM; Legends Z-A TM
SPECIES_MARILL	Soak	runs	Black and White egg; Black 2 and White 2 egg; X and Y egg; Omega Ruby and Alpha Sapphire egg; Sun and Moon egg; Ultra Sun and Ultra Moon egg; Sword and Shield egg; Brilliant Diamond and Shining Pearl egg; Scarlet and Violet egg
SPECIES_MARILL	Steel Roller	stub: plain 130 hit, should fail without terrain	Sword and Shield tutor
SPECIES_MARILL	Tera Blast	runs	Scarlet and Violet TM; Legends Z-A TM
SPECIES_MARILL	Trailblaze	runs	Scarlet and Violet TM; Legends Z-A TM
SPECIES_MARILL	Work Up	runs	Black and White TM; Black 2 and White 2 TM; Sun and Moon TM; Ultra Sun and Ultra Moon TM; Sword and Shield TM; Brilliant Diamond and Shining Pearl TM
SPECIES_AZUMARILL	Alluring Voice	runs	Scarlet and Violet TM
SPECIES_AZUMARILL	Brutal Swing	runs	Sword and Shield TM
SPECIES_AZUMARILL	Bulldoze	runs	Black and White TM; Black 2 and White 2 TM; X and Y TM; Omega Ruby and Alpha Sapphire TM; Sun and Moon TM; Ultra Sun and Ultra Moon TM; Sword and Shield TM; Brilliant Diamond and Shining Pearl TM; Scarlet and Violet TM; Legends Z-A TM
SPECIES_AZUMARILL	Chilling Water	runs	Scarlet and Violet TM; Legends Z-A TM
SPECIES_AZUMARILL	Confide	runs	X and Y TM; Omega Ruby and Alpha Sapphire TM; Sun and Moon TM; Ultra Sun and Ultra Moon TM
SPECIES_AZUMARILL	Disarming Voice	runs	Scarlet and Violet TM; Legends Z-A TM
SPECIES_AZUMARILL	Draining Kiss	runs	Sword and Shield TM; Scarlet and Violet TM; Legends Z-A TM
SPECIES_AZUMARILL	Ice Spinner	runs	Scarlet and Violet TM; Legends Z-A TM
SPECIES_AZUMARILL	Liquidation	runs	Ultra Sun and Ultra Moon tutor; Sword and Shield TM; Scarlet and Violet TM; Legends Z-A TM
SPECIES_AZUMARILL	Misty Explosion	runs	Sword and Shield tutor; Scarlet and Violet TM
SPECIES_AZUMARILL	Misty Terrain	stub: nothing happens (terrain held)	Sword and Shield TM; Scarlet and Violet TM; Legends Z-A TM
SPECIES_AZUMARILL	Power-Up Punch	runs	X and Y TM; Omega Ruby and Alpha Sapphire TM
SPECIES_AZUMARILL	Round	runs	Black and White TM; Black 2 and White 2 TM; X and Y TM; Omega Ruby and Alpha Sapphire TM; Sun and Moon TM; Ultra Sun and Ultra Moon TM; Sword and Shield TM
SPECIES_AZUMARILL	Scald	runs	Black and White TM; Black 2 and White 2 TM; X and Y TM; Omega Ruby and Alpha Sapphire TM; Sun and Moon TM; Ultra Sun and Ultra Moon TM; Sword and Shield TM; Brilliant Diamond and Shining Pearl TM
SPECIES_AZUMARILL	Snowscape	stub: nothing happens	Scarlet and Violet TM; Legends Z-A TM
SPECIES_AZUMARILL	Soak	runs	Black and White egg; Black 2 and White 2 egg; X and Y egg; Omega Ruby and Alpha Sapphire egg; Sun and Moon egg; Ultra Sun and Ultra Moon egg; Sword and Shield egg; Brilliant Diamond and Shining Pearl egg; Scarlet and Violet egg
SPECIES_AZUMARILL	Steel Roller	stub: plain 130 hit, should fail without terrain	Sword and Shield tutor
SPECIES_AZUMARILL	Tera Blast	runs	Scarlet and Violet TM; Legends Z-A TM
SPECIES_AZUMARILL	Trailblaze	runs	Scarlet and Violet TM; Legends Z-A TM
SPECIES_AZUMARILL	Work Up	runs	Black and White TM; Black 2 and White 2 TM; Sun and Moon TM; Ultra Sun and Ultra Moon TM; Sword and Shield TM; Brilliant Diamond and Shining Pearl TM
SPECIES_SUDOWOODO	After You	runs	Black 2 and White 2 tutor; Omega Ruby and Alpha Sapphire tutor; Ultra Sun and Ultra Moon tutor
SPECIES_SUDOWOODO	Body Press	runs	Sword and Shield TM; Scarlet and Violet TM; Legends Z-A TM
SPECIES_SUDOWOODO	Bulldoze	runs	Black and White TM; Black 2 and White 2 TM; X and Y TM; Omega Ruby and Alpha Sapphire TM; Sun and Moon TM; Ultra Sun and Ultra Moon TM; Sword and Shield TM; Brilliant Diamond and Shining Pearl TM; Scarlet and Violet TM; Legends Z-A TM
SPECIES_SUDOWOODO	Confide	runs	X and Y TM; Omega Ruby and Alpha Sapphire TM; Sun and Moon TM; Ultra Sun and Ultra Moon TM
SPECIES_SUDOWOODO	Foul Play	runs	Black 2 and White 2 tutor; Omega Ruby and Alpha Sapphire tutor; Ultra Sun and Ultra Moon tutor; Sword and Shield TM; Scarlet and Violet TM; Legends Z-A TM
SPECIES_SUDOWOODO	High Horsepower	runs	Scarlet and Violet TM
SPECIES_SUDOWOODO	Low Sweep	runs	Scarlet and Violet TM; Legends Z-A TM
SPECIES_SUDOWOODO	Meteor Beam	runs	Sword and Shield tutor; Scarlet and Violet TM
SPECIES_SUDOWOODO	Power-Up Punch	runs	X and Y TM; Omega Ruby and Alpha Sapphire TM
SPECIES_SUDOWOODO	Round	runs	Black and White TM; Black 2 and White 2 TM; X and Y TM; Omega Ruby and Alpha Sapphire TM; Sun and Moon TM; Ultra Sun and Ultra Moon TM; Sword and Shield TM
SPECIES_SUDOWOODO	Smack Down	runs	Black and White TM; Black 2 and White 2 TM; X and Y TM; Omega Ruby and Alpha Sapphire TM; Sun and Moon TM; Ultra Sun and Ultra Moon TM; Scarlet and Violet TM
SPECIES_SUDOWOODO	StompingTantrum	runs	Ultra Sun and Ultra Moon tutor; Sword and Shield TM; Scarlet and Violet TM; Legends Z-A TM
SPECIES_SUDOWOODO	Tera Blast	runs	Scarlet and Violet TM; Legends Z-A TM
SPECIES_SUDOWOODO	Trailblaze	runs	Scarlet and Violet TM; Legends Z-A TM
SPECIES_POLITOED	Bulldoze	runs	Black and White TM; Black 2 and White 2 TM; X and Y TM; Omega Ruby and Alpha Sapphire TM; Sun and Moon TM; Ultra Sun and Ultra Moon TM; Sword and Shield TM; Brilliant Diamond and Shining Pearl TM; Scarlet and Violet TM; Legends Z-A TM
SPECIES_POLITOED	Chilling Water	runs	Scarlet and Violet TM
SPECIES_POLITOED	Confide	runs	X and Y TM; Omega Ruby and Alpha Sapphire TM; Sun and Moon TM; Ultra Sun and Ultra Moon TM
SPECIES_POLITOED	Echoed Voice	runs	Black and White TM; Black 2 and White 2 TM; X and Y TM; Omega Ruby and Alpha Sapphire TM; Sun and Moon TM; Ultra Sun and Ultra Moon TM
SPECIES_POLITOED	Liquidation	runs	Sword and Shield TM; Scarlet and Violet TM; Legends Z-A TM
SPECIES_POLITOED	Low Sweep	runs	Scarlet and Violet TM
SPECIES_POLITOED	Power-Up Punch	runs	X and Y TM; Omega Ruby and Alpha Sapphire TM
SPECIES_POLITOED	Round	runs	Black and White TM; Black 2 and White 2 TM; X and Y TM; Omega Ruby and Alpha Sapphire TM; Sun and Moon TM; Ultra Sun and Ultra Moon TM; Sword and Shield TM; Legends Z-A TM
SPECIES_POLITOED	Scald	runs	Black and White TM; Black 2 and White 2 TM; X and Y TM; Omega Ruby and Alpha Sapphire TM; Sun and Moon TM; Ultra Sun and Ultra Moon TM; Sword and Shield TM; Brilliant Diamond and Shining Pearl TM; Legends Z-A TM
SPECIES_POLITOED	Tera Blast	runs	Scarlet and Violet TM
SPECIES_HOPPIP	Confide	runs	X and Y TM; Omega Ruby and Alpha Sapphire TM; Sun and Moon TM; Ultra Sun and Ultra Moon TM
SPECIES_HOPPIP	Cotton Guard	runs	Black and White egg; Black 2 and White 2 egg; X and Y egg; Omega Ruby and Alpha Sapphire egg; Sun and Moon egg; Ultra Sun and Ultra Moon egg; Brilliant Diamond and Shining Pearl egg; Scarlet and Violet egg; Legends Z-A TM; Legends Z-A egg
SPECIES_HOPPIP	Dazzling Gleam	runs	X and Y TM; Omega Ruby and Alpha Sapphire TM; Sun and Moon TM; Ultra Sun and Ultra Moon TM; Brilliant Diamond and Shining Pearl TM; Scarlet and Violet TM; Legends Z-A TM
SPECIES_HOPPIP	Grassy Terrain	stub: nothing happens (terrain held)	X and Y egg; Omega Ruby and Alpha Sapphire egg; Sun and Moon egg; Ultra Sun and Ultra Moon egg; Brilliant Diamond and Shining Pearl egg; Scarlet and Violet TM; Scarlet and Violet egg; Legends Z-A TM; Legends Z-A egg
SPECIES_HOPPIP	Infestation	runs	X and Y TM; Omega Ruby and Alpha Sapphire TM; Sun and Moon TM; Ultra Sun and Ultra Moon TM
SPECIES_HOPPIP	Lunge	runs	Scarlet and Violet TM
SPECIES_HOPPIP	Pollen Puff	runs	Scarlet and Violet TM; Legends Z-A TM
SPECIES_HOPPIP	Round	runs	Black and White TM; Black 2 and White 2 TM; X and Y TM; Omega Ruby and Alpha Sapphire TM; Sun and Moon TM; Ultra Sun and Ultra Moon TM
SPECIES_HOPPIP	Strength Sap	runs	Ultra Sun and Ultra Moon egg; Brilliant Diamond and Shining Pearl egg; Scarlet and Violet egg; Legends Z-A TM; Legends Z-A egg
SPECIES_HOPPIP	Tera Blast	runs	Scarlet and Violet TM; Legends Z-A TM
SPECIES_HOPPIP	Trailblaze	runs	Scarlet and Violet TM; Legends Z-A TM
SPECIES_SKIPLOOM	Confide	runs	X and Y TM; Omega Ruby and Alpha Sapphire TM; Sun and Moon TM; Ultra Sun and Ultra Moon TM
SPECIES_SKIPLOOM	Cotton Guard	runs	Black and White egg; Black 2 and White 2 egg; X and Y egg; Omega Ruby and Alpha Sapphire egg; Sun and Moon egg; Ultra Sun and Ultra Moon egg; Brilliant Diamond and Shining Pearl egg; Scarlet and Violet egg
SPECIES_SKIPLOOM	Dazzling Gleam	runs	X and Y TM; Omega Ruby and Alpha Sapphire TM; Sun and Moon TM; Ultra Sun and Ultra Moon TM; Brilliant Diamond and Shining Pearl TM; Scarlet and Violet TM; Legends Z-A TM
SPECIES_SKIPLOOM	Grassy Terrain	stub: nothing happens (terrain held)	X and Y egg; Omega Ruby and Alpha Sapphire egg; Sun and Moon egg; Ultra Sun and Ultra Moon egg; Brilliant Diamond and Shining Pearl egg; Scarlet and Violet TM; Scarlet and Violet egg; Legends Z-A TM
SPECIES_SKIPLOOM	Infestation	runs	X and Y TM; Omega Ruby and Alpha Sapphire TM; Sun and Moon TM; Ultra Sun and Ultra Moon TM
SPECIES_SKIPLOOM	Lunge	runs	Scarlet and Violet TM
SPECIES_SKIPLOOM	Pollen Puff	runs	Scarlet and Violet TM; Legends Z-A TM
SPECIES_SKIPLOOM	Round	runs	Black and White TM; Black 2 and White 2 TM; X and Y TM; Omega Ruby and Alpha Sapphire TM; Sun and Moon TM; Ultra Sun and Ultra Moon TM
SPECIES_SKIPLOOM	Strength Sap	runs	Ultra Sun and Ultra Moon egg; Brilliant Diamond and Shining Pearl egg; Scarlet and Violet egg
SPECIES_SKIPLOOM	Tera Blast	runs	Scarlet and Violet TM; Legends Z-A TM
SPECIES_SKIPLOOM	Trailblaze	runs	Scarlet and Violet TM; Legends Z-A TM
SPECIES_JUMPLUFF	Confide	runs	X and Y TM; Omega Ruby and Alpha Sapphire TM; Sun and Moon TM; Ultra Sun and Ultra Moon TM
SPECIES_JUMPLUFF	Cotton Guard	runs	Black and White egg; Black 2 and White 2 egg; X and Y egg; Omega Ruby and Alpha Sapphire egg; Sun and Moon egg; Ultra Sun and Ultra Moon egg; Brilliant Diamond and Shining Pearl egg; Scarlet and Violet egg
SPECIES_JUMPLUFF	Dazzling Gleam	runs	X and Y TM; Omega Ruby and Alpha Sapphire TM; Sun and Moon TM; Ultra Sun and Ultra Moon TM; Brilliant Diamond and Shining Pearl TM; Scarlet and Violet TM; Legends Z-A TM
SPECIES_JUMPLUFF	Grassy Terrain	stub: nothing happens (terrain held)	X and Y egg; Omega Ruby and Alpha Sapphire egg; Sun and Moon egg; Ultra Sun and Ultra Moon egg; Brilliant Diamond and Shining Pearl egg; Scarlet and Violet TM; Scarlet and Violet egg; Legends Z-A TM
SPECIES_JUMPLUFF	Infestation	runs	X and Y TM; Omega Ruby and Alpha Sapphire TM; Sun and Moon TM; Ultra Sun and Ultra Moon TM
SPECIES_JUMPLUFF	Lunge	runs	Scarlet and Violet TM
SPECIES_JUMPLUFF	Pollen Puff	runs	Scarlet and Violet TM; Legends Z-A TM
SPECIES_JUMPLUFF	Round	runs	Black and White TM; Black 2 and White 2 TM; X and Y TM; Omega Ruby and Alpha Sapphire TM; Sun and Moon TM; Ultra Sun and Ultra Moon TM
SPECIES_JUMPLUFF	Strength Sap	runs	Ultra Sun and Ultra Moon egg; Brilliant Diamond and Shining Pearl egg; Scarlet and Violet egg
SPECIES_JUMPLUFF	Tera Blast	runs	Scarlet and Violet TM; Legends Z-A TM
SPECIES_JUMPLUFF	Trailblaze	runs	Scarlet and Violet TM; Legends Z-A TM
SPECIES_AIPOM	Acrobatics	runs	Black and White TM; Black 2 and White 2 TM; X and Y TM; Omega Ruby and Alpha Sapphire TM; Sun and Moon TM; Ultra Sun and Ultra Moon TM; Scarlet and Violet TM; Legends Z-A TM
SPECIES_AIPOM	Brutal Swing	runs	Legends Z-A TM
SPECIES_AIPOM	Chilling Water	runs	Scarlet and Violet TM
SPECIES_AIPOM	Confide	runs	X and Y TM; Omega Ruby and Alpha Sapphire TM; Sun and Moon TM; Ultra Sun and Ultra Moon TM
SPECIES_AIPOM	Foul Play	runs	Black 2 and White 2 tutor; Omega Ruby and Alpha Sapphire tutor; Ultra Sun and Ultra Moon tutor; Scarlet and Violet TM; Legends Z-A TM
SPECIES_AIPOM	Hone Claws	runs	Black and White TM; Black 2 and White 2 TM; X and Y TM; Omega Ruby and Alpha Sapphire TM
SPECIES_AIPOM	Low Sweep	runs	Black and White TM; Black 2 and White 2 TM; X and Y TM; Omega Ruby and Alpha Sapphire TM; Sun and Moon TM; Ultra Sun and Ultra Moon TM; Brilliant Diamond and Shining Pearl TM; Scarlet and Violet TM; Legends Z-A TM
SPECIES_AIPOM	Power-Up Punch	runs	X and Y TM; Omega Ruby and Alpha Sapphire TM
SPECIES_AIPOM	Quick Guard	runs	X and Y egg; Omega Ruby and Alpha Sapphire egg; Sun and Moon egg; Ultra Sun and Ultra Moon egg; Brilliant Diamond and Shining Pearl egg; Scarlet and Violet egg
SPECIES_AIPOM	Retaliate	runs	Black and White TM; Black 2 and White 2 TM; X and Y TM; Omega Ruby and Alpha Sapphire TM; Legends Z-A TM
SPECIES_AIPOM	Round	runs	Black and White TM; Black 2 and White 2 TM; X and Y TM; Omega Ruby and Alpha Sapphire TM; Sun and Moon TM; Ultra Sun and Ultra Moon TM; Legends Z-A TM
SPECIES_AIPOM	Smack Down	runs	Scarlet and Violet TM
SPECIES_AIPOM	Tail Slap	runs	Ultra Sun and Ultra Moon egg; Legends Z-A TM
SPECIES_AIPOM	Tera Blast	runs	Scarlet and Violet TM
SPECIES_AIPOM	Throat Chop	stub: plain hit	Scarlet and Violet TM
SPECIES_AIPOM	Trailblaze	runs	Scarlet and Violet TM
SPECIES_AIPOM	Upper Hand	runs	Scarlet and Violet TM
SPECIES_AIPOM	Work Up	runs	Black and White TM; Black 2 and White 2 TM; Sun and Moon TM; Ultra Sun and Ultra Moon TM; Brilliant Diamond and Shining Pearl TM; Legends Z-A TM
SPECIES_YANMA	Confide	runs	X and Y TM; Omega Ruby and Alpha Sapphire TM; Sun and Moon TM; Ultra Sun and Ultra Moon TM
SPECIES_YANMA	Dual Wingbeat	runs	Legends Z-A TM
SPECIES_YANMA	Lunge	runs	Scarlet and Violet TM
SPECIES_YANMA	Pounce	runs	Scarlet and Violet TM
SPECIES_YANMA	Psychic Noise	runs	Scarlet and Violet TM
SPECIES_YANMA	Round	runs	Black and White TM; Black 2 and White 2 TM; X and Y TM; Omega Ruby and Alpha Sapphire TM; Sun and Moon TM; Ultra Sun and Ultra Moon TM; Legends Z-A TM
SPECIES_YANMA	Skitter Smack	runs	Scarlet and Violet TM
SPECIES_YANMA	Struggle Bug	runs	Scarlet and Violet TM
SPECIES_YANMA	Tera Blast	runs	Scarlet and Violet TM
SPECIES_WOOPER	Acid Spray	runs	Black and White egg; Black 2 and White 2 egg; X and Y egg; Omega Ruby and Alpha Sapphire egg; Sun and Moon egg; Ultra Sun and Ultra Moon egg; Sword and Shield egg; Brilliant Diamond and Shining Pearl egg; Scarlet and Violet TM; Scarlet and Violet egg; Legends Z-A TM; Legends Z-A egg
SPECIES_WOOPER	After You	runs	Black and White egg; Black 2 and White 2 tutor; Black 2 and White 2 egg; X and Y egg; Omega Ruby and Alpha Sapphire tutor; Omega Ruby and Alpha Sapphire egg; Sun and Moon egg; Ultra Sun and Ultra Moon tutor; Ultra Sun and Ultra Moon egg; Sword and Shield egg; Brilliant Diamond and Shining Pearl egg; Scarlet and Violet egg; Legends Z-A TM; Legends Z-A egg
SPECIES_WOOPER	Bulldoze	runs	Black and White TM; Black 2 and White 2 TM; X and Y TM; Omega Ruby and Alpha Sapphire TM; Sun and Moon TM; Ultra Sun and Ultra Moon TM; Sword and Shield TM; Brilliant Diamond and Shining Pearl TM; Scarlet and Violet TM; Legends Z-A TM
SPECIES_WOOPER	Chilling Water	runs	Scarlet and Violet TM; Legends Z-A TM
SPECIES_WOOPER	Confide	runs	X and Y TM; Omega Ruby and Alpha Sapphire TM; Sun and Moon TM; Ultra Sun and Ultra Moon TM
SPECIES_WOOPER	Eerie Impulse	runs	X and Y egg; Omega Ruby and Alpha Sapphire egg; Sun and Moon egg; Ultra Sun and Ultra Moon egg; Sword and Shield TM; Brilliant Diamond and Shining Pearl egg
SPECIES_WOOPER	Infestation	runs	X and Y TM; Omega Ruby and Alpha Sapphire TM; Sun and Moon TM; Ultra Sun and Ultra Moon TM
SPECIES_WOOPER	Liquidation	runs	Scarlet and Violet TM; Legends Z-A TM
SPECIES_WOOPER	Power-Up Punch	runs	Ultra Sun and Ultra Moon egg; Sword and Shield egg; Brilliant Diamond and Shining Pearl egg
SPECIES_WOOPER	Round	runs	Black and White TM; Black 2 and White 2 TM; X and Y TM; Omega Ruby and Alpha Sapphire TM; Sun and Moon TM; Ultra Sun and Ultra Moon TM; Sword and Shield TM
SPECIES_WOOPER	Scald	runs	Black and White TM; Black 2 and White 2 TM; X and Y TM; Omega Ruby and Alpha Sapphire TM; Sun and Moon TM; Ultra Sun and Ultra Moon TM; Sword and Shield TM; Brilliant Diamond and Shining Pearl TM
SPECIES_WOOPER	Sludge Wave	runs	Black and White TM; Black 2 and White 2 TM; X and Y TM; Omega Ruby and Alpha Sapphire TM; Sun and Moon TM; Ultra Sun and Ultra Moon TM; Sword and Shield TM; Scarlet and Violet TM
SPECIES_WOOPER	Snowscape	stub: nothing happens	Scarlet and Violet TM; Legends Z-A TM
SPECIES_WOOPER	StompingTantrum	runs	Ultra Sun and Ultra Moon tutor; Sword and Shield TM; Scarlet and Violet TM; Legends Z-A TM
SPECIES_WOOPER	Tera Blast	runs	Scarlet and Violet TM; Legends Z-A TM
SPECIES_WOOPER	Trailblaze	runs	Scarlet and Violet TM; Legends Z-A TM
SPECIES_QUAGSIRE	Acid Spray	runs	Black and White egg; Black 2 and White 2 egg; X and Y egg; Omega Ruby and Alpha Sapphire egg; Sun and Moon egg; Ultra Sun and Ultra Moon egg; Sword and Shield egg; Brilliant Diamond and Shining Pearl egg; Scarlet and Violet TM; Scarlet and Violet egg; Legends Z-A TM
SPECIES_QUAGSIRE	After You	runs	Black and White egg; Black 2 and White 2 tutor; Black 2 and White 2 egg; X and Y egg; Omega Ruby and Alpha Sapphire tutor; Omega Ruby and Alpha Sapphire egg; Sun and Moon egg; Ultra Sun and Ultra Moon tutor; Ultra Sun and Ultra Moon egg; Sword and Shield egg; Brilliant Diamond and Shining Pearl egg; Scarlet and Violet egg
SPECIES_QUAGSIRE	Body Press	runs	Scarlet and Violet TM; Legends Z-A TM
SPECIES_QUAGSIRE	Bulldoze	runs	Black and White TM; Black 2 and White 2 TM; X and Y TM; Omega Ruby and Alpha Sapphire TM; Sun and Moon TM; Ultra Sun and Ultra Moon TM; Sword and Shield TM; Brilliant Diamond and Shining Pearl TM; Scarlet and Violet TM; Legends Z-A TM
SPECIES_QUAGSIRE	Chilling Water	runs	Scarlet and Violet TM; Legends Z-A TM
SPECIES_QUAGSIRE	Confide	runs	X and Y TM; Omega Ruby and Alpha Sapphire TM; Sun and Moon TM; Ultra Sun and Ultra Moon TM
SPECIES_QUAGSIRE	Eerie Impulse	runs	X and Y egg; Omega Ruby and Alpha Sapphire egg; Sun and Moon egg; Ultra Sun and Ultra Moon egg; Sword and Shield TM; Brilliant Diamond and Shining Pearl egg; Scarlet and Violet TM; Legends Z-A TM
SPECIES_QUAGSIRE	High Horsepower	runs	Sword and Shield TM; Scarlet and Violet TM
SPECIES_QUAGSIRE	Infestation	runs	X and Y TM; Omega Ruby and Alpha Sapphire TM; Sun and Moon TM; Ultra Sun and Ultra Moon TM
SPECIES_QUAGSIRE	Liquidation	runs	Sword and Shield TM; Scarlet and Violet TM; Legends Z-A TM
SPECIES_QUAGSIRE	Power-Up Punch	runs	X and Y TM; Omega Ruby and Alpha Sapphire TM; Ultra Sun and Ultra Moon egg; Sword and Shield egg; Brilliant Diamond and Shining Pearl egg
SPECIES_QUAGSIRE	Round	runs	Black and White TM; Black 2 and White 2 TM; X and Y TM; Omega Ruby and Alpha Sapphire TM; Sun and Moon TM; Ultra Sun and Ultra Moon TM; Sword and Shield TM
SPECIES_QUAGSIRE	Scald	runs	Black and White TM; Black 2 and White 2 TM; X and Y TM; Omega Ruby and Alpha Sapphire TM; Sun and Moon TM; Ultra Sun and Ultra Moon TM; Sword and Shield TM; Brilliant Diamond and Shining Pearl TM
SPECIES_QUAGSIRE	Sludge Wave	runs	Black and White TM; Black 2 and White 2 TM; X and Y TM; Omega Ruby and Alpha Sapphire TM; Sun and Moon TM; Ultra Sun and Ultra Moon TM; Sword and Shield TM; Scarlet and Violet TM
SPECIES_QUAGSIRE	Snowscape	stub: nothing happens	Scarlet and Violet TM; Legends Z-A TM
SPECIES_QUAGSIRE	StompingTantrum	runs	Ultra Sun and Ultra Moon tutor; Sword and Shield TM; Scarlet and Violet TM; Legends Z-A TM
SPECIES_QUAGSIRE	Tera Blast	runs	Scarlet and Violet TM; Legends Z-A TM
SPECIES_QUAGSIRE	Trailblaze	runs	Scarlet and Violet TM; Legends Z-A TM
SPECIES_ESPEON	Alluring Voice	runs	Scarlet and Violet TM
SPECIES_ESPEON	Ally Switch	partial: status move running the plain-hit script: its effect never happens	Ultra Sun and Ultra Moon tutor; Sword and Shield TM
SPECIES_ESPEON	Confide	runs	X and Y TM; Omega Ruby and Alpha Sapphire TM; Sun and Moon TM; Ultra Sun and Ultra Moon TM
SPECIES_ESPEON	Dazzling Gleam	runs	X and Y TM; Omega Ruby and Alpha Sapphire TM; Sun and Moon TM; Ultra Sun and Ultra Moon TM; Sword and Shield TM; Brilliant Diamond and Shining Pearl TM; Scarlet and Violet TM; Legends Z-A TM
SPECIES_ESPEON	Draining Kiss	runs	Scarlet and Violet TM
SPECIES_ESPEON	Echoed Voice	runs	Black and White TM; Black 2 and White 2 TM; X and Y TM; Omega Ruby and Alpha Sapphire TM; Sun and Moon TM; Ultra Sun and Ultra Moon TM
SPECIES_ESPEON	Expanding Force	partial: plain 80 hit; its Psychic Terrain boost waits on terrain	Sword and Shield tutor; Scarlet and Violet TM
SPECIES_ESPEON	Laser Focus	runs	Ultra Sun and Ultra Moon tutor
SPECIES_ESPEON	Magic Room	partial: status move running the plain-hit script: its effect never happens	Black 2 and White 2 tutor; Omega Ruby and Alpha Sapphire tutor; Ultra Sun and Ultra Moon tutor; Sword and Shield TM
SPECIES_ESPEON	Psychic Fangs	runs	Sword and Shield TM; Scarlet and Violet TM; Legends Z-A TM
SPECIES_ESPEON	Psychic Noise	runs	Scarlet and Violet TM
SPECIES_ESPEON	Psychic Terrain	stub: nothing happens (terrain held)	Scarlet and Violet TM
SPECIES_ESPEON	Psyshock	runs	Black and White TM; Black 2 and White 2 TM; X and Y TM; Omega Ruby and Alpha Sapphire TM; Sun and Moon TM; Ultra Sun and Ultra Moon TM; Sword and Shield TM; Scarlet and Violet TM; Legends Z-A TM
SPECIES_ESPEON	Retaliate	runs	Black and White TM; Black 2 and White 2 TM; X and Y TM; Omega Ruby and Alpha Sapphire TM; Sword and Shield TM
SPECIES_ESPEON	Round	runs	Black and White TM; Black 2 and White 2 TM; X and Y TM; Omega Ruby and Alpha Sapphire TM; Sun and Moon TM; Ultra Sun and Ultra Moon TM; Sword and Shield TM
SPECIES_ESPEON	Stored Power	runs	Black and White egg; Black 2 and White 2 egg; X and Y egg; Omega Ruby and Alpha Sapphire egg; Sun and Moon egg; Ultra Sun and Ultra Moon egg; Sword and Shield TM; Brilliant Diamond and Shining Pearl egg; Scarlet and Violet TM
SPECIES_ESPEON	Synchronoise	partial: plain 120 hit on any foe; the rule that it hits only a foe sharing a type is missing	Black and White egg; Black 2 and White 2 egg; X and Y egg; Omega Ruby and Alpha Sapphire egg; Sun and Moon egg; Ultra Sun and Ultra Moon egg
SPECIES_ESPEON	Telekinesis	partial: status move running the plain-hit script: its effect never happens	Black and White TM; Black 2 and White 2 TM; Ultra Sun and Ultra Moon tutor
SPECIES_ESPEON	Tera Blast	runs	Scarlet and Violet TM
SPECIES_ESPEON	Trailblaze	runs	Scarlet and Violet TM; Legends Z-A TM
SPECIES_ESPEON	Work Up	runs	Black and White TM; Black 2 and White 2 TM; Sun and Moon TM; Ultra Sun and Ultra Moon TM; Sword and Shield TM; Brilliant Diamond and Shining Pearl TM
SPECIES_UMBREON	Alluring Voice	runs	Scarlet and Violet TM
SPECIES_UMBREON	Confide	runs	X and Y TM; Omega Ruby and Alpha Sapphire TM; Sun and Moon TM; Ultra Sun and Ultra Moon TM
SPECIES_UMBREON	Echoed Voice	runs	Black and White TM; Black 2 and White 2 TM; X and Y TM; Omega Ruby and Alpha Sapphire TM; Sun and Moon TM; Ultra Sun and Ultra Moon TM
SPECIES_UMBREON	Laser Focus	runs	Ultra Sun and Ultra Moon tutor
SPECIES_UMBREON	Lash Out	runs	Sword and Shield tutor; Scarlet and Violet TM
SPECIES_UMBREON	Retaliate	runs	Black and White TM; Black 2 and White 2 TM; X and Y TM; Omega Ruby and Alpha Sapphire TM; Sword and Shield TM
SPECIES_UMBREON	Round	runs	Black and White TM; Black 2 and White 2 TM; X and Y TM; Omega Ruby and Alpha Sapphire TM; Sun and Moon TM; Ultra Sun and Ultra Moon TM; Sword and Shield TM
SPECIES_UMBREON	Stored Power	runs	Black and White egg; Black 2 and White 2 egg; X and Y egg; Omega Ruby and Alpha Sapphire egg; Sun and Moon egg; Ultra Sun and Ultra Moon egg; Sword and Shield TM; Brilliant Diamond and Shining Pearl egg; Scarlet and Violet TM
SPECIES_UMBREON	Synchronoise	partial: plain 120 hit on any foe; the rule that it hits only a foe sharing a type is missing	Black and White egg; Black 2 and White 2 egg; X and Y egg; Omega Ruby and Alpha Sapphire egg; Sun and Moon egg; Ultra Sun and Ultra Moon egg
SPECIES_UMBREON	Tera Blast	runs	Scarlet and Violet TM
SPECIES_UMBREON	Throat Chop	stub: plain hit	Ultra Sun and Ultra Moon tutor; Sword and Shield TM; Scarlet and Violet TM
SPECIES_UMBREON	Trailblaze	runs	Scarlet and Violet TM; Legends Z-A TM
SPECIES_UMBREON	Wonder Room	runs	Black 2 and White 2 tutor; Omega Ruby and Alpha Sapphire tutor; Ultra Sun and Ultra Moon tutor; Sword and Shield TM
SPECIES_UMBREON	Work Up	runs	Black and White TM; Black 2 and White 2 TM; Sun and Moon TM; Ultra Sun and Ultra Moon TM; Sword and Shield TM; Brilliant Diamond and Shining Pearl TM
SPECIES_MURKROW	Acrobatics	runs	Scarlet and Violet TM; Legends Z-A TM
SPECIES_MURKROW	Confide	runs	X and Y TM; Omega Ruby and Alpha Sapphire TM; Sun and Moon TM; Ultra Sun and Ultra Moon TM
SPECIES_MURKROW	Dual Wingbeat	runs	Scarlet and Violet TM
SPECIES_MURKROW	Hex	runs	Scarlet and Violet TM; Legends Z-A TM
SPECIES_MURKROW	Hurricane	runs	Scarlet and Violet TM; Legends Z-A TM
SPECIES_MURKROW	Lash Out	runs	Scarlet and Violet TM
SPECIES_MURKROW	Psychic Noise	runs	Scarlet and Violet TM
SPECIES_MURKROW	Retaliate	runs	Black and White TM; Black 2 and White 2 TM; X and Y TM; Omega Ruby and Alpha Sapphire TM
SPECIES_MURKROW	Round	runs	Black and White TM; Black 2 and White 2 TM; X and Y TM; Omega Ruby and Alpha Sapphire TM; Sun and Moon TM; Ultra Sun and Ultra Moon TM
SPECIES_MURKROW	Tera Blast	runs	Scarlet and Violet TM; Legends Z-A TM
SPECIES_SLOWKING	After You	runs	Black 2 and White 2 tutor; Omega Ruby and Alpha Sapphire tutor; Ultra Sun and Ultra Moon tutor
SPECIES_SLOWKING	Ally Switch	partial: status move running the plain-hit script: its effect never happens	Ultra Sun and Ultra Moon tutor
SPECIES_SLOWKING	Belch	runs	X and Y egg; Omega Ruby and Alpha Sapphire egg; Sun and Moon egg; Ultra Sun and Ultra Moon egg; Sword and Shield egg; Brilliant Diamond and Shining Pearl egg; Scarlet and Violet egg
SPECIES_SLOWKING	Bulldoze	runs	Black and White TM; Black 2 and White 2 TM; X and Y TM; Omega Ruby and Alpha Sapphire TM; Sun and Moon TM; Ultra Sun and Ultra Moon TM; Sword and Shield TM; Brilliant Diamond and Shining Pearl TM; Scarlet and Violet TM
SPECIES_SLOWKING	Chilling Water	runs	Scarlet and Violet TM; Legends Z-A TM
SPECIES_SLOWKING	ChillyReception	partial: status move running the plain-hit script: its effect never happens	Scarlet and Violet egg
SPECIES_SLOWKING	Confide	runs	X and Y TM; Omega Ruby and Alpha Sapphire TM; Sun and Moon TM; Ultra Sun and Ultra Moon TM
SPECIES_SLOWKING	Dragon Tail	runs	Black and White TM; Black 2 and White 2 TM; X and Y TM; Omega Ruby and Alpha Sapphire TM; Sun and Moon TM; Ultra Sun and Ultra Moon TM
SPECIES_SLOWKING	Echoed Voice	runs	Black and White TM; Black 2 and White 2 TM; X and Y TM; Omega Ruby and Alpha Sapphire TM; Sun and Moon TM; Ultra Sun and Ultra Moon TM
SPECIES_SLOWKING	Expanding Force	partial: plain 80 hit; its Psychic Terrain boost waits on terrain	Sword and Shield tutor; Scarlet and Violet TM
SPECIES_SLOWKING	Foul Play	runs	Black 2 and White 2 tutor; Omega Ruby and Alpha Sapphire tutor; Ultra Sun and Ultra Moon tutor; Sword and Shield TM; Scarlet and Violet TM
SPECIES_SLOWKING	Incinerate	runs	Black and White TM; Black 2 and White 2 TM; X and Y TM; Omega Ruby and Alpha Sapphire TM
SPECIES_SLOWKING	Laser Focus	runs	Ultra Sun and Ultra Moon tutor
SPECIES_SLOWKING	Liquidation	runs	Sword and Shield TM; Scarlet and Violet TM; Legends Z-A TM
SPECIES_SLOWKING	Power-Up Punch	runs	X and Y TM; Omega Ruby and Alpha Sapphire TM
SPECIES_SLOWKING	Psychic Noise	runs	Scarlet and Violet TM
SPECIES_SLOWKING	Psychic Terrain	stub: nothing happens (terrain held)	Sword and Shield TM; Scarlet and Violet TM
SPECIES_SLOWKING	Psyshock	runs	Black and White TM; Black 2 and White 2 TM; X and Y TM; Omega Ruby and Alpha Sapphire TM; Sun and Moon TM; Ultra Sun and Ultra Moon TM; Sword and Shield TM; Scarlet and Violet TM; Legends Z-A TM
SPECIES_SLOWKING	Quash	stub: nothing happens	Black and White TM; Black 2 and White 2 TM; X and Y TM; Omega Ruby and Alpha Sapphire TM; Sun and Moon TM; Ultra Sun and Ultra Moon TM
SPECIES_SLOWKING	Razor Shell	runs	Sword and Shield TM
SPECIES_SLOWKING	Round	runs	Black and White TM; Black 2 and White 2 TM; X and Y TM; Omega Ruby and Alpha Sapphire TM; Sun and Moon TM; Ultra Sun and Ultra Moon TM; Sword and Shield TM
SPECIES_SLOWKING	Scald	runs	Black and White TM; Black 2 and White 2 TM; X and Y TM; Omega Ruby and Alpha Sapphire TM; Sun and Moon TM; Ultra Sun and Ultra Moon TM; Sword and Shield TM; Brilliant Diamond and Shining Pearl TM; Scarlet and Violet TM; Legends Z-A TM
SPECIES_SLOWKING	Snowscape	stub: nothing happens	Scarlet and Violet TM
SPECIES_SLOWKING	Stored Power	runs	Sword and Shield TM; Scarlet and Violet TM
SPECIES_SLOWKING	Telekinesis	partial: status move running the plain-hit script: its effect never happens	Black and White TM; Black 2 and White 2 TM; Ultra Sun and Ultra Moon tutor
SPECIES_SLOWKING	Tera Blast	runs	Scarlet and Violet TM
SPECIES_SLOWKING	Wonder Room	runs	Black and White egg; Black 2 and White 2 tutor; Black 2 and White 2 egg; X and Y egg; Omega Ruby and Alpha Sapphire tutor; Omega Ruby and Alpha Sapphire egg; Sun and Moon egg; Ultra Sun and Ultra Moon tutor; Ultra Sun and Ultra Moon egg; Sword and Shield TM; Brilliant Diamond and Shining Pearl egg
SPECIES_MISDREAVUS	Ally Switch	partial: status move running the plain-hit script: its effect never happens	Ultra Sun and Ultra Moon tutor
SPECIES_MISDREAVUS	BurningJealousy	runs	Scarlet and Violet TM
SPECIES_MISDREAVUS	Confide	runs	X and Y TM; Omega Ruby and Alpha Sapphire TM; Sun and Moon TM; Ultra Sun and Ultra Moon TM
SPECIES_MISDREAVUS	Dazzling Gleam	runs	X and Y TM; Omega Ruby and Alpha Sapphire TM; Sun and Moon TM; Ultra Sun and Ultra Moon TM; Brilliant Diamond and Shining Pearl TM; Scarlet and Violet TM; Legends Z-A TM
SPECIES_MISDREAVUS	Draining Kiss	runs	Scarlet and Violet TM; Legends Z-A TM
SPECIES_MISDREAVUS	Echoed Voice	runs	Black and White TM; Black 2 and White 2 TM; X and Y TM; Omega Ruby and Alpha Sapphire TM; Sun and Moon TM; Ultra Sun and Ultra Moon TM
SPECIES_MISDREAVUS	Foul Play	runs	Black 2 and White 2 tutor; Omega Ruby and Alpha Sapphire tutor; Ultra Sun and Ultra Moon tutor; Scarlet and Violet TM; Legends Z-A TM
SPECIES_MISDREAVUS	Magic Room	partial: status move running the plain-hit script: its effect never happens	Black 2 and White 2 tutor; Omega Ruby and Alpha Sapphire tutor; Ultra Sun and Ultra Moon tutor
SPECIES_MISDREAVUS	Phantom Force	runs	Scarlet and Violet TM; Legends Z-A TM
SPECIES_MISDREAVUS	Poltergeist	runs	Scarlet and Violet TM
SPECIES_MISDREAVUS	Psychic Noise	runs	Scarlet and Violet TM
SPECIES_MISDREAVUS	Psyshock	runs	Scarlet and Violet TM; Legends Z-A TM
SPECIES_MISDREAVUS	Round	runs	Black and White TM; Black 2 and White 2 TM; X and Y TM; Omega Ruby and Alpha Sapphire TM; Sun and Moon TM; Ultra Sun and Ultra Moon TM
SPECIES_MISDREAVUS	Snowscape	stub: nothing happens	Scarlet and Violet TM; Legends Z-A TM
SPECIES_MISDREAVUS	Stored Power	runs	Scarlet and Violet TM; Legends Z-A TM
SPECIES_MISDREAVUS	Telekinesis	partial: status move running the plain-hit script: its effect never happens	Black and White TM; Black 2 and White 2 TM; Ultra Sun and Ultra Moon tutor
SPECIES_MISDREAVUS	Tera Blast	runs	Scarlet and Violet TM; Legends Z-A TM
SPECIES_MISDREAVUS	Wonder Room	runs	Black and White egg; Black 2 and White 2 tutor; Black 2 and White 2 egg; X and Y egg; Omega Ruby and Alpha Sapphire tutor; Omega Ruby and Alpha Sapphire egg; Sun and Moon egg; Ultra Sun and Ultra Moon tutor; Ultra Sun and Ultra Moon egg; Brilliant Diamond and Shining Pearl egg; Scarlet and Violet egg; Legends Z-A TM; Legends Z-A egg
SPECIES_GIRAFARIG	Ally Switch	partial: status move running the plain-hit script: its effect never happens	Ultra Sun and Ultra Moon tutor; Scarlet and Violet egg; Legends Z-A TM; Legends Z-A egg
SPECIES_GIRAFARIG	Bulldoze	runs	Black and White TM; Black 2 and White 2 TM; X and Y TM; Omega Ruby and Alpha Sapphire TM; Sun and Moon TM; Ultra Sun and Ultra Moon TM; Brilliant Diamond and Shining Pearl TM; Scarlet and Violet TM; Legends Z-A TM
SPECIES_GIRAFARIG	Confide	runs	X and Y TM; Omega Ruby and Alpha Sapphire TM; Sun and Moon TM; Ultra Sun and Ultra Moon TM
SPECIES_GIRAFARIG	Dazzling Gleam	runs	X and Y TM; Omega Ruby and Alpha Sapphire TM; Sun and Moon TM; Ultra Sun and Ultra Moon TM; Brilliant Diamond and Shining Pearl TM; Scarlet and Violet TM; Legends Z-A TM
SPECIES_GIRAFARIG	Echoed Voice	runs	Black and White TM; Black 2 and White 2 TM; X and Y TM; Omega Ruby and Alpha Sapphire TM; Sun and Moon TM; Ultra Sun and Ultra Moon TM
SPECIES_GIRAFARIG	Expanding Force	partial: plain 80 hit; its Psychic Terrain boost waits on terrain	Scarlet and Violet TM
SPECIES_GIRAFARIG	Foul Play	runs	Black 2 and White 2 tutor; Omega Ruby and Alpha Sapphire tutor; Ultra Sun and Ultra Moon tutor; Scarlet and Violet TM; Legends Z-A TM
SPECIES_GIRAFARIG	High Horsepower	runs	Scarlet and Violet TM
SPECIES_GIRAFARIG	Psychic Fangs	runs	Ultra Sun and Ultra Moon egg; Scarlet and Violet TM; Legends Z-A TM
SPECIES_GIRAFARIG	Psychic Noise	runs	Scarlet and Violet TM
SPECIES_GIRAFARIG	Psychic Terrain	stub: nothing happens (terrain held)	Ultra Sun and Ultra Moon egg; Scarlet and Violet TM; Legends Z-A TM
SPECIES_GIRAFARIG	Psyshock	runs	Black and White TM; Black 2 and White 2 TM; X and Y TM; Omega Ruby and Alpha Sapphire TM; Sun and Moon TM; Ultra Sun and Ultra Moon TM; Scarlet and Violet TM; Legends Z-A TM
SPECIES_GIRAFARIG	Retaliate	runs	Black and White TM; Black 2 and White 2 TM; X and Y TM; Omega Ruby and Alpha Sapphire TM
SPECIES_GIRAFARIG	Round	runs	Black and White TM; Black 2 and White 2 TM; X and Y TM; Omega Ruby and Alpha Sapphire TM; Sun and Moon TM; Ultra Sun and Ultra Moon TM
SPECIES_GIRAFARIG	StompingTantrum	runs	Ultra Sun and Ultra Moon tutor; Scarlet and Violet TM; Legends Z-A TM
SPECIES_GIRAFARIG	Stored Power	runs	Scarlet and Violet TM; Legends Z-A TM
SPECIES_GIRAFARIG	Telekinesis	partial: status move running the plain-hit script: its effect never happens	Black and White TM; Black 2 and White 2 TM; Ultra Sun and Ultra Moon tutor
SPECIES_GIRAFARIG	Tera Blast	runs	Scarlet and Violet TM; Legends Z-A TM
SPECIES_GIRAFARIG	Trailblaze	runs	Scarlet and Violet TM; Legends Z-A TM
SPECIES_GIRAFARIG	Work Up	runs	Black and White TM; Black 2 and White 2 TM; Sun and Moon TM; Ultra Sun and Ultra Moon TM; Brilliant Diamond and Shining Pearl TM
SPECIES_GLIGAR	Breaking Swipe	runs	Scarlet and Violet TM
SPECIES_GLIGAR	Bulldoze	runs	Black and White TM; Black 2 and White 2 TM; X and Y TM; Omega Ruby and Alpha Sapphire TM; Sun and Moon TM; Ultra Sun and Ultra Moon TM; Brilliant Diamond and Shining Pearl TM; Scarlet and Violet TM; Legends Z-A TM
SPECIES_GLIGAR	Confide	runs	X and Y TM; Omega Ruby and Alpha Sapphire TM; Sun and Moon TM; Ultra Sun and Ultra Moon TM
SPECIES_GLIGAR	Dual Wingbeat	runs	Scarlet and Violet TM; Legends Z-A TM
SPECIES_GLIGAR	High Horsepower	runs	Scarlet and Violet TM
SPECIES_GLIGAR	Hone Claws	runs	Black and White TM; Black 2 and White 2 TM; X and Y TM; Omega Ruby and Alpha Sapphire TM
SPECIES_GLIGAR	Lunge	runs	Scarlet and Violet TM
SPECIES_GLIGAR	Psychic Fangs	runs	Scarlet and Violet TM
SPECIES_GLIGAR	Round	runs	Black and White TM; Black 2 and White 2 TM; X and Y TM; Omega Ruby and Alpha Sapphire TM; Sun and Moon TM; Ultra Sun and Ultra Moon TM; Legends Z-A TM
SPECIES_GLIGAR	Scale Shot	partial: hits two to five times; the Speed rise and Defense drop are missing	Scarlet and Violet TM
SPECIES_GLIGAR	Skitter Smack	runs	Scarlet and Violet TM
SPECIES_GLIGAR	Struggle Bug	runs	Black and White TM; Black 2 and White 2 TM; X and Y TM; Omega Ruby and Alpha Sapphire TM; Scarlet and Violet TM
SPECIES_GLIGAR	Tera Blast	runs	Scarlet and Violet TM
SPECIES_GLIGAR	Throat Chop	stub: plain hit	Ultra Sun and Ultra Moon tutor; Scarlet and Violet TM; Legends Z-A TM
SPECIES_GLIGAR	Venoshock	runs	Black and White TM; Black 2 and White 2 TM; X and Y TM; Omega Ruby and Alpha Sapphire TM; Sun and Moon TM; Ultra Sun and Ultra Moon TM; Scarlet and Violet TM; Legends Z-A TM
SPECIES_STEELIX	Body Press	runs	Sword and Shield TM
SPECIES_STEELIX	Brutal Swing	runs	Sun and Moon TM; Ultra Sun and Ultra Moon TM; Sword and Shield TM
SPECIES_STEELIX	Confide	runs	X and Y TM; Omega Ruby and Alpha Sapphire TM; Sun and Moon TM; Ultra Sun and Ultra Moon TM
SPECIES_STEELIX	Dragon Tail	runs	Black and White TM; Black 2 and White 2 TM; X and Y TM; Omega Ruby and Alpha Sapphire TM; Sun and Moon TM; Ultra Sun and Ultra Moon TM; Sword and Shield egg; Brilliant Diamond and Shining Pearl egg
SPECIES_STEELIX	Drill Run	runs	Sword and Shield TM
SPECIES_STEELIX	Meteor Beam	runs	Sword and Shield tutor; Legends Z-A TM
SPECIES_STEELIX	Psychic Fangs	runs	Sword and Shield TM; Legends Z-A TM
SPECIES_STEELIX	Rototiller	partial: status move running the plain-hit script: its effect never happens	X and Y egg; Omega Ruby and Alpha Sapphire egg; Sun and Moon egg; Ultra Sun and Ultra Moon egg
SPECIES_STEELIX	Round	runs	Black and White TM; Black 2 and White 2 TM; X and Y TM; Omega Ruby and Alpha Sapphire TM; Sun and Moon TM; Ultra Sun and Ultra Moon TM; Sword and Shield TM
SPECIES_STEELIX	Scorching Sands	runs	Sword and Shield tutor; Legends Z-A TM
SPECIES_STEELIX	Steel Beam	runs	Sword and Shield tutor; Legends Z-A TM
SPECIES_STEELIX	Steel Roller	stub: plain 130 hit, should fail without terrain	Sword and Shield tutor
SPECIES_STEELIX	StompingTantrum	runs	Ultra Sun and Ultra Moon tutor; Sword and Shield TM
SPECIES_STEELIX	Wide Guard	runs	Ultra Sun and Ultra Moon egg; Sword and Shield egg; Brilliant Diamond and Shining Pearl egg
SPECIES_SNUBBULL	Bulldoze	runs	Black and White TM; Black 2 and White 2 TM; X and Y TM; Omega Ruby and Alpha Sapphire TM; Sun and Moon TM; Ultra Sun and Ultra Moon TM; Brilliant Diamond and Shining Pearl TM; Scarlet and Violet TM; Legends Z-A TM
SPECIES_SNUBBULL	Confide	runs	X and Y TM; Omega Ruby and Alpha Sapphire TM; Sun and Moon TM; Ultra Sun and Ultra Moon TM
SPECIES_SNUBBULL	Dazzling Gleam	runs	X and Y TM; Omega Ruby and Alpha Sapphire TM; Sun and Moon TM; Ultra Sun and Ultra Moon TM; Brilliant Diamond and Shining Pearl TM; Scarlet and Violet TM; Legends Z-A TM
SPECIES_SNUBBULL	Incinerate	runs	Black and White TM; Black 2 and White 2 TM; X and Y TM; Omega Ruby and Alpha Sapphire TM
SPECIES_SNUBBULL	Lash Out	runs	Scarlet and Violet TM
SPECIES_SNUBBULL	Power-Up Punch	runs	X and Y TM; Omega Ruby and Alpha Sapphire TM
SPECIES_SNUBBULL	Psychic Fangs	runs	Scarlet and Violet TM
SPECIES_SNUBBULL	Retaliate	runs	Black and White TM; Black 2 and White 2 TM; X and Y TM; Omega Ruby and Alpha Sapphire TM; Scarlet and Violet egg; Legends Z-A TM
SPECIES_SNUBBULL	Round	runs	Black and White TM; Black 2 and White 2 TM; X and Y TM; Omega Ruby and Alpha Sapphire TM; Sun and Moon TM; Ultra Sun and Ultra Moon TM; Legends Z-A TM
SPECIES_SNUBBULL	Snarl	runs	Black and White TM; Black 2 and White 2 TM; X and Y TM; Omega Ruby and Alpha Sapphire TM; Sun and Moon TM; Ultra Sun and Ultra Moon TM; Brilliant Diamond and Shining Pearl TM; Scarlet and Violet TM; Legends Z-A TM
SPECIES_SNUBBULL	StompingTantrum	runs	Scarlet and Violet TM
SPECIES_SNUBBULL	Temper Flare	runs	Scarlet and Violet TM
SPECIES_SNUBBULL	Tera Blast	runs	Scarlet and Violet TM
SPECIES_SNUBBULL	Trailblaze	runs	Scarlet and Violet TM
SPECIES_SNUBBULL	Wild Charge	runs	Black and White TM; Black 2 and White 2 TM; X and Y TM; Omega Ruby and Alpha Sapphire TM; Sun and Moon TM; Ultra Sun and Ultra Moon TM; Scarlet and Violet TM; Legends Z-A TM
SPECIES_SNUBBULL	Work Up	runs	Black and White TM; Black 2 and White 2 TM; Sun and Moon TM; Ultra Sun and Ultra Moon TM; Brilliant Diamond and Shining Pearl TM; Legends Z-A TM
SPECIES_GRANBULL	Bulldoze	runs	Black and White TM; Black 2 and White 2 TM; X and Y TM; Omega Ruby and Alpha Sapphire TM; Sun and Moon TM; Ultra Sun and Ultra Moon TM; Brilliant Diamond and Shining Pearl TM; Scarlet and Violet TM; Legends Z-A TM
SPECIES_GRANBULL	Confide	runs	X and Y TM; Omega Ruby and Alpha Sapphire TM; Sun and Moon TM; Ultra Sun and Ultra Moon TM
SPECIES_GRANBULL	Dazzling Gleam	runs	X and Y TM; Omega Ruby and Alpha Sapphire TM; Sun and Moon TM; Ultra Sun and Ultra Moon TM; Brilliant Diamond and Shining Pearl TM; Scarlet and Violet TM; Legends Z-A TM
SPECIES_GRANBULL	Incinerate	runs	Black and White TM; Black 2 and White 2 TM; X and Y TM; Omega Ruby and Alpha Sapphire TM
SPECIES_GRANBULL	Lash Out	runs	Scarlet and Violet TM
SPECIES_GRANBULL	Low Sweep	runs	Scarlet and Violet TM
SPECIES_GRANBULL	Power-Up Punch	runs	X and Y TM; Omega Ruby and Alpha Sapphire TM
SPECIES_GRANBULL	Psychic Fangs	runs	Scarlet and Violet TM; Legends Z-A TM
SPECIES_GRANBULL	Retaliate	runs	Black and White TM; Black 2 and White 2 TM; X and Y TM; Omega Ruby and Alpha Sapphire TM; Scarlet and Violet egg; Legends Z-A TM
SPECIES_GRANBULL	Round	runs	Black and White TM; Black 2 and White 2 TM; X and Y TM; Omega Ruby and Alpha Sapphire TM; Sun and Moon TM; Ultra Sun and Ultra Moon TM; Legends Z-A TM
SPECIES_GRANBULL	Snarl	runs	Black and White TM; Black 2 and White 2 TM; X and Y TM; Omega Ruby and Alpha Sapphire TM; Sun and Moon TM; Ultra Sun and Ultra Moon TM; Brilliant Diamond and Shining Pearl TM; Scarlet and Violet TM; Legends Z-A TM
SPECIES_GRANBULL	StompingTantrum	runs	Ultra Sun and Ultra Moon tutor; Scarlet and Violet TM; Legends Z-A TM
SPECIES_GRANBULL	Temper Flare	runs	Scarlet and Violet TM
SPECIES_GRANBULL	Tera Blast	runs	Scarlet and Violet TM
SPECIES_GRANBULL	Trailblaze	runs	Scarlet and Violet TM
SPECIES_GRANBULL	Wild Charge	runs	Black and White TM; Black 2 and White 2 TM; X and Y TM; Omega Ruby and Alpha Sapphire TM; Sun and Moon TM; Ultra Sun and Ultra Moon TM; Scarlet and Violet TM; Legends Z-A TM
SPECIES_GRANBULL	Work Up	runs	Black and White TM; Black 2 and White 2 TM; Sun and Moon TM; Ultra Sun and Ultra Moon TM; Brilliant Diamond and Shining Pearl TM; Legends Z-A TM
SPECIES_QWILFISH	Acid Spray	runs	Black and White egg; Black 2 and White 2 egg; X and Y egg; Omega Ruby and Alpha Sapphire egg; Sun and Moon egg; Ultra Sun and Ultra Moon egg; Sword and Shield egg; Brilliant Diamond and Shining Pearl egg; Scarlet and Violet TM; Scarlet and Violet egg; Legends Z-A TM
SPECIES_QWILFISH	Chilling Water	runs	Scarlet and Violet TM; Legends Z-A TM
SPECIES_QWILFISH	Confide	runs	X and Y TM; Omega Ruby and Alpha Sapphire TM; Sun and Moon TM; Ultra Sun and Ultra Moon TM
SPECIES_QWILFISH	Flip Turn	runs	Scarlet and Violet TM; Legends Z-A TM
SPECIES_QWILFISH	Hex	runs	Sword and Shield TM; Scarlet and Violet TM
SPECIES_QWILFISH	Liquidation	runs	Ultra Sun and Ultra Moon tutor; Sword and Shield TM; Scarlet and Violet TM; Legends Z-A TM
SPECIES_QWILFISH	Round	runs	Black and White TM; Black 2 and White 2 TM; X and Y TM; Omega Ruby and Alpha Sapphire TM; Sun and Moon TM; Ultra Sun and Ultra Moon TM; Sword and Shield TM
SPECIES_QWILFISH	Scald	runs	Black and White TM; Black 2 and White 2 TM; X and Y TM; Omega Ruby and Alpha Sapphire TM; Sun and Moon TM; Ultra Sun and Ultra Moon TM; Sword and Shield TM; Brilliant Diamond and Shining Pearl TM
SPECIES_QWILFISH	Scale Shot	partial: hits two to five times; the Speed rise and Defense drop are missing	Sword and Shield tutor; Scarlet and Violet TM; Legends Z-A TM
SPECIES_QWILFISH	Sludge Wave	runs	Black and White TM; Black 2 and White 2 TM; X and Y TM; Omega Ruby and Alpha Sapphire TM; Sun and Moon TM; Ultra Sun and Ultra Moon TM; Sword and Shield TM; Scarlet and Violet TM
SPECIES_QWILFISH	Steel Roller	stub: plain 130 hit, should fail without terrain	Sword and Shield tutor
SPECIES_QWILFISH	Tera Blast	runs	Scarlet and Violet TM
SPECIES_QWILFISH	Throat Chop	stub: plain hit	Ultra Sun and Ultra Moon tutor; Sword and Shield TM; Scarlet and Violet TM
SPECIES_QWILFISH	Venom Drench	runs	Sword and Shield TM
SPECIES_QWILFISH	Venoshock	runs	Black and White TM; Black 2 and White 2 TM; X and Y TM; Omega Ruby and Alpha Sapphire TM; Sun and Moon TM; Ultra Sun and Ultra Moon TM; Sword and Shield TM; Scarlet and Violet TM
SPECIES_SCIZOR	Acrobatics	runs	Black and White TM; Black 2 and White 2 TM; X and Y TM; Omega Ruby and Alpha Sapphire TM; Sun and Moon TM; Ultra Sun and Ultra Moon TM; Sword and Shield TM; Scarlet and Violet TM
SPECIES_SCIZOR	Confide	runs	X and Y TM; Omega Ruby and Alpha Sapphire TM; Sun and Moon TM; Ultra Sun and Ultra Moon TM
SPECIES_SCIZOR	Dual Chop	runs	Legends Z-A TM
SPECIES_SCIZOR	Dual Wingbeat	runs	Sword and Shield tutor; Scarlet and Violet TM; Legends Z-A TM
SPECIES_SCIZOR	Hard Press	runs	Scarlet and Violet TM
SPECIES_SCIZOR	Pounce	runs	Scarlet and Violet TM
SPECIES_SCIZOR	Quick Guard	runs	X and Y egg; Omega Ruby and Alpha Sapphire egg; Sun and Moon egg; Ultra Sun and Ultra Moon egg; Sword and Shield egg; Brilliant Diamond and Shining Pearl egg; Scarlet and Violet egg
SPECIES_SCIZOR	Round	runs	Black and White TM; Black 2 and White 2 TM; X and Y TM; Omega Ruby and Alpha Sapphire TM; Sun and Moon TM; Ultra Sun and Ultra Moon TM; Sword and Shield TM
SPECIES_SCIZOR	Skitter Smack	runs	Scarlet and Violet TM
SPECIES_SCIZOR	Steel Beam	runs	Sword and Shield tutor; Scarlet and Violet TM; Legends Z-A TM
SPECIES_SCIZOR	Struggle Bug	runs	Black and White TM; Black 2 and White 2 TM; X and Y TM; Omega Ruby and Alpha Sapphire TM; Scarlet and Violet TM
SPECIES_SCIZOR	Tera Blast	runs	Scarlet and Violet TM
SPECIES_SCIZOR	Trailblaze	runs	Scarlet and Violet TM; Legends Z-A TM
SPECIES_SCIZOR	Venoshock	runs	Black and White TM; Black 2 and White 2 TM; X and Y TM; Omega Ruby and Alpha Sapphire TM; Sun and Moon TM; Ultra Sun and Ultra Moon TM; Sword and Shield TM
SPECIES_HERACROSS	Brutal Swing	runs	Sun and Moon TM; Ultra Sun and Ultra Moon TM; Sword and Shield TM
SPECIES_HERACROSS	Bulldoze	runs	Black and White TM; Black 2 and White 2 TM; X and Y TM; Omega Ruby and Alpha Sapphire TM; Sun and Moon TM; Ultra Sun and Ultra Moon TM; Sword and Shield TM; Brilliant Diamond and Shining Pearl TM; Scarlet and Violet TM; Legends Z-A TM
SPECIES_HERACROSS	Circle Throw	runs	Legends Z-A TM
SPECIES_HERACROSS	Coaching	runs	Sword and Shield tutor; Scarlet and Violet TM
SPECIES_HERACROSS	Confide	runs	X and Y TM; Omega Ruby and Alpha Sapphire TM; Sun and Moon TM; Ultra Sun and Ultra Moon TM
SPECIES_HERACROSS	High Horsepower	runs	Sword and Shield TM; Scarlet and Violet TM
SPECIES_HERACROSS	Pounce	runs	Scarlet and Violet TM
SPECIES_HERACROSS	Retaliate	runs	Black and White TM; Black 2 and White 2 TM; X and Y TM; Omega Ruby and Alpha Sapphire TM; Sword and Shield TM
SPECIES_HERACROSS	Round	runs	Black and White TM; Black 2 and White 2 TM; X and Y TM; Omega Ruby and Alpha Sapphire TM; Sun and Moon TM; Ultra Sun and Ultra Moon TM; Sword and Shield TM
SPECIES_HERACROSS	Skitter Smack	runs	Scarlet and Violet TM
SPECIES_HERACROSS	Smack Down	runs	Black and White TM; Black 2 and White 2 TM; X and Y TM; Omega Ruby and Alpha Sapphire TM; Sun and Moon TM; Ultra Sun and Ultra Moon TM; Scarlet and Violet TM
SPECIES_HERACROSS	Smart Strike	runs	Sword and Shield TM; Scarlet and Violet TM
SPECIES_HERACROSS	Struggle Bug	runs	Black and White TM; Black 2 and White 2 TM; X and Y TM; Omega Ruby and Alpha Sapphire TM; Scarlet and Violet TM
SPECIES_HERACROSS	Tera Blast	runs	Scarlet and Violet TM
SPECIES_HERACROSS	Trailblaze	runs	Scarlet and Violet TM; Legends Z-A TM
SPECIES_HERACROSS	Upper Hand	runs	Scarlet and Violet TM
SPECIES_HERACROSS	Venoshock	runs	Black and White TM; Black 2 and White 2 TM; X and Y TM; Omega Ruby and Alpha Sapphire TM; Sun and Moon TM; Ultra Sun and Ultra Moon TM; Sword and Shield TM
SPECIES_HERACROSS	Work Up	runs	Black and White TM; Black 2 and White 2 TM; Sun and Moon TM; Ultra Sun and Ultra Moon TM; Sword and Shield TM; Brilliant Diamond and Shining Pearl TM; Legends Z-A TM
SPECIES_SNEASEL	Confide	runs	X and Y TM; Omega Ruby and Alpha Sapphire TM; Sun and Moon TM; Ultra Sun and Ultra Moon TM
SPECIES_SNEASEL	Foul Play	runs	Black 2 and White 2 tutor; Omega Ruby and Alpha Sapphire tutor; Ultra Sun and Ultra Moon tutor; Sword and Shield TM; Scarlet and Violet TM; Legends Z-A TM
SPECIES_SNEASEL	Icicle Crash	runs	X and Y egg; Omega Ruby and Alpha Sapphire egg; Sun and Moon egg; Ultra Sun and Ultra Moon egg; Sword and Shield egg; Brilliant Diamond and Shining Pearl egg; Scarlet and Violet egg; Legends Z-A TM; Legends Z-A egg
SPECIES_SNEASEL	Laser Focus	runs	Ultra Sun and Ultra Moon tutor
SPECIES_SNEASEL	Lash Out	runs	Sword and Shield tutor; Scarlet and Violet TM
SPECIES_SNEASEL	Low Sweep	runs	Black and White TM; Black 2 and White 2 TM; X and Y TM; Omega Ruby and Alpha Sapphire TM; Sun and Moon TM; Ultra Sun and Ultra Moon TM; Sword and Shield TM; Brilliant Diamond and Shining Pearl TM; Scarlet and Violet TM; Legends Z-A TM
SPECIES_SNEASEL	Power-Up Punch	runs	X and Y TM; Omega Ruby and Alpha Sapphire TM
SPECIES_SNEASEL	Retaliate	runs	Black and White TM; Black 2 and White 2 TM; X and Y TM; Omega Ruby and Alpha Sapphire TM; Sword and Shield TM
SPECIES_SNEASEL	Round	runs	Black and White TM; Black 2 and White 2 TM; X and Y TM; Omega Ruby and Alpha Sapphire TM; Sun and Moon TM; Ultra Sun and Ultra Moon TM; Sword and Shield TM
SPECIES_SNEASEL	Snarl	runs	Black and White TM; Black 2 and White 2 TM; X and Y TM; Omega Ruby and Alpha Sapphire TM; Sun and Moon TM; Ultra Sun and Ultra Moon TM; Sword and Shield TM; Brilliant Diamond and Shining Pearl TM; Legends Arceus tutor; Scarlet and Violet TM; Legends Z-A TM
SPECIES_SNEASEL	Snowscape	stub: nothing happens	Scarlet and Violet TM; Legends Z-A TM
SPECIES_SNEASEL	Tera Blast	runs	Scarlet and Violet TM; Legends Z-A TM
SPECIES_SNEASEL	Throat Chop	stub: plain hit	Sun and Moon egg; Ultra Sun and Ultra Moon tutor; Ultra Sun and Ultra Moon egg; Sword and Shield TM; Brilliant Diamond and Shining Pearl egg; Scarlet and Violet TM
SPECIES_SNEASEL	Trailblaze	runs	Scarlet and Violet TM; Legends Z-A TM
SPECIES_SNEASEL	Triple Axel	runs	Sword and Shield tutor; Scarlet and Violet TM
SPECIES_SNEASEL	Upper Hand	runs	Scarlet and Violet TM
SPECIES_SLUGMA	After You	runs	Black 2 and White 2 tutor; Omega Ruby and Alpha Sapphire tutor; Ultra Sun and Ultra Moon tutor
SPECIES_SLUGMA	Bulldoze	runs	Scarlet and Violet TM
SPECIES_SLUGMA	BurningJealousy	runs	Legends Z-A TM
SPECIES_SLUGMA	Confide	runs	X and Y TM; Omega Ruby and Alpha Sapphire TM; Sun and Moon TM; Ultra Sun and Ultra Moon TM
SPECIES_SLUGMA	Flame Charge	runs	Black and White TM; Black 2 and White 2 TM; X and Y TM; Omega Ruby and Alpha Sapphire TM; Sun and Moon TM; Ultra Sun and Ultra Moon TM; Scarlet and Violet TM
SPECIES_SLUGMA	Heat Crash	runs	Scarlet and Violet TM
SPECIES_SLUGMA	High Horsepower	runs	Scarlet and Violet TM
SPECIES_SLUGMA	Inferno	runs	Black and White egg; Black 2 and White 2 egg; X and Y egg; Omega Ruby and Alpha Sapphire egg; Sun and Moon egg; Ultra Sun and Ultra Moon egg; Brilliant Diamond and Shining Pearl egg; Scarlet and Violet egg
SPECIES_SLUGMA	Infestation	runs	X and Y TM; Omega Ruby and Alpha Sapphire TM; Sun and Moon TM; Ultra Sun and Ultra Moon TM
SPECIES_SLUGMA	Round	runs	Black and White TM; Black 2 and White 2 TM; X and Y TM; Omega Ruby and Alpha Sapphire TM; Sun and Moon TM; Ultra Sun and Ultra Moon TM; Legends Z-A TM
SPECIES_SLUGMA	Scorching Sands	runs	Legends Z-A TM
SPECIES_SLUGMA	Skitter Smack	runs	Legends Z-A TM
SPECIES_SLUGMA	Smack Down	runs	Scarlet and Violet TM
SPECIES_SLUGMA	Temper Flare	runs	Scarlet and Violet TM
SPECIES_SLUGMA	Tera Blast	runs	Scarlet and Violet TM
SPECIES_MAGCARGO	After You	runs	Black 2 and White 2 tutor; Omega Ruby and Alpha Sapphire tutor; Ultra Sun and Ultra Moon tutor
SPECIES_MAGCARGO	Bulldoze	runs	Black and White TM; Black 2 and White 2 TM; X and Y TM; Omega Ruby and Alpha Sapphire TM; Sun and Moon TM; Ultra Sun and Ultra Moon TM; Brilliant Diamond and Shining Pearl TM; Scarlet and Violet TM; Legends Z-A TM
SPECIES_MAGCARGO	BurningJealousy	runs	Scarlet and Violet TM; Legends Z-A TM
SPECIES_MAGCARGO	Confide	runs	X and Y TM; Omega Ruby and Alpha Sapphire TM; Sun and Moon TM; Ultra Sun and Ultra Moon TM
SPECIES_MAGCARGO	Flame Charge	runs	Black and White TM; Black 2 and White 2 TM; X and Y TM; Omega Ruby and Alpha Sapphire TM; Sun and Moon TM; Ultra Sun and Ultra Moon TM; Scarlet and Violet TM
SPECIES_MAGCARGO	Heat Crash	runs	Scarlet and Violet TM; Legends Z-A TM
SPECIES_MAGCARGO	Inferno	runs	Black and White egg; Black 2 and White 2 egg; X and Y egg; Omega Ruby and Alpha Sapphire egg; Sun and Moon egg; Ultra Sun and Ultra Moon egg; Brilliant Diamond and Shining Pearl egg; Scarlet and Violet egg
SPECIES_MAGCARGO	Infestation	runs	X and Y TM; Omega Ruby and Alpha Sapphire TM; Sun and Moon TM; Ultra Sun and Ultra Moon TM
SPECIES_MAGCARGO	Round	runs	Black and White TM; Black 2 and White 2 TM; X and Y TM; Omega Ruby and Alpha Sapphire TM; Sun and Moon TM; Ultra Sun and Ultra Moon TM; Legends Z-A TM
SPECIES_MAGCARGO	Scorching Sands	runs	Scarlet and Violet TM; Legends Z-A TM
SPECIES_MAGCARGO	Skitter Smack	runs	Legends Z-A TM
SPECIES_MAGCARGO	Smack Down	runs	Black and White TM; Black 2 and White 2 TM; X and Y TM; Omega Ruby and Alpha Sapphire TM; Sun and Moon TM; Ultra Sun and Ultra Moon TM; Scarlet and Violet TM
SPECIES_MAGCARGO	StompingTantrum	runs	Ultra Sun and Ultra Moon tutor; Scarlet and Violet TM; Legends Z-A TM
SPECIES_MAGCARGO	Temper Flare	runs	Scarlet and Violet TM
SPECIES_MAGCARGO	Tera Blast	runs	Scarlet and Violet TM
SPECIES_SWINUB	Confide	runs	X and Y TM; Omega Ruby and Alpha Sapphire TM; Sun and Moon TM; Ultra Sun and Ultra Moon TM
SPECIES_SWINUB	Freeze-Dry	runs	X and Y egg; Omega Ruby and Alpha Sapphire egg; Sun and Moon egg; Ultra Sun and Ultra Moon egg; Sword and Shield egg; Brilliant Diamond and Shining Pearl egg; Scarlet and Violet egg; Legends Z-A TM; Legends Z-A egg
SPECIES_SWINUB	Round	runs	Black and White TM; Black 2 and White 2 TM; X and Y TM; Omega Ruby and Alpha Sapphire TM; Sun and Moon TM; Ultra Sun and Ultra Moon TM; Sword and Shield TM; Legends Z-A TM
SPECIES_SWINUB	Smack Down	runs	Scarlet and Violet TM
SPECIES_SWINUB	Snowscape	stub: nothing happens	Scarlet and Violet TM
SPECIES_SWINUB	StompingTantrum	runs	Scarlet and Violet TM
SPECIES_SWINUB	Tera Blast	runs	Scarlet and Violet TM
SPECIES_SWINUB	Trailblaze	runs	Scarlet and Violet TM
SPECIES_PILOSWINE	Confide	runs	X and Y TM; Omega Ruby and Alpha Sapphire TM; Sun and Moon TM; Ultra Sun and Ultra Moon TM
SPECIES_PILOSWINE	Freeze-Dry	runs	X and Y egg; Omega Ruby and Alpha Sapphire egg; Sun and Moon egg; Ultra Sun and Ultra Moon egg; Sword and Shield egg; Brilliant Diamond and Shining Pearl egg; Scarlet and Violet egg
SPECIES_PILOSWINE	Round	runs	Black and White TM; Black 2 and White 2 TM; X and Y TM; Omega Ruby and Alpha Sapphire TM; Sun and Moon TM; Ultra Sun and Ultra Moon TM; Sword and Shield TM; Legends Z-A TM
SPECIES_PILOSWINE	Smack Down	runs	Scarlet and Violet TM
SPECIES_PILOSWINE	Snowscape	stub: nothing happens	Scarlet and Violet TM
SPECIES_PILOSWINE	StompingTantrum	runs	Ultra Sun and Ultra Moon tutor; Sword and Shield TM; Scarlet and Violet TM; Legends Z-A TM
SPECIES_PILOSWINE	Tera Blast	runs	Scarlet and Violet TM
SPECIES_PILOSWINE	Throat Chop	stub: plain hit	Scarlet and Violet TM
SPECIES_PILOSWINE	Trailblaze	runs	Scarlet and Violet TM
SPECIES_CORSOLA	Bulldoze	runs	Black and White TM; Black 2 and White 2 TM; X and Y TM; Omega Ruby and Alpha Sapphire TM; Sun and Moon TM; Ultra Sun and Ultra Moon TM; Sword and Shield TM; Brilliant Diamond and Shining Pearl TM; Legends Z-A TM
SPECIES_CORSOLA	Confide	runs	X and Y TM; Omega Ruby and Alpha Sapphire TM; Sun and Moon TM; Ultra Sun and Ultra Moon TM
SPECIES_CORSOLA	Liquidation	runs	Sun and Moon egg; Ultra Sun and Ultra Moon tutor; Ultra Sun and Ultra Moon egg; Sword and Shield TM; Brilliant Diamond and Shining Pearl egg; Legends Z-A TM
SPECIES_CORSOLA	Meteor Beam	runs	Sword and Shield tutor; Legends Z-A TM
SPECIES_CORSOLA	Round	runs	Black and White TM; Black 2 and White 2 TM; X and Y TM; Omega Ruby and Alpha Sapphire TM; Sun and Moon TM; Ultra Sun and Ultra Moon TM; Sword and Shield TM; Legends Z-A TM
SPECIES_CORSOLA	Scald	runs	Black and White TM; Black 2 and White 2 TM; X and Y TM; Omega Ruby and Alpha Sapphire TM; Sun and Moon TM; Ultra Sun and Ultra Moon TM; Sword and Shield TM; Brilliant Diamond and Shining Pearl TM; Legends Z-A TM
SPECIES_CORSOLA	StompingTantrum	runs	Ultra Sun and Ultra Moon tutor; Sword and Shield TM; Legends Z-A TM
SPECIES_CORSOLA	Throat Chop	stub: plain hit	Ultra Sun and Ultra Moon tutor; Sword and Shield TM; Legends Z-A TM
SPECIES_REMORAID	Confide	runs	X and Y TM; Omega Ruby and Alpha Sapphire TM; Sun and Moon TM; Ultra Sun and Ultra Moon TM
SPECIES_REMORAID	Entrainment	runs	X and Y egg; Omega Ruby and Alpha Sapphire egg; Sun and Moon egg; Ultra Sun and Ultra Moon egg; Brilliant Diamond and Shining Pearl egg
SPECIES_REMORAID	Incinerate	runs	Black and White TM; Black 2 and White 2 TM; X and Y TM; Omega Ruby and Alpha Sapphire TM
SPECIES_REMORAID	Round	runs	Black and White TM; Black 2 and White 2 TM; X and Y TM; Omega Ruby and Alpha Sapphire TM; Sun and Moon TM; Ultra Sun and Ultra Moon TM; Sword and Shield TM; Legends Z-A TM
SPECIES_REMORAID	Scald	runs	Black and White TM; Black 2 and White 2 TM; X and Y TM; Omega Ruby and Alpha Sapphire TM; Sun and Moon TM; Ultra Sun and Ultra Moon TM; Sword and Shield TM; Brilliant Diamond and Shining Pearl TM; Legends Z-A TM
SPECIES_REMORAID	Smack Down	runs	Black and White TM; Black 2 and White 2 TM; X and Y TM; Omega Ruby and Alpha Sapphire TM; Sun and Moon TM; Ultra Sun and Ultra Moon TM
SPECIES_OCTILLERY	Confide	runs	X and Y TM; Omega Ruby and Alpha Sapphire TM; Sun and Moon TM; Ultra Sun and Ultra Moon TM
SPECIES_OCTILLERY	Entrainment	runs	X and Y egg; Omega Ruby and Alpha Sapphire egg; Sun and Moon egg; Ultra Sun and Ultra Moon egg; Brilliant Diamond and Shining Pearl egg
SPECIES_OCTILLERY	Incinerate	runs	Black and White TM; Black 2 and White 2 TM; X and Y TM; Omega Ruby and Alpha Sapphire TM
SPECIES_OCTILLERY	Liquidation	runs	Sword and Shield TM; Legends Z-A TM
SPECIES_OCTILLERY	Round	runs	Black and White TM; Black 2 and White 2 TM; X and Y TM; Omega Ruby and Alpha Sapphire TM; Sun and Moon TM; Ultra Sun and Ultra Moon TM; Sword and Shield TM; Legends Z-A TM
SPECIES_OCTILLERY	Scald	runs	Black and White TM; Black 2 and White 2 TM; X and Y TM; Omega Ruby and Alpha Sapphire TM; Sun and Moon TM; Ultra Sun and Ultra Moon TM; Sword and Shield TM; Brilliant Diamond and Shining Pearl TM; Legends Z-A TM
SPECIES_OCTILLERY	Skitter Smack	runs	Sword and Shield tutor; Legends Z-A TM
SPECIES_OCTILLERY	Sludge Wave	runs	Black and White TM; Black 2 and White 2 TM; X and Y TM; Omega Ruby and Alpha Sapphire TM; Sun and Moon TM; Ultra Sun and Ultra Moon TM; Sword and Shield TM; Legends Z-A TM
SPECIES_OCTILLERY	Smack Down	runs	Black and White TM; Black 2 and White 2 TM; X and Y TM; Omega Ruby and Alpha Sapphire TM; Sun and Moon TM; Ultra Sun and Ultra Moon TM
SPECIES_DELIBIRD	Acrobatics	runs	Scarlet and Violet TM
SPECIES_DELIBIRD	Aurora Veil	runs	Sun and Moon TM; Ultra Sun and Ultra Moon TM; Sword and Shield egg; Brilliant Diamond and Shining Pearl egg; Scarlet and Violet egg
SPECIES_DELIBIRD	Bestow	partial: status move running the plain-hit script: its effect never happens	Black and White egg; Black 2 and White 2 egg; X and Y egg; Omega Ruby and Alpha Sapphire egg; Sun and Moon egg; Ultra Sun and Ultra Moon egg
SPECIES_DELIBIRD	Brutal Swing	runs	Sun and Moon TM; Ultra Sun and Ultra Moon TM; Sword and Shield TM
SPECIES_DELIBIRD	Chilling Water	runs	Scarlet and Violet TM; Legends Z-A TM
SPECIES_DELIBIRD	Confide	runs	X and Y TM; Omega Ruby and Alpha Sapphire TM; Sun and Moon TM; Ultra Sun and Ultra Moon TM
SPECIES_DELIBIRD	Drill Run	runs	Sword and Shield TM; Scarlet and Violet TM
SPECIES_DELIBIRD	Dual Wingbeat	runs	Sword and Shield tutor; Scarlet and Violet TM; Legends Z-A TM
SPECIES_DELIBIRD	Foul Play	runs	Scarlet and Violet TM
SPECIES_DELIBIRD	Frost Breath	runs	Black and White TM; Black 2 and White 2 TM; X and Y TM; Omega Ruby and Alpha Sapphire TM; Sun and Moon TM; Ultra Sun and Ultra Moon TM; Legends Z-A TM
SPECIES_DELIBIRD	Ice Spinner	runs	Scarlet and Violet TM
SPECIES_DELIBIRD	Power-Up Punch	runs	X and Y TM; Omega Ruby and Alpha Sapphire TM
SPECIES_DELIBIRD	Round	runs	Black and White TM; Black 2 and White 2 TM; X and Y TM; Omega Ruby and Alpha Sapphire TM; Sun and Moon TM; Ultra Sun and Ultra Moon TM; Sword and Shield TM
SPECIES_DELIBIRD	Snowscape	stub: nothing happens	Scarlet and Violet TM
SPECIES_DELIBIRD	Tera Blast	runs	Scarlet and Violet TM
SPECIES_DELIBIRD	Trailblaze	runs	Scarlet and Violet TM; Legends Z-A TM
SPECIES_DELIBIRD	Triple Axel	runs	Sword and Shield tutor; Scarlet and Violet TM; Legends Z-A TM
SPECIES_MANTINE	Acrobatics	runs	Black and White TM; Black 2 and White 2 TM; X and Y TM; Omega Ruby and Alpha Sapphire TM; Sun and Moon TM; Ultra Sun and Ultra Moon TM; Sword and Shield TM; Legends Z-A TM
SPECIES_MANTINE	Body Press	runs	Sword and Shield TM; Legends Z-A TM
SPECIES_MANTINE	Bulldoze	runs	Black and White TM; Black 2 and White 2 TM; X and Y TM; Omega Ruby and Alpha Sapphire TM; Sun and Moon TM; Ultra Sun and Ultra Moon TM; Sword and Shield TM; Brilliant Diamond and Shining Pearl TM; Legends Z-A TM
SPECIES_MANTINE	Confide	runs	X and Y TM; Omega Ruby and Alpha Sapphire TM; Sun and Moon TM; Ultra Sun and Ultra Moon TM
SPECIES_MANTINE	Dual Wingbeat	runs	Sword and Shield tutor; Legends Z-A TM
SPECIES_MANTINE	Hurricane	runs	Sword and Shield TM; Legends Z-A TM
SPECIES_MANTINE	Liquidation	runs	Ultra Sun and Ultra Moon tutor; Sword and Shield TM; Legends Z-A TM
SPECIES_MANTINE	Round	runs	Black and White TM; Black 2 and White 2 TM; X and Y TM; Omega Ruby and Alpha Sapphire TM; Sun and Moon TM; Ultra Sun and Ultra Moon TM; Sword and Shield TM; Legends Z-A TM
SPECIES_MANTINE	Scald	runs	Black and White TM; Black 2 and White 2 TM; X and Y TM; Omega Ruby and Alpha Sapphire TM; Sun and Moon TM; Ultra Sun and Ultra Moon TM; Sword and Shield TM; Brilliant Diamond and Shining Pearl TM; Legends Z-A TM
SPECIES_SKARMORY	Body Press	runs	Sword and Shield TM; Scarlet and Violet TM
SPECIES_SKARMORY	Confide	runs	X and Y TM; Omega Ruby and Alpha Sapphire TM; Sun and Moon TM; Ultra Sun and Ultra Moon TM
SPECIES_SKARMORY	Dual Wingbeat	runs	Sword and Shield tutor; Scarlet and Violet TM; Legends Z-A TM
SPECIES_SKARMORY	Hurricane	runs	Scarlet and Violet TM; Legends Z-A TM
SPECIES_SKARMORY	Round	runs	Black and White TM; Black 2 and White 2 TM; X and Y TM; Omega Ruby and Alpha Sapphire TM; Sun and Moon TM; Ultra Sun and Ultra Moon TM; Sword and Shield TM
SPECIES_SKARMORY	Scale Shot	partial: hits two to five times; the Speed rise and Defense drop are missing	Legends Z-A TM
SPECIES_SKARMORY	Sky Drop	partial: plain 60 hit; the two-turn lift is missing	Black and White TM; Black 2 and White 2 TM; X and Y TM; Omega Ruby and Alpha Sapphire TM; Sun and Moon TM; Ultra Sun and Ultra Moon TM
SPECIES_SKARMORY	Steel Beam	runs	Sword and Shield tutor; Scarlet and Violet TM; Legends Z-A TM
SPECIES_SKARMORY	Tera Blast	runs	Scarlet and Violet TM
SPECIES_HOUNDOUR	BurningJealousy	runs	Scarlet and Violet TM
SPECIES_HOUNDOUR	Confide	runs	X and Y TM; Omega Ruby and Alpha Sapphire TM; Sun and Moon TM; Ultra Sun and Ultra Moon TM
SPECIES_HOUNDOUR	Lash Out	runs	Scarlet and Violet TM
SPECIES_HOUNDOUR	Psychic Fangs	runs	Scarlet and Violet TM; Legends Z-A TM
SPECIES_HOUNDOUR	Retaliate	runs	Black and White TM; Black 2 and White 2 TM; X and Y TM; Omega Ruby and Alpha Sapphire TM
SPECIES_HOUNDOUR	Round	runs	Black and White TM; Black 2 and White 2 TM; X and Y TM; Omega Ruby and Alpha Sapphire TM; Sun and Moon TM; Ultra Sun and Ultra Moon TM
SPECIES_HOUNDOUR	Snarl	runs	Black and White TM; Black 2 and White 2 TM; X and Y TM; Omega Ruby and Alpha Sapphire TM; Sun and Moon TM; Ultra Sun and Ultra Moon TM; Brilliant Diamond and Shining Pearl TM; Scarlet and Violet TM
SPECIES_HOUNDOUR	Temper Flare	runs	Scarlet and Violet TM
SPECIES_HOUNDOUR	Tera Blast	runs	Scarlet and Violet TM
SPECIES_HOUNDOUR	Trailblaze	runs	Scarlet and Violet TM; Legends Z-A TM
SPECIES_HOUNDOOM	BurningJealousy	runs	Scarlet and Violet TM
SPECIES_HOUNDOOM	Confide	runs	X and Y TM; Omega Ruby and Alpha Sapphire TM; Sun and Moon TM; Ultra Sun and Ultra Moon TM
SPECIES_HOUNDOOM	Laser Focus	runs	Ultra Sun and Ultra Moon tutor
SPECIES_HOUNDOOM	Lash Out	runs	Scarlet and Violet TM
SPECIES_HOUNDOOM	Psychic Fangs	runs	Scarlet and Violet TM; Legends Z-A TM
SPECIES_HOUNDOOM	Retaliate	runs	Black and White TM; Black 2 and White 2 TM; X and Y TM; Omega Ruby and Alpha Sapphire TM
SPECIES_HOUNDOOM	Round	runs	Black and White TM; Black 2 and White 2 TM; X and Y TM; Omega Ruby and Alpha Sapphire TM; Sun and Moon TM; Ultra Sun and Ultra Moon TM
SPECIES_HOUNDOOM	Temper Flare	runs	Scarlet and Violet TM
SPECIES_HOUNDOOM	Tera Blast	runs	Scarlet and Violet TM
SPECIES_HOUNDOOM	Throat Chop	stub: plain hit	Ultra Sun and Ultra Moon tutor; Scarlet and Violet TM
SPECIES_HOUNDOOM	Trailblaze	runs	Scarlet and Violet TM; Legends Z-A TM
SPECIES_KINGDRA	Breaking Swipe	runs	Sword and Shield TM; Scarlet and Violet TM; Legends Z-A TM
SPECIES_KINGDRA	Chilling Water	runs	Scarlet and Violet TM
SPECIES_KINGDRA	Clear Smog	runs	Black and White egg; Black 2 and White 2 egg; X and Y egg; Omega Ruby and Alpha Sapphire egg; Sun and Moon egg; Ultra Sun and Ultra Moon egg; Sword and Shield egg; Brilliant Diamond and Shining Pearl egg; Scarlet and Violet egg
SPECIES_KINGDRA	Confide	runs	X and Y TM; Omega Ruby and Alpha Sapphire TM; Sun and Moon TM; Ultra Sun and Ultra Moon TM
SPECIES_KINGDRA	Flip Turn	runs	Sword and Shield tutor; Scarlet and Violet TM; Legends Z-A TM
SPECIES_KINGDRA	Hurricane	runs	Sword and Shield TM; Scarlet and Violet TM; Legends Z-A TM
SPECIES_KINGDRA	Liquidation	runs	Sword and Shield TM; Scarlet and Violet TM; Legends Z-A TM
SPECIES_KINGDRA	Quash	stub: nothing happens	Black and White TM; Black 2 and White 2 TM; X and Y TM; Omega Ruby and Alpha Sapphire TM; Sun and Moon TM; Ultra Sun and Ultra Moon TM
SPECIES_KINGDRA	Round	runs	Black and White TM; Black 2 and White 2 TM; X and Y TM; Omega Ruby and Alpha Sapphire TM; Sun and Moon TM; Ultra Sun and Ultra Moon TM; Sword and Shield TM; Legends Z-A TM
SPECIES_KINGDRA	Scald	runs	Black and White TM; Black 2 and White 2 TM; X and Y TM; Omega Ruby and Alpha Sapphire TM; Sun and Moon TM; Ultra Sun and Ultra Moon TM; Sword and Shield TM; Brilliant Diamond and Shining Pearl TM; Scarlet and Violet TM; Legends Z-A TM
SPECIES_KINGDRA	Scale Shot	partial: hits two to five times; the Speed rise and Defense drop are missing	Sword and Shield tutor; Scarlet and Violet TM; Legends Z-A TM
SPECIES_KINGDRA	Snowscape	stub: nothing happens	Scarlet and Violet TM
SPECIES_KINGDRA	Tera Blast	runs	Scarlet and Violet TM
SPECIES_PHANPY	Confide	runs	X and Y TM; Omega Ruby and Alpha Sapphire TM; Sun and Moon TM; Ultra Sun and Ultra Moon TM
SPECIES_PHANPY	Echoed Voice	runs	Black and White TM; Black 2 and White 2 TM; X and Y TM; Omega Ruby and Alpha Sapphire TM; Sun and Moon TM; Ultra Sun and Ultra Moon TM
SPECIES_PHANPY	Heavy Slam	runs	Black and White egg; Black 2 and White 2 egg; X and Y egg; Omega Ruby and Alpha Sapphire egg; Sun and Moon egg; Ultra Sun and Ultra Moon egg; Brilliant Diamond and Shining Pearl egg; Scarlet and Violet TM; Scarlet and Violet egg; Legends Z-A TM; Legends Z-A egg
SPECIES_PHANPY	High Horsepower	runs	Ultra Sun and Ultra Moon egg; Brilliant Diamond and Shining Pearl egg; Scarlet and Violet TM; Scarlet and Violet egg; Legends Z-A TM; Legends Z-A egg
SPECIES_PHANPY	Play Rough	runs	X and Y egg; Omega Ruby and Alpha Sapphire egg; Sun and Moon egg; Ultra Sun and Ultra Moon egg; Brilliant Diamond and Shining Pearl egg; Scarlet and Violet TM; Scarlet and Violet egg; Legends Z-A TM; Legends Z-A egg
SPECIES_PHANPY	Round	runs	Black and White TM; Black 2 and White 2 TM; X and Y TM; Omega Ruby and Alpha Sapphire TM; Sun and Moon TM; Ultra Sun and Ultra Moon TM
SPECIES_PHANPY	Smack Down	runs	Scarlet and Violet TM
SPECIES_PHANPY	StompingTantrum	runs	Scarlet and Violet TM; Legends Z-A TM
SPECIES_PHANPY	Tera Blast	runs	Scarlet and Violet TM; Legends Z-A TM
SPECIES_PHANPY	Trailblaze	runs	Scarlet and Violet TM; Legends Z-A TM
SPECIES_DONPHAN	Body Press	runs	Scarlet and Violet TM; Legends Z-A TM
SPECIES_DONPHAN	Brutal Swing	runs	Sun and Moon TM; Ultra Sun and Ultra Moon TM
SPECIES_DONPHAN	Confide	runs	X and Y TM; Omega Ruby and Alpha Sapphire TM; Sun and Moon TM; Ultra Sun and Ultra Moon TM
SPECIES_DONPHAN	Echoed Voice	runs	Black and White TM; Black 2 and White 2 TM; X and Y TM; Omega Ruby and Alpha Sapphire TM; Sun and Moon TM; Ultra Sun and Ultra Moon TM
SPECIES_DONPHAN	Heavy Slam	runs	Black and White egg; Black 2 and White 2 egg; X and Y egg; Omega Ruby and Alpha Sapphire egg; Sun and Moon egg; Ultra Sun and Ultra Moon egg; Brilliant Diamond and Shining Pearl egg; Scarlet and Violet TM; Scarlet and Violet egg; Legends Z-A TM
SPECIES_DONPHAN	High Horsepower	runs	Ultra Sun and Ultra Moon egg; Brilliant Diamond and Shining Pearl egg; Scarlet and Violet TM; Scarlet and Violet egg
SPECIES_DONPHAN	Ice Spinner	runs	Scarlet and Violet TM; Legends Z-A TM
SPECIES_DONPHAN	Play Rough	runs	X and Y egg; Omega Ruby and Alpha Sapphire egg; Sun and Moon egg; Ultra Sun and Ultra Moon egg; Brilliant Diamond and Shining Pearl egg; Scarlet and Violet TM; Scarlet and Violet egg; Legends Z-A TM
SPECIES_DONPHAN	Round	runs	Black and White TM; Black 2 and White 2 TM; X and Y TM; Omega Ruby and Alpha Sapphire TM; Sun and Moon TM; Ultra Sun and Ultra Moon TM
SPECIES_DONPHAN	Smack Down	runs	Scarlet and Violet TM
SPECIES_DONPHAN	Smart Strike	runs	Scarlet and Violet TM; Legends Z-A TM
SPECIES_DONPHAN	Tera Blast	runs	Scarlet and Violet TM; Legends Z-A TM
SPECIES_DONPHAN	Throat Chop	stub: plain hit	Scarlet and Violet TM
SPECIES_DONPHAN	Trailblaze	runs	Scarlet and Violet TM; Legends Z-A TM
SPECIES_SMOOCHUM	Aurora Veil	runs	Sun and Moon TM; Ultra Sun and Ultra Moon TM
SPECIES_SMOOCHUM	Confide	runs	X and Y TM; Omega Ruby and Alpha Sapphire TM; Sun and Moon TM; Ultra Sun and Ultra Moon TM
SPECIES_SMOOCHUM	Draining Kiss	runs	Sword and Shield TM; Legends Z-A TM
SPECIES_SMOOCHUM	Echoed Voice	runs	Black and White TM; Black 2 and White 2 TM; X and Y TM; Omega Ruby and Alpha Sapphire TM; Sun and Moon TM; Ultra Sun and Ultra Moon TM
SPECIES_SMOOCHUM	Frost Breath	runs	Black and White TM; Black 2 and White 2 TM; X and Y TM; Omega Ruby and Alpha Sapphire TM; Sun and Moon TM; Ultra Sun and Ultra Moon TM
SPECIES_SMOOCHUM	Magic Room	partial: status move running the plain-hit script: its effect never happens	Black 2 and White 2 tutor; Omega Ruby and Alpha Sapphire tutor; Ultra Sun and Ultra Moon tutor; Sword and Shield TM; Legends Z-A TM
SPECIES_SMOOCHUM	Psyshock	runs	Black and White TM; Black 2 and White 2 TM; X and Y TM; Omega Ruby and Alpha Sapphire TM; Sun and Moon TM; Ultra Sun and Ultra Moon TM; Sword and Shield TM; Legends Z-A TM
SPECIES_SMOOCHUM	Round	runs	Black and White TM; Black 2 and White 2 TM; X and Y TM; Omega Ruby and Alpha Sapphire TM; Sun and Moon TM; Ultra Sun and Ultra Moon TM; Sword and Shield TM; Legends Z-A TM
SPECIES_SMOOCHUM	Stored Power	runs	Sword and Shield TM; Legends Z-A TM
SPECIES_SMOOCHUM	Wonder Room	runs	Ultra Sun and Ultra Moon tutor; Sword and Shield TM; Legends Z-A TM
SPECIES_ELEKID	Confide	runs	X and Y TM; Omega Ruby and Alpha Sapphire TM; Sun and Moon TM; Ultra Sun and Ultra Moon TM
SPECIES_ELEKID	Dual Chop	runs	Black 2 and White 2 tutor; Omega Ruby and Alpha Sapphire tutor; Ultra Sun and Ultra Moon tutor
SPECIES_ELEKID	Eerie Impulse	runs	Scarlet and Violet TM
SPECIES_ELEKID	ElectricTerrain	stub: nothing happens (terrain held)	Scarlet and Violet TM
SPECIES_ELEKID	Electroweb	runs	Black 2 and White 2 tutor; Omega Ruby and Alpha Sapphire tutor; Ultra Sun and Ultra Moon tutor; Sword and Shield TM; Scarlet and Violet TM; Legends Z-A TM
SPECIES_ELEKID	Power-Up Punch	runs	X and Y TM; Omega Ruby and Alpha Sapphire TM
SPECIES_ELEKID	Round	runs	Black and White TM; Black 2 and White 2 TM; X and Y TM; Omega Ruby and Alpha Sapphire TM; Sun and Moon TM; Ultra Sun and Ultra Moon TM; Sword and Shield TM; Legends Z-A TM
SPECIES_ELEKID	Supercell Slam	runs	Scarlet and Violet TM
SPECIES_ELEKID	Tera Blast	runs	Scarlet and Violet TM
SPECIES_ELEKID	Trailblaze	runs	Scarlet and Violet TM
SPECIES_ELEKID	Volt Switch	runs	Black and White TM; Black 2 and White 2 TM; X and Y TM; Omega Ruby and Alpha Sapphire TM; Sun and Moon TM; Ultra Sun and Ultra Moon TM; Sword and Shield TM; Brilliant Diamond and Shining Pearl TM; Scarlet and Violet TM; Legends Z-A TM
SPECIES_ELEKID	Wild Charge	runs	Black and White TM; Black 2 and White 2 TM; X and Y TM; Omega Ruby and Alpha Sapphire TM; Sun and Moon TM; Ultra Sun and Ultra Moon TM; Sword and Shield TM; Scarlet and Violet TM; Legends Z-A TM
SPECIES_MAGBY	Acid Spray	runs	Scarlet and Violet TM
SPECIES_MAGBY	Belch	runs	X and Y egg; Omega Ruby and Alpha Sapphire egg; Sun and Moon egg; Ultra Sun and Ultra Moon egg; Sword and Shield egg; Brilliant Diamond and Shining Pearl egg; Scarlet and Violet egg; Legends Z-A TM; Legends Z-A egg
SPECIES_MAGBY	BurningJealousy	runs	Scarlet and Violet TM
SPECIES_MAGBY	Confide	runs	X and Y TM; Omega Ruby and Alpha Sapphire TM; Sun and Moon TM; Ultra Sun and Ultra Moon TM
SPECIES_MAGBY	Dual Chop	runs	Black 2 and White 2 tutor; Omega Ruby and Alpha Sapphire tutor; Ultra Sun and Ultra Moon tutor
SPECIES_MAGBY	Flame Charge	runs	Black and White TM; Black 2 and White 2 TM; X and Y TM; Omega Ruby and Alpha Sapphire TM; Sun and Moon TM; Ultra Sun and Ultra Moon TM; Scarlet and Violet TM
SPECIES_MAGBY	Incinerate	runs	Black and White TM; Black 2 and White 2 TM; X and Y TM; Omega Ruby and Alpha Sapphire TM
SPECIES_MAGBY	Power-Up Punch	runs	X and Y TM; Omega Ruby and Alpha Sapphire TM
SPECIES_MAGBY	Round	runs	Black and White TM; Black 2 and White 2 TM; X and Y TM; Omega Ruby and Alpha Sapphire TM; Sun and Moon TM; Ultra Sun and Ultra Moon TM; Sword and Shield TM; Legends Z-A TM
SPECIES_MAGBY	Temper Flare	runs	Scarlet and Violet TM
SPECIES_MAGBY	Tera Blast	runs	Scarlet and Violet TM
SPECIES_BLISSEY	Alluring Voice	runs	Scarlet and Violet TM
SPECIES_BLISSEY	Ally Switch	partial: status move running the plain-hit script: its effect never happens	Ultra Sun and Ultra Moon tutor; Sword and Shield TM
SPECIES_BLISSEY	Bulldoze	runs	Black and White TM; Black 2 and White 2 TM; X and Y TM; Omega Ruby and Alpha Sapphire TM; Sun and Moon TM; Ultra Sun and Ultra Moon TM; Sword and Shield TM; Brilliant Diamond and Shining Pearl TM; Scarlet and Violet TM; Legends Z-A TM
SPECIES_BLISSEY	Chilling Water	runs	Scarlet and Violet TM; Legends Z-A TM
SPECIES_BLISSEY	Confide	runs	X and Y TM; Omega Ruby and Alpha Sapphire TM; Sun and Moon TM; Ultra Sun and Ultra Moon TM
SPECIES_BLISSEY	Dazzling Gleam	runs	X and Y TM; Omega Ruby and Alpha Sapphire TM; Sun and Moon TM; Ultra Sun and Ultra Moon TM; Sword and Shield TM; Brilliant Diamond and Shining Pearl TM; Scarlet and Violet TM; Legends Z-A TM
SPECIES_BLISSEY	ElectricTerrain	stub: nothing happens (terrain held)	Scarlet and Violet TM; Legends Z-A TM
SPECIES_BLISSEY	Incinerate	runs	Black and White TM; Black 2 and White 2 TM; X and Y TM; Omega Ruby and Alpha Sapphire TM
SPECIES_BLISSEY	Laser Focus	runs	Ultra Sun and Ultra Moon tutor
SPECIES_BLISSEY	Power-Up Punch	runs	X and Y TM; Omega Ruby and Alpha Sapphire TM
SPECIES_BLISSEY	Retaliate	runs	Black and White TM; Black 2 and White 2 TM; X and Y TM; Omega Ruby and Alpha Sapphire TM; Sword and Shield TM
SPECIES_BLISSEY	Round	runs	Black and White TM; Black 2 and White 2 TM; X and Y TM; Omega Ruby and Alpha Sapphire TM; Sun and Moon TM; Ultra Sun and Ultra Moon TM; Sword and Shield TM
SPECIES_BLISSEY	Snowscape	stub: nothing happens	Scarlet and Violet TM; Legends Z-A TM
SPECIES_BLISSEY	StompingTantrum	runs	Ultra Sun and Ultra Moon tutor; Sword and Shield TM; Scarlet and Violet TM; Legends Z-A TM
SPECIES_BLISSEY	Stored Power	runs	Sword and Shield TM; Scarlet and Violet TM; Legends Z-A TM
SPECIES_BLISSEY	Telekinesis	partial: status move running the plain-hit script: its effect never happens	Ultra Sun and Ultra Moon tutor
SPECIES_BLISSEY	Tera Blast	runs	Scarlet and Violet TM; Legends Z-A TM
SPECIES_BLISSEY	Trailblaze	runs	Scarlet and Violet TM; Legends Z-A TM
SPECIES_BLISSEY	Wild Charge	runs	Black and White TM; Black 2 and White 2 TM; X and Y TM; Omega Ruby and Alpha Sapphire TM; Sun and Moon TM; Ultra Sun and Ultra Moon TM; Sword and Shield TM; Scarlet and Violet TM; Legends Z-A TM
SPECIES_BLISSEY	Work Up	runs	Black and White TM; Black 2 and White 2 TM; Sun and Moon TM; Ultra Sun and Ultra Moon TM; Sword and Shield TM; Brilliant Diamond and Shining Pearl TM
SPECIES_SUICUNE	Bulldoze	runs	Black and White TM; Black 2 and White 2 TM; X and Y TM; Omega Ruby and Alpha Sapphire TM; Sun and Moon TM; Ultra Sun and Ultra Moon TM; Sword and Shield TM; Brilliant Diamond and Shining Pearl TM; Legends Z-A TM
SPECIES_SUICUNE	Chilling Water	runs	Scarlet and Violet TM
SPECIES_SUICUNE	Confide	runs	X and Y TM; Omega Ruby and Alpha Sapphire TM; Sun and Moon TM; Ultra Sun and Ultra Moon TM
SPECIES_SUICUNE	Laser Focus	runs	Ultra Sun and Ultra Moon tutor
SPECIES_SUICUNE	Liquidation	runs	Sword and Shield TM; Scarlet and Violet TM; Legends Z-A TM
SPECIES_SUICUNE	Quash	stub: nothing happens	Black and White TM; Black 2 and White 2 TM; X and Y TM; Omega Ruby and Alpha Sapphire TM; Sun and Moon TM; Ultra Sun and Ultra Moon TM
SPECIES_SUICUNE	Round	runs	Black and White TM; Black 2 and White 2 TM; X and Y TM; Omega Ruby and Alpha Sapphire TM; Sun and Moon TM; Ultra Sun and Ultra Moon TM; Sword and Shield TM; Legends Z-A TM
SPECIES_SUICUNE	Scald	runs	Black and White TM; Black 2 and White 2 TM; X and Y TM; Omega Ruby and Alpha Sapphire TM; Sun and Moon TM; Ultra Sun and Ultra Moon TM; Sword and Shield TM; Brilliant Diamond and Shining Pearl TM; Scarlet and Violet TM; Legends Z-A TM
SPECIES_SUICUNE	Snarl	runs	Black and White TM; Black 2 and White 2 TM; X and Y TM; Omega Ruby and Alpha Sapphire TM; Sun and Moon TM; Ultra Sun and Ultra Moon TM; Sword and Shield TM; Brilliant Diamond and Shining Pearl TM; Scarlet and Violet TM; Legends Z-A TM
SPECIES_SUICUNE	Snowscape	stub: nothing happens	Scarlet and Violet TM
SPECIES_SUICUNE	Tera Blast	runs	Scarlet and Violet TM
SPECIES_SUICUNE	Trailblaze	runs	Scarlet and Violet TM
SPECIES_LARVITAR	Bulldoze	runs	Black and White TM; Black 2 and White 2 TM; X and Y TM; Omega Ruby and Alpha Sapphire TM; Sun and Moon TM; Ultra Sun and Ultra Moon TM; Sword and Shield TM; Brilliant Diamond and Shining Pearl TM; Scarlet and Violet TM; Legends Z-A TM
SPECIES_LARVITAR	Confide	runs	X and Y TM; Omega Ruby and Alpha Sapphire TM; Sun and Moon TM; Ultra Sun and Ultra Moon TM
SPECIES_LARVITAR	Power-Up Punch	runs	X and Y TM; Omega Ruby and Alpha Sapphire TM
SPECIES_LARVITAR	Retaliate	runs	Black and White TM; Black 2 and White 2 TM; X and Y TM; Omega Ruby and Alpha Sapphire TM; Sword and Shield TM
SPECIES_LARVITAR	Round	runs	Black and White TM; Black 2 and White 2 TM; X and Y TM; Omega Ruby and Alpha Sapphire TM; Sun and Moon TM; Ultra Sun and Ultra Moon TM; Sword and Shield TM
SPECIES_LARVITAR	Snarl	runs	Black and White TM; Black 2 and White 2 TM; X and Y TM; Omega Ruby and Alpha Sapphire TM; Sun and Moon TM; Ultra Sun and Ultra Moon TM; Sword and Shield TM; Brilliant Diamond and Shining Pearl TM; Scarlet and Violet TM
SPECIES_LARVITAR	Tera Blast	runs	Scarlet and Violet TM
SPECIES_PUPITAR	Bulldoze	runs	Black and White TM; Black 2 and White 2 TM; X and Y TM; Omega Ruby and Alpha Sapphire TM; Sun and Moon TM; Ultra Sun and Ultra Moon TM; Sword and Shield TM; Brilliant Diamond and Shining Pearl TM; Scarlet and Violet TM; Legends Z-A TM
SPECIES_PUPITAR	Confide	runs	X and Y TM; Omega Ruby and Alpha Sapphire TM; Sun and Moon TM; Ultra Sun and Ultra Moon TM
SPECIES_PUPITAR	High Horsepower	runs	Scarlet and Violet TM
SPECIES_PUPITAR	Lash Out	runs	Scarlet and Violet TM
SPECIES_PUPITAR	Power-Up Punch	runs	X and Y TM; Omega Ruby and Alpha Sapphire TM
SPECIES_PUPITAR	Retaliate	runs	Black and White TM; Black 2 and White 2 TM; X and Y TM; Omega Ruby and Alpha Sapphire TM; Sword and Shield TM
SPECIES_PUPITAR	Round	runs	Black and White TM; Black 2 and White 2 TM; X and Y TM; Omega Ruby and Alpha Sapphire TM; Sun and Moon TM; Ultra Sun and Ultra Moon TM; Sword and Shield TM
SPECIES_PUPITAR	Snarl	runs	Black and White TM; Black 2 and White 2 TM; X and Y TM; Omega Ruby and Alpha Sapphire TM; Sun and Moon TM; Ultra Sun and Ultra Moon TM; Sword and Shield TM; Brilliant Diamond and Shining Pearl TM; Scarlet and Violet TM
SPECIES_PUPITAR	Tera Blast	runs	Scarlet and Violet TM
SPECIES_TYRANITAR	Body Press	runs	Sword and Shield TM; Scarlet and Violet TM
SPECIES_TYRANITAR	Breaking Swipe	runs	Sword and Shield TM; Scarlet and Violet TM
SPECIES_TYRANITAR	Brutal Swing	runs	Sun and Moon TM; Ultra Sun and Ultra Moon TM; Sword and Shield TM
SPECIES_TYRANITAR	Bulldoze	runs	Black and White TM; Black 2 and White 2 TM; X and Y TM; Omega Ruby and Alpha Sapphire TM; Sun and Moon TM; Ultra Sun and Ultra Moon TM; Sword and Shield TM; Brilliant Diamond and Shining Pearl TM; Scarlet and Violet TM; Legends Z-A TM
SPECIES_TYRANITAR	Confide	runs	X and Y TM; Omega Ruby and Alpha Sapphire TM; Sun and Moon TM; Ultra Sun and Ultra Moon TM
SPECIES_TYRANITAR	Dragon Tail	runs	Black and White TM; Black 2 and White 2 TM; X and Y TM; Omega Ruby and Alpha Sapphire TM; Sun and Moon TM; Ultra Sun and Ultra Moon TM; Scarlet and Violet TM
SPECIES_TYRANITAR	Foul Play	runs	Black 2 and White 2 tutor; Omega Ruby and Alpha Sapphire tutor; Ultra Sun and Ultra Moon tutor; Sword and Shield TM; Scarlet and Violet TM
SPECIES_TYRANITAR	Hard Press	runs	Scarlet and Violet TM
SPECIES_TYRANITAR	High Horsepower	runs	Sword and Shield TM; Scarlet and Violet TM
SPECIES_TYRANITAR	Hone Claws	runs	Black and White TM; Black 2 and White 2 TM; X and Y TM; Omega Ruby and Alpha Sapphire TM
SPECIES_TYRANITAR	Incinerate	runs	Black and White TM; Black 2 and White 2 TM; X and Y TM; Omega Ruby and Alpha Sapphire TM
SPECIES_TYRANITAR	Lash Out	runs	Sword and Shield tutor; Scarlet and Violet TM
SPECIES_TYRANITAR	Power-Up Punch	runs	X and Y TM; Omega Ruby and Alpha Sapphire TM
SPECIES_TYRANITAR	Retaliate	runs	Black and White TM; Black 2 and White 2 TM; X and Y TM; Omega Ruby and Alpha Sapphire TM; Sword and Shield TM
SPECIES_TYRANITAR	Round	runs	Black and White TM; Black 2 and White 2 TM; X and Y TM; Omega Ruby and Alpha Sapphire TM; Sun and Moon TM; Ultra Sun and Ultra Moon TM; Sword and Shield TM
SPECIES_TYRANITAR	Scale Shot	partial: hits two to five times; the Speed rise and Defense drop are missing	Legends Z-A TM
SPECIES_TYRANITAR	Scorching Sands	runs	Legends Z-A TM
SPECIES_TYRANITAR	Snarl	runs	Black and White TM; Black 2 and White 2 TM; X and Y TM; Omega Ruby and Alpha Sapphire TM; Sun and Moon TM; Ultra Sun and Ultra Moon TM; Sword and Shield TM; Brilliant Diamond and Shining Pearl TM; Scarlet and Violet TM
SPECIES_TYRANITAR	Tera Blast	runs	Scarlet and Violet TM
SPECIES_TREECKO	Acrobatics	runs	Black and White TM; Black 2 and White 2 TM; X and Y TM; Omega Ruby and Alpha Sapphire TM; Sun and Moon TM; Ultra Sun and Ultra Moon TM; Sword and Shield TM; Scarlet and Violet TM
SPECIES_TREECKO	Breaking Swipe	runs	Scarlet and Violet TM
SPECIES_TREECKO	Confide	runs	X and Y TM; Omega Ruby and Alpha Sapphire TM; Sun and Moon TM; Ultra Sun and Ultra Moon TM
SPECIES_TREECKO	Dragon Tail	runs	Scarlet and Violet TM
SPECIES_TREECKO	Grassy Glide	partial: plain 55 hit; its priority in Grassy Terrain waits on terrain	Sword and Shield tutor; Scarlet and Violet TM
SPECIES_TREECKO	Grassy Terrain	stub: nothing happens (terrain held)	X and Y egg; Omega Ruby and Alpha Sapphire egg; Sun and Moon egg; Ultra Sun and Ultra Moon egg; Sword and Shield TM; Brilliant Diamond and Shining Pearl egg; Scarlet and Violet TM
SPECIES_TREECKO	Grass Pledge	runs	Black and White tutor; Black 2 and White 2 tutor; X and Y tutor; Omega Ruby and Alpha Sapphire tutor; Sun and Moon tutor; Ultra Sun and Ultra Moon tutor; Sword and Shield tutor; Scarlet and Violet TM
SPECIES_TREECKO	Power-Up Punch	runs	X and Y TM; Omega Ruby and Alpha Sapphire TM
SPECIES_TREECKO	Round	runs	Black and White TM; Black 2 and White 2 TM; X and Y TM; Omega Ruby and Alpha Sapphire TM; Sun and Moon TM; Ultra Sun and Ultra Moon TM; Sword and Shield TM
SPECIES_TREECKO	Tera Blast	runs	Scarlet and Violet TM
SPECIES_TREECKO	Trailblaze	runs	Scarlet and Violet TM; Legends Z-A TM
SPECIES_TREECKO	Upper Hand	runs	Scarlet and Violet TM
SPECIES_TREECKO	Work Up	runs	Sun and Moon TM; Ultra Sun and Ultra Moon TM; Sword and Shield TM; Brilliant Diamond and Shining Pearl TM; Legends Z-A TM
SPECIES_GROVYLE	Acrobatics	runs	Black and White TM; Black 2 and White 2 TM; X and Y TM; Omega Ruby and Alpha Sapphire TM; Sun and Moon TM; Ultra Sun and Ultra Moon TM; Sword and Shield TM; Scarlet and Violet TM
SPECIES_GROVYLE	Breaking Swipe	runs	Scarlet and Violet TM
SPECIES_GROVYLE	Confide	runs	X and Y TM; Omega Ruby and Alpha Sapphire TM; Sun and Moon TM; Ultra Sun and Ultra Moon TM
SPECIES_GROVYLE	Dragon Tail	runs	Scarlet and Violet TM
SPECIES_GROVYLE	Grassy Glide	partial: plain 55 hit; its priority in Grassy Terrain waits on terrain	Sword and Shield tutor; Scarlet and Violet TM
SPECIES_GROVYLE	Grassy Terrain	stub: nothing happens (terrain held)	X and Y egg; Omega Ruby and Alpha Sapphire egg; Sun and Moon egg; Ultra Sun and Ultra Moon egg; Sword and Shield TM; Brilliant Diamond and Shining Pearl egg; Scarlet and Violet TM
SPECIES_GROVYLE	Grass Pledge	runs	Black and White tutor; Black 2 and White 2 tutor; X and Y tutor; Omega Ruby and Alpha Sapphire tutor; Sun and Moon tutor; Ultra Sun and Ultra Moon tutor; Sword and Shield tutor; Scarlet and Violet TM
SPECIES_GROVYLE	Low Sweep	runs	Black and White TM; Black 2 and White 2 TM; X and Y TM; Omega Ruby and Alpha Sapphire TM; Sun and Moon TM; Ultra Sun and Ultra Moon TM; Sword and Shield TM; Brilliant Diamond and Shining Pearl TM; Scarlet and Violet TM; Legends Z-A TM
SPECIES_GROVYLE	Power-Up Punch	runs	X and Y TM; Omega Ruby and Alpha Sapphire TM
SPECIES_GROVYLE	Round	runs	Black and White TM; Black 2 and White 2 TM; X and Y TM; Omega Ruby and Alpha Sapphire TM; Sun and Moon TM; Ultra Sun and Ultra Moon TM; Sword and Shield TM
SPECIES_GROVYLE	Solar Blade	runs	Sword and Shield TM; Legends Z-A TM
SPECIES_GROVYLE	Tera Blast	runs	Scarlet and Violet TM
SPECIES_GROVYLE	Trailblaze	runs	Scarlet and Violet TM; Legends Z-A TM
SPECIES_GROVYLE	Upper Hand	runs	Scarlet and Violet TM
SPECIES_GROVYLE	Work Up	runs	Sun and Moon TM; Ultra Sun and Ultra Moon TM; Sword and Shield TM; Brilliant Diamond and Shining Pearl TM; Legends Z-A TM
SPECIES_SCEPTILE	Acrobatics	runs	Black and White TM; Black 2 and White 2 TM; X and Y TM; Omega Ruby and Alpha Sapphire TM; Sun and Moon TM; Ultra Sun and Ultra Moon TM; Sword and Shield TM; Scarlet and Violet TM
SPECIES_SCEPTILE	Breaking Swipe	runs	Sword and Shield TM; Scarlet and Violet TM
SPECIES_SCEPTILE	Brutal Swing	runs	Sun and Moon TM; Ultra Sun and Ultra Moon TM; Sword and Shield TM
SPECIES_SCEPTILE	Bulldoze	runs	Black and White TM; Black 2 and White 2 TM; X and Y TM; Omega Ruby and Alpha Sapphire TM; Sun and Moon TM; Ultra Sun and Ultra Moon TM; Sword and Shield TM; Brilliant Diamond and Shining Pearl TM; Scarlet and Violet TM; Legends Z-A TM
SPECIES_SCEPTILE	Confide	runs	X and Y TM; Omega Ruby and Alpha Sapphire TM; Sun and Moon TM; Ultra Sun and Ultra Moon TM
SPECIES_SCEPTILE	Dragon Cheer	partial: status move running the plain-hit script: its effect never happens	Scarlet and Violet TM
SPECIES_SCEPTILE	Dragon Tail	runs	Scarlet and Violet TM
SPECIES_SCEPTILE	Grassy Glide	partial: plain 55 hit; its priority in Grassy Terrain waits on terrain	Sword and Shield tutor; Scarlet and Violet TM
SPECIES_SCEPTILE	Grassy Terrain	stub: nothing happens (terrain held)	X and Y egg; Omega Ruby and Alpha Sapphire egg; Sun and Moon egg; Ultra Sun and Ultra Moon egg; Sword and Shield TM; Brilliant Diamond and Shining Pearl egg; Scarlet and Violet TM
SPECIES_SCEPTILE	Grass Pledge	runs	Black and White tutor; Black 2 and White 2 tutor; X and Y tutor; Omega Ruby and Alpha Sapphire tutor; Sun and Moon tutor; Ultra Sun and Ultra Moon tutor; Sword and Shield tutor; Scarlet and Violet TM
SPECIES_SCEPTILE	Hone Claws	runs	Black and White TM; Black 2 and White 2 TM; X and Y TM; Omega Ruby and Alpha Sapphire TM
SPECIES_SCEPTILE	Laser Focus	runs	Ultra Sun and Ultra Moon tutor
SPECIES_SCEPTILE	Low Sweep	runs	Black and White TM; Black 2 and White 2 TM; X and Y TM; Omega Ruby and Alpha Sapphire TM; Sun and Moon TM; Ultra Sun and Ultra Moon TM; Sword and Shield TM; Brilliant Diamond and Shining Pearl TM; Scarlet and Violet TM; Legends Z-A TM
SPECIES_SCEPTILE	Power-Up Punch	runs	X and Y TM; Omega Ruby and Alpha Sapphire TM
SPECIES_SCEPTILE	Round	runs	Black and White TM; Black 2 and White 2 TM; X and Y TM; Omega Ruby and Alpha Sapphire TM; Sun and Moon TM; Ultra Sun and Ultra Moon TM; Sword and Shield TM
SPECIES_SCEPTILE	Scale Shot	partial: hits two to five times; the Speed rise and Defense drop are missing	Sword and Shield tutor; Scarlet and Violet TM; Legends Z-A TM
SPECIES_SCEPTILE	Solar Blade	runs	Sword and Shield TM; Scarlet and Violet TM; Legends Z-A TM
SPECIES_SCEPTILE	Tera Blast	runs	Scarlet and Violet TM
SPECIES_SCEPTILE	Throat Chop	stub: plain hit	Ultra Sun and Ultra Moon tutor; Sword and Shield TM; Scarlet and Violet TM
SPECIES_SCEPTILE	Trailblaze	runs	Scarlet and Violet TM; Legends Z-A TM
SPECIES_SCEPTILE	Upper Hand	runs	Scarlet and Violet TM
SPECIES_SCEPTILE	Work Up	runs	Sun and Moon TM; Ultra Sun and Ultra Moon TM; Sword and Shield TM; Brilliant Diamond and Shining Pearl TM; Legends Z-A TM
SPECIES_TORCHIC	Confide	runs	X and Y TM; Omega Ruby and Alpha Sapphire TM; Sun and Moon TM; Ultra Sun and Ultra Moon TM
SPECIES_TORCHIC	Echoed Voice	runs	Black and White TM; Black 2 and White 2 TM; X and Y TM; Omega Ruby and Alpha Sapphire TM; Sun and Moon TM; Ultra Sun and Ultra Moon TM
SPECIES_TORCHIC	Fire Pledge	runs	Black and White tutor; Black 2 and White 2 tutor; X and Y tutor; Omega Ruby and Alpha Sapphire tutor; Sun and Moon tutor; Ultra Sun and Ultra Moon tutor; Sword and Shield tutor; Scarlet and Violet TM
SPECIES_TORCHIC	Hone Claws	runs	Black and White TM; Black 2 and White 2 TM; X and Y TM; Omega Ruby and Alpha Sapphire TM
SPECIES_TORCHIC	Incinerate	runs	Black and White TM; Black 2 and White 2 TM; X and Y TM; Omega Ruby and Alpha Sapphire TM
SPECIES_TORCHIC	Round	runs	Black and White TM; Black 2 and White 2 TM; X and Y TM; Omega Ruby and Alpha Sapphire TM; Sun and Moon TM; Ultra Sun and Ultra Moon TM; Sword and Shield TM
SPECIES_TORCHIC	Temper Flare	runs	Scarlet and Violet TM
SPECIES_TORCHIC	Tera Blast	runs	Scarlet and Violet TM
SPECIES_TORCHIC	Work Up	runs	Sun and Moon TM; Ultra Sun and Ultra Moon TM; Sword and Shield TM; Brilliant Diamond and Shining Pearl TM; Legends Z-A TM
SPECIES_COMBUSKEN	Circle Throw	runs	Legends Z-A TM
SPECIES_COMBUSKEN	Coaching	runs	Sword and Shield tutor; Scarlet and Violet TM
SPECIES_COMBUSKEN	Confide	runs	X and Y TM; Omega Ruby and Alpha Sapphire TM; Sun and Moon TM; Ultra Sun and Ultra Moon TM
SPECIES_COMBUSKEN	Dual Chop	runs	Black 2 and White 2 tutor; Omega Ruby and Alpha Sapphire tutor; Ultra Sun and Ultra Moon tutor; Legends Z-A TM
SPECIES_COMBUSKEN	Echoed Voice	runs	Black and White TM; Black 2 and White 2 TM; X and Y TM; Omega Ruby and Alpha Sapphire TM; Sun and Moon TM; Ultra Sun and Ultra Moon TM
SPECIES_COMBUSKEN	Fire Pledge	runs	Black and White tutor; Black 2 and White 2 tutor; X and Y tutor; Omega Ruby and Alpha Sapphire tutor; Sun and Moon tutor; Ultra Sun and Ultra Moon tutor; Sword and Shield tutor; Scarlet and Violet TM
SPECIES_COMBUSKEN	Flame Burst	partial: plain hit; the splash on the target's partner is missing (doubles only)	Black and White egg; Black 2 and White 2 egg; X and Y egg; Omega Ruby and Alpha Sapphire egg; Sun and Moon egg; Ultra Sun and Ultra Moon egg
SPECIES_COMBUSKEN	Hone Claws	runs	Black and White TM; Black 2 and White 2 TM; X and Y TM; Omega Ruby and Alpha Sapphire TM
SPECIES_COMBUSKEN	Incinerate	runs	Black and White TM; Black 2 and White 2 TM; X and Y TM; Omega Ruby and Alpha Sapphire TM
SPECIES_COMBUSKEN	Low Sweep	runs	Black and White TM; Black 2 and White 2 TM; X and Y TM; Omega Ruby and Alpha Sapphire TM; Sun and Moon TM; Ultra Sun and Ultra Moon TM; Sword and Shield TM; Brilliant Diamond and Shining Pearl TM; Scarlet and Violet TM; Legends Z-A TM
SPECIES_COMBUSKEN	Power-Up Punch	runs	X and Y TM; Omega Ruby and Alpha Sapphire TM; Legends Z-A TM
SPECIES_COMBUSKEN	Round	runs	Black and White TM; Black 2 and White 2 TM; X and Y TM; Omega Ruby and Alpha Sapphire TM; Sun and Moon TM; Ultra Sun and Ultra Moon TM; Sword and Shield TM
SPECIES_COMBUSKEN	Temper Flare	runs	Scarlet and Violet TM
SPECIES_COMBUSKEN	Tera Blast	runs	Scarlet and Violet TM
SPECIES_COMBUSKEN	Work Up	runs	Black and White TM; Black 2 and White 2 TM; Sun and Moon TM; Ultra Sun and Ultra Moon TM; Sword and Shield TM; Brilliant Diamond and Shining Pearl TM; Legends Z-A TM
SPECIES_BLAZIKEN	Acrobatics	runs	Black and White TM; Black 2 and White 2 TM; X and Y TM; Omega Ruby and Alpha Sapphire TM; Sun and Moon TM; Ultra Sun and Ultra Moon TM; Sword and Shield TM; Scarlet and Violet TM
SPECIES_BLAZIKEN	Bulldoze	runs	Black and White TM; Black 2 and White 2 TM; X and Y TM; Omega Ruby and Alpha Sapphire TM; Sun and Moon TM; Ultra Sun and Ultra Moon TM; Sword and Shield TM; Brilliant Diamond and Shining Pearl TM; Scarlet and Violet TM; Legends Z-A TM
SPECIES_BLAZIKEN	Circle Throw	runs	Legends Z-A TM
SPECIES_BLAZIKEN	Coaching	runs	Sword and Shield tutor; Scarlet and Violet TM
SPECIES_BLAZIKEN	Confide	runs	X and Y TM; Omega Ruby and Alpha Sapphire TM; Sun and Moon TM; Ultra Sun and Ultra Moon TM
SPECIES_BLAZIKEN	Dual Chop	runs	Black 2 and White 2 tutor; Omega Ruby and Alpha Sapphire tutor; Ultra Sun and Ultra Moon tutor; Legends Z-A TM
SPECIES_BLAZIKEN	Echoed Voice	runs	Black and White TM; Black 2 and White 2 TM; X and Y TM; Omega Ruby and Alpha Sapphire TM; Sun and Moon TM; Ultra Sun and Ultra Moon TM
SPECIES_BLAZIKEN	Fire Pledge	runs	Black and White tutor; Black 2 and White 2 tutor; X and Y tutor; Omega Ruby and Alpha Sapphire tutor; Sun and Moon tutor; Ultra Sun and Ultra Moon tutor; Sword and Shield tutor; Scarlet and Violet TM
SPECIES_BLAZIKEN	Flame Burst	partial: plain hit; the splash on the target's partner is missing (doubles only)	Black and White egg; Black 2 and White 2 egg; X and Y egg; Omega Ruby and Alpha Sapphire egg; Sun and Moon egg; Ultra Sun and Ultra Moon egg
SPECIES_BLAZIKEN	Heat Crash	runs	Sword and Shield TM; Scarlet and Violet TM
SPECIES_BLAZIKEN	Hone Claws	runs	Black and White TM; Black 2 and White 2 TM; X and Y TM; Omega Ruby and Alpha Sapphire TM
SPECIES_BLAZIKEN	Incinerate	runs	Black and White TM; Black 2 and White 2 TM; X and Y TM; Omega Ruby and Alpha Sapphire TM
SPECIES_BLAZIKEN	Laser Focus	runs	Ultra Sun and Ultra Moon tutor
SPECIES_BLAZIKEN	Low Sweep	runs	Black and White TM; Black 2 and White 2 TM; X and Y TM; Omega Ruby and Alpha Sapphire TM; Sun and Moon TM; Ultra Sun and Ultra Moon TM; Sword and Shield TM; Brilliant Diamond and Shining Pearl TM; Scarlet and Violet TM; Legends Z-A TM
SPECIES_BLAZIKEN	Power-Up Punch	runs	X and Y TM; Omega Ruby and Alpha Sapphire TM; Legends Z-A TM
SPECIES_BLAZIKEN	Round	runs	Black and White TM; Black 2 and White 2 TM; X and Y TM; Omega Ruby and Alpha Sapphire TM; Sun and Moon TM; Ultra Sun and Ultra Moon TM; Sword and Shield TM
SPECIES_BLAZIKEN	Scorching Sands	runs	Sword and Shield tutor; Scarlet and Violet TM; Legends Z-A TM
SPECIES_BLAZIKEN	Temper Flare	runs	Scarlet and Violet TM
SPECIES_BLAZIKEN	Tera Blast	runs	Scarlet and Violet TM
SPECIES_BLAZIKEN	Upper Hand	runs	Scarlet and Violet TM
SPECIES_BLAZIKEN	Work Up	runs	Black and White TM; Black 2 and White 2 TM; Sun and Moon TM; Ultra Sun and Ultra Moon TM; Sword and Shield TM; Brilliant Diamond and Shining Pearl TM; Legends Z-A TM
SPECIES_MUDKIP	Chilling Water	runs	Scarlet and Violet TM; Legends Z-A TM
SPECIES_MUDKIP	Confide	runs	X and Y TM; Omega Ruby and Alpha Sapphire TM; Sun and Moon TM; Ultra Sun and Ultra Moon TM
SPECIES_MUDKIP	Echoed Voice	runs	Black and White TM; Black 2 and White 2 TM; X and Y TM; Omega Ruby and Alpha Sapphire TM; Sun and Moon TM; Ultra Sun and Ultra Moon TM
SPECIES_MUDKIP	Liquidation	runs	Scarlet and Violet TM; Legends Z-A TM
SPECIES_MUDKIP	Round	runs	Black and White TM; Black 2 and White 2 TM; X and Y TM; Omega Ruby and Alpha Sapphire TM; Sun and Moon TM; Ultra Sun and Ultra Moon TM; Sword and Shield TM
SPECIES_MUDKIP	Scald	runs	Black and White TM; Black 2 and White 2 TM; X and Y TM; Omega Ruby and Alpha Sapphire TM; Sun and Moon TM; Ultra Sun and Ultra Moon TM; Sword and Shield TM; Brilliant Diamond and Shining Pearl TM; Legends Z-A TM
SPECIES_MUDKIP	Sludge Wave	runs	Black and White TM; Black 2 and White 2 TM; X and Y TM; Omega Ruby and Alpha Sapphire TM; Sun and Moon TM; Ultra Sun and Ultra Moon TM; Sword and Shield TM; Scarlet and Violet TM
SPECIES_MUDKIP	Tera Blast	runs	Scarlet and Violet TM
SPECIES_MUDKIP	Water Pledge	runs	Black and White tutor; Black 2 and White 2 tutor; X and Y tutor; Omega Ruby and Alpha Sapphire tutor; Sun and Moon tutor; Ultra Sun and Ultra Moon tutor; Sword and Shield tutor; Scarlet and Violet TM
SPECIES_MUDKIP	Wide Guard	runs	Black and White egg; Black 2 and White 2 egg; X and Y egg; Omega Ruby and Alpha Sapphire egg; Sun and Moon egg; Ultra Sun and Ultra Moon egg; Sword and Shield egg; Brilliant Diamond and Shining Pearl egg; Scarlet and Violet egg
SPECIES_MUDKIP	Work Up	runs	Sun and Moon TM; Ultra Sun and Ultra Moon TM; Sword and Shield TM; Brilliant Diamond and Shining Pearl TM; Legends Z-A TM
SPECIES_MARSHTOMP	Bulldoze	runs	Black and White TM; Black 2 and White 2 TM; X and Y TM; Omega Ruby and Alpha Sapphire TM; Sun and Moon TM; Ultra Sun and Ultra Moon TM; Sword and Shield TM; Brilliant Diamond and Shining Pearl TM; Scarlet and Violet TM; Legends Z-A TM
SPECIES_MARSHTOMP	Chilling Water	runs	Scarlet and Violet TM; Legends Z-A TM
SPECIES_MARSHTOMP	Confide	runs	X and Y TM; Omega Ruby and Alpha Sapphire TM; Sun and Moon TM; Ultra Sun and Ultra Moon TM
SPECIES_MARSHTOMP	Echoed Voice	runs	Black and White TM; Black 2 and White 2 TM; X and Y TM; Omega Ruby and Alpha Sapphire TM; Sun and Moon TM; Ultra Sun and Ultra Moon TM
SPECIES_MARSHTOMP	Liquidation	runs	Scarlet and Violet TM; Legends Z-A TM
SPECIES_MARSHTOMP	Power-Up Punch	runs	X and Y TM; Omega Ruby and Alpha Sapphire TM
SPECIES_MARSHTOMP	Round	runs	Black and White TM; Black 2 and White 2 TM; X and Y TM; Omega Ruby and Alpha Sapphire TM; Sun and Moon TM; Ultra Sun and Ultra Moon TM; Sword and Shield TM
SPECIES_MARSHTOMP	Scald	runs	Black and White TM; Black 2 and White 2 TM; X and Y TM; Omega Ruby and Alpha Sapphire TM; Sun and Moon TM; Ultra Sun and Ultra Moon TM; Sword and Shield TM; Brilliant Diamond and Shining Pearl TM; Legends Z-A TM
SPECIES_MARSHTOMP	Sludge Wave	runs	Black and White TM; Black 2 and White 2 TM; X and Y TM; Omega Ruby and Alpha Sapphire TM; Sun and Moon TM; Ultra Sun and Ultra Moon TM; Sword and Shield TM; Scarlet and Violet TM
SPECIES_MARSHTOMP	Tera Blast	runs	Scarlet and Violet TM
SPECIES_MARSHTOMP	Water Pledge	runs	Black and White tutor; Black 2 and White 2 tutor; X and Y tutor; Omega Ruby and Alpha Sapphire tutor; Sun and Moon tutor; Ultra Sun and Ultra Moon tutor; Sword and Shield tutor; Scarlet and Violet TM
SPECIES_MARSHTOMP	Wide Guard	runs	Black and White egg; Black 2 and White 2 egg; X and Y egg; Omega Ruby and Alpha Sapphire egg; Sun and Moon egg; Ultra Sun and Ultra Moon egg; Sword and Shield egg; Brilliant Diamond and Shining Pearl egg; Scarlet and Violet egg
SPECIES_MARSHTOMP	Work Up	runs	Sun and Moon TM; Ultra Sun and Ultra Moon TM; Sword and Shield TM; Brilliant Diamond and Shining Pearl TM; Legends Z-A TM
SPECIES_SWAMPERT	Body Press	runs	Sword and Shield TM; Scarlet and Violet TM
SPECIES_SWAMPERT	Bulldoze	runs	Black and White TM; Black 2 and White 2 TM; X and Y TM; Omega Ruby and Alpha Sapphire TM; Sun and Moon TM; Ultra Sun and Ultra Moon TM; Sword and Shield TM; Brilliant Diamond and Shining Pearl TM; Scarlet and Violet TM; Legends Z-A TM
SPECIES_SWAMPERT	Chilling Water	runs	Scarlet and Violet TM; Legends Z-A TM
SPECIES_SWAMPERT	Confide	runs	X and Y TM; Omega Ruby and Alpha Sapphire TM; Sun and Moon TM; Ultra Sun and Ultra Moon TM
SPECIES_SWAMPERT	Darkest Lariat	runs	Sword and Shield TM
SPECIES_SWAMPERT	Echoed Voice	runs	Black and White TM; Black 2 and White 2 TM; X and Y TM; Omega Ruby and Alpha Sapphire TM; Sun and Moon TM; Ultra Sun and Ultra Moon TM
SPECIES_SWAMPERT	Flip Turn	runs	Sword and Shield tutor; Scarlet and Violet TM; Legends Z-A TM
SPECIES_SWAMPERT	Hard Press	runs	Scarlet and Violet TM
SPECIES_SWAMPERT	High Horsepower	runs	Sword and Shield TM; Scarlet and Violet TM
SPECIES_SWAMPERT	Liquidation	runs	Sword and Shield TM; Scarlet and Violet TM; Legends Z-A TM
SPECIES_SWAMPERT	Power-Up Punch	runs	X and Y TM; Omega Ruby and Alpha Sapphire TM
SPECIES_SWAMPERT	Round	runs	Black and White TM; Black 2 and White 2 TM; X and Y TM; Omega Ruby and Alpha Sapphire TM; Sun and Moon TM; Ultra Sun and Ultra Moon TM; Sword and Shield TM
SPECIES_SWAMPERT	Scald	runs	Black and White TM; Black 2 and White 2 TM; X and Y TM; Omega Ruby and Alpha Sapphire TM; Sun and Moon TM; Ultra Sun and Ultra Moon TM; Sword and Shield TM; Brilliant Diamond and Shining Pearl TM; Legends Z-A TM
SPECIES_SWAMPERT	Smack Down	runs	Scarlet and Violet TM
SPECIES_SWAMPERT	StompingTantrum	runs	Ultra Sun and Ultra Moon tutor; Sword and Shield TM; Scarlet and Violet TM
SPECIES_SWAMPERT	Tera Blast	runs	Scarlet and Violet TM
SPECIES_SWAMPERT	Water Pledge	runs	Black and White tutor; Black 2 and White 2 tutor; X and Y tutor; Omega Ruby and Alpha Sapphire tutor; Sun and Moon tutor; Ultra Sun and Ultra Moon tutor; Sword and Shield tutor; Scarlet and Violet TM
SPECIES_SWAMPERT	Wide Guard	runs	Black and White egg; Black 2 and White 2 egg; X and Y egg; Omega Ruby and Alpha Sapphire egg; Sun and Moon egg; Ultra Sun and Ultra Moon egg; Sword and Shield egg; Brilliant Diamond and Shining Pearl egg; Scarlet and Violet egg
SPECIES_SWAMPERT	Work Up	runs	Sun and Moon TM; Ultra Sun and Ultra Moon TM; Sword and Shield TM; Brilliant Diamond and Shining Pearl TM; Legends Z-A TM
SPECIES_POOCHYENA	Confide	runs	X and Y TM; Omega Ruby and Alpha Sapphire TM; Sun and Moon TM; Ultra Sun and Ultra Moon TM
SPECIES_POOCHYENA	Foul Play	runs	Black 2 and White 2 tutor; Omega Ruby and Alpha Sapphire tutor; Ultra Sun and Ultra Moon tutor; Scarlet and Violet TM; Legends Z-A TM
SPECIES_POOCHYENA	Incinerate	runs	Black and White TM; Black 2 and White 2 TM; X and Y TM; Omega Ruby and Alpha Sapphire TM
SPECIES_POOCHYENA	Lash Out	runs	Scarlet and Violet TM; Legends Z-A TM
SPECIES_POOCHYENA	Psychic Fangs	runs	Scarlet and Violet TM; Legends Z-A TM
SPECIES_POOCHYENA	Retaliate	runs	Black and White TM; Black 2 and White 2 TM; X and Y TM; Omega Ruby and Alpha Sapphire TM; Legends Z-A TM
SPECIES_POOCHYENA	Round	runs	Black and White TM; Black 2 and White 2 TM; X and Y TM; Omega Ruby and Alpha Sapphire TM; Sun and Moon TM; Ultra Sun and Ultra Moon TM; Legends Z-A TM
SPECIES_POOCHYENA	Snarl	runs	Black and White TM; Black 2 and White 2 TM; X and Y TM; Omega Ruby and Alpha Sapphire TM; Sun and Moon TM; Ultra Sun and Ultra Moon TM; Brilliant Diamond and Shining Pearl TM; Scarlet and Violet TM; Legends Z-A TM
SPECIES_POOCHYENA	Tera Blast	runs	Scarlet and Violet TM
SPECIES_POOCHYENA	Trailblaze	runs	Scarlet and Violet TM
SPECIES_MIGHTYENA	BurningJealousy	runs	Legends Z-A TM
SPECIES_MIGHTYENA	Confide	runs	X and Y TM; Omega Ruby and Alpha Sapphire TM; Sun and Moon TM; Ultra Sun and Ultra Moon TM
SPECIES_MIGHTYENA	Foul Play	runs	Black 2 and White 2 tutor; Omega Ruby and Alpha Sapphire tutor; Ultra Sun and Ultra Moon tutor; Scarlet and Violet TM; Legends Z-A TM
SPECIES_MIGHTYENA	Incinerate	runs	Black and White TM; Black 2 and White 2 TM; X and Y TM; Omega Ruby and Alpha Sapphire TM
SPECIES_MIGHTYENA	Laser Focus	runs	Ultra Sun and Ultra Moon tutor
SPECIES_MIGHTYENA	Lash Out	runs	Scarlet and Violet TM; Legends Z-A TM
SPECIES_MIGHTYENA	Psychic Fangs	runs	Scarlet and Violet TM; Legends Z-A TM
SPECIES_MIGHTYENA	Retaliate	runs	Black and White TM; Black 2 and White 2 TM; X and Y TM; Omega Ruby and Alpha Sapphire TM; Legends Z-A TM
SPECIES_MIGHTYENA	Round	runs	Black and White TM; Black 2 and White 2 TM; X and Y TM; Omega Ruby and Alpha Sapphire TM; Sun and Moon TM; Ultra Sun and Ultra Moon TM; Legends Z-A TM
SPECIES_MIGHTYENA	Tera Blast	runs	Scarlet and Violet TM
SPECIES_MIGHTYENA	Throat Chop	stub: plain hit	Ultra Sun and Ultra Moon tutor; Scarlet and Violet TM; Legends Z-A TM
SPECIES_MIGHTYENA	Trailblaze	runs	Scarlet and Violet TM
SPECIES_WURMPLE	Electroweb	runs	Black 2 and White 2 tutor; Omega Ruby and Alpha Sapphire tutor; Ultra Sun and Ultra Moon tutor; Legends Z-A TM
SPECIES_WURMPLE	Skitter Smack	runs	Legends Z-A TM
SPECIES_SILCOON	Electroweb	runs	Black 2 and White 2 tutor; Omega Ruby and Alpha Sapphire tutor; Ultra Sun and Ultra Moon tutor; Legends Z-A TM
SPECIES_SILCOON	Skitter Smack	runs	Legends Z-A TM
SPECIES_BEAUTIFLY	Acrobatics	runs	Black and White TM; Black 2 and White 2 TM; X and Y TM; Omega Ruby and Alpha Sapphire TM; Sun and Moon TM; Ultra Sun and Ultra Moon TM; Legends Z-A TM
SPECIES_BEAUTIFLY	Confide	runs	X and Y TM; Omega Ruby and Alpha Sapphire TM; Sun and Moon TM; Ultra Sun and Ultra Moon TM
SPECIES_BEAUTIFLY	Dual Wingbeat	runs	Legends Z-A TM
SPECIES_BEAUTIFLY	Electroweb	runs	Black 2 and White 2 tutor; Omega Ruby and Alpha Sapphire tutor; Ultra Sun and Ultra Moon tutor; Legends Z-A TM
SPECIES_BEAUTIFLY	Infestation	runs	X and Y TM; Omega Ruby and Alpha Sapphire TM; Sun and Moon TM; Ultra Sun and Ultra Moon TM
SPECIES_BEAUTIFLY	Laser Focus	runs	Ultra Sun and Ultra Moon tutor
SPECIES_BEAUTIFLY	Round	runs	Black and White TM; Black 2 and White 2 TM; X and Y TM; Omega Ruby and Alpha Sapphire TM; Sun and Moon TM; Ultra Sun and Ultra Moon TM; Legends Z-A TM
SPECIES_BEAUTIFLY	Skitter Smack	runs	Legends Z-A TM
SPECIES_BEAUTIFLY	Struggle Bug	runs	Black and White TM; Black 2 and White 2 TM; X and Y TM; Omega Ruby and Alpha Sapphire TM
SPECIES_CASCOON	Electroweb	runs	Black 2 and White 2 tutor; Omega Ruby and Alpha Sapphire tutor; Ultra Sun and Ultra Moon tutor; Legends Z-A TM
SPECIES_CASCOON	Skitter Smack	runs	Legends Z-A TM
SPECIES_DUSTOX	Acrobatics	runs	Black and White TM; Black 2 and White 2 TM; X and Y TM; Omega Ruby and Alpha Sapphire TM; Sun and Moon TM; Ultra Sun and Ultra Moon TM; Legends Z-A TM
SPECIES_DUSTOX	Confide	runs	X and Y TM; Omega Ruby and Alpha Sapphire TM; Sun and Moon TM; Ultra Sun and Ultra Moon TM
SPECIES_DUSTOX	Dual Wingbeat	runs	Legends Z-A TM
SPECIES_DUSTOX	Electroweb	runs	Black 2 and White 2 tutor; Omega Ruby and Alpha Sapphire tutor; Ultra Sun and Ultra Moon tutor; Legends Z-A TM
SPECIES_DUSTOX	Infestation	runs	X and Y TM; Omega Ruby and Alpha Sapphire TM; Sun and Moon TM; Ultra Sun and Ultra Moon TM
SPECIES_DUSTOX	Laser Focus	runs	Ultra Sun and Ultra Moon tutor
SPECIES_DUSTOX	Round	runs	Black and White TM; Black 2 and White 2 TM; X and Y TM; Omega Ruby and Alpha Sapphire TM; Sun and Moon TM; Ultra Sun and Ultra Moon TM; Legends Z-A TM
SPECIES_DUSTOX	Skitter Smack	runs	Legends Z-A TM
SPECIES_DUSTOX	Struggle Bug	runs	Black and White TM; Black 2 and White 2 TM; X and Y TM; Omega Ruby and Alpha Sapphire TM
SPECIES_DUSTOX	Venom Drench	runs	Legends Z-A TM
SPECIES_LOTAD	Chilling Water	runs	Scarlet and Violet TM
SPECIES_LOTAD	Confide	runs	X and Y TM; Omega Ruby and Alpha Sapphire TM; Sun and Moon TM; Ultra Sun and Ultra Moon TM
SPECIES_LOTAD	Disarming Voice	runs	Scarlet and Violet TM
SPECIES_LOTAD	Echoed Voice	runs	Black and White TM; Black 2 and White 2 TM; X and Y TM; Omega Ruby and Alpha Sapphire TM; Sun and Moon TM; Ultra Sun and Ultra Moon TM
SPECIES_LOTAD	Grassy Glide	partial: plain 55 hit; its priority in Grassy Terrain waits on terrain	Sword and Shield tutor; Scarlet and Violet TM; Legends Z-A TM
SPECIES_LOTAD	Grassy Terrain	stub: nothing happens (terrain held)	Scarlet and Violet TM
SPECIES_LOTAD	Round	runs	Black and White TM; Black 2 and White 2 TM; X and Y TM; Omega Ruby and Alpha Sapphire TM; Sun and Moon TM; Ultra Sun and Ultra Moon TM; Sword and Shield TM; Legends Z-A TM
SPECIES_LOTAD	Scald	runs	Black and White TM; Black 2 and White 2 TM; X and Y TM; Omega Ruby and Alpha Sapphire TM; Sun and Moon TM; Ultra Sun and Ultra Moon TM; Sword and Shield TM; Brilliant Diamond and Shining Pearl TM; Legends Z-A TM
SPECIES_LOTAD	Tera Blast	runs	Scarlet and Violet TM
SPECIES_LOTAD	Trailblaze	runs	Scarlet and Violet TM
SPECIES_LOMBRE	Chilling Water	runs	Scarlet and Violet TM
SPECIES_LOMBRE	Confide	runs	X and Y TM; Omega Ruby and Alpha Sapphire TM; Sun and Moon TM; Ultra Sun and Ultra Moon TM
SPECIES_LOMBRE	Disarming Voice	runs	Scarlet and Violet TM
SPECIES_LOMBRE	Echoed Voice	runs	Black and White TM; Black 2 and White 2 TM; X and Y TM; Omega Ruby and Alpha Sapphire TM; Sun and Moon TM; Ultra Sun and Ultra Moon TM
SPECIES_LOMBRE	Grassy Glide	partial: plain 55 hit; its priority in Grassy Terrain waits on terrain	Sword and Shield tutor; Scarlet and Violet TM; Legends Z-A TM
SPECIES_LOMBRE	Grassy Terrain	stub: nothing happens (terrain held)	Scarlet and Violet TM
SPECIES_LOMBRE	Hone Claws	runs	Black and White TM; Black 2 and White 2 TM; X and Y TM; Omega Ruby and Alpha Sapphire TM
SPECIES_LOMBRE	Power-Up Punch	runs	X and Y TM; Omega Ruby and Alpha Sapphire TM
SPECIES_LOMBRE	Round	runs	Black and White TM; Black 2 and White 2 TM; X and Y TM; Omega Ruby and Alpha Sapphire TM; Sun and Moon TM; Ultra Sun and Ultra Moon TM; Sword and Shield TM; Legends Z-A TM
SPECIES_LOMBRE	Scald	runs	Black and White TM; Black 2 and White 2 TM; X and Y TM; Omega Ruby and Alpha Sapphire TM; Sun and Moon TM; Ultra Sun and Ultra Moon TM; Sword and Shield TM; Brilliant Diamond and Shining Pearl TM; Legends Z-A TM
SPECIES_LOMBRE	Tera Blast	runs	Scarlet and Violet TM
SPECIES_LOMBRE	Trailblaze	runs	Scarlet and Violet TM
SPECIES_LUDICOLO	Chilling Water	runs	Scarlet and Violet TM
SPECIES_LUDICOLO	Confide	runs	X and Y TM; Omega Ruby and Alpha Sapphire TM; Sun and Moon TM; Ultra Sun and Ultra Moon TM
SPECIES_LUDICOLO	Disarming Voice	runs	Scarlet and Violet TM
SPECIES_LUDICOLO	Echoed Voice	runs	Black and White TM; Black 2 and White 2 TM; X and Y TM; Omega Ruby and Alpha Sapphire TM; Sun and Moon TM; Ultra Sun and Ultra Moon TM
SPECIES_LUDICOLO	Grassy Glide	partial: plain 55 hit; its priority in Grassy Terrain waits on terrain	Sword and Shield tutor; Scarlet and Violet TM; Legends Z-A TM
SPECIES_LUDICOLO	Grassy Terrain	stub: nothing happens (terrain held)	Scarlet and Violet TM
SPECIES_LUDICOLO	Hone Claws	runs	Black and White TM; Black 2 and White 2 TM; X and Y TM; Omega Ruby and Alpha Sapphire TM
SPECIES_LUDICOLO	Ice Spinner	runs	Scarlet and Violet TM
SPECIES_LUDICOLO	Power-Up Punch	runs	X and Y TM; Omega Ruby and Alpha Sapphire TM
SPECIES_LUDICOLO	Round	runs	Black and White TM; Black 2 and White 2 TM; X and Y TM; Omega Ruby and Alpha Sapphire TM; Sun and Moon TM; Ultra Sun and Ultra Moon TM; Sword and Shield TM; Legends Z-A TM
SPECIES_LUDICOLO	Scald	runs	Black and White TM; Black 2 and White 2 TM; X and Y TM; Omega Ruby and Alpha Sapphire TM; Sun and Moon TM; Ultra Sun and Ultra Moon TM; Sword and Shield TM; Brilliant Diamond and Shining Pearl TM; Legends Z-A TM
SPECIES_LUDICOLO	Tera Blast	runs	Scarlet and Violet TM
SPECIES_LUDICOLO	Trailblaze	runs	Scarlet and Violet TM
SPECIES_SEEDOT	Confide	runs	X and Y TM; Omega Ruby and Alpha Sapphire TM; Sun and Moon TM; Ultra Sun and Ultra Moon TM
SPECIES_SEEDOT	Foul Play	runs	Black and White egg; Black 2 and White 2 tutor; Black 2 and White 2 egg; X and Y egg; Omega Ruby and Alpha Sapphire tutor; Omega Ruby and Alpha Sapphire egg; Sun and Moon egg; Ultra Sun and Ultra Moon tutor; Ultra Sun and Ultra Moon egg; Sword and Shield TM; Brilliant Diamond and Shining Pearl egg; Scarlet and Violet TM; Legends Z-A TM
SPECIES_SEEDOT	Grassy Glide	partial: plain 55 hit; its priority in Grassy Terrain waits on terrain	Sword and Shield tutor; Scarlet and Violet TM; Legends Z-A TM
SPECIES_SEEDOT	Grassy Terrain	stub: nothing happens (terrain held)	X and Y egg; Omega Ruby and Alpha Sapphire egg; Sun and Moon egg; Ultra Sun and Ultra Moon egg; Sword and Shield TM; Brilliant Diamond and Shining Pearl egg; Scarlet and Violet TM; Legends Z-A TM
SPECIES_SEEDOT	Retaliate	runs	Black and White TM; Black 2 and White 2 TM; X and Y TM; Omega Ruby and Alpha Sapphire TM; Sword and Shield TM; Legends Z-A TM
SPECIES_SEEDOT	Round	runs	Black and White TM; Black 2 and White 2 TM; X and Y TM; Omega Ruby and Alpha Sapphire TM; Sun and Moon TM; Ultra Sun and Ultra Moon TM; Sword and Shield TM; Legends Z-A TM
SPECIES_SEEDOT	Tera Blast	runs	Scarlet and Violet TM
SPECIES_SEEDOT	Trailblaze	runs	Scarlet and Violet TM
SPECIES_NUZLEAF	Chilling Water	runs	Scarlet and Violet TM
SPECIES_NUZLEAF	Confide	runs	X and Y TM; Omega Ruby and Alpha Sapphire TM; Sun and Moon TM; Ultra Sun and Ultra Moon TM
SPECIES_NUZLEAF	Foul Play	runs	Black and White egg; Black 2 and White 2 tutor; Black 2 and White 2 egg; X and Y egg; Omega Ruby and Alpha Sapphire tutor; Omega Ruby and Alpha Sapphire egg; Sun and Moon egg; Ultra Sun and Ultra Moon tutor; Ultra Sun and Ultra Moon egg; Sword and Shield TM; Brilliant Diamond and Shining Pearl egg; Scarlet and Violet TM; Legends Z-A TM
SPECIES_NUZLEAF	Grassy Glide	partial: plain 55 hit; its priority in Grassy Terrain waits on terrain	Sword and Shield tutor; Scarlet and Violet TM; Legends Z-A TM
SPECIES_NUZLEAF	Grassy Terrain	stub: nothing happens (terrain held)	X and Y egg; Omega Ruby and Alpha Sapphire egg; Sun and Moon egg; Ultra Sun and Ultra Moon egg; Sword and Shield TM; Brilliant Diamond and Shining Pearl egg; Scarlet and Violet TM; Legends Z-A TM
SPECIES_NUZLEAF	Lash Out	runs	Sword and Shield tutor; Scarlet and Violet TM; Legends Z-A TM
SPECIES_NUZLEAF	Low Sweep	runs	Black and White TM; Black 2 and White 2 TM; X and Y TM; Omega Ruby and Alpha Sapphire TM; Sun and Moon TM; Ultra Sun and Ultra Moon TM; Sword and Shield TM; Brilliant Diamond and Shining Pearl TM; Scarlet and Violet TM; Legends Z-A TM
SPECIES_NUZLEAF	Power-Up Punch	runs	X and Y TM; Omega Ruby and Alpha Sapphire TM
SPECIES_NUZLEAF	Retaliate	runs	Black and White TM; Black 2 and White 2 TM; X and Y TM; Omega Ruby and Alpha Sapphire TM; Sword and Shield TM; Legends Z-A TM
SPECIES_NUZLEAF	Round	runs	Black and White TM; Black 2 and White 2 TM; X and Y TM; Omega Ruby and Alpha Sapphire TM; Sun and Moon TM; Ultra Sun and Ultra Moon TM; Sword and Shield TM; Legends Z-A TM
SPECIES_NUZLEAF	Snarl	runs	Black and White TM; Black 2 and White 2 TM; X and Y TM; Omega Ruby and Alpha Sapphire TM; Sun and Moon TM; Ultra Sun and Ultra Moon TM; Sword and Shield TM; Brilliant Diamond and Shining Pearl TM; Scarlet and Violet TM; Legends Z-A TM
SPECIES_NUZLEAF	Solar Blade	runs	Sword and Shield TM; Scarlet and Violet TM; Legends Z-A TM
SPECIES_NUZLEAF	Tera Blast	runs	Scarlet and Violet TM
SPECIES_NUZLEAF	Trailblaze	runs	Scarlet and Violet TM
SPECIES_SHIFTRY	Brutal Swing	runs	Sun and Moon TM; Ultra Sun and Ultra Moon TM; Sword and Shield TM; Legends Z-A TM
SPECIES_SHIFTRY	Chilling Water	runs	Scarlet and Violet TM
SPECIES_SHIFTRY	Confide	runs	X and Y TM; Omega Ruby and Alpha Sapphire TM; Sun and Moon TM; Ultra Sun and Ultra Moon TM
SPECIES_SHIFTRY	Foul Play	runs	Black and White egg; Black 2 and White 2 tutor; Black 2 and White 2 egg; X and Y egg; Omega Ruby and Alpha Sapphire tutor; Omega Ruby and Alpha Sapphire egg; Sun and Moon egg; Ultra Sun and Ultra Moon tutor; Ultra Sun and Ultra Moon egg; Sword and Shield TM; Brilliant Diamond and Shining Pearl egg; Scarlet and Violet TM; Legends Z-A TM
SPECIES_SHIFTRY	Grassy Glide	partial: plain 55 hit; its priority in Grassy Terrain waits on terrain	Sword and Shield tutor; Scarlet and Violet TM; Legends Z-A TM
SPECIES_SHIFTRY	Grassy Terrain	stub: nothing happens (terrain held)	X and Y egg; Omega Ruby and Alpha Sapphire egg; Sun and Moon egg; Ultra Sun and Ultra Moon egg; Sword and Shield TM; Brilliant Diamond and Shining Pearl egg; Scarlet and Violet TM; Legends Z-A TM
SPECIES_SHIFTRY	Hex	runs	Scarlet and Violet TM
SPECIES_SHIFTRY	Lash Out	runs	Sword and Shield tutor; Scarlet and Violet TM; Legends Z-A TM
SPECIES_SHIFTRY	Low Sweep	runs	Black and White TM; Black 2 and White 2 TM; X and Y TM; Omega Ruby and Alpha Sapphire TM; Sun and Moon TM; Ultra Sun and Ultra Moon TM; Sword and Shield TM; Brilliant Diamond and Shining Pearl TM; Scarlet and Violet TM; Legends Z-A TM
SPECIES_SHIFTRY	Petal Blizzard	runs	Scarlet and Violet TM
SPECIES_SHIFTRY	Power-Up Punch	runs	X and Y TM; Omega Ruby and Alpha Sapphire TM
SPECIES_SHIFTRY	Retaliate	runs	Black and White TM; Black 2 and White 2 TM; X and Y TM; Omega Ruby and Alpha Sapphire TM; Sword and Shield TM; Legends Z-A TM
SPECIES_SHIFTRY	Round	runs	Black and White TM; Black 2 and White 2 TM; X and Y TM; Omega Ruby and Alpha Sapphire TM; Sun and Moon TM; Ultra Sun and Ultra Moon TM; Sword and Shield TM; Legends Z-A TM
SPECIES_SHIFTRY	Snarl	runs	Black and White TM; Black 2 and White 2 TM; X and Y TM; Omega Ruby and Alpha Sapphire TM; Sun and Moon TM; Ultra Sun and Ultra Moon TM; Sword and Shield TM; Brilliant Diamond and Shining Pearl TM; Scarlet and Violet TM; Legends Z-A TM
SPECIES_SHIFTRY	Solar Blade	runs	Sword and Shield TM; Scarlet and Violet TM; Legends Z-A TM
SPECIES_SHIFTRY	Tera Blast	runs	Scarlet and Violet TM
SPECIES_SHIFTRY	Throat Chop	stub: plain hit	Ultra Sun and Ultra Moon tutor; Sword and Shield TM; Scarlet and Violet TM; Legends Z-A TM
SPECIES_SHIFTRY	Trailblaze	runs	Scarlet and Violet TM
SPECIES_SHIFTRY	Upper Hand	runs	Scarlet and Violet TM
SPECIES_WINGULL	Acrobatics	runs	Scarlet and Violet TM; Legends Z-A TM
SPECIES_WINGULL	Chilling Water	runs	Scarlet and Violet TM; Legends Z-A TM
SPECIES_WINGULL	Confide	runs	X and Y TM; Omega Ruby and Alpha Sapphire TM; Sun and Moon TM; Ultra Sun and Ultra Moon TM
SPECIES_WINGULL	Dual Wingbeat	runs	Sword and Shield tutor; Scarlet and Violet TM
SPECIES_WINGULL	Echoed Voice	runs	Black and White TM; Black 2 and White 2 TM; X and Y TM; Omega Ruby and Alpha Sapphire TM; Sun and Moon TM; Ultra Sun and Ultra Moon TM
SPECIES_WINGULL	Liquidation	runs	Ultra Sun and Ultra Moon tutor; Sword and Shield TM; Scarlet and Violet TM; Legends Z-A TM
SPECIES_WINGULL	Round	runs	Black and White TM; Black 2 and White 2 TM; X and Y TM; Omega Ruby and Alpha Sapphire TM; Sun and Moon TM; Ultra Sun and Ultra Moon TM; Sword and Shield TM
SPECIES_WINGULL	Scald	runs	Black and White TM; Black 2 and White 2 TM; X and Y TM; Omega Ruby and Alpha Sapphire TM; Sun and Moon TM; Ultra Sun and Ultra Moon TM; Sword and Shield TM; Brilliant Diamond and Shining Pearl TM
SPECIES_WINGULL	Snowscape	stub: nothing happens	Scarlet and Violet TM; Legends Z-A TM
SPECIES_WINGULL	Soak	runs	X and Y egg; Omega Ruby and Alpha Sapphire egg; Sun and Moon egg; Ultra Sun and Ultra Moon egg; Sword and Shield egg; Brilliant Diamond and Shining Pearl egg; Scarlet and Violet egg; Legends Z-A TM; Legends Z-A egg
SPECIES_WINGULL	Tera Blast	runs	Scarlet and Violet TM; Legends Z-A TM
SPECIES_WINGULL	Wide Guard	runs	X and Y egg; Omega Ruby and Alpha Sapphire egg; Sun and Moon egg; Ultra Sun and Ultra Moon egg; Sword and Shield egg; Brilliant Diamond and Shining Pearl egg; Scarlet and Violet egg; Legends Z-A TM; Legends Z-A egg
SPECIES_PELIPPER	Acrobatics	runs	Scarlet and Violet TM; Legends Z-A TM
SPECIES_PELIPPER	Chilling Water	runs	Scarlet and Violet TM; Legends Z-A TM
SPECIES_PELIPPER	Confide	runs	X and Y TM; Omega Ruby and Alpha Sapphire TM; Sun and Moon TM; Ultra Sun and Ultra Moon TM
SPECIES_PELIPPER	Dual Wingbeat	runs	Sword and Shield tutor; Scarlet and Violet TM
SPECIES_PELIPPER	Echoed Voice	runs	Black and White TM; Black 2 and White 2 TM; X and Y TM; Omega Ruby and Alpha Sapphire TM; Sun and Moon TM; Ultra Sun and Ultra Moon TM
SPECIES_PELIPPER	Liquidation	runs	Ultra Sun and Ultra Moon tutor; Sword and Shield TM; Scarlet and Violet TM; Legends Z-A TM
SPECIES_PELIPPER	Round	runs	Black and White TM; Black 2 and White 2 TM; X and Y TM; Omega Ruby and Alpha Sapphire TM; Sun and Moon TM; Ultra Sun and Ultra Moon TM; Sword and Shield TM
SPECIES_PELIPPER	Scald	runs	Black and White TM; Black 2 and White 2 TM; X and Y TM; Omega Ruby and Alpha Sapphire TM; Sun and Moon TM; Ultra Sun and Ultra Moon TM; Sword and Shield TM; Brilliant Diamond and Shining Pearl TM
SPECIES_PELIPPER	Sky Drop	partial: plain 60 hit; the two-turn lift is missing	Black and White TM; Black 2 and White 2 TM; X and Y TM; Omega Ruby and Alpha Sapphire TM; Sun and Moon TM; Ultra Sun and Ultra Moon TM
SPECIES_PELIPPER	Snowscape	stub: nothing happens	Scarlet and Violet TM; Legends Z-A TM
SPECIES_PELIPPER	Tera Blast	runs	Scarlet and Violet TM; Legends Z-A TM
SPECIES_PELIPPER	Wide Guard	runs	X and Y egg; Omega Ruby and Alpha Sapphire egg; Sun and Moon egg; Ultra Sun and Ultra Moon egg; Sword and Shield egg; Brilliant Diamond and Shining Pearl egg; Scarlet and Violet egg
SPECIES_RALTS	Alluring Voice	runs	Scarlet and Violet TM
SPECIES_RALTS	Ally Switch	partial: status move running the plain-hit script: its effect never happens	Black and White TM; Black 2 and White 2 TM; X and Y egg; Omega Ruby and Alpha Sapphire egg; Sun and Moon egg; Ultra Sun and Ultra Moon tutor; Ultra Sun and Ultra Moon egg; Sword and Shield TM; Brilliant Diamond and Shining Pearl egg
SPECIES_RALTS	Confide	runs	X and Y TM; Omega Ruby and Alpha Sapphire TM; Sun and Moon TM; Ultra Sun and Ultra Moon TM
SPECIES_RALTS	Dazzling Gleam	runs	X and Y TM; Omega Ruby and Alpha Sapphire TM; Sun and Moon TM; Ultra Sun and Ultra Moon TM; Sword and Shield TM; Brilliant Diamond and Shining Pearl TM; Scarlet and Violet TM
SPECIES_RALTS	Echoed Voice	runs	Black and White TM; Black 2 and White 2 TM; X and Y TM; Omega Ruby and Alpha Sapphire TM; Sun and Moon TM; Ultra Sun and Ultra Moon TM
SPECIES_RALTS	Expanding Force	partial: plain 80 hit; its Psychic Terrain boost waits on terrain	Sword and Shield tutor; Scarlet and Violet TM
SPECIES_RALTS	Magic Room	partial: status move running the plain-hit script: its effect never happens	Black 2 and White 2 tutor; Omega Ruby and Alpha Sapphire tutor; Ultra Sun and Ultra Moon tutor; Sword and Shield TM
SPECIES_RALTS	Misty Terrain	stub: nothing happens (terrain held)	X and Y egg; Omega Ruby and Alpha Sapphire egg; Sun and Moon egg; Ultra Sun and Ultra Moon egg; Sword and Shield TM; Brilliant Diamond and Shining Pearl egg; Scarlet and Violet TM
SPECIES_RALTS	Psychic Terrain	stub: nothing happens (terrain held)	Scarlet and Violet TM
SPECIES_RALTS	Psyshock	runs	Black and White TM; Black 2 and White 2 TM; X and Y TM; Omega Ruby and Alpha Sapphire TM; Sun and Moon TM; Ultra Sun and Ultra Moon TM; Sword and Shield TM; Scarlet and Violet TM; Legends Z-A TM
SPECIES_RALTS	Round	runs	Black and White TM; Black 2 and White 2 TM; X and Y TM; Omega Ruby and Alpha Sapphire TM; Sun and Moon TM; Ultra Sun and Ultra Moon TM; Sword and Shield TM
SPECIES_RALTS	Synchronoise	partial: plain 120 hit on any foe; the rule that it hits only a foe sharing a type is missing	Black and White egg; Black 2 and White 2 egg; X and Y egg; Omega Ruby and Alpha Sapphire egg; Sun and Moon egg; Ultra Sun and Ultra Moon egg
SPECIES_RALTS	Telekinesis	partial: status move running the plain-hit script: its effect never happens	Black and White TM; Black 2 and White 2 TM; Ultra Sun and Ultra Moon tutor
SPECIES_RALTS	Tera Blast	runs	Scarlet and Violet TM
SPECIES_RALTS	Wonder Room	runs	Black 2 and White 2 tutor; Omega Ruby and Alpha Sapphire tutor; Ultra Sun and Ultra Moon tutor; Sword and Shield TM
SPECIES_KIRLIA	Alluring Voice	runs	Scarlet and Violet TM
SPECIES_KIRLIA	Ally Switch	partial: status move running the plain-hit script: its effect never happens	Black and White TM; Black 2 and White 2 TM; X and Y egg; Omega Ruby and Alpha Sapphire egg; Sun and Moon egg; Ultra Sun and Ultra Moon tutor; Ultra Sun and Ultra Moon egg; Sword and Shield TM; Brilliant Diamond and Shining Pearl egg
SPECIES_KIRLIA	Confide	runs	X and Y TM; Omega Ruby and Alpha Sapphire TM; Sun and Moon TM; Ultra Sun and Ultra Moon TM
SPECIES_KIRLIA	Dazzling Gleam	runs	X and Y TM; Omega Ruby and Alpha Sapphire TM; Sun and Moon TM; Ultra Sun and Ultra Moon TM; Sword and Shield TM; Brilliant Diamond and Shining Pearl TM; Scarlet and Violet TM
SPECIES_KIRLIA	Echoed Voice	runs	Black and White TM; Black 2 and White 2 TM; X and Y TM; Omega Ruby and Alpha Sapphire TM; Sun and Moon TM; Ultra Sun and Ultra Moon TM
SPECIES_KIRLIA	Expanding Force	partial: plain 80 hit; its Psychic Terrain boost waits on terrain	Sword and Shield tutor; Scarlet and Violet TM
SPECIES_KIRLIA	Magic Room	partial: status move running the plain-hit script: its effect never happens	Black 2 and White 2 tutor; Omega Ruby and Alpha Sapphire tutor; Ultra Sun and Ultra Moon tutor; Sword and Shield TM
SPECIES_KIRLIA	Misty Terrain	stub: nothing happens (terrain held)	X and Y egg; Omega Ruby and Alpha Sapphire egg; Sun and Moon egg; Ultra Sun and Ultra Moon egg; Sword and Shield TM; Brilliant Diamond and Shining Pearl egg; Scarlet and Violet TM
SPECIES_KIRLIA	Psychic Terrain	stub: nothing happens (terrain held)	Scarlet and Violet TM
SPECIES_KIRLIA	Psyshock	runs	Black and White TM; Black 2 and White 2 TM; X and Y TM; Omega Ruby and Alpha Sapphire TM; Sun and Moon TM; Ultra Sun and Ultra Moon TM; Sword and Shield TM; Scarlet and Violet TM; Legends Z-A TM
SPECIES_KIRLIA	Round	runs	Black and White TM; Black 2 and White 2 TM; X and Y TM; Omega Ruby and Alpha Sapphire TM; Sun and Moon TM; Ultra Sun and Ultra Moon TM; Sword and Shield TM
SPECIES_KIRLIA	Synchronoise	partial: plain 120 hit on any foe; the rule that it hits only a foe sharing a type is missing	Black and White egg; Black 2 and White 2 egg; X and Y egg; Omega Ruby and Alpha Sapphire egg; Sun and Moon egg; Ultra Sun and Ultra Moon egg
SPECIES_KIRLIA	Telekinesis	partial: status move running the plain-hit script: its effect never happens	Black and White TM; Black 2 and White 2 TM; Ultra Sun and Ultra Moon tutor
SPECIES_KIRLIA	Tera Blast	runs	Scarlet and Violet TM
SPECIES_KIRLIA	Triple Axel	runs	Sword and Shield tutor; Scarlet and Violet TM; Legends Z-A TM
SPECIES_KIRLIA	Wonder Room	runs	Black 2 and White 2 tutor; Omega Ruby and Alpha Sapphire tutor; Ultra Sun and Ultra Moon tutor; Sword and Shield TM
SPECIES_GARDEVOIR	Alluring Voice	runs	Scarlet and Violet TM
SPECIES_GARDEVOIR	Ally Switch	partial: status move running the plain-hit script: its effect never happens	Black and White TM; Black 2 and White 2 TM; X and Y egg; Omega Ruby and Alpha Sapphire egg; Sun and Moon egg; Ultra Sun and Ultra Moon tutor; Ultra Sun and Ultra Moon egg; Sword and Shield TM; Brilliant Diamond and Shining Pearl egg
SPECIES_GARDEVOIR	Confide	runs	X and Y TM; Omega Ruby and Alpha Sapphire TM; Sun and Moon TM; Ultra Sun and Ultra Moon TM
SPECIES_GARDEVOIR	Echoed Voice	runs	Black and White TM; Black 2 and White 2 TM; X and Y TM; Omega Ruby and Alpha Sapphire TM; Sun and Moon TM; Ultra Sun and Ultra Moon TM
SPECIES_GARDEVOIR	Expanding Force	partial: plain 80 hit; its Psychic Terrain boost waits on terrain	Sword and Shield tutor; Scarlet and Violet TM
SPECIES_GARDEVOIR	Laser Focus	runs	Ultra Sun and Ultra Moon tutor
SPECIES_GARDEVOIR	Magic Room	partial: status move running the plain-hit script: its effect never happens	Black 2 and White 2 tutor; Omega Ruby and Alpha Sapphire tutor; Ultra Sun and Ultra Moon tutor; Sword and Shield TM
SPECIES_GARDEVOIR	Misty Explosion	runs	Sword and Shield tutor; Scarlet and Violet TM
SPECIES_GARDEVOIR	Psychic Noise	runs	Scarlet and Violet TM
SPECIES_GARDEVOIR	Psychic Terrain	stub: nothing happens (terrain held)	Sword and Shield TM; Scarlet and Violet TM
SPECIES_GARDEVOIR	Psyshock	runs	Black and White TM; Black 2 and White 2 TM; X and Y TM; Omega Ruby and Alpha Sapphire TM; Sun and Moon TM; Ultra Sun and Ultra Moon TM; Sword and Shield TM; Scarlet and Violet TM; Legends Z-A TM
SPECIES_GARDEVOIR	Round	runs	Black and White TM; Black 2 and White 2 TM; X and Y TM; Omega Ruby and Alpha Sapphire TM; Sun and Moon TM; Ultra Sun and Ultra Moon TM; Sword and Shield TM
SPECIES_GARDEVOIR	Synchronoise	partial: plain 120 hit on any foe; the rule that it hits only a foe sharing a type is missing	Black and White egg; Black 2 and White 2 egg; X and Y egg; Omega Ruby and Alpha Sapphire egg; Sun and Moon egg; Ultra Sun and Ultra Moon egg
SPECIES_GARDEVOIR	Telekinesis	partial: status move running the plain-hit script: its effect never happens	Black and White TM; Black 2 and White 2 TM; Ultra Sun and Ultra Moon tutor
SPECIES_GARDEVOIR	Tera Blast	runs	Scarlet and Violet TM
SPECIES_GARDEVOIR	Triple Axel	runs	Sword and Shield tutor; Scarlet and Violet TM; Legends Z-A TM
SPECIES_GARDEVOIR	Wonder Room	runs	Black 2 and White 2 tutor; Omega Ruby and Alpha Sapphire tutor; Ultra Sun and Ultra Moon tutor; Sword and Shield TM
SPECIES_SURSKIT	Acrobatics	runs	Scarlet and Violet TM; Legends Z-A TM
SPECIES_SURSKIT	Chilling Water	runs	Scarlet and Violet TM; Legends Z-A TM
SPECIES_SURSKIT	Confide	runs	X and Y TM; Omega Ruby and Alpha Sapphire TM; Sun and Moon TM; Ultra Sun and Ultra Moon TM
SPECIES_SURSKIT	Fell Stinger	runs	X and Y egg; Omega Ruby and Alpha Sapphire egg; Sun and Moon egg; Ultra Sun and Ultra Moon egg; Brilliant Diamond and Shining Pearl egg; Scarlet and Violet egg; Legends Z-A TM; Legends Z-A egg
SPECIES_SURSKIT	Infestation	runs	X and Y TM; Omega Ruby and Alpha Sapphire TM; Sun and Moon TM; Ultra Sun and Ultra Moon TM
SPECIES_SURSKIT	Liquidation	runs	Ultra Sun and Ultra Moon tutor; Scarlet and Violet TM; Legends Z-A TM
SPECIES_SURSKIT	Lunge	runs	Sun and Moon egg; Ultra Sun and Ultra Moon egg; Brilliant Diamond and Shining Pearl egg; Scarlet and Violet TM; Scarlet and Violet egg; Legends Z-A TM; Legends Z-A egg
SPECIES_SURSKIT	Pounce	runs	Scarlet and Violet TM; Legends Z-A TM
SPECIES_SURSKIT	Power Split	runs	X and Y egg; Omega Ruby and Alpha Sapphire egg; Sun and Moon egg; Ultra Sun and Ultra Moon egg; Brilliant Diamond and Shining Pearl egg; Scarlet and Violet egg; Legends Z-A TM; Legends Z-A egg
SPECIES_SURSKIT	Round	runs	Black and White TM; Black 2 and White 2 TM; X and Y TM; Omega Ruby and Alpha Sapphire TM; Sun and Moon TM; Ultra Sun and Ultra Moon TM
SPECIES_SURSKIT	Scald	runs	Black and White TM; Black 2 and White 2 TM; X and Y TM; Omega Ruby and Alpha Sapphire TM; Sun and Moon TM; Ultra Sun and Ultra Moon TM; Brilliant Diamond and Shining Pearl TM
SPECIES_SURSKIT	Skitter Smack	runs	Scarlet and Violet TM
SPECIES_SURSKIT	Struggle Bug	runs	Black and White TM; Black 2 and White 2 TM; X and Y TM; Omega Ruby and Alpha Sapphire TM; Scarlet and Violet TM; Legends Z-A TM
SPECIES_SURSKIT	Tera Blast	runs	Scarlet and Violet TM; Legends Z-A TM
SPECIES_MASQUERAIN	Acrobatics	runs	Scarlet and Violet TM; Legends Z-A TM
SPECIES_MASQUERAIN	Chilling Water	runs	Scarlet and Violet TM; Legends Z-A TM
SPECIES_MASQUERAIN	Confide	runs	X and Y TM; Omega Ruby and Alpha Sapphire TM; Sun and Moon TM; Ultra Sun and Ultra Moon TM
SPECIES_MASQUERAIN	Dual Wingbeat	runs	Scarlet and Violet TM
SPECIES_MASQUERAIN	Fell Stinger	runs	X and Y egg; Omega Ruby and Alpha Sapphire egg; Sun and Moon egg; Ultra Sun and Ultra Moon egg; Brilliant Diamond and Shining Pearl egg; Scarlet and Violet egg
SPECIES_MASQUERAIN	Foul Play	runs	Scarlet and Violet TM; Legends Z-A TM
SPECIES_MASQUERAIN	Hurricane	runs	Scarlet and Violet TM; Legends Z-A TM
SPECIES_MASQUERAIN	Infestation	runs	X and Y TM; Omega Ruby and Alpha Sapphire TM; Sun and Moon TM; Ultra Sun and Ultra Moon TM
SPECIES_MASQUERAIN	Liquidation	runs	Ultra Sun and Ultra Moon tutor; Scarlet and Violet TM; Legends Z-A TM
SPECIES_MASQUERAIN	Lunge	runs	Sun and Moon egg; Ultra Sun and Ultra Moon egg; Brilliant Diamond and Shining Pearl egg; Scarlet and Violet TM; Scarlet and Violet egg
SPECIES_MASQUERAIN	Pounce	runs	Scarlet and Violet TM; Legends Z-A TM
SPECIES_MASQUERAIN	Power Split	runs	X and Y egg; Omega Ruby and Alpha Sapphire egg; Sun and Moon egg; Ultra Sun and Ultra Moon egg; Brilliant Diamond and Shining Pearl egg; Scarlet and Violet egg
SPECIES_MASQUERAIN	Round	runs	Black and White TM; Black 2 and White 2 TM; X and Y TM; Omega Ruby and Alpha Sapphire TM; Sun and Moon TM; Ultra Sun and Ultra Moon TM
SPECIES_MASQUERAIN	Scald	runs	Black and White TM; Black 2 and White 2 TM; X and Y TM; Omega Ruby and Alpha Sapphire TM; Sun and Moon TM; Ultra Sun and Ultra Moon TM; Brilliant Diamond and Shining Pearl TM
SPECIES_MASQUERAIN	Skitter Smack	runs	Scarlet and Violet TM
SPECIES_MASQUERAIN	Struggle Bug	runs	Black and White TM; Black 2 and White 2 TM; X and Y TM; Omega Ruby and Alpha Sapphire TM; Scarlet and Violet TM; Legends Z-A TM
SPECIES_MASQUERAIN	Tera Blast	runs	Scarlet and Violet TM; Legends Z-A TM
SPECIES_SHROOMISH	Confide	runs	X and Y TM; Omega Ruby and Alpha Sapphire TM; Sun and Moon TM; Ultra Sun and Ultra Moon TM
SPECIES_SHROOMISH	Grassy Terrain	stub: nothing happens (terrain held)	Scarlet and Violet TM; Legends Z-A TM
SPECIES_SHROOMISH	Pounce	runs	Scarlet and Violet TM; Legends Z-A TM
SPECIES_SHROOMISH	Round	runs	Black and White TM; Black 2 and White 2 TM; X and Y TM; Omega Ruby and Alpha Sapphire TM; Sun and Moon TM; Ultra Sun and Ultra Moon TM
SPECIES_SHROOMISH	Tera Blast	runs	Scarlet and Violet TM; Legends Z-A TM
SPECIES_SHROOMISH	Venoshock	runs	Black and White TM; Black 2 and White 2 TM; X and Y TM; Omega Ruby and Alpha Sapphire TM; Sun and Moon TM; Ultra Sun and Ultra Moon TM; Scarlet and Violet TM; Legends Z-A TM
SPECIES_BRELOOM	Bulldoze	runs	Scarlet and Violet TM; Legends Z-A TM
SPECIES_BRELOOM	Confide	runs	X and Y TM; Omega Ruby and Alpha Sapphire TM; Sun and Moon TM; Ultra Sun and Ultra Moon TM
SPECIES_BRELOOM	Grassy Terrain	stub: nothing happens (terrain held)	Scarlet and Violet TM; Legends Z-A TM
SPECIES_BRELOOM	Laser Focus	runs	Ultra Sun and Ultra Moon tutor
SPECIES_BRELOOM	Low Sweep	runs	Black and White TM; Black 2 and White 2 TM; X and Y TM; Omega Ruby and Alpha Sapphire TM; Sun and Moon TM; Ultra Sun and Ultra Moon TM; Brilliant Diamond and Shining Pearl TM; Scarlet and Violet TM; Legends Z-A TM
SPECIES_BRELOOM	Pounce	runs	Scarlet and Violet TM; Legends Z-A TM
SPECIES_BRELOOM	Power-Up Punch	runs	X and Y TM; Omega Ruby and Alpha Sapphire TM
SPECIES_BRELOOM	Retaliate	runs	Black and White TM; Black 2 and White 2 TM; X and Y TM; Omega Ruby and Alpha Sapphire TM
SPECIES_BRELOOM	Round	runs	Black and White TM; Black 2 and White 2 TM; X and Y TM; Omega Ruby and Alpha Sapphire TM; Sun and Moon TM; Ultra Sun and Ultra Moon TM
SPECIES_BRELOOM	Tera Blast	runs	Scarlet and Violet TM; Legends Z-A TM
SPECIES_BRELOOM	Venoshock	runs	Black and White TM; Black 2 and White 2 TM; X and Y TM; Omega Ruby and Alpha Sapphire TM; Sun and Moon TM; Ultra Sun and Ultra Moon TM; Scarlet and Violet TM; Legends Z-A TM
SPECIES_BRELOOM	Work Up	runs	Black and White TM; Black 2 and White 2 TM; Sun and Moon TM; Ultra Sun and Ultra Moon TM; Brilliant Diamond and Shining Pearl TM
SPECIES_MAKUHITA	Body Press	runs	Scarlet and Violet TM; Legends Z-A TM
SPECIES_MAKUHITA	Bulldoze	runs	Black and White TM; Black 2 and White 2 TM; X and Y TM; Omega Ruby and Alpha Sapphire TM; Sun and Moon TM; Ultra Sun and Ultra Moon TM; Brilliant Diamond and Shining Pearl TM; Scarlet and Violet TM; Legends Z-A TM
SPECIES_MAKUHITA	Chilling Water	runs	Scarlet and Violet TM; Legends Z-A TM
SPECIES_MAKUHITA	Chip Away	runs	Black and White egg; Black 2 and White 2 egg; X and Y egg; Omega Ruby and Alpha Sapphire egg; Sun and Moon egg; Ultra Sun and Ultra Moon egg
SPECIES_MAKUHITA	Coaching	runs	Scarlet and Violet TM
SPECIES_MAKUHITA	Confide	runs	X and Y TM; Omega Ruby and Alpha Sapphire TM; Sun and Moon TM; Ultra Sun and Ultra Moon TM
SPECIES_MAKUHITA	Low Sweep	runs	Black and White TM; Black 2 and White 2 TM; X and Y TM; Omega Ruby and Alpha Sapphire TM; Sun and Moon TM; Ultra Sun and Ultra Moon TM; Brilliant Diamond and Shining Pearl TM; Scarlet and Violet TM; Legends Z-A TM
SPECIES_MAKUHITA	Power-Up Punch	runs	X and Y TM; Omega Ruby and Alpha Sapphire TM
SPECIES_MAKUHITA	Retaliate	runs	Black and White TM; Black 2 and White 2 TM; X and Y TM; Omega Ruby and Alpha Sapphire TM
SPECIES_MAKUHITA	Round	runs	Black and White TM; Black 2 and White 2 TM; X and Y TM; Omega Ruby and Alpha Sapphire TM; Sun and Moon TM; Ultra Sun and Ultra Moon TM
SPECIES_MAKUHITA	Smack Down	runs	Black and White TM; Black 2 and White 2 TM; X and Y TM; Omega Ruby and Alpha Sapphire TM; Sun and Moon TM; Ultra Sun and Ultra Moon TM; Scarlet and Violet TM
SPECIES_MAKUHITA	StompingTantrum	runs	Scarlet and Violet TM; Legends Z-A TM
SPECIES_MAKUHITA	Tera Blast	runs	Scarlet and Violet TM; Legends Z-A TM
SPECIES_MAKUHITA	Upper Hand	runs	Scarlet and Violet TM
SPECIES_MAKUHITA	Wide Guard	runs	Black and White egg; Black 2 and White 2 egg; X and Y egg; Omega Ruby and Alpha Sapphire egg; Sun and Moon egg; Ultra Sun and Ultra Moon egg; Brilliant Diamond and Shining Pearl egg; Scarlet and Violet egg; Legends Z-A TM; Legends Z-A egg
SPECIES_MAKUHITA	Work Up	runs	Black and White TM; Black 2 and White 2 TM; Sun and Moon TM; Ultra Sun and Ultra Moon TM; Brilliant Diamond and Shining Pearl TM
SPECIES_HARIYAMA	Body Press	runs	Scarlet and Violet TM; Legends Z-A TM
SPECIES_HARIYAMA	Bulldoze	runs	Black and White TM; Black 2 and White 2 TM; X and Y TM; Omega Ruby and Alpha Sapphire TM; Sun and Moon TM; Ultra Sun and Ultra Moon TM; Brilliant Diamond and Shining Pearl TM; Scarlet and Violet TM; Legends Z-A TM
SPECIES_HARIYAMA	Chilling Water	runs	Scarlet and Violet TM; Legends Z-A TM
SPECIES_HARIYAMA	Chip Away	runs	Black and White egg; Black 2 and White 2 egg; X and Y egg; Omega Ruby and Alpha Sapphire egg; Sun and Moon egg; Ultra Sun and Ultra Moon egg
SPECIES_HARIYAMA	Coaching	runs	Scarlet and Violet TM
SPECIES_HARIYAMA	Confide	runs	X and Y TM; Omega Ruby and Alpha Sapphire TM; Sun and Moon TM; Ultra Sun and Ultra Moon TM
SPECIES_HARIYAMA	Lash Out	runs	Scarlet and Violet TM
SPECIES_HARIYAMA	Low Sweep	runs	Black and White TM; Black 2 and White 2 TM; X and Y TM; Omega Ruby and Alpha Sapphire TM; Sun and Moon TM; Ultra Sun and Ultra Moon TM; Brilliant Diamond and Shining Pearl TM; Scarlet and Violet TM; Legends Z-A TM
SPECIES_HARIYAMA	Power-Up Punch	runs	X and Y TM; Omega Ruby and Alpha Sapphire TM
SPECIES_HARIYAMA	Retaliate	runs	Black and White TM; Black 2 and White 2 TM; X and Y TM; Omega Ruby and Alpha Sapphire TM
SPECIES_HARIYAMA	Round	runs	Black and White TM; Black 2 and White 2 TM; X and Y TM; Omega Ruby and Alpha Sapphire TM; Sun and Moon TM; Ultra Sun and Ultra Moon TM
SPECIES_HARIYAMA	Smack Down	runs	Black and White TM; Black 2 and White 2 TM; X and Y TM; Omega Ruby and Alpha Sapphire TM; Sun and Moon TM; Ultra Sun and Ultra Moon TM; Scarlet and Violet TM
SPECIES_HARIYAMA	StompingTantrum	runs	Ultra Sun and Ultra Moon tutor; Scarlet and Violet TM; Legends Z-A TM
SPECIES_HARIYAMA	Tera Blast	runs	Scarlet and Violet TM; Legends Z-A TM
SPECIES_HARIYAMA	Throat Chop	stub: plain hit	Ultra Sun and Ultra Moon tutor; Scarlet and Violet TM
SPECIES_HARIYAMA	Upper Hand	runs	Scarlet and Violet TM
SPECIES_HARIYAMA	Wide Guard	runs	Black and White egg; Black 2 and White 2 egg; X and Y egg; Omega Ruby and Alpha Sapphire egg; Sun and Moon egg; Ultra Sun and Ultra Moon egg; Brilliant Diamond and Shining Pearl egg; Scarlet and Violet egg
SPECIES_HARIYAMA	Work Up	runs	Black and White TM; Black 2 and White 2 TM; Sun and Moon TM; Ultra Sun and Ultra Moon TM; Brilliant Diamond and Shining Pearl TM
SPECIES_AZURILL	Alluring Voice	runs	Scarlet and Violet TM
SPECIES_AZURILL	Brutal Swing	runs	Sword and Shield TM
SPECIES_AZURILL	Confide	runs	X and Y TM; Omega Ruby and Alpha Sapphire TM; Sun and Moon TM; Ultra Sun and Ultra Moon TM
SPECIES_AZURILL	Draining Kiss	runs	Sword and Shield TM; Scarlet and Violet TM; Legends Z-A TM
SPECIES_AZURILL	Round	runs	Black and White TM; Black 2 and White 2 TM; X and Y TM; Omega Ruby and Alpha Sapphire TM; Sun and Moon TM; Ultra Sun and Ultra Moon TM; Sword and Shield TM
SPECIES_AZURILL	Scald	runs	Black and White TM; Black 2 and White 2 TM; X and Y TM; Omega Ruby and Alpha Sapphire TM; Sun and Moon TM; Ultra Sun and Ultra Moon TM; Sword and Shield TM; Brilliant Diamond and Shining Pearl TM
SPECIES_AZURILL	Soak	runs	Black and White egg; Black 2 and White 2 egg; X and Y egg; Omega Ruby and Alpha Sapphire egg; Sun and Moon egg; Ultra Sun and Ultra Moon egg; Sword and Shield egg; Brilliant Diamond and Shining Pearl egg; Scarlet and Violet egg; Legends Z-A TM; Legends Z-A egg
SPECIES_AZURILL	Tera Blast	runs	Scarlet and Violet TM; Legends Z-A TM
SPECIES_AZURILL	Work Up	runs	Black and White TM; Black 2 and White 2 TM; Sun and Moon TM; Ultra Sun and Ultra Moon TM; Sword and Shield TM; Brilliant Diamond and Shining Pearl TM
SPECIES_NOSEPASS	Body Press	runs	Scarlet and Violet TM; Legends Z-A TM
SPECIES_NOSEPASS	Bulldoze	runs	Black and White TM; Black 2 and White 2 TM; X and Y TM; Omega Ruby and Alpha Sapphire TM; Sun and Moon TM; Ultra Sun and Ultra Moon TM; Brilliant Diamond and Shining Pearl TM; Scarlet and Violet TM; Legends Z-A TM
SPECIES_NOSEPASS	Confide	runs	X and Y TM; Omega Ruby and Alpha Sapphire TM; Sun and Moon TM; Ultra Sun and Ultra Moon TM
SPECIES_NOSEPASS	Dazzling Gleam	runs	X and Y TM; Omega Ruby and Alpha Sapphire TM; Sun and Moon TM; Ultra Sun and Ultra Moon TM; Brilliant Diamond and Shining Pearl TM; Scarlet and Violet TM; Legends Z-A TM
SPECIES_NOSEPASS	Heavy Slam	runs	Scarlet and Violet TM; Legends Z-A TM
SPECIES_NOSEPASS	High Horsepower	runs	Scarlet and Violet TM
SPECIES_NOSEPASS	Meteor Beam	runs	Scarlet and Violet TM; Legends Z-A TM
SPECIES_NOSEPASS	Round	runs	Black and White TM; Black 2 and White 2 TM; X and Y TM; Omega Ruby and Alpha Sapphire TM; Sun and Moon TM; Ultra Sun and Ultra Moon TM; Legends Z-A TM
SPECIES_NOSEPASS	Smack Down	runs	Black and White TM; Black 2 and White 2 TM; X and Y TM; Omega Ruby and Alpha Sapphire TM; Sun and Moon TM; Ultra Sun and Ultra Moon TM; Scarlet and Violet TM
SPECIES_NOSEPASS	Steel Beam	runs	Scarlet and Violet TM
SPECIES_NOSEPASS	StompingTantrum	runs	Ultra Sun and Ultra Moon tutor; Scarlet and Violet TM; Legends Z-A TM
SPECIES_NOSEPASS	Tera Blast	runs	Scarlet and Violet TM
SPECIES_NOSEPASS	Volt Switch	runs	Black and White TM; Black 2 and White 2 TM; X and Y TM; Omega Ruby and Alpha Sapphire TM; Sun and Moon TM; Ultra Sun and Ultra Moon TM; Brilliant Diamond and Shining Pearl TM; Scarlet and Violet TM; Legends Z-A TM
SPECIES_NOSEPASS	Wide Guard	runs	X and Y egg; Omega Ruby and Alpha Sapphire egg; Sun and Moon egg; Ultra Sun and Ultra Moon egg; Brilliant Diamond and Shining Pearl egg; Scarlet and Violet egg
SPECIES_SKITTY	Confide	runs	X and Y TM; Omega Ruby and Alpha Sapphire TM; Sun and Moon TM; Ultra Sun and Ultra Moon TM
SPECIES_SKITTY	Draining Kiss	runs	Legends Z-A TM
SPECIES_SKITTY	Echoed Voice	runs	Black and White TM; Black 2 and White 2 TM; X and Y TM; Omega Ruby and Alpha Sapphire TM; Sun and Moon TM; Ultra Sun and Ultra Moon TM
SPECIES_SKITTY	Retaliate	runs	Black and White TM; Black 2 and White 2 TM; X and Y TM; Omega Ruby and Alpha Sapphire TM; Legends Z-A TM
SPECIES_SKITTY	Round	runs	Black and White TM; Black 2 and White 2 TM; X and Y TM; Omega Ruby and Alpha Sapphire TM; Sun and Moon TM; Ultra Sun and Ultra Moon TM; Legends Z-A TM
SPECIES_SKITTY	Simple Beam	stub: nothing happens	Black and White egg; Black 2 and White 2 egg; X and Y egg; Omega Ruby and Alpha Sapphire egg; Sun and Moon egg; Ultra Sun and Ultra Moon egg; Brilliant Diamond and Shining Pearl egg
SPECIES_SKITTY	Tail Slap	runs	Legends Z-A TM
SPECIES_SKITTY	Wild Charge	runs	Black and White TM; Black 2 and White 2 TM; X and Y TM; Omega Ruby and Alpha Sapphire TM; Sun and Moon TM; Ultra Sun and Ultra Moon TM; Legends Z-A TM
SPECIES_SKITTY	Work Up	runs	Black and White TM; Black 2 and White 2 TM; Sun and Moon TM; Ultra Sun and Ultra Moon TM; Brilliant Diamond and Shining Pearl TM; Legends Z-A TM
SPECIES_DELCATTY	Confide	runs	X and Y TM; Omega Ruby and Alpha Sapphire TM; Sun and Moon TM; Ultra Sun and Ultra Moon TM
SPECIES_DELCATTY	Draining Kiss	runs	Legends Z-A TM
SPECIES_DELCATTY	Echoed Voice	runs	Black and White TM; Black 2 and White 2 TM; X and Y TM; Omega Ruby and Alpha Sapphire TM; Sun and Moon TM; Ultra Sun and Ultra Moon TM
SPECIES_DELCATTY	Laser Focus	runs	Ultra Sun and Ultra Moon tutor
SPECIES_DELCATTY	Retaliate	runs	Black and White TM; Black 2 and White 2 TM; X and Y TM; Omega Ruby and Alpha Sapphire TM; Legends Z-A TM
SPECIES_DELCATTY	Round	runs	Black and White TM; Black 2 and White 2 TM; X and Y TM; Omega Ruby and Alpha Sapphire TM; Sun and Moon TM; Ultra Sun and Ultra Moon TM; Legends Z-A TM
SPECIES_DELCATTY	Simple Beam	stub: nothing happens	Black and White egg; Black 2 and White 2 egg; X and Y egg; Omega Ruby and Alpha Sapphire egg; Sun and Moon egg; Ultra Sun and Ultra Moon egg; Brilliant Diamond and Shining Pearl egg
SPECIES_DELCATTY	StompingTantrum	runs	Ultra Sun and Ultra Moon tutor; Legends Z-A TM
SPECIES_DELCATTY	Tail Slap	runs	Legends Z-A TM
SPECIES_DELCATTY	Wild Charge	runs	Black and White TM; Black 2 and White 2 TM; X and Y TM; Omega Ruby and Alpha Sapphire TM; Sun and Moon TM; Ultra Sun and Ultra Moon TM; Legends Z-A TM
SPECIES_DELCATTY	Work Up	runs	Black and White TM; Black 2 and White 2 TM; Sun and Moon TM; Ultra Sun and Ultra Moon TM; Brilliant Diamond and Shining Pearl TM; Legends Z-A TM
SPECIES_MAWILE	Brutal Swing	runs	Sword and Shield TM
SPECIES_MAWILE	Confide	runs	X and Y TM; Omega Ruby and Alpha Sapphire TM; Sun and Moon TM; Ultra Sun and Ultra Moon TM
SPECIES_MAWILE	Dazzling Gleam	runs	Legends Z-A TM
SPECIES_MAWILE	Foul Play	runs	Black 2 and White 2 tutor; Omega Ruby and Alpha Sapphire tutor; Ultra Sun and Ultra Moon tutor; Sword and Shield TM
SPECIES_MAWILE	Incinerate	runs	Black and White TM; Black 2 and White 2 TM; X and Y TM; Omega Ruby and Alpha Sapphire TM
SPECIES_MAWILE	Laser Focus	runs	Ultra Sun and Ultra Moon tutor
SPECIES_MAWILE	Misty Terrain	stub: nothing happens (terrain held)	X and Y egg; Omega Ruby and Alpha Sapphire egg; Sun and Moon egg; Ultra Sun and Ultra Moon egg; Sword and Shield TM; Brilliant Diamond and Shining Pearl egg
SPECIES_MAWILE	Power-Up Punch	runs	X and Y TM; Omega Ruby and Alpha Sapphire TM; Ultra Sun and Ultra Moon egg; Sword and Shield egg; Brilliant Diamond and Shining Pearl egg; Legends Z-A TM
SPECIES_MAWILE	Psychic Fangs	runs	Sword and Shield TM; Legends Z-A TM
SPECIES_MAWILE	Round	runs	Black and White TM; Black 2 and White 2 TM; X and Y TM; Omega Ruby and Alpha Sapphire TM; Sun and Moon TM; Ultra Sun and Ultra Moon TM; Sword and Shield TM
SPECIES_MAWILE	Steel Beam	runs	Sword and Shield tutor; Legends Z-A TM
SPECIES_MEDITITE	Confide	runs	X and Y TM; Omega Ruby and Alpha Sapphire TM; Sun and Moon TM; Ultra Sun and Ultra Moon TM
SPECIES_MEDITITE	Expanding Force	partial: plain 80 hit; its Psychic Terrain boost waits on terrain	Scarlet and Violet TM
SPECIES_MEDITITE	Low Sweep	runs	Black and White TM; Black 2 and White 2 TM; X and Y TM; Omega Ruby and Alpha Sapphire TM; Sun and Moon TM; Ultra Sun and Ultra Moon TM; Brilliant Diamond and Shining Pearl TM; Scarlet and Violet TM; Legends Z-A TM
SPECIES_MEDITITE	Power-Up Punch	runs	X and Y TM; Omega Ruby and Alpha Sapphire TM; Legends Z-A TM
SPECIES_MEDITITE	Psychic Terrain	stub: nothing happens (terrain held)	Scarlet and Violet TM
SPECIES_MEDITITE	Psyshock	runs	Black and White TM; Black 2 and White 2 TM; X and Y TM; Omega Ruby and Alpha Sapphire TM; Sun and Moon TM; Ultra Sun and Ultra Moon TM; Scarlet and Violet TM; Legends Z-A TM
SPECIES_MEDITITE	Quick Guard	runs	X and Y egg; Omega Ruby and Alpha Sapphire egg; Sun and Moon egg; Ultra Sun and Ultra Moon egg; Brilliant Diamond and Shining Pearl egg; Scarlet and Violet egg
SPECIES_MEDITITE	Retaliate	runs	Black and White TM; Black 2 and White 2 TM; X and Y TM; Omega Ruby and Alpha Sapphire TM
SPECIES_MEDITITE	Round	runs	Black and White TM; Black 2 and White 2 TM; X and Y TM; Omega Ruby and Alpha Sapphire TM; Sun and Moon TM; Ultra Sun and Ultra Moon TM
SPECIES_MEDITITE	Stored Power	runs	Scarlet and Violet TM
SPECIES_MEDITITE	Telekinesis	partial: status move running the plain-hit script: its effect never happens	Black and White TM; Black 2 and White 2 TM; Ultra Sun and Ultra Moon tutor
SPECIES_MEDITITE	Tera Blast	runs	Scarlet and Violet TM
SPECIES_MEDITITE	Trailblaze	runs	Scarlet and Violet TM; Legends Z-A TM
SPECIES_MEDITITE	Upper Hand	runs	Scarlet and Violet TM
SPECIES_MEDICHAM	Confide	runs	X and Y TM; Omega Ruby and Alpha Sapphire TM; Sun and Moon TM; Ultra Sun and Ultra Moon TM
SPECIES_MEDICHAM	Expanding Force	partial: plain 80 hit; its Psychic Terrain boost waits on terrain	Scarlet and Violet TM
SPECIES_MEDICHAM	Laser Focus	runs	Ultra Sun and Ultra Moon tutor
SPECIES_MEDICHAM	Low Sweep	runs	Black and White TM; Black 2 and White 2 TM; X and Y TM; Omega Ruby and Alpha Sapphire TM; Sun and Moon TM; Ultra Sun and Ultra Moon TM; Brilliant Diamond and Shining Pearl TM; Scarlet and Violet TM; Legends Z-A TM
SPECIES_MEDICHAM	Power-Up Punch	runs	X and Y TM; Omega Ruby and Alpha Sapphire TM; Legends Z-A TM
SPECIES_MEDICHAM	Psychic Terrain	stub: nothing happens (terrain held)	Scarlet and Violet TM
SPECIES_MEDICHAM	Psyshock	runs	Black and White TM; Black 2 and White 2 TM; X and Y TM; Omega Ruby and Alpha Sapphire TM; Sun and Moon TM; Ultra Sun and Ultra Moon TM; Scarlet and Violet TM; Legends Z-A TM
SPECIES_MEDICHAM	Quick Guard	runs	X and Y egg; Omega Ruby and Alpha Sapphire egg; Sun and Moon egg; Ultra Sun and Ultra Moon egg; Brilliant Diamond and Shining Pearl egg; Scarlet and Violet egg
SPECIES_MEDICHAM	Retaliate	runs	Black and White TM; Black 2 and White 2 TM; X and Y TM; Omega Ruby and Alpha Sapphire TM
SPECIES_MEDICHAM	Round	runs	Black and White TM; Black 2 and White 2 TM; X and Y TM; Omega Ruby and Alpha Sapphire TM; Sun and Moon TM; Ultra Sun and Ultra Moon TM
SPECIES_MEDICHAM	Stored Power	runs	Scarlet and Violet TM
SPECIES_MEDICHAM	Telekinesis	partial: status move running the plain-hit script: its effect never happens	Black and White TM; Black 2 and White 2 TM; Ultra Sun and Ultra Moon tutor
SPECIES_MEDICHAM	Tera Blast	runs	Scarlet and Violet TM
SPECIES_MEDICHAM	Trailblaze	runs	Scarlet and Violet TM; Legends Z-A TM
SPECIES_MEDICHAM	Upper Hand	runs	Scarlet and Violet TM
SPECIES_PLUSLE	Alluring Voice	runs	Scarlet and Violet TM
SPECIES_PLUSLE	Confide	runs	X and Y TM; Omega Ruby and Alpha Sapphire TM; Sun and Moon TM; Ultra Sun and Ultra Moon TM
SPECIES_PLUSLE	Echoed Voice	runs	Black and White TM; Black 2 and White 2 TM; X and Y TM; Omega Ruby and Alpha Sapphire TM; Sun and Moon TM; Ultra Sun and Ultra Moon TM
SPECIES_PLUSLE	Eerie Impulse	runs	Scarlet and Violet TM
SPECIES_PLUSLE	ElectricTerrain	stub: nothing happens (terrain held)	Scarlet and Violet TM
SPECIES_PLUSLE	Electroweb	runs	Omega Ruby and Alpha Sapphire tutor; Ultra Sun and Ultra Moon tutor; Scarlet and Violet TM; Legends Z-A TM
SPECIES_PLUSLE	Play Rough	runs	Scarlet and Violet TM
SPECIES_PLUSLE	Rising Voltage	runs	Legends Z-A TM
SPECIES_PLUSLE	Round	runs	Black and White TM; Black 2 and White 2 TM; X and Y TM; Omega Ruby and Alpha Sapphire TM; Sun and Moon TM; Ultra Sun and Ultra Moon TM; Legends Z-A TM
SPECIES_PLUSLE	Tearful Look	runs	Ultra Sun and Ultra Moon egg; Brilliant Diamond and Shining Pearl egg
SPECIES_PLUSLE	Tera Blast	runs	Scarlet and Violet TM
SPECIES_PLUSLE	Trailblaze	runs	Scarlet and Violet TM
SPECIES_PLUSLE	Volt Switch	runs	Black and White TM; Black 2 and White 2 TM; X and Y TM; Omega Ruby and Alpha Sapphire TM; Sun and Moon TM; Ultra Sun and Ultra Moon TM; Brilliant Diamond and Shining Pearl TM; Scarlet and Violet TM; Legends Z-A TM
SPECIES_PLUSLE	Wild Charge	runs	Black and White TM; Black 2 and White 2 TM; X and Y TM; Omega Ruby and Alpha Sapphire TM; Sun and Moon TM; Ultra Sun and Ultra Moon TM; Scarlet and Violet TM; Legends Z-A TM
SPECIES_MINUN	Alluring Voice	runs	Scarlet and Violet TM
SPECIES_MINUN	Confide	runs	X and Y TM; Omega Ruby and Alpha Sapphire TM; Sun and Moon TM; Ultra Sun and Ultra Moon TM
SPECIES_MINUN	Echoed Voice	runs	Black and White TM; Black 2 and White 2 TM; X and Y TM; Omega Ruby and Alpha Sapphire TM; Sun and Moon TM; Ultra Sun and Ultra Moon TM
SPECIES_MINUN	ElectricTerrain	stub: nothing happens (terrain held)	Scarlet and Violet TM
SPECIES_MINUN	Electroweb	runs	Omega Ruby and Alpha Sapphire tutor; Ultra Sun and Ultra Moon tutor; Scarlet and Violet TM; Legends Z-A TM
SPECIES_MINUN	Play Rough	runs	Scarlet and Violet TM
SPECIES_MINUN	Rising Voltage	runs	Legends Z-A TM
SPECIES_MINUN	Round	runs	Black and White TM; Black 2 and White 2 TM; X and Y TM; Omega Ruby and Alpha Sapphire TM; Sun and Moon TM; Ultra Sun and Ultra Moon TM; Legends Z-A TM
SPECIES_MINUN	Tearful Look	runs	Ultra Sun and Ultra Moon egg; Brilliant Diamond and Shining Pearl egg
SPECIES_MINUN	Tera Blast	runs	Scarlet and Violet TM
SPECIES_MINUN	Trailblaze	runs	Scarlet and Violet TM
SPECIES_MINUN	Volt Switch	runs	Black and White TM; Black 2 and White 2 TM; X and Y TM; Omega Ruby and Alpha Sapphire TM; Sun and Moon TM; Ultra Sun and Ultra Moon TM; Brilliant Diamond and Shining Pearl TM; Scarlet and Violet TM; Legends Z-A TM
SPECIES_MINUN	Wild Charge	runs	Black and White TM; Black 2 and White 2 TM; X and Y TM; Omega Ruby and Alpha Sapphire TM; Sun and Moon TM; Ultra Sun and Ultra Moon TM; Scarlet and Violet TM; Legends Z-A TM
SPECIES_ROSELIA	Confide	runs	X and Y TM; Omega Ruby and Alpha Sapphire TM; Sun and Moon TM; Ultra Sun and Ultra Moon TM
SPECIES_ROSELIA	Dazzling Gleam	runs	X and Y TM; Omega Ruby and Alpha Sapphire TM; Sun and Moon TM; Ultra Sun and Ultra Moon TM; Sword and Shield TM; Brilliant Diamond and Shining Pearl TM; Legends Z-A TM
SPECIES_ROSELIA	Grassy Glide	partial: plain 55 hit; its priority in Grassy Terrain waits on terrain	Sword and Shield tutor
SPECIES_ROSELIA	Life Dew	runs	Sword and Shield egg; Brilliant Diamond and Shining Pearl egg
SPECIES_ROSELIA	Round	runs	Black and White TM; Black 2 and White 2 TM; X and Y TM; Omega Ruby and Alpha Sapphire TM; Sun and Moon TM; Ultra Sun and Ultra Moon TM; Sword and Shield TM
SPECIES_CARVANHA	Confide	runs	X and Y TM; Omega Ruby and Alpha Sapphire TM; Sun and Moon TM; Ultra Sun and Ultra Moon TM
SPECIES_CARVANHA	Psychic Fangs	runs	Sun and Moon egg; Ultra Sun and Ultra Moon egg; Sword and Shield TM; Legends Z-A TM
SPECIES_CARVANHA	Retaliate	runs	Black and White TM; Black 2 and White 2 TM; X and Y TM; Omega Ruby and Alpha Sapphire TM; Sword and Shield TM
SPECIES_CARVANHA	Round	runs	Black and White TM; Black 2 and White 2 TM; X and Y TM; Omega Ruby and Alpha Sapphire TM; Sun and Moon TM; Ultra Sun and Ultra Moon TM; Sword and Shield TM
SPECIES_CARVANHA	Scald	runs	Black and White TM; Black 2 and White 2 TM; X and Y TM; Omega Ruby and Alpha Sapphire TM; Sun and Moon TM; Ultra Sun and Ultra Moon TM; Sword and Shield TM; Brilliant Diamond and Shining Pearl TM; Legends Z-A TM
SPECIES_CARVANHA	Scale Shot	partial: hits two to five times; the Speed rise and Defense drop are missing	Sword and Shield tutor; Legends Z-A TM
SPECIES_CARVANHA	Snarl	runs	Black and White TM; Black 2 and White 2 TM; X and Y TM; Omega Ruby and Alpha Sapphire TM; Sun and Moon TM; Ultra Sun and Ultra Moon TM; Sword and Shield TM; Brilliant Diamond and Shining Pearl TM
SPECIES_SHARPEDO	Bulldoze	runs	Black and White TM; Black 2 and White 2 TM; X and Y TM; Omega Ruby and Alpha Sapphire TM; Sun and Moon TM; Ultra Sun and Ultra Moon TM; Sword and Shield TM; Brilliant Diamond and Shining Pearl TM
SPECIES_SHARPEDO	Confide	runs	X and Y TM; Omega Ruby and Alpha Sapphire TM; Sun and Moon TM; Ultra Sun and Ultra Moon TM
SPECIES_SHARPEDO	Psychic Fangs	runs	Sun and Moon egg; Ultra Sun and Ultra Moon egg; Sword and Shield TM; Legends Z-A TM
SPECIES_SHARPEDO	Retaliate	runs	Black and White TM; Black 2 and White 2 TM; X and Y TM; Omega Ruby and Alpha Sapphire TM; Sword and Shield TM
SPECIES_SHARPEDO	Round	runs	Black and White TM; Black 2 and White 2 TM; X and Y TM; Omega Ruby and Alpha Sapphire TM; Sun and Moon TM; Ultra Sun and Ultra Moon TM; Sword and Shield TM
SPECIES_SHARPEDO	Scald	runs	Black and White TM; Black 2 and White 2 TM; X and Y TM; Omega Ruby and Alpha Sapphire TM; Sun and Moon TM; Ultra Sun and Ultra Moon TM; Sword and Shield TM; Brilliant Diamond and Shining Pearl TM; Legends Z-A TM
SPECIES_SHARPEDO	Scale Shot	partial: hits two to five times; the Speed rise and Defense drop are missing	Sword and Shield tutor; Legends Z-A TM
SPECIES_SHARPEDO	Snarl	runs	Black and White TM; Black 2 and White 2 TM; X and Y TM; Omega Ruby and Alpha Sapphire TM; Sun and Moon TM; Ultra Sun and Ultra Moon TM; Sword and Shield TM; Brilliant Diamond and Shining Pearl TM
SPECIES_WAILMER	Body Press	runs	Sword and Shield TM; Legends Z-A TM
SPECIES_WAILMER	Bulldoze	runs	Black and White TM; Black 2 and White 2 TM; X and Y TM; Omega Ruby and Alpha Sapphire TM; Sun and Moon TM; Ultra Sun and Ultra Moon TM; Sword and Shield TM; Brilliant Diamond and Shining Pearl TM; Legends Z-A TM
SPECIES_WAILMER	Clear Smog	runs	X and Y egg; Omega Ruby and Alpha Sapphire egg; Sun and Moon egg; Ultra Sun and Ultra Moon egg; Brilliant Diamond and Shining Pearl egg
SPECIES_WAILMER	Confide	runs	X and Y TM; Omega Ruby and Alpha Sapphire TM; Sun and Moon TM; Ultra Sun and Ultra Moon TM
SPECIES_WAILMER	Echoed Voice	runs	Black and White TM; Black 2 and White 2 TM; X and Y TM; Omega Ruby and Alpha Sapphire TM; Sun and Moon TM; Ultra Sun and Ultra Moon TM
SPECIES_WAILMER	Round	runs	Black and White TM; Black 2 and White 2 TM; X and Y TM; Omega Ruby and Alpha Sapphire TM; Sun and Moon TM; Ultra Sun and Ultra Moon TM; Sword and Shield TM; Legends Z-A TM
SPECIES_WAILMER	Scald	runs	Black and White TM; Black 2 and White 2 TM; X and Y TM; Omega Ruby and Alpha Sapphire TM; Sun and Moon TM; Ultra Sun and Ultra Moon TM; Sword and Shield TM; Brilliant Diamond and Shining Pearl TM; Legends Z-A TM
SPECIES_WAILMER	Soak	runs	Black and White egg; Black 2 and White 2 egg; X and Y egg; Omega Ruby and Alpha Sapphire egg; Sun and Moon egg; Ultra Sun and Ultra Moon egg; Sword and Shield egg; Brilliant Diamond and Shining Pearl egg; Legends Z-A TM; Legends Z-A egg
SPECIES_WAILMER	Steel Roller	stub: plain 130 hit, should fail without terrain	Sword and Shield tutor; Legends Z-A TM
SPECIES_WAILORD	Body Press	runs	Sword and Shield TM; Legends Z-A TM
SPECIES_WAILORD	Bulldoze	runs	Black and White TM; Black 2 and White 2 TM; X and Y TM; Omega Ruby and Alpha Sapphire TM; Sun and Moon TM; Ultra Sun and Ultra Moon TM; Sword and Shield TM; Brilliant Diamond and Shining Pearl TM; Legends Z-A TM
SPECIES_WAILORD	Clear Smog	runs	X and Y egg; Omega Ruby and Alpha Sapphire egg; Sun and Moon egg; Ultra Sun and Ultra Moon egg; Brilliant Diamond and Shining Pearl egg
SPECIES_WAILORD	Confide	runs	X and Y TM; Omega Ruby and Alpha Sapphire TM; Sun and Moon TM; Ultra Sun and Ultra Moon TM
SPECIES_WAILORD	Echoed Voice	runs	Black and White TM; Black 2 and White 2 TM; X and Y TM; Omega Ruby and Alpha Sapphire TM; Sun and Moon TM; Ultra Sun and Ultra Moon TM
SPECIES_WAILORD	Liquidation	runs	Ultra Sun and Ultra Moon tutor; Sword and Shield TM; Legends Z-A TM
SPECIES_WAILORD	Round	runs	Black and White TM; Black 2 and White 2 TM; X and Y TM; Omega Ruby and Alpha Sapphire TM; Sun and Moon TM; Ultra Sun and Ultra Moon TM; Sword and Shield TM; Legends Z-A TM
SPECIES_WAILORD	Scald	runs	Black and White TM; Black 2 and White 2 TM; X and Y TM; Omega Ruby and Alpha Sapphire TM; Sun and Moon TM; Ultra Sun and Ultra Moon TM; Sword and Shield TM; Brilliant Diamond and Shining Pearl TM; Legends Z-A TM
SPECIES_WAILORD	Steel Roller	stub: plain 130 hit, should fail without terrain	Sword and Shield tutor; Legends Z-A TM
SPECIES_TRAPINCH	Confide	runs	X and Y TM; Omega Ruby and Alpha Sapphire TM; Sun and Moon TM; Ultra Sun and Ultra Moon TM
SPECIES_TRAPINCH	FirstImpression	runs	Sword and Shield egg; Scarlet and Violet egg; Legends Z-A TM; Legends Z-A egg
SPECIES_TRAPINCH	Round	runs	Black and White TM; Black 2 and White 2 TM; X and Y TM; Omega Ruby and Alpha Sapphire TM; Sun and Moon TM; Ultra Sun and Ultra Moon TM; Sword and Shield TM; Legends Z-A TM
SPECIES_TRAPINCH	Scorching Sands	runs	Sword and Shield tutor; Scarlet and Violet TM; Legends Z-A TM
SPECIES_TRAPINCH	Struggle Bug	runs	Black and White TM; Black 2 and White 2 TM; X and Y TM; Omega Ruby and Alpha Sapphire TM; Scarlet and Violet TM
SPECIES_TRAPINCH	Tera Blast	runs	Scarlet and Violet TM
SPECIES_VIBRAVA	Confide	runs	X and Y TM; Omega Ruby and Alpha Sapphire TM; Sun and Moon TM; Ultra Sun and Ultra Moon TM
SPECIES_VIBRAVA	Dual Wingbeat	runs	Sword and Shield tutor; Scarlet and Violet TM; Legends Z-A TM
SPECIES_VIBRAVA	FirstImpression	runs	Sword and Shield egg; Scarlet and Violet egg
SPECIES_VIBRAVA	Round	runs	Black and White TM; Black 2 and White 2 TM; X and Y TM; Omega Ruby and Alpha Sapphire TM; Sun and Moon TM; Ultra Sun and Ultra Moon TM; Sword and Shield TM; Legends Z-A TM
SPECIES_VIBRAVA	Scorching Sands	runs	Sword and Shield tutor; Scarlet and Violet TM; Legends Z-A TM
SPECIES_VIBRAVA	Struggle Bug	runs	Black and White TM; Black 2 and White 2 TM; X and Y TM; Omega Ruby and Alpha Sapphire TM; Scarlet and Violet TM
SPECIES_VIBRAVA	Tera Blast	runs	Scarlet and Violet TM
SPECIES_VIBRAVA	Throat Chop	stub: plain hit	Ultra Sun and Ultra Moon tutor; Sword and Shield TM; Scarlet and Violet TM; Legends Z-A TM
SPECIES_FLYGON	Alluring Voice	runs	Scarlet and Violet TM
SPECIES_FLYGON	Breaking Swipe	runs	Sword and Shield TM; Scarlet and Violet TM; Legends Z-A TM
SPECIES_FLYGON	Brutal Swing	runs	Sun and Moon TM; Ultra Sun and Ultra Moon TM; Sword and Shield TM; Legends Z-A TM
SPECIES_FLYGON	Confide	runs	X and Y TM; Omega Ruby and Alpha Sapphire TM; Sun and Moon TM; Ultra Sun and Ultra Moon TM
SPECIES_FLYGON	Dragon Cheer	partial: status move running the plain-hit script: its effect never happens	Scarlet and Violet TM
SPECIES_FLYGON	Dual Wingbeat	runs	Sword and Shield tutor; Scarlet and Violet TM; Legends Z-A TM
SPECIES_FLYGON	FirstImpression	runs	Sword and Shield egg; Scarlet and Violet egg
SPECIES_FLYGON	Hone Claws	runs	Black and White TM; Black 2 and White 2 TM; X and Y TM; Omega Ruby and Alpha Sapphire TM
SPECIES_FLYGON	Incinerate	runs	Black and White TM; Black 2 and White 2 TM; X and Y TM; Omega Ruby and Alpha Sapphire TM
SPECIES_FLYGON	Power-Up Punch	runs	X and Y TM; Omega Ruby and Alpha Sapphire TM
SPECIES_FLYGON	Psychic Noise	runs	Scarlet and Violet TM
SPECIES_FLYGON	Round	runs	Black and White TM; Black 2 and White 2 TM; X and Y TM; Omega Ruby and Alpha Sapphire TM; Sun and Moon TM; Ultra Sun and Ultra Moon TM; Sword and Shield TM; Legends Z-A TM
SPECIES_FLYGON	Scale Shot	partial: hits two to five times; the Speed rise and Defense drop are missing	Sword and Shield tutor; Scarlet and Violet TM; Legends Z-A TM
SPECIES_FLYGON	Scorching Sands	runs	Sword and Shield tutor; Scarlet and Violet TM; Legends Z-A TM
SPECIES_FLYGON	Struggle Bug	runs	Black and White TM; Black 2 and White 2 TM; X and Y TM; Omega Ruby and Alpha Sapphire TM; Scarlet and Violet TM
SPECIES_FLYGON	Tera Blast	runs	Scarlet and Violet TM
SPECIES_FLYGON	Throat Chop	stub: plain hit	Ultra Sun and Ultra Moon tutor; Sword and Shield TM; Scarlet and Violet TM; Legends Z-A TM
SPECIES_SWABLU	Acrobatics	runs	Scarlet and Violet TM
SPECIES_SWABLU	Confide	runs	X and Y TM; Omega Ruby and Alpha Sapphire TM; Sun and Moon TM; Ultra Sun and Ultra Moon TM
SPECIES_SWABLU	Dazzling Gleam	runs	X and Y TM; Omega Ruby and Alpha Sapphire TM; Sun and Moon TM; Ultra Sun and Ultra Moon TM; Sword and Shield TM; Brilliant Diamond and Shining Pearl TM; Scarlet and Violet TM; Legends Z-A TM
SPECIES_SWABLU	Dragon Cheer	partial: status move running the plain-hit script: its effect never happens	Scarlet and Violet TM
SPECIES_SWABLU	Dual Wingbeat	runs	Sword and Shield tutor; Scarlet and Violet TM; Legends Z-A TM
SPECIES_SWABLU	Echoed Voice	runs	Black and White TM; Black 2 and White 2 TM; X and Y TM; Omega Ruby and Alpha Sapphire TM; Sun and Moon TM; Ultra Sun and Ultra Moon TM
SPECIES_SWABLU	Hurricane	runs	Scarlet and Violet TM; Legends Z-A TM
SPECIES_SWABLU	Play Rough	runs	Ultra Sun and Ultra Moon egg; Sword and Shield TM; Brilliant Diamond and Shining Pearl egg; Scarlet and Violet TM; Legends Z-A TM
SPECIES_SWABLU	Tera Blast	runs	Scarlet and Violet TM
SPECIES_SWABLU	Trailblaze	runs	Scarlet and Violet TM; Legends Z-A TM
SPECIES_ALTARIA	Acrobatics	runs	Scarlet and Violet TM
SPECIES_ALTARIA	Alluring Voice	runs	Scarlet and Violet TM
SPECIES_ALTARIA	Breaking Swipe	runs	Sword and Shield TM; Scarlet and Violet TM
SPECIES_ALTARIA	Bulldoze	runs	Black and White TM; Black 2 and White 2 TM; X and Y TM; Omega Ruby and Alpha Sapphire TM; Sun and Moon TM; Ultra Sun and Ultra Moon TM; Sword and Shield TM; Brilliant Diamond and Shining Pearl TM; Scarlet and Violet TM; Legends Z-A TM
SPECIES_ALTARIA	Confide	runs	X and Y TM; Omega Ruby and Alpha Sapphire TM; Sun and Moon TM; Ultra Sun and Ultra Moon TM
SPECIES_ALTARIA	Dazzling Gleam	runs	X and Y TM; Omega Ruby and Alpha Sapphire TM; Sun and Moon TM; Ultra Sun and Ultra Moon TM; Sword and Shield TM; Brilliant Diamond and Shining Pearl TM; Scarlet and Violet TM; Legends Z-A TM
SPECIES_ALTARIA	Dragon Cheer	partial: status move running the plain-hit script: its effect never happens	Scarlet and Violet TM
SPECIES_ALTARIA	Dual Wingbeat	runs	Sword and Shield tutor; Scarlet and Violet TM; Legends Z-A TM
SPECIES_ALTARIA	Echoed Voice	runs	Black and White TM; Black 2 and White 2 TM; X and Y TM; Omega Ruby and Alpha Sapphire TM; Sun and Moon TM; Ultra Sun and Ultra Moon TM
SPECIES_ALTARIA	Hone Claws	runs	Black and White TM; Black 2 and White 2 TM; X and Y TM; Omega Ruby and Alpha Sapphire TM
SPECIES_ALTARIA	Incinerate	runs	Black and White TM; Black 2 and White 2 TM; X and Y TM; Omega Ruby and Alpha Sapphire TM
SPECIES_ALTARIA	Play Rough	runs	Ultra Sun and Ultra Moon egg; Sword and Shield TM; Brilliant Diamond and Shining Pearl egg; Scarlet and Violet TM; Legends Z-A TM
SPECIES_ALTARIA	Snowscape	stub: nothing happens	Scarlet and Violet TM
SPECIES_ALTARIA	Tera Blast	runs	Scarlet and Violet TM
SPECIES_ALTARIA	Trailblaze	runs	Scarlet and Violet TM; Legends Z-A TM
SPECIES_ALTARIA	Wonder Room	runs	Black 2 and White 2 tutor; Omega Ruby and Alpha Sapphire tutor; Ultra Sun and Ultra Moon tutor; Sword and Shield TM
SPECIES_LUNATONE	Acrobatics	runs	Black and White TM; Black 2 and White 2 TM; X and Y TM; Omega Ruby and Alpha Sapphire TM; Sun and Moon TM; Ultra Sun and Ultra Moon TM; Sword and Shield TM; Legends Z-A TM
SPECIES_LUNATONE	Ally Switch	partial: status move running the plain-hit script: its effect never happens	Ultra Sun and Ultra Moon tutor; Sword and Shield TM; Legends Z-A TM
SPECIES_LUNATONE	Bulldoze	runs	Black and White TM; Black 2 and White 2 TM; X and Y TM; Omega Ruby and Alpha Sapphire TM; Sun and Moon TM; Ultra Sun and Ultra Moon TM; Sword and Shield TM; Brilliant Diamond and Shining Pearl TM; Legends Z-A TM
SPECIES_LUNATONE	Confide	runs	X and Y TM; Omega Ruby and Alpha Sapphire TM; Sun and Moon TM; Ultra Sun and Ultra Moon TM
SPECIES_LUNATONE	Laser Focus	runs	Ultra Sun and Ultra Moon tutor
SPECIES_LUNATONE	Meteor Beam	runs	Sword and Shield tutor; Legends Z-A TM
SPECIES_LUNATONE	Psychic Terrain	stub: nothing happens (terrain held)	Sword and Shield TM; Legends Z-A TM
SPECIES_LUNATONE	Round	runs	Black and White TM; Black 2 and White 2 TM; X and Y TM; Omega Ruby and Alpha Sapphire TM; Sun and Moon TM; Ultra Sun and Ultra Moon TM; Sword and Shield TM; Legends Z-A TM
SPECIES_LUNATONE	Smack Down	runs	Black and White TM; Black 2 and White 2 TM; X and Y TM; Omega Ruby and Alpha Sapphire TM; Sun and Moon TM; Ultra Sun and Ultra Moon TM
SPECIES_LUNATONE	StompingTantrum	runs	Ultra Sun and Ultra Moon tutor; Sword and Shield TM; Legends Z-A TM
SPECIES_LUNATONE	Stored Power	runs	Sword and Shield TM; Legends Z-A TM
SPECIES_LUNATONE	Telekinesis	partial: status move running the plain-hit script: its effect never happens	Black and White TM; Black 2 and White 2 TM; Ultra Sun and Ultra Moon tutor
SPECIES_SOLROCK	Acrobatics	runs	Black and White TM; Black 2 and White 2 TM; X and Y TM; Omega Ruby and Alpha Sapphire TM; Sun and Moon TM; Ultra Sun and Ultra Moon TM; Sword and Shield TM; Legends Z-A TM
SPECIES_SOLROCK	Ally Switch	partial: status move running the plain-hit script: its effect never happens	Ultra Sun and Ultra Moon tutor; Sword and Shield TM; Legends Z-A TM
SPECIES_SOLROCK	Bulldoze	runs	Black and White TM; Black 2 and White 2 TM; X and Y TM; Omega Ruby and Alpha Sapphire TM; Sun and Moon TM; Ultra Sun and Ultra Moon TM; Sword and Shield TM; Brilliant Diamond and Shining Pearl TM; Legends Z-A TM
SPECIES_SOLROCK	Confide	runs	X and Y TM; Omega Ruby and Alpha Sapphire TM; Sun and Moon TM; Ultra Sun and Ultra Moon TM
SPECIES_SOLROCK	Incinerate	runs	Black and White TM; Black 2 and White 2 TM; X and Y TM; Omega Ruby and Alpha Sapphire TM
SPECIES_SOLROCK	Laser Focus	runs	Ultra Sun and Ultra Moon tutor
SPECIES_SOLROCK	Meteor Beam	runs	Sword and Shield tutor; Legends Z-A TM
SPECIES_SOLROCK	Psychic Terrain	stub: nothing happens (terrain held)	Sword and Shield TM; Legends Z-A TM
SPECIES_SOLROCK	Psyshock	runs	Black and White TM; Black 2 and White 2 TM; X and Y TM; Omega Ruby and Alpha Sapphire TM; Sun and Moon TM; Ultra Sun and Ultra Moon TM; Sword and Shield TM; Legends Z-A TM
SPECIES_SOLROCK	Round	runs	Black and White TM; Black 2 and White 2 TM; X and Y TM; Omega Ruby and Alpha Sapphire TM; Sun and Moon TM; Ultra Sun and Ultra Moon TM; Sword and Shield TM; Legends Z-A TM
SPECIES_SOLROCK	Smack Down	runs	Black and White TM; Black 2 and White 2 TM; X and Y TM; Omega Ruby and Alpha Sapphire TM; Sun and Moon TM; Ultra Sun and Ultra Moon TM
SPECIES_SOLROCK	StompingTantrum	runs	Ultra Sun and Ultra Moon tutor; Sword and Shield TM; Legends Z-A TM
SPECIES_SOLROCK	Stored Power	runs	Sword and Shield TM; Legends Z-A TM
SPECIES_SOLROCK	Telekinesis	partial: status move running the plain-hit script: its effect never happens	Black and White TM; Black 2 and White 2 TM; Ultra Sun and Ultra Moon tutor
SPECIES_BARBOACH	Bulldoze	runs	Black and White TM; Black 2 and White 2 TM; X and Y TM; Omega Ruby and Alpha Sapphire TM; Sun and Moon TM; Ultra Sun and Ultra Moon TM; Sword and Shield TM; Brilliant Diamond and Shining Pearl TM; Scarlet and Violet TM; Legends Z-A TM
SPECIES_BARBOACH	Chilling Water	runs	Scarlet and Violet TM; Legends Z-A TM
SPECIES_BARBOACH	Confide	runs	X and Y TM; Omega Ruby and Alpha Sapphire TM; Sun and Moon TM; Ultra Sun and Ultra Moon TM
SPECIES_BARBOACH	High Horsepower	runs	Scarlet and Violet TM
SPECIES_BARBOACH	Liquidation	runs	Scarlet and Violet TM; Legends Z-A TM
SPECIES_BARBOACH	Round	runs	Black and White TM; Black 2 and White 2 TM; X and Y TM; Omega Ruby and Alpha Sapphire TM; Sun and Moon TM; Ultra Sun and Ultra Moon TM; Sword and Shield TM
SPECIES_BARBOACH	Scald	runs	Black and White TM; Black 2 and White 2 TM; X and Y TM; Omega Ruby and Alpha Sapphire TM; Sun and Moon TM; Ultra Sun and Ultra Moon TM; Sword and Shield TM; Brilliant Diamond and Shining Pearl TM
SPECIES_BARBOACH	StompingTantrum	runs	Scarlet and Violet TM; Legends Z-A TM
SPECIES_BARBOACH	Tera Blast	runs	Scarlet and Violet TM; Legends Z-A TM
SPECIES_WHISCASH	Bulldoze	runs	Black and White TM; Black 2 and White 2 TM; X and Y TM; Omega Ruby and Alpha Sapphire TM; Sun and Moon TM; Ultra Sun and Ultra Moon TM; Sword and Shield TM; Brilliant Diamond and Shining Pearl TM; Scarlet and Violet TM; Legends Z-A TM
SPECIES_WHISCASH	Chilling Water	runs	Scarlet and Violet TM; Legends Z-A TM
SPECIES_WHISCASH	Confide	runs	X and Y TM; Omega Ruby and Alpha Sapphire TM; Sun and Moon TM; Ultra Sun and Ultra Moon TM
SPECIES_WHISCASH	High Horsepower	runs	Scarlet and Violet TM
SPECIES_WHISCASH	Liquidation	runs	Sword and Shield TM; Scarlet and Violet TM; Legends Z-A TM
SPECIES_WHISCASH	Round	runs	Black and White TM; Black 2 and White 2 TM; X and Y TM; Omega Ruby and Alpha Sapphire TM; Sun and Moon TM; Ultra Sun and Ultra Moon TM; Sword and Shield TM
SPECIES_WHISCASH	Scald	runs	Black and White TM; Black 2 and White 2 TM; X and Y TM; Omega Ruby and Alpha Sapphire TM; Sun and Moon TM; Ultra Sun and Ultra Moon TM; Sword and Shield TM; Brilliant Diamond and Shining Pearl TM
SPECIES_WHISCASH	StompingTantrum	runs	Ultra Sun and Ultra Moon tutor; Sword and Shield TM; Scarlet and Violet TM; Legends Z-A TM
SPECIES_WHISCASH	Tera Blast	runs	Scarlet and Violet TM; Legends Z-A TM
SPECIES_CORPHISH	Chilling Water	runs	Scarlet and Violet TM
SPECIES_CORPHISH	Chip Away	runs	Black and White egg; Black 2 and White 2 egg; X and Y egg; Omega Ruby and Alpha Sapphire egg; Sun and Moon egg; Ultra Sun and Ultra Moon egg
SPECIES_CORPHISH	Confide	runs	X and Y TM; Omega Ruby and Alpha Sapphire TM; Sun and Moon TM; Ultra Sun and Ultra Moon TM
SPECIES_CORPHISH	Hone Claws	runs	Black and White TM; Black 2 and White 2 TM; X and Y TM; Omega Ruby and Alpha Sapphire TM
SPECIES_CORPHISH	Liquidation	runs	Scarlet and Violet TM
SPECIES_CORPHISH	Round	runs	Black and White TM; Black 2 and White 2 TM; X and Y TM; Omega Ruby and Alpha Sapphire TM; Sun and Moon TM; Ultra Sun and Ultra Moon TM; Sword and Shield TM; Legends Z-A TM
SPECIES_CORPHISH	Scald	runs	Black and White TM; Black 2 and White 2 TM; X and Y TM; Omega Ruby and Alpha Sapphire TM; Sun and Moon TM; Ultra Sun and Ultra Moon TM; Sword and Shield TM; Brilliant Diamond and Shining Pearl TM; Legends Z-A TM
SPECIES_CORPHISH	Tera Blast	runs	Scarlet and Violet TM
SPECIES_CRAWDAUNT	Chilling Water	runs	Scarlet and Violet TM
SPECIES_CRAWDAUNT	Chip Away	runs	Black and White egg; Black 2 and White 2 egg; X and Y egg; Omega Ruby and Alpha Sapphire egg; Sun and Moon egg; Ultra Sun and Ultra Moon egg
SPECIES_CRAWDAUNT	Confide	runs	X and Y TM; Omega Ruby and Alpha Sapphire TM; Sun and Moon TM; Ultra Sun and Ultra Moon TM
SPECIES_CRAWDAUNT	Hard Press	runs	Scarlet and Violet TM
SPECIES_CRAWDAUNT	Hone Claws	runs	Black and White TM; Black 2 and White 2 TM; X and Y TM; Omega Ruby and Alpha Sapphire TM
SPECIES_CRAWDAUNT	Lash Out	runs	Sword and Shield tutor; Scarlet and Violet TM; Legends Z-A TM
SPECIES_CRAWDAUNT	Liquidation	runs	Ultra Sun and Ultra Moon tutor; Sword and Shield TM; Scarlet and Violet TM; Legends Z-A TM
SPECIES_CRAWDAUNT	Retaliate	runs	Black and White TM; Black 2 and White 2 TM; X and Y TM; Omega Ruby and Alpha Sapphire TM; Sword and Shield TM; Legends Z-A TM
SPECIES_CRAWDAUNT	Round	runs	Black and White TM; Black 2 and White 2 TM; X and Y TM; Omega Ruby and Alpha Sapphire TM; Sun and Moon TM; Ultra Sun and Ultra Moon TM; Sword and Shield TM; Legends Z-A TM
SPECIES_CRAWDAUNT	Scald	runs	Black and White TM; Black 2 and White 2 TM; X and Y TM; Omega Ruby and Alpha Sapphire TM; Sun and Moon TM; Ultra Sun and Ultra Moon TM; Sword and Shield TM; Brilliant Diamond and Shining Pearl TM; Legends Z-A TM
SPECIES_CRAWDAUNT	Sludge Wave	runs	Black and White TM; Black 2 and White 2 TM; X and Y TM; Omega Ruby and Alpha Sapphire TM; Sun and Moon TM; Ultra Sun and Ultra Moon TM; Sword and Shield TM; Scarlet and Violet TM; Legends Z-A TM
SPECIES_CRAWDAUNT	Snarl	runs	Black and White TM; Black 2 and White 2 TM; X and Y TM; Omega Ruby and Alpha Sapphire TM; Sun and Moon TM; Ultra Sun and Ultra Moon TM; Sword and Shield TM; Brilliant Diamond and Shining Pearl TM; Scarlet and Violet TM; Legends Z-A TM
SPECIES_CRAWDAUNT	Tera Blast	runs	Scarlet and Violet TM
SPECIES_LILEEP	Confide	runs	X and Y TM; Omega Ruby and Alpha Sapphire TM; Sun and Moon TM; Ultra Sun and Ultra Moon TM
SPECIES_LILEEP	Infestation	runs	X and Y TM; Omega Ruby and Alpha Sapphire TM; Sun and Moon TM; Ultra Sun and Ultra Moon TM
SPECIES_LILEEP	Meteor Beam	runs	Sword and Shield tutor; Legends Z-A TM
SPECIES_LILEEP	Round	runs	Black and White TM; Black 2 and White 2 TM; X and Y TM; Omega Ruby and Alpha Sapphire TM; Sun and Moon TM; Ultra Sun and Ultra Moon TM; Sword and Shield TM; Legends Z-A TM
SPECIES_LILEEP	Smack Down	runs	Black and White TM; Black 2 and White 2 TM; X and Y TM; Omega Ruby and Alpha Sapphire TM; Sun and Moon TM; Ultra Sun and Ultra Moon TM
SPECIES_CRADILY	Bulldoze	runs	Black and White TM; Black 2 and White 2 TM; X and Y TM; Omega Ruby and Alpha Sapphire TM; Sun and Moon TM; Ultra Sun and Ultra Moon TM; Sword and Shield TM; Brilliant Diamond and Shining Pearl TM; Legends Z-A TM
SPECIES_CRADILY	Confide	runs	X and Y TM; Omega Ruby and Alpha Sapphire TM; Sun and Moon TM; Ultra Sun and Ultra Moon TM
SPECIES_CRADILY	Grassy Terrain	stub: nothing happens (terrain held)	Sword and Shield TM; Legends Z-A TM
SPECIES_CRADILY	Infestation	runs	X and Y TM; Omega Ruby and Alpha Sapphire TM; Sun and Moon TM; Ultra Sun and Ultra Moon TM
SPECIES_CRADILY	Meteor Beam	runs	Sword and Shield tutor; Legends Z-A TM
SPECIES_CRADILY	Round	runs	Black and White TM; Black 2 and White 2 TM; X and Y TM; Omega Ruby and Alpha Sapphire TM; Sun and Moon TM; Ultra Sun and Ultra Moon TM; Sword and Shield TM; Legends Z-A TM
SPECIES_CRADILY	Sludge Wave	runs	Black and White TM; Black 2 and White 2 TM; X and Y TM; Omega Ruby and Alpha Sapphire TM; Sun and Moon TM; Ultra Sun and Ultra Moon TM; Sword and Shield TM; Legends Z-A TM
SPECIES_CRADILY	Smack Down	runs	Black and White TM; Black 2 and White 2 TM; X and Y TM; Omega Ruby and Alpha Sapphire TM; Sun and Moon TM; Ultra Sun and Ultra Moon TM
SPECIES_ANORITH	Confide	runs	X and Y TM; Omega Ruby and Alpha Sapphire TM; Sun and Moon TM; Ultra Sun and Ultra Moon TM
SPECIES_ANORITH	Hone Claws	runs	Black and White TM; Black 2 and White 2 TM; X and Y TM; Omega Ruby and Alpha Sapphire TM
SPECIES_ANORITH	Meteor Beam	runs	Sword and Shield tutor; Legends Z-A TM
SPECIES_ANORITH	Round	runs	Black and White TM; Black 2 and White 2 TM; X and Y TM; Omega Ruby and Alpha Sapphire TM; Sun and Moon TM; Ultra Sun and Ultra Moon TM; Sword and Shield TM; Legends Z-A TM
SPECIES_ANORITH	Struggle Bug	runs	Black and White TM; Black 2 and White 2 TM; X and Y TM; Omega Ruby and Alpha Sapphire TM
SPECIES_ARMALDO	Brutal Swing	runs	Sun and Moon TM; Ultra Sun and Ultra Moon TM; Sword and Shield TM; Legends Z-A TM
SPECIES_ARMALDO	Bulldoze	runs	Black and White TM; Black 2 and White 2 TM; X and Y TM; Omega Ruby and Alpha Sapphire TM; Sun and Moon TM; Ultra Sun and Ultra Moon TM; Sword and Shield TM; Brilliant Diamond and Shining Pearl TM; Legends Z-A TM
SPECIES_ARMALDO	Confide	runs	X and Y TM; Omega Ruby and Alpha Sapphire TM; Sun and Moon TM; Ultra Sun and Ultra Moon TM
SPECIES_ARMALDO	Hone Claws	runs	Black and White TM; Black 2 and White 2 TM; X and Y TM; Omega Ruby and Alpha Sapphire TM
SPECIES_ARMALDO	Liquidation	runs	Ultra Sun and Ultra Moon tutor; Sword and Shield TM; Legends Z-A TM
SPECIES_ARMALDO	Meteor Beam	runs	Sword and Shield tutor; Legends Z-A TM
SPECIES_ARMALDO	Round	runs	Black and White TM; Black 2 and White 2 TM; X and Y TM; Omega Ruby and Alpha Sapphire TM; Sun and Moon TM; Ultra Sun and Ultra Moon TM; Sword and Shield TM; Legends Z-A TM
SPECIES_ARMALDO	StompingTantrum	runs	Ultra Sun and Ultra Moon tutor; Sword and Shield TM; Legends Z-A TM
SPECIES_ARMALDO	Struggle Bug	runs	Black and White TM; Black 2 and White 2 TM; X and Y TM; Omega Ruby and Alpha Sapphire TM
SPECIES_FEEBAS	Chilling Water	runs	Scarlet and Violet TM; Legends Z-A TM
SPECIES_FEEBAS	Confide	runs	X and Y TM; Omega Ruby and Alpha Sapphire TM; Sun and Moon TM; Ultra Sun and Ultra Moon TM
SPECIES_FEEBAS	Round	runs	Black and White TM; Black 2 and White 2 TM; X and Y TM; Omega Ruby and Alpha Sapphire TM; Sun and Moon TM; Ultra Sun and Ultra Moon TM; Sword and Shield TM
SPECIES_FEEBAS	Scald	runs	Black and White TM; Black 2 and White 2 TM; X and Y TM; Omega Ruby and Alpha Sapphire TM; Sun and Moon TM; Ultra Sun and Ultra Moon TM; Sword and Shield TM; Brilliant Diamond and Shining Pearl TM; Legends Z-A TM
SPECIES_FEEBAS	Scale Shot	partial: hits two to five times; the Speed rise and Defense drop are missing	Sword and Shield tutor; Scarlet and Violet TM; Legends Z-A TM
SPECIES_FEEBAS	Tera Blast	runs	Scarlet and Violet TM
SPECIES_MILOTIC	Alluring Voice	runs	Scarlet and Violet TM
SPECIES_MILOTIC	Brutal Swing	runs	Sun and Moon TM; Ultra Sun and Ultra Moon TM; Sword and Shield TM
SPECIES_MILOTIC	Bulldoze	runs	Black and White TM; Black 2 and White 2 TM; X and Y TM; Omega Ruby and Alpha Sapphire TM; Sun and Moon TM; Ultra Sun and Ultra Moon TM; Sword and Shield TM; Brilliant Diamond and Shining Pearl TM; Scarlet and Violet TM; Legends Z-A TM
SPECIES_MILOTIC	Chilling Water	runs	Scarlet and Violet TM; Legends Z-A TM
SPECIES_MILOTIC	Confide	runs	X and Y TM; Omega Ruby and Alpha Sapphire TM; Sun and Moon TM; Ultra Sun and Ultra Moon TM
SPECIES_MILOTIC	Dazzling Gleam	runs	Legends Z-A TM
SPECIES_MILOTIC	Dragon Cheer	partial: status move running the plain-hit script: its effect never happens	Scarlet and Violet TM
SPECIES_MILOTIC	Flip Turn	runs	Sword and Shield tutor; Scarlet and Violet TM; Legends Z-A TM
SPECIES_MILOTIC	Laser Focus	runs	Ultra Sun and Ultra Moon tutor
SPECIES_MILOTIC	Liquidation	runs	Legends Z-A TM
SPECIES_MILOTIC	Round	runs	Black and White TM; Black 2 and White 2 TM; X and Y TM; Omega Ruby and Alpha Sapphire TM; Sun and Moon TM; Ultra Sun and Ultra Moon TM; Sword and Shield TM
SPECIES_MILOTIC	Scald	runs	Black and White TM; Black 2 and White 2 TM; X and Y TM; Omega Ruby and Alpha Sapphire TM; Sun and Moon TM; Ultra Sun and Ultra Moon TM; Sword and Shield TM; Brilliant Diamond and Shining Pearl TM; Scarlet and Violet TM; Legends Z-A TM
SPECIES_MILOTIC	Scale Shot	partial: hits two to five times; the Speed rise and Defense drop are missing	Sword and Shield tutor; Scarlet and Violet TM; Legends Z-A TM
SPECIES_MILOTIC	Skitter Smack	runs	Sword and Shield tutor; Scarlet and Violet TM
SPECIES_MILOTIC	Tera Blast	runs	Scarlet and Violet TM
SPECIES_MILOTIC	Triple Axel	runs	Sword and Shield tutor; Scarlet and Violet TM; Legends Z-A TM
SPECIES_CASTFORM	Clear Smog	runs	Black and White egg; Black 2 and White 2 egg; X and Y egg; Omega Ruby and Alpha Sapphire egg; Sun and Moon egg; Ultra Sun and Ultra Moon egg; Brilliant Diamond and Shining Pearl egg
SPECIES_CASTFORM	Confide	runs	X and Y TM; Omega Ruby and Alpha Sapphire TM; Sun and Moon TM; Ultra Sun and Ultra Moon TM
SPECIES_CASTFORM	Hex	runs	Black and White egg; Black 2 and White 2 egg; X and Y egg; Omega Ruby and Alpha Sapphire egg; Sun and Moon egg; Ultra Sun and Ultra Moon egg; Brilliant Diamond and Shining Pearl egg; Legends Z-A TM
SPECIES_CASTFORM	Incinerate	runs	Black and White TM; Black 2 and White 2 TM; X and Y TM; Omega Ruby and Alpha Sapphire TM
SPECIES_CASTFORM	Reflect Type	partial: status move running the plain-hit script: its effect never happens	X and Y egg; Omega Ruby and Alpha Sapphire egg; Sun and Moon egg; Ultra Sun and Ultra Moon egg; Brilliant Diamond and Shining Pearl egg
SPECIES_CASTFORM	Retaliate	runs	Black and White TM; Black 2 and White 2 TM; X and Y TM; Omega Ruby and Alpha Sapphire TM; Legends Z-A TM
SPECIES_CASTFORM	Round	runs	Black and White TM; Black 2 and White 2 TM; X and Y TM; Omega Ruby and Alpha Sapphire TM; Sun and Moon TM; Ultra Sun and Ultra Moon TM; Legends Z-A TM
SPECIES_CASTFORM	Scald	runs	Black and White TM; Black 2 and White 2 TM; X and Y TM; Omega Ruby and Alpha Sapphire TM; Sun and Moon TM; Ultra Sun and Ultra Moon TM; Brilliant Diamond and Shining Pearl TM; Legends Z-A TM
SPECIES_CASTFORM	Work Up	runs	Black and White TM; Black 2 and White 2 TM; Sun and Moon TM; Ultra Sun and Ultra Moon TM; Brilliant Diamond and Shining Pearl TM; Legends Z-A TM
SPECIES_DUSKULL	Ally Switch	partial: status move running the plain-hit script: its effect never happens	Ultra Sun and Ultra Moon tutor; Sword and Shield TM; Legends Z-A TM
SPECIES_DUSKULL	Confide	runs	X and Y TM; Omega Ruby and Alpha Sapphire TM; Sun and Moon TM; Ultra Sun and Ultra Moon TM
SPECIES_DUSKULL	Infestation	runs	X and Y TM; Omega Ruby and Alpha Sapphire TM; Sun and Moon TM; Ultra Sun and Ultra Moon TM
SPECIES_DUSKULL	Phantom Force	runs	Scarlet and Violet TM
SPECIES_DUSKULL	Poltergeist	runs	Sword and Shield tutor; Scarlet and Violet TM; Legends Z-A TM
SPECIES_DUSKULL	Round	runs	Black and White TM; Black 2 and White 2 TM; X and Y TM; Omega Ruby and Alpha Sapphire TM; Sun and Moon TM; Ultra Sun and Ultra Moon TM; Sword and Shield TM; Legends Z-A TM
SPECIES_DUSKULL	Skitter Smack	runs	Sword and Shield tutor; Scarlet and Violet TM; Legends Z-A TM
SPECIES_DUSKULL	Telekinesis	partial: status move running the plain-hit script: its effect never happens	Black and White TM; Black 2 and White 2 TM; Ultra Sun and Ultra Moon tutor
SPECIES_DUSKULL	Tera Blast	runs	Scarlet and Violet TM
SPECIES_DUSKULL	Wonder Room	runs	Black 2 and White 2 tutor; Omega Ruby and Alpha Sapphire tutor; Ultra Sun and Ultra Moon tutor; Sword and Shield TM; Legends Z-A TM
SPECIES_DUSCLOPS	Ally Switch	partial: status move running the plain-hit script: its effect never happens	Ultra Sun and Ultra Moon tutor; Sword and Shield TM; Legends Z-A TM
SPECIES_DUSCLOPS	Bulldoze	runs	Black and White TM; Black 2 and White 2 TM; X and Y TM; Omega Ruby and Alpha Sapphire TM; Sun and Moon TM; Ultra Sun and Ultra Moon TM; Sword and Shield TM; Brilliant Diamond and Shining Pearl TM; Legends Z-A TM
SPECIES_DUSCLOPS	Confide	runs	X and Y TM; Omega Ruby and Alpha Sapphire TM; Sun and Moon TM; Ultra Sun and Ultra Moon TM
SPECIES_DUSCLOPS	Infestation	runs	X and Y TM; Omega Ruby and Alpha Sapphire TM; Sun and Moon TM; Ultra Sun and Ultra Moon TM
SPECIES_DUSCLOPS	Phantom Force	runs	Scarlet and Violet TM
SPECIES_DUSCLOPS	Poltergeist	runs	Sword and Shield tutor; Scarlet and Violet TM; Legends Z-A TM
SPECIES_DUSCLOPS	Power-Up Punch	runs	X and Y TM; Omega Ruby and Alpha Sapphire TM
SPECIES_DUSCLOPS	Round	runs	Black and White TM; Black 2 and White 2 TM; X and Y TM; Omega Ruby and Alpha Sapphire TM; Sun and Moon TM; Ultra Sun and Ultra Moon TM; Sword and Shield TM; Legends Z-A TM
SPECIES_DUSCLOPS	Skitter Smack	runs	Sword and Shield tutor; Scarlet and Violet TM; Legends Z-A TM
SPECIES_DUSCLOPS	Telekinesis	partial: status move running the plain-hit script: its effect never happens	Black and White TM; Black 2 and White 2 TM; Ultra Sun and Ultra Moon tutor
SPECIES_DUSCLOPS	Tera Blast	runs	Scarlet and Violet TM
SPECIES_DUSCLOPS	Wonder Room	runs	Black 2 and White 2 tutor; Omega Ruby and Alpha Sapphire tutor; Ultra Sun and Ultra Moon tutor; Sword and Shield TM; Legends Z-A TM
SPECIES_TROPIUS	Body Press	runs	Scarlet and Violet TM; Legends Z-A TM
SPECIES_TROPIUS	Brutal Swing	runs	Sun and Moon TM; Ultra Sun and Ultra Moon TM
SPECIES_TROPIUS	Bulldoze	runs	Black and White TM; Black 2 and White 2 TM; X and Y TM; Omega Ruby and Alpha Sapphire TM; Sun and Moon TM; Ultra Sun and Ultra Moon TM; Brilliant Diamond and Shining Pearl TM; Scarlet and Violet TM; Legends Z-A TM
SPECIES_TROPIUS	Confide	runs	X and Y TM; Omega Ruby and Alpha Sapphire TM; Sun and Moon TM; Ultra Sun and Ultra Moon TM
SPECIES_TROPIUS	Dragon Tail	runs	Scarlet and Violet TM; Legends Z-A TM
SPECIES_TROPIUS	Dual Wingbeat	runs	Scarlet and Violet TM
SPECIES_TROPIUS	Grassy Terrain	stub: nothing happens (terrain held)	Scarlet and Violet TM; Legends Z-A TM
SPECIES_TROPIUS	Hurricane	runs	Scarlet and Violet TM; Legends Z-A TM
SPECIES_TROPIUS	Petal Blizzard	runs	Scarlet and Violet TM
SPECIES_TROPIUS	Round	runs	Black and White TM; Black 2 and White 2 TM; X and Y TM; Omega Ruby and Alpha Sapphire TM; Sun and Moon TM; Ultra Sun and Ultra Moon TM
SPECIES_TROPIUS	Solar Blade	runs	Scarlet and Violet TM
SPECIES_TROPIUS	StompingTantrum	runs	Ultra Sun and Ultra Moon tutor; Scarlet and Violet TM; Legends Z-A TM
SPECIES_TROPIUS	Tera Blast	runs	Scarlet and Violet TM; Legends Z-A TM
SPECIES_TROPIUS	Trailblaze	runs	Scarlet and Violet TM; Legends Z-A TM
SPECIES_CHIMECHO	Ally Switch	partial: status move running the plain-hit script: its effect never happens	Ultra Sun and Ultra Moon tutor; Scarlet and Violet egg
SPECIES_CHIMECHO	Confide	runs	X and Y TM; Omega Ruby and Alpha Sapphire TM; Sun and Moon TM; Ultra Sun and Ultra Moon TM
SPECIES_CHIMECHO	Crafty Shield	runs	Ultra Sun and Ultra Moon egg
SPECIES_CHIMECHO	Dazzling Gleam	runs	X and Y TM; Omega Ruby and Alpha Sapphire TM; Sun and Moon TM; Ultra Sun and Ultra Moon TM; Brilliant Diamond and Shining Pearl TM; Scarlet and Violet TM; Legends Z-A TM
SPECIES_CHIMECHO	Draining Kiss	runs	Scarlet and Violet TM
SPECIES_CHIMECHO	Echoed Voice	runs	Black and White TM; Black 2 and White 2 TM; X and Y TM; Omega Ruby and Alpha Sapphire TM; Sun and Moon TM; Ultra Sun and Ultra Moon TM
SPECIES_CHIMECHO	Expanding Force	partial: plain 80 hit; its Psychic Terrain boost waits on terrain	Scarlet and Violet TM
SPECIES_CHIMECHO	Laser Focus	runs	Ultra Sun and Ultra Moon tutor
SPECIES_CHIMECHO	Meteor Beam	runs	Legends Z-A TM
SPECIES_CHIMECHO	Psychic Noise	runs	Scarlet and Violet TM
SPECIES_CHIMECHO	Psyshock	runs	Black and White TM; Black 2 and White 2 TM; X and Y TM; Omega Ruby and Alpha Sapphire TM; Sun and Moon TM; Ultra Sun and Ultra Moon TM; Scarlet and Violet TM; Legends Z-A TM
SPECIES_CHIMECHO	Round	runs	Black and White TM; Black 2 and White 2 TM; X and Y TM; Omega Ruby and Alpha Sapphire TM; Sun and Moon TM; Ultra Sun and Ultra Moon TM
SPECIES_CHIMECHO	Snarl	runs	Scarlet and Violet TM
SPECIES_CHIMECHO	Telekinesis	partial: status move running the plain-hit script: its effect never happens	Black and White TM; Black 2 and White 2 TM; Ultra Sun and Ultra Moon tutor
SPECIES_CHIMECHO	Tera Blast	runs	Scarlet and Violet TM
SPECIES_ABSOL	Brutal Swing	runs	Sun and Moon TM; Ultra Sun and Ultra Moon TM; Sword and Shield TM
SPECIES_ABSOL	Confide	runs	X and Y TM; Omega Ruby and Alpha Sapphire TM; Sun and Moon TM; Ultra Sun and Ultra Moon TM
SPECIES_ABSOL	Echoed Voice	runs	Black and White TM; Black 2 and White 2 TM; X and Y TM; Omega Ruby and Alpha Sapphire TM; Sun and Moon TM; Ultra Sun and Ultra Moon TM
SPECIES_ABSOL	Foul Play	runs	Black 2 and White 2 tutor; Omega Ruby and Alpha Sapphire tutor; Ultra Sun and Ultra Moon tutor; Sword and Shield TM
SPECIES_ABSOL	Hex	runs	Black and White egg; Black 2 and White 2 egg; X and Y egg; Omega Ruby and Alpha Sapphire egg; Sun and Moon egg; Ultra Sun and Ultra Moon egg; Sword and Shield TM; Brilliant Diamond and Shining Pearl egg
SPECIES_ABSOL	Hone Claws	runs	Black and White TM; Black 2 and White 2 TM; X and Y TM; Omega Ruby and Alpha Sapphire TM
SPECIES_ABSOL	Incinerate	runs	Black and White TM; Black 2 and White 2 TM; X and Y TM; Omega Ruby and Alpha Sapphire TM
SPECIES_ABSOL	Laser Focus	runs	Ultra Sun and Ultra Moon tutor
SPECIES_ABSOL	Play Rough	runs	X and Y egg; Omega Ruby and Alpha Sapphire egg; Sun and Moon egg; Ultra Sun and Ultra Moon egg; Sword and Shield TM; Brilliant Diamond and Shining Pearl egg; Legends Z-A TM
SPECIES_ABSOL	Retaliate	runs	Black and White TM; Black 2 and White 2 TM; X and Y TM; Omega Ruby and Alpha Sapphire TM; Sword and Shield TM
SPECIES_ABSOL	Round	runs	Black and White TM; Black 2 and White 2 TM; X and Y TM; Omega Ruby and Alpha Sapphire TM; Sun and Moon TM; Ultra Sun and Ultra Moon TM; Sword and Shield TM
SPECIES_ABSOL	Throat Chop	stub: plain hit	Ultra Sun and Ultra Moon tutor; Sword and Shield TM
SPECIES_SNORUNT	Chilling Water	runs	Scarlet and Violet TM; Legends Z-A TM
SPECIES_SNORUNT	Confide	runs	X and Y TM; Omega Ruby and Alpha Sapphire TM; Sun and Moon TM; Ultra Sun and Ultra Moon TM
SPECIES_SNORUNT	Hex	runs	Black and White egg; Black 2 and White 2 egg; X and Y egg; Omega Ruby and Alpha Sapphire egg; Sun and Moon egg; Ultra Sun and Ultra Moon egg; Sword and Shield TM; Brilliant Diamond and Shining Pearl egg; Scarlet and Violet TM
SPECIES_SNORUNT	Ice Spinner	runs	Scarlet and Violet TM
SPECIES_SNORUNT	Round	runs	Black and White TM; Black 2 and White 2 TM; X and Y TM; Omega Ruby and Alpha Sapphire TM; Sun and Moon TM; Ultra Sun and Ultra Moon TM; Sword and Shield TM
SPECIES_SNORUNT	Tera Blast	runs	Scarlet and Violet TM
SPECIES_SNORUNT	Trailblaze	runs	Scarlet and Violet TM; Legends Z-A TM
SPECIES_GLALIE	Bulldoze	runs	Black and White TM; Black 2 and White 2 TM; X and Y TM; Omega Ruby and Alpha Sapphire TM; Sun and Moon TM; Ultra Sun and Ultra Moon TM; Sword and Shield TM; Brilliant Diamond and Shining Pearl TM; Scarlet and Violet TM
SPECIES_GLALIE	Chilling Water	runs	Scarlet and Violet TM; Legends Z-A TM
SPECIES_GLALIE	Confide	runs	X and Y TM; Omega Ruby and Alpha Sapphire TM; Sun and Moon TM; Ultra Sun and Ultra Moon TM
SPECIES_GLALIE	Foul Play	runs	Scarlet and Violet TM
SPECIES_GLALIE	Hex	runs	Black and White egg; Black 2 and White 2 egg; X and Y egg; Omega Ruby and Alpha Sapphire egg; Sun and Moon egg; Ultra Sun and Ultra Moon egg; Sword and Shield TM; Brilliant Diamond and Shining Pearl egg; Scarlet and Violet TM
SPECIES_GLALIE	Ice Spinner	runs	Scarlet and Violet TM
SPECIES_GLALIE	Laser Focus	runs	Ultra Sun and Ultra Moon tutor
SPECIES_GLALIE	Round	runs	Black and White TM; Black 2 and White 2 TM; X and Y TM; Omega Ruby and Alpha Sapphire TM; Sun and Moon TM; Ultra Sun and Ultra Moon TM; Sword and Shield TM
SPECIES_GLALIE	Steel Roller	stub: plain 130 hit, should fail without terrain	Sword and Shield tutor
SPECIES_GLALIE	Tera Blast	runs	Scarlet and Violet TM
SPECIES_GLALIE	Trailblaze	runs	Scarlet and Violet TM; Legends Z-A TM
SPECIES_SPHEAL	Bulldoze	runs	Black and White TM; Black 2 and White 2 TM; X and Y TM; Omega Ruby and Alpha Sapphire TM; Sun and Moon TM; Ultra Sun and Ultra Moon TM; Sword and Shield TM; Brilliant Diamond and Shining Pearl TM; Legends Z-A TM
SPECIES_SPHEAL	Confide	runs	X and Y TM; Omega Ruby and Alpha Sapphire TM; Sun and Moon TM; Ultra Sun and Ultra Moon TM
SPECIES_SPHEAL	Echoed Voice	runs	Black and White TM; Black 2 and White 2 TM; X and Y TM; Omega Ruby and Alpha Sapphire TM; Sun and Moon TM; Ultra Sun and Ultra Moon TM
SPECIES_SPHEAL	Frost Breath	runs	Black and White TM; Black 2 and White 2 TM; X and Y TM; Omega Ruby and Alpha Sapphire TM; Sun and Moon TM; Ultra Sun and Ultra Moon TM
SPECIES_SPHEAL	Round	runs	Black and White TM; Black 2 and White 2 TM; X and Y TM; Omega Ruby and Alpha Sapphire TM; Sun and Moon TM; Ultra Sun and Ultra Moon TM; Sword and Shield TM; Legends Z-A TM
SPECIES_SPHEAL	Steel Roller	stub: plain 130 hit, should fail without terrain	Sword and Shield tutor; Legends Z-A TM
SPECIES_SEALEO	Bulldoze	runs	Black and White TM; Black 2 and White 2 TM; X and Y TM; Omega Ruby and Alpha Sapphire TM; Sun and Moon TM; Ultra Sun and Ultra Moon TM; Sword and Shield TM; Brilliant Diamond and Shining Pearl TM; Legends Z-A TM
SPECIES_SEALEO	Confide	runs	X and Y TM; Omega Ruby and Alpha Sapphire TM; Sun and Moon TM; Ultra Sun and Ultra Moon TM
SPECIES_SEALEO	Echoed Voice	runs	Black and White TM; Black 2 and White 2 TM; X and Y TM; Omega Ruby and Alpha Sapphire TM; Sun and Moon TM; Ultra Sun and Ultra Moon TM
SPECIES_SEALEO	Frost Breath	runs	Black and White TM; Black 2 and White 2 TM; X and Y TM; Omega Ruby and Alpha Sapphire TM; Sun and Moon TM; Ultra Sun and Ultra Moon TM
SPECIES_SEALEO	Round	runs	Black and White TM; Black 2 and White 2 TM; X and Y TM; Omega Ruby and Alpha Sapphire TM; Sun and Moon TM; Ultra Sun and Ultra Moon TM; Sword and Shield TM; Legends Z-A TM
SPECIES_SEALEO	Steel Roller	stub: plain 130 hit, should fail without terrain	Sword and Shield tutor; Legends Z-A TM
SPECIES_WALREIN	Body Press	runs	Sword and Shield TM; Legends Z-A TM
SPECIES_WALREIN	Bulldoze	runs	Black and White TM; Black 2 and White 2 TM; X and Y TM; Omega Ruby and Alpha Sapphire TM; Sun and Moon TM; Ultra Sun and Ultra Moon TM; Sword and Shield TM; Brilliant Diamond and Shining Pearl TM; Legends Z-A TM
SPECIES_WALREIN	Confide	runs	X and Y TM; Omega Ruby and Alpha Sapphire TM; Sun and Moon TM; Ultra Sun and Ultra Moon TM
SPECIES_WALREIN	Echoed Voice	runs	Black and White TM; Black 2 and White 2 TM; X and Y TM; Omega Ruby and Alpha Sapphire TM; Sun and Moon TM; Ultra Sun and Ultra Moon TM
SPECIES_WALREIN	Frost Breath	runs	Black and White TM; Black 2 and White 2 TM; X and Y TM; Omega Ruby and Alpha Sapphire TM; Sun and Moon TM; Ultra Sun and Ultra Moon TM
SPECIES_WALREIN	Heavy Slam	runs	Sword and Shield TM; Legends Z-A TM
SPECIES_WALREIN	Round	runs	Black and White TM; Black 2 and White 2 TM; X and Y TM; Omega Ruby and Alpha Sapphire TM; Sun and Moon TM; Ultra Sun and Ultra Moon TM; Sword and Shield TM; Legends Z-A TM
SPECIES_WALREIN	Steel Roller	stub: plain 130 hit, should fail without terrain	Sword and Shield tutor; Legends Z-A TM
SPECIES_WALREIN	StompingTantrum	runs	Ultra Sun and Ultra Moon tutor; Sword and Shield TM; Legends Z-A TM
SPECIES_CLAMPERL	Confide	runs	X and Y TM; Omega Ruby and Alpha Sapphire TM; Sun and Moon TM; Ultra Sun and Ultra Moon TM
SPECIES_CLAMPERL	Round	runs	Black and White TM; Black 2 and White 2 TM; X and Y TM; Omega Ruby and Alpha Sapphire TM; Sun and Moon TM; Ultra Sun and Ultra Moon TM; Legends Z-A TM
SPECIES_CLAMPERL	Scald	runs	Black and White TM; Black 2 and White 2 TM; X and Y TM; Omega Ruby and Alpha Sapphire TM; Sun and Moon TM; Ultra Sun and Ultra Moon TM; Brilliant Diamond and Shining Pearl TM; Legends Z-A TM
SPECIES_HUNTAIL	Confide	runs	X and Y TM; Omega Ruby and Alpha Sapphire TM; Sun and Moon TM; Ultra Sun and Ultra Moon TM
SPECIES_HUNTAIL	Flip Turn	runs	Legends Z-A TM
SPECIES_HUNTAIL	Infestation	runs	X and Y TM; Omega Ruby and Alpha Sapphire TM; Sun and Moon TM; Ultra Sun and Ultra Moon TM
SPECIES_HUNTAIL	Round	runs	Black and White TM; Black 2 and White 2 TM; X and Y TM; Omega Ruby and Alpha Sapphire TM; Sun and Moon TM; Ultra Sun and Ultra Moon TM; Legends Z-A TM
SPECIES_HUNTAIL	Scald	runs	Black and White TM; Black 2 and White 2 TM; X and Y TM; Omega Ruby and Alpha Sapphire TM; Sun and Moon TM; Ultra Sun and Ultra Moon TM; Brilliant Diamond and Shining Pearl TM; Legends Z-A TM
SPECIES_HUNTAIL	Scale Shot	partial: hits two to five times; the Speed rise and Defense drop are missing	Legends Z-A TM
SPECIES_GOREBYSS	Confide	runs	X and Y TM; Omega Ruby and Alpha Sapphire TM; Sun and Moon TM; Ultra Sun and Ultra Moon TM
SPECIES_GOREBYSS	Flip Turn	runs	Legends Z-A TM
SPECIES_GOREBYSS	Infestation	runs	X and Y TM; Omega Ruby and Alpha Sapphire TM; Sun and Moon TM; Ultra Sun and Ultra Moon TM
SPECIES_GOREBYSS	Round	runs	Black and White TM; Black 2 and White 2 TM; X and Y TM; Omega Ruby and Alpha Sapphire TM; Sun and Moon TM; Ultra Sun and Ultra Moon TM; Legends Z-A TM
SPECIES_GOREBYSS	Scald	runs	Black and White TM; Black 2 and White 2 TM; X and Y TM; Omega Ruby and Alpha Sapphire TM; Sun and Moon TM; Ultra Sun and Ultra Moon TM; Brilliant Diamond and Shining Pearl TM; Legends Z-A TM
SPECIES_GOREBYSS	Scale Shot	partial: hits two to five times; the Speed rise and Defense drop are missing	Legends Z-A TM
SPECIES_RELICANTH	Body Press	runs	Sword and Shield TM; Legends Z-A TM
SPECIES_RELICANTH	Bulldoze	runs	Black and White TM; Black 2 and White 2 TM; X and Y TM; Omega Ruby and Alpha Sapphire TM; Sun and Moon TM; Ultra Sun and Ultra Moon TM; Sword and Shield TM; Brilliant Diamond and Shining Pearl TM; Legends Z-A TM
SPECIES_RELICANTH	Confide	runs	X and Y TM; Omega Ruby and Alpha Sapphire TM; Sun and Moon TM; Ultra Sun and Ultra Moon TM
SPECIES_RELICANTH	Liquidation	runs	Sword and Shield TM; Legends Z-A TM
SPECIES_RELICANTH	Meteor Beam	runs	Sword and Shield tutor; Legends Z-A TM
SPECIES_RELICANTH	Round	runs	Black and White TM; Black 2 and White 2 TM; X and Y TM; Omega Ruby and Alpha Sapphire TM; Sun and Moon TM; Ultra Sun and Ultra Moon TM; Sword and Shield TM; Legends Z-A TM
SPECIES_RELICANTH	Scald	runs	Black and White TM; Black 2 and White 2 TM; X and Y TM; Omega Ruby and Alpha Sapphire TM; Sun and Moon TM; Ultra Sun and Ultra Moon TM; Sword and Shield TM; Brilliant Diamond and Shining Pearl TM; Legends Z-A TM
SPECIES_RELICANTH	Scale Shot	partial: hits two to five times; the Speed rise and Defense drop are missing	Sword and Shield tutor; Legends Z-A TM
SPECIES_RELICANTH	Smack Down	runs	Black and White TM; Black 2 and White 2 TM; X and Y TM; Omega Ruby and Alpha Sapphire TM; Sun and Moon TM; Ultra Sun and Ultra Moon TM
SPECIES_RELICANTH	StompingTantrum	runs	Ultra Sun and Ultra Moon tutor; Sword and Shield TM; Legends Z-A TM
SPECIES_LUVDISC	Confide	runs	X and Y TM; Omega Ruby and Alpha Sapphire TM; Sun and Moon TM; Ultra Sun and Ultra Moon TM
SPECIES_LUVDISC	Entrainment	runs	X and Y egg; Omega Ruby and Alpha Sapphire egg; Sun and Moon egg; Ultra Sun and Ultra Moon egg; Brilliant Diamond and Shining Pearl egg; Scarlet and Violet egg
SPECIES_LUVDISC	Flip Turn	runs	Scarlet and Violet TM; Legends Z-A TM
SPECIES_LUVDISC	Heal Pulse	runs	Black and White egg; Black 2 and White 2 egg; X and Y egg; Omega Ruby and Alpha Sapphire egg; Sun and Moon egg; Ultra Sun and Ultra Moon egg; Brilliant Diamond and Shining Pearl egg
SPECIES_LUVDISC	Liquidation	runs	Ultra Sun and Ultra Moon tutor; Scarlet and Violet TM; Legends Z-A TM
SPECIES_LUVDISC	Round	runs	Black and White TM; Black 2 and White 2 TM; X and Y TM; Omega Ruby and Alpha Sapphire TM; Sun and Moon TM; Ultra Sun and Ultra Moon TM; Legends Z-A TM
SPECIES_LUVDISC	Scald	runs	Black and White TM; Black 2 and White 2 TM; X and Y TM; Omega Ruby and Alpha Sapphire TM; Sun and Moon TM; Ultra Sun and Ultra Moon TM; Brilliant Diamond and Shining Pearl TM; Legends Z-A TM
SPECIES_LUVDISC	Scale Shot	partial: hits two to five times; the Speed rise and Defense drop are missing	Scarlet and Violet TM; Legends Z-A TM
SPECIES_LUVDISC	Snowscape	stub: nothing happens	Scarlet and Violet TM; Legends Z-A TM
SPECIES_LUVDISC	Tera Blast	runs	Scarlet and Violet TM; Legends Z-A TM
SPECIES_METANG	Ally Switch	partial: status move running the plain-hit script: its effect never happens	Ultra Sun and Ultra Moon tutor; Sword and Shield TM
SPECIES_METANG	Bulldoze	runs	Black and White TM; Black 2 and White 2 TM; X and Y TM; Omega Ruby and Alpha Sapphire TM; Sun and Moon TM; Ultra Sun and Ultra Moon TM; Sword and Shield TM; Brilliant Diamond and Shining Pearl TM; Scarlet and Violet TM
SPECIES_METANG	Confide	runs	X and Y TM; Omega Ruby and Alpha Sapphire TM; Sun and Moon TM; Ultra Sun and Ultra Moon TM
SPECIES_METANG	Expanding Force	partial: plain 80 hit; its Psychic Terrain boost waits on terrain	Sword and Shield tutor; Scarlet and Violet TM
SPECIES_METANG	Hard Press	runs	Scarlet and Violet TM
SPECIES_METANG	Heavy Slam	runs	Scarlet and Violet TM
SPECIES_METANG	Meteor Beam	runs	Sword and Shield tutor; Scarlet and Violet TM; Legends Z-A TM
SPECIES_METANG	Power-Up Punch	runs	X and Y TM; Omega Ruby and Alpha Sapphire TM; Legends Z-A TM
SPECIES_METANG	Psychic Noise	runs	Scarlet and Violet TM
SPECIES_METANG	Psyshock	runs	Black and White TM; Black 2 and White 2 TM; X and Y TM; Omega Ruby and Alpha Sapphire TM; Sun and Moon TM; Ultra Sun and Ultra Moon TM; Sword and Shield TM; Scarlet and Violet TM; Legends Z-A TM
SPECIES_METANG	Round	runs	Black and White TM; Black 2 and White 2 TM; X and Y TM; Omega Ruby and Alpha Sapphire TM; Sun and Moon TM; Ultra Sun and Ultra Moon TM; Sword and Shield TM
SPECIES_METANG	Steel Beam	runs	Sword and Shield tutor; Scarlet and Violet TM; Legends Z-A TM
SPECIES_METANG	Steel Roller	stub: plain 130 hit, should fail without terrain	Sword and Shield tutor
SPECIES_METANG	Telekinesis	partial: status move running the plain-hit script: its effect never happens	Black and White TM; Black 2 and White 2 TM; Ultra Sun and Ultra Moon tutor
SPECIES_METANG	Tera Blast	runs	Scarlet and Violet TM
SPECIES_METANG	Trailblaze	runs	Scarlet and Violet TM; Legends Z-A TM
SPECIES_METAGROSS	Ally Switch	partial: status move running the plain-hit script: its effect never happens	Ultra Sun and Ultra Moon tutor; Sword and Shield TM
SPECIES_METAGROSS	Body Press	runs	Sword and Shield TM; Scarlet and Violet TM
SPECIES_METAGROSS	Bulldoze	runs	Black and White TM; Black 2 and White 2 TM; X and Y TM; Omega Ruby and Alpha Sapphire TM; Sun and Moon TM; Ultra Sun and Ultra Moon TM; Sword and Shield TM; Brilliant Diamond and Shining Pearl TM; Scarlet and Violet TM
SPECIES_METAGROSS	Confide	runs	X and Y TM; Omega Ruby and Alpha Sapphire TM; Sun and Moon TM; Ultra Sun and Ultra Moon TM
SPECIES_METAGROSS	Expanding Force	partial: plain 80 hit; its Psychic Terrain boost waits on terrain	Sword and Shield tutor; Scarlet and Violet TM
SPECIES_METAGROSS	Hard Press	runs	Scarlet and Violet TM
SPECIES_METAGROSS	Hone Claws	runs	Black and White TM; Black 2 and White 2 TM; X and Y TM; Omega Ruby and Alpha Sapphire TM; Scarlet and Violet egg
SPECIES_METAGROSS	Laser Focus	runs	Ultra Sun and Ultra Moon tutor
SPECIES_METAGROSS	Meteor Beam	runs	Sword and Shield tutor; Scarlet and Violet TM; Legends Z-A TM
SPECIES_METAGROSS	Power-Up Punch	runs	X and Y TM; Omega Ruby and Alpha Sapphire TM; Legends Z-A TM
SPECIES_METAGROSS	Psychic Fangs	runs	Scarlet and Violet TM; Legends Z-A TM
SPECIES_METAGROSS	Psychic Noise	runs	Scarlet and Violet TM
SPECIES_METAGROSS	Psyshock	runs	Black and White TM; Black 2 and White 2 TM; X and Y TM; Omega Ruby and Alpha Sapphire TM; Sun and Moon TM; Ultra Sun and Ultra Moon TM; Sword and Shield TM; Scarlet and Violet TM; Legends Z-A TM
SPECIES_METAGROSS	Round	runs	Black and White TM; Black 2 and White 2 TM; X and Y TM; Omega Ruby and Alpha Sapphire TM; Sun and Moon TM; Ultra Sun and Ultra Moon TM; Sword and Shield TM
SPECIES_METAGROSS	Steel Beam	runs	Sword and Shield tutor; Scarlet and Violet TM; Legends Z-A TM
SPECIES_METAGROSS	Steel Roller	stub: plain 130 hit, should fail without terrain	Sword and Shield tutor
SPECIES_METAGROSS	StompingTantrum	runs	Ultra Sun and Ultra Moon tutor; Sword and Shield TM; Scarlet and Violet TM
SPECIES_METAGROSS	Telekinesis	partial: status move running the plain-hit script: its effect never happens	Black and White TM; Black 2 and White 2 TM; Ultra Sun and Ultra Moon tutor
SPECIES_METAGROSS	Tera Blast	runs	Scarlet and Violet TM
SPECIES_METAGROSS	Trailblaze	runs	Scarlet and Violet TM; Legends Z-A TM
SPECIES_REGIROCK	Body Press	runs	Sword and Shield TM; Scarlet and Violet TM; Legends Z-A TM
SPECIES_REGIROCK	Confide	runs	X and Y TM; Omega Ruby and Alpha Sapphire TM; Sun and Moon TM; Ultra Sun and Ultra Moon TM
SPECIES_REGIROCK	Hard Press	runs	Scarlet and Violet TM
SPECIES_REGIROCK	Heavy Slam	runs	Sword and Shield TM; Scarlet and Violet TM; Legends Z-A TM
SPECIES_REGIROCK	Meteor Beam	runs	Sword and Shield tutor; Scarlet and Violet TM; Legends Z-A TM
SPECIES_REGIROCK	Power-Up Punch	runs	X and Y TM; Omega Ruby and Alpha Sapphire TM
SPECIES_REGIROCK	Round	runs	Black and White TM; Black 2 and White 2 TM; X and Y TM; Omega Ruby and Alpha Sapphire TM; Sun and Moon TM; Ultra Sun and Ultra Moon TM; Sword and Shield TM; Legends Z-A TM
SPECIES_REGIROCK	Smack Down	runs	Black and White TM; Black 2 and White 2 TM; X and Y TM; Omega Ruby and Alpha Sapphire TM; Sun and Moon TM; Ultra Sun and Ultra Moon TM; Scarlet and Violet TM
SPECIES_REGIROCK	StompingTantrum	runs	Ultra Sun and Ultra Moon tutor; Sword and Shield TM; Scarlet and Violet TM; Legends Z-A TM
SPECIES_REGIROCK	Tera Blast	runs	Scarlet and Violet TM
SPECIES_REGICE	Aurora Veil	runs	Sun and Moon TM; Ultra Sun and Ultra Moon TM
SPECIES_REGICE	Body Press	runs	Scarlet and Violet TM
SPECIES_REGICE	Confide	runs	X and Y TM; Omega Ruby and Alpha Sapphire TM; Sun and Moon TM; Ultra Sun and Ultra Moon TM
SPECIES_REGICE	Frost Breath	runs	Black and White TM; Black 2 and White 2 TM; X and Y TM; Omega Ruby and Alpha Sapphire TM; Sun and Moon TM; Ultra Sun and Ultra Moon TM
SPECIES_REGICE	Heavy Slam	runs	Sword and Shield TM; Scarlet and Violet TM; Legends Z-A TM
SPECIES_REGICE	Ice Spinner	runs	Scarlet and Violet TM
SPECIES_REGICE	Power-Up Punch	runs	X and Y TM; Omega Ruby and Alpha Sapphire TM
SPECIES_REGICE	Round	runs	Black and White TM; Black 2 and White 2 TM; X and Y TM; Omega Ruby and Alpha Sapphire TM; Sun and Moon TM; Ultra Sun and Ultra Moon TM; Sword and Shield TM; Legends Z-A TM
SPECIES_REGICE	Snowscape	stub: nothing happens	Scarlet and Violet TM
SPECIES_REGICE	StompingTantrum	runs	Ultra Sun and Ultra Moon tutor; Sword and Shield TM; Scarlet and Violet TM; Legends Z-A TM
SPECIES_REGICE	Tera Blast	runs	Scarlet and Violet TM
SPECIES_REGISTEEL	Body Press	runs	Sword and Shield TM; Scarlet and Violet TM; Legends Z-A TM
SPECIES_REGISTEEL	Confide	runs	X and Y TM; Omega Ruby and Alpha Sapphire TM; Sun and Moon TM; Ultra Sun and Ultra Moon TM
SPECIES_REGISTEEL	Hard Press	runs	Scarlet and Violet TM
SPECIES_REGISTEEL	Hone Claws	runs	Black and White TM; Black 2 and White 2 TM; X and Y TM; Omega Ruby and Alpha Sapphire TM
SPECIES_REGISTEEL	Ice Spinner	runs	Scarlet and Violet TM
SPECIES_REGISTEEL	Meteor Beam	runs	Sword and Shield tutor; Scarlet and Violet TM; Legends Z-A TM
SPECIES_REGISTEEL	Power-Up Punch	runs	X and Y TM; Omega Ruby and Alpha Sapphire TM
SPECIES_REGISTEEL	Round	runs	Black and White TM; Black 2 and White 2 TM; X and Y TM; Omega Ruby and Alpha Sapphire TM; Sun and Moon TM; Ultra Sun and Ultra Moon TM; Sword and Shield TM; Legends Z-A TM
SPECIES_REGISTEEL	Steel Beam	runs	Sword and Shield tutor; Scarlet and Violet TM; Legends Z-A TM
SPECIES_REGISTEEL	Steel Roller	stub: plain 130 hit, should fail without terrain	Sword and Shield tutor; Legends Z-A TM
SPECIES_REGISTEEL	StompingTantrum	runs	Ultra Sun and Ultra Moon tutor; Sword and Shield TM; Scarlet and Violet TM; Legends Z-A TM
SPECIES_REGISTEEL	Tera Blast	runs	Scarlet and Violet TM
SPECIES_TURTWIG	Confide	runs	X and Y TM; Omega Ruby and Alpha Sapphire TM; Sun and Moon TM; Ultra Sun and Ultra Moon TM
SPECIES_TURTWIG	Grassy Glide	partial: plain 55 hit; its priority in Grassy Terrain waits on terrain	Scarlet and Violet TM; Legends Z-A TM
SPECIES_TURTWIG	Grassy Terrain	stub: nothing happens (terrain held)	X and Y egg; Omega Ruby and Alpha Sapphire egg; Sun and Moon egg; Ultra Sun and Ultra Moon egg; Brilliant Diamond and Shining Pearl egg; Scarlet and Violet TM; Legends Z-A TM
SPECIES_TURTWIG	Grass Pledge	runs	Black and White tutor; Black 2 and White 2 tutor; X and Y tutor; Omega Ruby and Alpha Sapphire tutor; Sun and Moon tutor; Ultra Sun and Ultra Moon tutor; Scarlet and Violet TM; Legends Z-A TM
SPECIES_TURTWIG	Heavy Slam	runs	Ultra Sun and Ultra Moon egg; Brilliant Diamond and Shining Pearl egg; Scarlet and Violet TM; Legends Z-A TM
SPECIES_TURTWIG	Round	runs	Black and White TM; Black 2 and White 2 TM; X and Y TM; Omega Ruby and Alpha Sapphire TM; Sun and Moon TM; Ultra Sun and Ultra Moon TM; Legends Z-A TM
SPECIES_TURTWIG	Shell Smash	runs	Scarlet and Violet egg
SPECIES_TURTWIG	Skitter Smack	runs	Legends Z-A TM
SPECIES_TURTWIG	Smack Down	runs	Scarlet and Violet TM
SPECIES_TURTWIG	Tera Blast	runs	Scarlet and Violet TM
SPECIES_TURTWIG	Trailblaze	runs	Scarlet and Violet TM
SPECIES_TURTWIG	Wide Guard	runs	Black and White egg; Black 2 and White 2 egg; X and Y egg; Omega Ruby and Alpha Sapphire egg; Sun and Moon egg; Ultra Sun and Ultra Moon egg; Brilliant Diamond and Shining Pearl egg; Scarlet and Violet egg
SPECIES_TURTWIG	Work Up	runs	Sun and Moon TM; Ultra Sun and Ultra Moon TM; Brilliant Diamond and Shining Pearl TM; Legends Z-A TM
SPECIES_GROTLE	Confide	runs	X and Y TM; Omega Ruby and Alpha Sapphire TM; Sun and Moon TM; Ultra Sun and Ultra Moon TM
SPECIES_GROTLE	Grassy Glide	partial: plain 55 hit; its priority in Grassy Terrain waits on terrain	Scarlet and Violet TM; Legends Z-A TM
SPECIES_GROTLE	Grassy Terrain	stub: nothing happens (terrain held)	X and Y egg; Omega Ruby and Alpha Sapphire egg; Sun and Moon egg; Ultra Sun and Ultra Moon egg; Brilliant Diamond and Shining Pearl egg; Scarlet and Violet TM; Legends Z-A TM
SPECIES_GROTLE	Grass Pledge	runs	Black and White tutor; Black 2 and White 2 tutor; X and Y tutor; Omega Ruby and Alpha Sapphire tutor; Sun and Moon tutor; Ultra Sun and Ultra Moon tutor; Scarlet and Violet TM; Legends Z-A TM
SPECIES_GROTLE	Heavy Slam	runs	Ultra Sun and Ultra Moon egg; Brilliant Diamond and Shining Pearl egg; Scarlet and Violet TM; Legends Z-A TM
SPECIES_GROTLE	Round	runs	Black and White TM; Black 2 and White 2 TM; X and Y TM; Omega Ruby and Alpha Sapphire TM; Sun and Moon TM; Ultra Sun and Ultra Moon TM; Legends Z-A TM
SPECIES_GROTLE	Shell Smash	runs	Scarlet and Violet egg
SPECIES_GROTLE	Skitter Smack	runs	Legends Z-A TM
SPECIES_GROTLE	Smack Down	runs	Scarlet and Violet TM
SPECIES_GROTLE	Tera Blast	runs	Scarlet and Violet TM
SPECIES_GROTLE	Trailblaze	runs	Scarlet and Violet TM
SPECIES_GROTLE	Wide Guard	runs	Black and White egg; Black 2 and White 2 egg; X and Y egg; Omega Ruby and Alpha Sapphire egg; Sun and Moon egg; Ultra Sun and Ultra Moon egg; Brilliant Diamond and Shining Pearl egg; Scarlet and Violet egg
SPECIES_GROTLE	Work Up	runs	Sun and Moon TM; Ultra Sun and Ultra Moon TM; Brilliant Diamond and Shining Pearl TM; Legends Z-A TM
SPECIES_TORTERRA	Body Press	runs	Scarlet and Violet TM
SPECIES_TORTERRA	Confide	runs	X and Y TM; Omega Ruby and Alpha Sapphire TM; Sun and Moon TM; Ultra Sun and Ultra Moon TM
SPECIES_TORTERRA	Grassy Glide	partial: plain 55 hit; its priority in Grassy Terrain waits on terrain	Scarlet and Violet TM; Legends Z-A TM
SPECIES_TORTERRA	Grassy Terrain	stub: nothing happens (terrain held)	X and Y egg; Omega Ruby and Alpha Sapphire egg; Sun and Moon egg; Ultra Sun and Ultra Moon egg; Brilliant Diamond and Shining Pearl egg; Scarlet and Violet TM; Legends Z-A TM
SPECIES_TORTERRA	Grass Pledge	runs	Black and White tutor; Black 2 and White 2 tutor; X and Y tutor; Omega Ruby and Alpha Sapphire tutor; Sun and Moon tutor; Ultra Sun and Ultra Moon tutor; Scarlet and Violet TM; Legends Z-A TM
SPECIES_TORTERRA	Hard Press	runs	Scarlet and Violet TM
SPECIES_TORTERRA	Heavy Slam	runs	Ultra Sun and Ultra Moon egg; Brilliant Diamond and Shining Pearl egg; Scarlet and Violet TM; Legends Z-A TM
SPECIES_TORTERRA	High Horsepower	runs	Scarlet and Violet TM
SPECIES_TORTERRA	Round	runs	Black and White TM; Black 2 and White 2 TM; X and Y TM; Omega Ruby and Alpha Sapphire TM; Sun and Moon TM; Ultra Sun and Ultra Moon TM; Legends Z-A TM
SPECIES_TORTERRA	Scorching Sands	runs	Scarlet and Violet TM
SPECIES_TORTERRA	Shell Smash	runs	Scarlet and Violet egg
SPECIES_TORTERRA	Skitter Smack	runs	Legends Z-A TM
SPECIES_TORTERRA	Smack Down	runs	Scarlet and Violet TM
SPECIES_TORTERRA	StompingTantrum	runs	Ultra Sun and Ultra Moon tutor; Scarlet and Violet TM; Legends Z-A TM
SPECIES_TORTERRA	Tera Blast	runs	Scarlet and Violet TM
SPECIES_TORTERRA	Trailblaze	runs	Scarlet and Violet TM
SPECIES_TORTERRA	Wide Guard	runs	Black and White egg; Black 2 and White 2 egg; X and Y egg; Omega Ruby and Alpha Sapphire egg; Sun and Moon egg; Ultra Sun and Ultra Moon egg; Brilliant Diamond and Shining Pearl egg; Scarlet and Violet egg
SPECIES_TORTERRA	Work Up	runs	Sun and Moon TM; Ultra Sun and Ultra Moon TM; Brilliant Diamond and Shining Pearl TM; Legends Z-A TM
SPECIES_PIPLUP	Chilling Water	runs	Scarlet and Violet TM
SPECIES_PIPLUP	Confide	runs	X and Y TM; Omega Ruby and Alpha Sapphire TM; Sun and Moon TM; Ultra Sun and Ultra Moon TM
SPECIES_PIPLUP	Disarming Voice	runs	Scarlet and Violet TM
SPECIES_PIPLUP	Echoed Voice	runs	Black and White TM; Black 2 and White 2 TM; X and Y TM; Omega Ruby and Alpha Sapphire TM; Sun and Moon TM; Ultra Sun and Ultra Moon TM
SPECIES_PIPLUP	Flip Turn	runs	Scarlet and Violet TM
SPECIES_PIPLUP	Ice Spinner	runs	Scarlet and Violet TM
SPECIES_PIPLUP	Power Trip	runs	Ultra Sun and Ultra Moon egg; Scarlet and Violet egg
SPECIES_PIPLUP	Quash	stub: nothing happens	Black and White TM; Black 2 and White 2 TM; X and Y TM; Omega Ruby and Alpha Sapphire TM; Sun and Moon TM; Ultra Sun and Ultra Moon TM
SPECIES_PIPLUP	Round	runs	Black and White TM; Black 2 and White 2 TM; X and Y TM; Omega Ruby and Alpha Sapphire TM; Sun and Moon TM; Ultra Sun and Ultra Moon TM; Legends Z-A TM
SPECIES_PIPLUP	Scald	runs	Black and White TM; Black 2 and White 2 TM; X and Y TM; Omega Ruby and Alpha Sapphire TM; Sun and Moon TM; Ultra Sun and Ultra Moon TM; Brilliant Diamond and Shining Pearl TM; Legends Z-A TM
SPECIES_PIPLUP	Snowscape	stub: nothing happens	Scarlet and Violet TM
SPECIES_PIPLUP	Tera Blast	runs	Scarlet and Violet TM
SPECIES_PIPLUP	Triple Axel	runs	Scarlet and Violet TM
SPECIES_PIPLUP	Water Pledge	runs	Black and White tutor; Black 2 and White 2 tutor; X and Y tutor; Omega Ruby and Alpha Sapphire tutor; Sun and Moon tutor; Ultra Sun and Ultra Moon tutor; Scarlet and Violet TM; Legends Z-A TM
SPECIES_PIPLUP	Work Up	runs	Sun and Moon TM; Ultra Sun and Ultra Moon TM; Brilliant Diamond and Shining Pearl TM; Legends Z-A TM
SPECIES_PRINPLUP	Chilling Water	runs	Scarlet and Violet TM
SPECIES_PRINPLUP	Confide	runs	X and Y TM; Omega Ruby and Alpha Sapphire TM; Sun and Moon TM; Ultra Sun and Ultra Moon TM
SPECIES_PRINPLUP	Disarming Voice	runs	Scarlet and Violet TM
SPECIES_PRINPLUP	Echoed Voice	runs	Black and White TM; Black 2 and White 2 TM; X and Y TM; Omega Ruby and Alpha Sapphire TM; Sun and Moon TM; Ultra Sun and Ultra Moon TM
SPECIES_PRINPLUP	Flip Turn	runs	Scarlet and Violet TM
SPECIES_PRINPLUP	Hone Claws	runs	Black and White TM; Black 2 and White 2 TM; X and Y TM; Omega Ruby and Alpha Sapphire TM
SPECIES_PRINPLUP	Ice Spinner	runs	Scarlet and Violet TM
SPECIES_PRINPLUP	Power Trip	runs	Ultra Sun and Ultra Moon egg; Scarlet and Violet egg
SPECIES_PRINPLUP	Quash	stub: nothing happens	Black and White TM; Black 2 and White 2 TM; X and Y TM; Omega Ruby and Alpha Sapphire TM; Sun and Moon TM; Ultra Sun and Ultra Moon TM
SPECIES_PRINPLUP	Round	runs	Black and White TM; Black 2 and White 2 TM; X and Y TM; Omega Ruby and Alpha Sapphire TM; Sun and Moon TM; Ultra Sun and Ultra Moon TM; Legends Z-A TM
SPECIES_PRINPLUP	Scald	runs	Black and White TM; Black 2 and White 2 TM; X and Y TM; Omega Ruby and Alpha Sapphire TM; Sun and Moon TM; Ultra Sun and Ultra Moon TM; Brilliant Diamond and Shining Pearl TM; Legends Z-A TM
SPECIES_PRINPLUP	Snowscape	stub: nothing happens	Scarlet and Violet TM
SPECIES_PRINPLUP	Tera Blast	runs	Scarlet and Violet TM
SPECIES_PRINPLUP	Triple Axel	runs	Scarlet and Violet TM
SPECIES_PRINPLUP	Water Pledge	runs	Black and White tutor; Black 2 and White 2 tutor; X and Y tutor; Omega Ruby and Alpha Sapphire tutor; Sun and Moon tutor; Ultra Sun and Ultra Moon tutor; Scarlet and Violet TM; Legends Z-A TM
SPECIES_PRINPLUP	Work Up	runs	Sun and Moon TM; Ultra Sun and Ultra Moon TM; Brilliant Diamond and Shining Pearl TM; Legends Z-A TM
SPECIES_EMPOLEON	Bulldoze	runs	Black and White TM; Black 2 and White 2 TM; X and Y TM; Omega Ruby and Alpha Sapphire TM; Sun and Moon TM; Ultra Sun and Ultra Moon TM; Brilliant Diamond and Shining Pearl TM; Scarlet and Violet TM; Legends Z-A TM
SPECIES_EMPOLEON	Chilling Water	runs	Scarlet and Violet TM
SPECIES_EMPOLEON	Confide	runs	X and Y TM; Omega Ruby and Alpha Sapphire TM; Sun and Moon TM; Ultra Sun and Ultra Moon TM
SPECIES_EMPOLEON	Disarming Voice	runs	Scarlet and Violet TM
SPECIES_EMPOLEON	Dual Wingbeat	runs	Scarlet and Violet TM
SPECIES_EMPOLEON	Echoed Voice	runs	Black and White TM; Black 2 and White 2 TM; X and Y TM; Omega Ruby and Alpha Sapphire TM; Sun and Moon TM; Ultra Sun and Ultra Moon TM
SPECIES_EMPOLEON	Flip Turn	runs	Scarlet and Violet TM
SPECIES_EMPOLEON	Hone Claws	runs	Black and White TM; Black 2 and White 2 TM; X and Y TM; Omega Ruby and Alpha Sapphire TM
SPECIES_EMPOLEON	Ice Spinner	runs	Scarlet and Violet TM
SPECIES_EMPOLEON	Laser Focus	runs	Ultra Sun and Ultra Moon tutor
SPECIES_EMPOLEON	Lash Out	runs	Scarlet and Violet TM
SPECIES_EMPOLEON	Power Trip	runs	Ultra Sun and Ultra Moon egg; Scarlet and Violet egg
SPECIES_EMPOLEON	Quash	stub: nothing happens	Black and White TM; Black 2 and White 2 TM; X and Y TM; Omega Ruby and Alpha Sapphire TM; Sun and Moon TM; Ultra Sun and Ultra Moon TM
SPECIES_EMPOLEON	Round	runs	Black and White TM; Black 2 and White 2 TM; X and Y TM; Omega Ruby and Alpha Sapphire TM; Sun and Moon TM; Ultra Sun and Ultra Moon TM; Legends Z-A TM
SPECIES_EMPOLEON	Scald	runs	Black and White TM; Black 2 and White 2 TM; X and Y TM; Omega Ruby and Alpha Sapphire TM; Sun and Moon TM; Ultra Sun and Ultra Moon TM; Brilliant Diamond and Shining Pearl TM; Legends Z-A TM
SPECIES_EMPOLEON	Snowscape	stub: nothing happens	Scarlet and Violet TM
SPECIES_EMPOLEON	Steel Beam	runs	Scarlet and Violet TM
SPECIES_EMPOLEON	Tera Blast	runs	Scarlet and Violet TM
SPECIES_EMPOLEON	Throat Chop	stub: plain hit	Ultra Sun and Ultra Moon tutor; Scarlet and Violet TM; Legends Z-A TM
SPECIES_EMPOLEON	Triple Axel	runs	Scarlet and Violet TM
SPECIES_EMPOLEON	Water Pledge	runs	Black and White tutor; Black 2 and White 2 tutor; X and Y tutor; Omega Ruby and Alpha Sapphire tutor; Sun and Moon tutor; Ultra Sun and Ultra Moon tutor; Scarlet and Violet TM; Legends Z-A TM
SPECIES_EMPOLEON	Work Up	runs	Sun and Moon TM; Ultra Sun and Ultra Moon TM; Brilliant Diamond and Shining Pearl TM; Legends Z-A TM
SPECIES_STARLY	Acrobatics	runs	Scarlet and Violet TM
SPECIES_STARLY	Confide	runs	X and Y TM; Omega Ruby and Alpha Sapphire TM; Sun and Moon TM; Ultra Sun and Ultra Moon TM
SPECIES_STARLY	Dual Wingbeat	runs	Scarlet and Violet TM; Legends Z-A TM
SPECIES_STARLY	Echoed Voice	runs	Black and White TM; Black 2 and White 2 TM; X and Y TM; Omega Ruby and Alpha Sapphire TM; Sun and Moon TM; Ultra Sun and Ultra Moon TM
SPECIES_STARLY	Hurricane	runs	Scarlet and Violet TM; Legends Z-A TM
SPECIES_STARLY	Round	runs	Black and White TM; Black 2 and White 2 TM; X and Y TM; Omega Ruby and Alpha Sapphire TM; Sun and Moon TM; Ultra Sun and Ultra Moon TM
SPECIES_STARLY	Tera Blast	runs	Scarlet and Violet TM
SPECIES_STARLY	Work Up	runs	Black and White TM; Black 2 and White 2 TM; Sun and Moon TM; Ultra Sun and Ultra Moon TM; Brilliant Diamond and Shining Pearl TM; Legends Z-A TM
SPECIES_STARAVIA	Acrobatics	runs	Scarlet and Violet TM
SPECIES_STARAVIA	Confide	runs	X and Y TM; Omega Ruby and Alpha Sapphire TM; Sun and Moon TM; Ultra Sun and Ultra Moon TM
SPECIES_STARAVIA	Dual Wingbeat	runs	Scarlet and Violet TM; Legends Z-A TM
SPECIES_STARAVIA	Echoed Voice	runs	Black and White TM; Black 2 and White 2 TM; X and Y TM; Omega Ruby and Alpha Sapphire TM; Sun and Moon TM; Ultra Sun and Ultra Moon TM
SPECIES_STARAVIA	Hurricane	runs	Scarlet and Violet TM; Legends Z-A TM
SPECIES_STARAVIA	Retaliate	runs	Black and White TM; Black 2 and White 2 TM; X and Y TM; Omega Ruby and Alpha Sapphire TM
SPECIES_STARAVIA	Round	runs	Black and White TM; Black 2 and White 2 TM; X and Y TM; Omega Ruby and Alpha Sapphire TM; Sun and Moon TM; Ultra Sun and Ultra Moon TM
SPECIES_STARAVIA	Tera Blast	runs	Scarlet and Violet TM
SPECIES_STARAVIA	Work Up	runs	Black and White TM; Black 2 and White 2 TM; Sun and Moon TM; Ultra Sun and Ultra Moon TM; Brilliant Diamond and Shining Pearl TM; Legends Z-A TM
SPECIES_STARAPTOR	Acrobatics	runs	Scarlet and Violet TM
SPECIES_STARAPTOR	Confide	runs	X and Y TM; Omega Ruby and Alpha Sapphire TM; Sun and Moon TM; Ultra Sun and Ultra Moon TM
SPECIES_STARAPTOR	Dual Wingbeat	runs	Scarlet and Violet TM; Legends Z-A TM
SPECIES_STARAPTOR	Echoed Voice	runs	Black and White TM; Black 2 and White 2 TM; X and Y TM; Omega Ruby and Alpha Sapphire TM; Sun and Moon TM; Ultra Sun and Ultra Moon TM
SPECIES_STARAPTOR	Hurricane	runs	Scarlet and Violet TM; Legends Z-A TM
SPECIES_STARAPTOR	Laser Focus	runs	Ultra Sun and Ultra Moon tutor
SPECIES_STARAPTOR	Low Sweep	runs	Legends Z-A TM
SPECIES_STARAPTOR	Retaliate	runs	Black and White TM; Black 2 and White 2 TM; X and Y TM; Omega Ruby and Alpha Sapphire TM
SPECIES_STARAPTOR	Round	runs	Black and White TM; Black 2 and White 2 TM; X and Y TM; Omega Ruby and Alpha Sapphire TM; Sun and Moon TM; Ultra Sun and Ultra Moon TM
SPECIES_STARAPTOR	Struggle Bug	runs	Scarlet and Violet TM
SPECIES_STARAPTOR	Tera Blast	runs	Scarlet and Violet TM
SPECIES_STARAPTOR	Work Up	runs	Black and White TM; Black 2 and White 2 TM; Sun and Moon TM; Ultra Sun and Ultra Moon TM; Brilliant Diamond and Shining Pearl TM; Legends Z-A TM
SPECIES_BIDOOF	Confide	runs	X and Y TM; Omega Ruby and Alpha Sapphire TM; Sun and Moon TM; Ultra Sun and Ultra Moon TM
SPECIES_BIDOOF	Echoed Voice	runs	Black and White TM; Black 2 and White 2 TM; X and Y TM; Omega Ruby and Alpha Sapphire TM; Sun and Moon TM; Ultra Sun and Ultra Moon TM
SPECIES_BIDOOF	Retaliate	runs	Black and White TM; Black 2 and White 2 TM; X and Y TM; Omega Ruby and Alpha Sapphire TM; Legends Z-A TM
SPECIES_BIDOOF	Round	runs	Black and White TM; Black 2 and White 2 TM; X and Y TM; Omega Ruby and Alpha Sapphire TM; Sun and Moon TM; Ultra Sun and Ultra Moon TM; Legends Z-A TM
SPECIES_BIDOOF	Work Up	runs	Black and White TM; Black 2 and White 2 TM; Sun and Moon TM; Ultra Sun and Ultra Moon TM; Brilliant Diamond and Shining Pearl TM; Legends Z-A TM
SPECIES_BIBAREL	Bulldoze	runs	Black and White TM; Black 2 and White 2 TM; X and Y TM; Omega Ruby and Alpha Sapphire TM; Sun and Moon TM; Ultra Sun and Ultra Moon TM; Brilliant Diamond and Shining Pearl TM; Legends Z-A TM
SPECIES_BIBAREL	Confide	runs	X and Y TM; Omega Ruby and Alpha Sapphire TM; Sun and Moon TM; Ultra Sun and Ultra Moon TM
SPECIES_BIBAREL	Echoed Voice	runs	Black and White TM; Black 2 and White 2 TM; X and Y TM; Omega Ruby and Alpha Sapphire TM; Sun and Moon TM; Ultra Sun and Ultra Moon TM
SPECIES_BIBAREL	Liquidation	runs	Ultra Sun and Ultra Moon tutor; Legends Z-A TM
SPECIES_BIBAREL	Retaliate	runs	Black and White TM; Black 2 and White 2 TM; X and Y TM; Omega Ruby and Alpha Sapphire TM; Legends Z-A TM
SPECIES_BIBAREL	Round	runs	Black and White TM; Black 2 and White 2 TM; X and Y TM; Omega Ruby and Alpha Sapphire TM; Sun and Moon TM; Ultra Sun and Ultra Moon TM; Legends Z-A TM
SPECIES_BIBAREL	Scald	runs	Black and White TM; Black 2 and White 2 TM; X and Y TM; Omega Ruby and Alpha Sapphire TM; Sun and Moon TM; Ultra Sun and Ultra Moon TM; Brilliant Diamond and Shining Pearl TM; Legends Z-A TM
SPECIES_BIBAREL	StompingTantrum	runs	Ultra Sun and Ultra Moon tutor; Legends Z-A TM
SPECIES_BIBAREL	Work Up	runs	Black and White TM; Black 2 and White 2 TM; Sun and Moon TM; Ultra Sun and Ultra Moon TM; Brilliant Diamond and Shining Pearl TM; Legends Z-A TM
SPECIES_KRICKETOT	Lunge	runs	Scarlet and Violet TM
SPECIES_KRICKETOT	Skitter Smack	runs	Scarlet and Violet TM
SPECIES_KRICKETOT	Tera Blast	runs	Scarlet and Violet TM; Legends Z-A TM
SPECIES_KRICKETUNE	Confide	runs	X and Y TM; Omega Ruby and Alpha Sapphire TM; Sun and Moon TM; Ultra Sun and Ultra Moon TM
SPECIES_KRICKETUNE	Echoed Voice	runs	Black and White TM; Black 2 and White 2 TM; X and Y TM; Omega Ruby and Alpha Sapphire TM; Sun and Moon TM; Ultra Sun and Ultra Moon TM
SPECIES_KRICKETUNE	Hone Claws	runs	Black and White TM; Black 2 and White 2 TM; X and Y TM; Omega Ruby and Alpha Sapphire TM
SPECIES_KRICKETUNE	Infestation	runs	X and Y TM; Omega Ruby and Alpha Sapphire TM; Sun and Moon TM; Ultra Sun and Ultra Moon TM
SPECIES_KRICKETUNE	Laser Focus	runs	Ultra Sun and Ultra Moon tutor
SPECIES_KRICKETUNE	Lunge	runs	Scarlet and Violet TM
SPECIES_KRICKETUNE	Pounce	runs	Scarlet and Violet TM; Legends Z-A TM
SPECIES_KRICKETUNE	Power-Up Punch	runs	X and Y TM; Omega Ruby and Alpha Sapphire TM
SPECIES_KRICKETUNE	Round	runs	Black and White TM; Black 2 and White 2 TM; X and Y TM; Omega Ruby and Alpha Sapphire TM; Sun and Moon TM; Ultra Sun and Ultra Moon TM
SPECIES_KRICKETUNE	Skitter Smack	runs	Scarlet and Violet TM
SPECIES_KRICKETUNE	Tera Blast	runs	Scarlet and Violet TM; Legends Z-A TM
SPECIES_KRICKETUNE	Throat Chop	stub: plain hit	Ultra Sun and Ultra Moon tutor; Scarlet and Violet TM
SPECIES_KRICKETUNE	Trailblaze	runs	Scarlet and Violet TM; Legends Z-A TM
SPECIES_SHINX	Confide	runs	X and Y TM; Omega Ruby and Alpha Sapphire TM; Sun and Moon TM; Ultra Sun and Ultra Moon TM
SPECIES_SHINX	Eerie Impulse	runs	X and Y egg; Omega Ruby and Alpha Sapphire egg; Sun and Moon egg; Ultra Sun and Ultra Moon egg; Sword and Shield TM; Brilliant Diamond and Shining Pearl egg; Scarlet and Violet TM; Legends Z-A TM
SPECIES_SHINX	ElectricTerrain	stub: nothing happens (terrain held)	Scarlet and Violet TM; Legends Z-A TM
SPECIES_SHINX	Electroweb	runs	Scarlet and Violet TM
SPECIES_SHINX	Electro Ball	runs	Sword and Shield TM; Scarlet and Violet TM; Legends Z-A TM
SPECIES_SHINX	Play Rough	runs	Sword and Shield TM; Scarlet and Violet TM; Legends Z-A TM
SPECIES_SHINX	Psychic Fangs	runs	Sword and Shield TM; Scarlet and Violet TM; Legends Z-A TM
SPECIES_SHINX	Rising Voltage	runs	Sword and Shield tutor
SPECIES_SHINX	Round	runs	Black and White TM; Black 2 and White 2 TM; X and Y TM; Omega Ruby and Alpha Sapphire TM; Sun and Moon TM; Ultra Sun and Ultra Moon TM; Sword and Shield TM
SPECIES_SHINX	Snarl	runs	Black and White TM; Black 2 and White 2 TM; X and Y TM; Omega Ruby and Alpha Sapphire TM; Sun and Moon TM; Ultra Sun and Ultra Moon TM; Sword and Shield TM; Brilliant Diamond and Shining Pearl TM; Scarlet and Violet TM; Legends Z-A TM
SPECIES_SHINX	Tera Blast	runs	Scarlet and Violet TM; Legends Z-A TM
SPECIES_SHINX	Trailblaze	runs	Scarlet and Violet TM; Legends Z-A TM
SPECIES_LUXIO	Baby-Doll Eyes	runs	Sword and Shield egg; Brilliant Diamond and Shining Pearl egg; Scarlet and Violet egg
SPECIES_LUXIO	Confide	runs	X and Y TM; Omega Ruby and Alpha Sapphire TM; Sun and Moon TM; Ultra Sun and Ultra Moon TM
SPECIES_LUXIO	Eerie Impulse	runs	X and Y egg; Omega Ruby and Alpha Sapphire egg; Sun and Moon egg; Ultra Sun and Ultra Moon egg; Sword and Shield TM; Brilliant Diamond and Shining Pearl egg; Scarlet and Violet TM; Legends Z-A TM
SPECIES_LUXIO	ElectricTerrain	stub: nothing happens (terrain held)	Scarlet and Violet TM; Legends Z-A TM
SPECIES_LUXIO	Electroweb	runs	Scarlet and Violet TM
SPECIES_LUXIO	Electro Ball	runs	Sword and Shield TM; Scarlet and Violet TM; Legends Z-A TM
SPECIES_LUXIO	Play Rough	runs	Sword and Shield TM; Scarlet and Violet TM; Legends Z-A TM
SPECIES_LUXIO	Psychic Fangs	runs	Sword and Shield TM; Scarlet and Violet TM; Legends Z-A TM
SPECIES_LUXIO	Rising Voltage	runs	Sword and Shield tutor
SPECIES_LUXIO	Round	runs	Black and White TM; Black 2 and White 2 TM; X and Y TM; Omega Ruby and Alpha Sapphire TM; Sun and Moon TM; Ultra Sun and Ultra Moon TM; Sword and Shield TM
SPECIES_LUXIO	Snarl	runs	Black and White TM; Black 2 and White 2 TM; X and Y TM; Omega Ruby and Alpha Sapphire TM; Sun and Moon TM; Ultra Sun and Ultra Moon TM; Sword and Shield TM; Brilliant Diamond and Shining Pearl TM; Scarlet and Violet TM; Legends Z-A TM
SPECIES_LUXIO	Tera Blast	runs	Scarlet and Violet TM; Legends Z-A TM
SPECIES_LUXIO	Trailblaze	runs	Scarlet and Violet TM; Legends Z-A TM
SPECIES_LUXRAY	Baby-Doll Eyes	runs	Sword and Shield egg; Brilliant Diamond and Shining Pearl egg; Scarlet and Violet egg
SPECIES_LUXRAY	Confide	runs	X and Y TM; Omega Ruby and Alpha Sapphire TM; Sun and Moon TM; Ultra Sun and Ultra Moon TM
SPECIES_LUXRAY	Eerie Impulse	runs	X and Y egg; Omega Ruby and Alpha Sapphire egg; Sun and Moon egg; Ultra Sun and Ultra Moon egg; Sword and Shield TM; Brilliant Diamond and Shining Pearl egg; Scarlet and Violet TM; Legends Z-A TM
SPECIES_LUXRAY	Electroweb	runs	Scarlet and Violet TM
SPECIES_LUXRAY	Electro Ball	runs	Sword and Shield TM; Scarlet and Violet TM; Legends Z-A TM
SPECIES_LUXRAY	Laser Focus	runs	Ultra Sun and Ultra Moon tutor
SPECIES_LUXRAY	Play Rough	runs	Sword and Shield TM; Scarlet and Violet TM; Legends Z-A TM
SPECIES_LUXRAY	Psychic Fangs	runs	Sword and Shield TM; Scarlet and Violet TM; Legends Z-A TM
SPECIES_LUXRAY	Rising Voltage	runs	Sword and Shield tutor
SPECIES_LUXRAY	Round	runs	Black and White TM; Black 2 and White 2 TM; X and Y TM; Omega Ruby and Alpha Sapphire TM; Sun and Moon TM; Ultra Sun and Ultra Moon TM; Sword and Shield TM
SPECIES_LUXRAY	Snarl	runs	Black and White TM; Black 2 and White 2 TM; X and Y TM; Omega Ruby and Alpha Sapphire TM; Sun and Moon TM; Ultra Sun and Ultra Moon TM; Sword and Shield TM; Brilliant Diamond and Shining Pearl TM; Scarlet and Violet TM; Legends Z-A TM
SPECIES_LUXRAY	Supercell Slam	runs	Scarlet and Violet TM
SPECIES_LUXRAY	Tera Blast	runs	Scarlet and Violet TM; Legends Z-A TM
SPECIES_LUXRAY	Throat Chop	stub: plain hit	Ultra Sun and Ultra Moon tutor; Sword and Shield TM; Scarlet and Violet TM
SPECIES_LUXRAY	Trailblaze	runs	Scarlet and Violet TM; Legends Z-A TM
SPECIES_BUDEW	Confide	runs	X and Y TM; Omega Ruby and Alpha Sapphire TM; Sun and Moon TM; Ultra Sun and Ultra Moon TM
SPECIES_BUDEW	Dazzling Gleam	runs	X and Y TM; Omega Ruby and Alpha Sapphire TM; Sun and Moon TM; Ultra Sun and Ultra Moon TM; Sword and Shield TM; Brilliant Diamond and Shining Pearl TM; Legends Z-A TM
SPECIES_BUDEW	Grassy Glide	partial: plain 55 hit; its priority in Grassy Terrain waits on terrain	Sword and Shield tutor
SPECIES_BUDEW	Life Dew	runs	Sword and Shield egg; Brilliant Diamond and Shining Pearl egg
SPECIES_BUDEW	Round	runs	Black and White TM; Black 2 and White 2 TM; X and Y TM; Omega Ruby and Alpha Sapphire TM; Sun and Moon TM; Ultra Sun and Ultra Moon TM; Sword and Shield TM
SPECIES_ROSERADE	Confide	runs	X and Y TM; Omega Ruby and Alpha Sapphire TM; Sun and Moon TM; Ultra Sun and Ultra Moon TM
SPECIES_ROSERADE	Dazzling Gleam	runs	X and Y TM; Omega Ruby and Alpha Sapphire TM; Sun and Moon TM; Ultra Sun and Ultra Moon TM; Sword and Shield TM; Brilliant Diamond and Shining Pearl TM; Legends Z-A TM
SPECIES_ROSERADE	Grassy Glide	partial: plain 55 hit; its priority in Grassy Terrain waits on terrain	Sword and Shield tutor
SPECIES_ROSERADE	Laser Focus	runs	Ultra Sun and Ultra Moon tutor
SPECIES_ROSERADE	Life Dew	runs	Sword and Shield egg; Brilliant Diamond and Shining Pearl egg
SPECIES_ROSERADE	Round	runs	Black and White TM; Black 2 and White 2 TM; X and Y TM; Omega Ruby and Alpha Sapphire TM; Sun and Moon TM; Ultra Sun and Ultra Moon TM; Sword and Shield TM
SPECIES_CRANIDOS	Bulldoze	runs	Black and White TM; Black 2 and White 2 TM; X and Y TM; Omega Ruby and Alpha Sapphire TM; Sun and Moon TM; Ultra Sun and Ultra Moon TM; Brilliant Diamond and Shining Pearl TM; Scarlet and Violet TM; Legends Z-A TM
SPECIES_CRANIDOS	Confide	runs	X and Y TM; Omega Ruby and Alpha Sapphire TM; Sun and Moon TM; Ultra Sun and Ultra Moon TM
SPECIES_CRANIDOS	Dragon Cheer	partial: status move running the plain-hit script: its effect never happens	Scarlet and Violet TM
SPECIES_CRANIDOS	Incinerate	runs	Black and White TM; Black 2 and White 2 TM; X and Y TM; Omega Ruby and Alpha Sapphire TM
SPECIES_CRANIDOS	Meteor Beam	runs	Legends Z-A TM
SPECIES_CRANIDOS	Power-Up Punch	runs	X and Y TM; Omega Ruby and Alpha Sapphire TM
SPECIES_CRANIDOS	Round	runs	Black and White TM; Black 2 and White 2 TM; X and Y TM; Omega Ruby and Alpha Sapphire TM; Sun and Moon TM; Ultra Sun and Ultra Moon TM; Legends Z-A TM
SPECIES_CRANIDOS	Smack Down	runs	Black and White TM; Black 2 and White 2 TM; X and Y TM; Omega Ruby and Alpha Sapphire TM; Sun and Moon TM; Ultra Sun and Ultra Moon TM; Scarlet and Violet TM
SPECIES_CRANIDOS	StompingTantrum	runs	Scarlet and Violet TM
SPECIES_CRANIDOS	Tera Blast	runs	Scarlet and Violet TM
SPECIES_CRANIDOS	Trailblaze	runs	Scarlet and Violet TM
SPECIES_RAMPARDOS	Body Press	runs	Scarlet and Violet TM
SPECIES_RAMPARDOS	Breaking Swipe	runs	Scarlet and Violet TM
SPECIES_RAMPARDOS	Bulldoze	runs	Black and White TM; Black 2 and White 2 TM; X and Y TM; Omega Ruby and Alpha Sapphire TM; Sun and Moon TM; Ultra Sun and Ultra Moon TM; Brilliant Diamond and Shining Pearl TM; Scarlet and Violet TM; Legends Z-A TM
SPECIES_RAMPARDOS	Confide	runs	X and Y TM; Omega Ruby and Alpha Sapphire TM; Sun and Moon TM; Ultra Sun and Ultra Moon TM
SPECIES_RAMPARDOS	Dragon Cheer	partial: status move running the plain-hit script: its effect never happens	Scarlet and Violet TM
SPECIES_RAMPARDOS	Dragon Tail	runs	Black and White TM; Black 2 and White 2 TM; X and Y TM; Omega Ruby and Alpha Sapphire TM; Sun and Moon TM; Ultra Sun and Ultra Moon TM; Scarlet and Violet TM
SPECIES_RAMPARDOS	Heavy Slam	runs	Scarlet and Violet TM
SPECIES_RAMPARDOS	Incinerate	runs	Black and White TM; Black 2 and White 2 TM; X and Y TM; Omega Ruby and Alpha Sapphire TM
SPECIES_RAMPARDOS	Laser Focus	runs	Ultra Sun and Ultra Moon tutor
SPECIES_RAMPARDOS	Meteor Beam	runs	Legends Z-A TM
SPECIES_RAMPARDOS	Power-Up Punch	runs	X and Y TM; Omega Ruby and Alpha Sapphire TM
SPECIES_RAMPARDOS	Round	runs	Black and White TM; Black 2 and White 2 TM; X and Y TM; Omega Ruby and Alpha Sapphire TM; Sun and Moon TM; Ultra Sun and Ultra Moon TM; Legends Z-A TM
SPECIES_RAMPARDOS	Smack Down	runs	Black and White TM; Black 2 and White 2 TM; X and Y TM; Omega Ruby and Alpha Sapphire TM; Sun and Moon TM; Ultra Sun and Ultra Moon TM; Scarlet and Violet TM
SPECIES_RAMPARDOS	StompingTantrum	runs	Ultra Sun and Ultra Moon tutor; Scarlet and Violet TM; Legends Z-A TM
SPECIES_RAMPARDOS	Supercell Slam	runs	Scarlet and Violet TM
SPECIES_RAMPARDOS	Tera Blast	runs	Scarlet and Violet TM
SPECIES_RAMPARDOS	Trailblaze	runs	Scarlet and Violet TM
SPECIES_SHIELDON	Bulldoze	runs	Black and White TM; Black 2 and White 2 TM; X and Y TM; Omega Ruby and Alpha Sapphire TM; Sun and Moon TM; Ultra Sun and Ultra Moon TM; Brilliant Diamond and Shining Pearl TM; Scarlet and Violet TM; Legends Z-A TM
SPECIES_SHIELDON	Confide	runs	X and Y TM; Omega Ruby and Alpha Sapphire TM; Sun and Moon TM; Ultra Sun and Ultra Moon TM
SPECIES_SHIELDON	Guard Split	runs	X and Y egg; Omega Ruby and Alpha Sapphire egg; Sun and Moon egg; Ultra Sun and Ultra Moon egg; Brilliant Diamond and Shining Pearl egg; Scarlet and Violet egg
SPECIES_SHIELDON	Hard Press	runs	Scarlet and Violet TM
SPECIES_SHIELDON	Incinerate	runs	Black and White TM; Black 2 and White 2 TM; X and Y TM; Omega Ruby and Alpha Sapphire TM
SPECIES_SHIELDON	Meteor Beam	runs	Legends Z-A TM
SPECIES_SHIELDON	Round	runs	Black and White TM; Black 2 and White 2 TM; X and Y TM; Omega Ruby and Alpha Sapphire TM; Sun and Moon TM; Ultra Sun and Ultra Moon TM; Legends Z-A TM
SPECIES_SHIELDON	Scorching Sands	runs	Scarlet and Violet TM
SPECIES_SHIELDON	Smack Down	runs	Black and White TM; Black 2 and White 2 TM; X and Y TM; Omega Ruby and Alpha Sapphire TM; Sun and Moon TM; Ultra Sun and Ultra Moon TM; Scarlet and Violet TM
SPECIES_SHIELDON	Steel Beam	runs	Scarlet and Violet TM
SPECIES_SHIELDON	Steel Roller	stub: plain 130 hit, should fail without terrain	Legends Z-A TM
SPECIES_SHIELDON	StompingTantrum	runs	Scarlet and Violet TM
SPECIES_SHIELDON	Tera Blast	runs	Scarlet and Violet TM
SPECIES_SHIELDON	Trailblaze	runs	Scarlet and Violet TM
SPECIES_SHIELDON	Wide Guard	runs	Black and White egg; Black 2 and White 2 egg; X and Y egg; Omega Ruby and Alpha Sapphire egg; Sun and Moon egg; Ultra Sun and Ultra Moon egg; Brilliant Diamond and Shining Pearl egg
SPECIES_BASTIODON	Body Press	runs	Scarlet and Violet TM
SPECIES_BASTIODON	Bulldoze	runs	Black and White TM; Black 2 and White 2 TM; X and Y TM; Omega Ruby and Alpha Sapphire TM; Sun and Moon TM; Ultra Sun and Ultra Moon TM; Brilliant Diamond and Shining Pearl TM; Scarlet and Violet TM; Legends Z-A TM
SPECIES_BASTIODON	Confide	runs	X and Y TM; Omega Ruby and Alpha Sapphire TM; Sun and Moon TM; Ultra Sun and Ultra Moon TM
SPECIES_BASTIODON	Foul Play	runs	Scarlet and Violet TM
SPECIES_BASTIODON	Guard Split	runs	X and Y egg; Omega Ruby and Alpha Sapphire egg; Sun and Moon egg; Ultra Sun and Ultra Moon egg; Brilliant Diamond and Shining Pearl egg; Scarlet and Violet egg
SPECIES_BASTIODON	Hard Press	runs	Scarlet and Violet TM
SPECIES_BASTIODON	Incinerate	runs	Black and White TM; Black 2 and White 2 TM; X and Y TM; Omega Ruby and Alpha Sapphire TM
SPECIES_BASTIODON	Meteor Beam	runs	Scarlet and Violet TM; Legends Z-A TM
SPECIES_BASTIODON	Round	runs	Black and White TM; Black 2 and White 2 TM; X and Y TM; Omega Ruby and Alpha Sapphire TM; Sun and Moon TM; Ultra Sun and Ultra Moon TM; Legends Z-A TM
SPECIES_BASTIODON	Scorching Sands	runs	Scarlet and Violet TM
SPECIES_BASTIODON	Smack Down	runs	Black and White TM; Black 2 and White 2 TM; X and Y TM; Omega Ruby and Alpha Sapphire TM; Sun and Moon TM; Ultra Sun and Ultra Moon TM; Scarlet and Violet TM
SPECIES_BASTIODON	Steel Beam	runs	Scarlet and Violet TM
SPECIES_BASTIODON	Steel Roller	stub: plain 130 hit, should fail without terrain	Legends Z-A TM
SPECIES_BASTIODON	StompingTantrum	runs	Ultra Sun and Ultra Moon tutor; Scarlet and Violet TM; Legends Z-A TM
SPECIES_BASTIODON	Tera Blast	runs	Scarlet and Violet TM
SPECIES_BASTIODON	Trailblaze	runs	Scarlet and Violet TM
SPECIES_BASTIODON	Wide Guard	runs	Black and White egg; Black 2 and White 2 egg; X and Y egg; Omega Ruby and Alpha Sapphire egg; Sun and Moon egg; Ultra Sun and Ultra Moon egg; Brilliant Diamond and Shining Pearl egg; Scarlet and Violet egg
SPECIES_BURMY	Electroweb	runs	Black 2 and White 2 tutor; Omega Ruby and Alpha Sapphire tutor; Ultra Sun and Ultra Moon tutor; Legends Z-A TM
SPECIES_WORMADAM	Ally Switch	partial: status move running the plain-hit script: its effect never happens	Ultra Sun and Ultra Moon tutor
SPECIES_WORMADAM	Confide	runs	X and Y TM; Omega Ruby and Alpha Sapphire TM; Sun and Moon TM; Ultra Sun and Ultra Moon TM
SPECIES_WORMADAM	Dual Wingbeat	runs	Legends Z-A TM
SPECIES_WORMADAM	Electroweb	runs	Black 2 and White 2 tutor; Omega Ruby and Alpha Sapphire tutor; Ultra Sun and Ultra Moon tutor; Legends Z-A TM
SPECIES_WORMADAM	Grassy Glide	partial: plain 55 hit; its priority in Grassy Terrain waits on terrain	Legends Z-A TM
SPECIES_WORMADAM	Round	runs	Black and White TM; Black 2 and White 2 TM; X and Y TM; Omega Ruby and Alpha Sapphire TM; Sun and Moon TM; Ultra Sun and Ultra Moon TM; Legends Z-A TM
SPECIES_WORMADAM	Telekinesis	partial: status move running the plain-hit script: its effect never happens	Ultra Sun and Ultra Moon tutor
SPECIES_WORMADAM	Venoshock	runs	Black and White TM; Black 2 and White 2 TM; X and Y TM; Omega Ruby and Alpha Sapphire TM; Sun and Moon TM; Ultra Sun and Ultra Moon TM; Legends Z-A TM
SPECIES_MOTHIM	Acrobatics	runs	Black and White TM; Black 2 and White 2 TM; X and Y TM; Omega Ruby and Alpha Sapphire TM; Sun and Moon TM; Ultra Sun and Ultra Moon TM; Legends Z-A TM
SPECIES_MOTHIM	Confide	runs	X and Y TM; Omega Ruby and Alpha Sapphire TM; Sun and Moon TM; Ultra Sun and Ultra Moon TM
SPECIES_MOTHIM	Dual Wingbeat	runs	Legends Z-A TM
SPECIES_MOTHIM	Electroweb	runs	Black 2 and White 2 tutor; Omega Ruby and Alpha Sapphire tutor; Ultra Sun and Ultra Moon tutor; Legends Z-A TM
SPECIES_MOTHIM	Infestation	runs	X and Y TM; Omega Ruby and Alpha Sapphire TM; Sun and Moon TM; Ultra Sun and Ultra Moon TM
SPECIES_MOTHIM	Round	runs	Black and White TM; Black 2 and White 2 TM; X and Y TM; Omega Ruby and Alpha Sapphire TM; Sun and Moon TM; Ultra Sun and Ultra Moon TM; Legends Z-A TM
SPECIES_MOTHIM	Venoshock	runs	Black and White TM; Black 2 and White 2 TM; X and Y TM; Omega Ruby and Alpha Sapphire TM; Sun and Moon TM; Ultra Sun and Ultra Moon TM; Legends Z-A TM
SPECIES_COMBEE	Dual Wingbeat	runs	Sword and Shield tutor
SPECIES_COMBEE	Lunge	runs	Scarlet and Violet TM
SPECIES_COMBEE	Skitter Smack	runs	Scarlet and Violet TM
SPECIES_COMBEE	Tera Blast	runs	Scarlet and Violet TM; Legends Z-A TM
SPECIES_VESPIQUEN	Acrobatics	runs	Black and White TM; Black 2 and White 2 TM; X and Y TM; Omega Ruby and Alpha Sapphire TM; Sun and Moon TM; Ultra Sun and Ultra Moon TM; Sword and Shield TM; Scarlet and Violet TM; Legends Z-A TM
SPECIES_VESPIQUEN	Confide	runs	X and Y TM; Omega Ruby and Alpha Sapphire TM; Sun and Moon TM; Ultra Sun and Ultra Moon TM
SPECIES_VESPIQUEN	Dual Wingbeat	runs	Sword and Shield tutor; Scarlet and Violet TM
SPECIES_VESPIQUEN	Hex	runs	Sword and Shield TM; Scarlet and Violet TM; Legends Z-A TM
SPECIES_VESPIQUEN	Hone Claws	runs	Black and White TM; Black 2 and White 2 TM; X and Y TM; Omega Ruby and Alpha Sapphire TM
SPECIES_VESPIQUEN	Hurricane	runs	Scarlet and Violet TM; Legends Z-A TM
SPECIES_VESPIQUEN	Infestation	runs	X and Y TM; Omega Ruby and Alpha Sapphire TM; Sun and Moon TM; Ultra Sun and Ultra Moon TM
SPECIES_VESPIQUEN	Laser Focus	runs	Ultra Sun and Ultra Moon tutor
SPECIES_VESPIQUEN	Lunge	runs	Scarlet and Violet TM
SPECIES_VESPIQUEN	Pollen Puff	runs	Scarlet and Violet TM; Legends Z-A TM
SPECIES_VESPIQUEN	Pounce	runs	Scarlet and Violet TM; Legends Z-A TM
SPECIES_VESPIQUEN	Psychic Noise	runs	Scarlet and Violet TM
SPECIES_VESPIQUEN	Quash	stub: nothing happens	Black and White TM; Black 2 and White 2 TM; X and Y TM; Omega Ruby and Alpha Sapphire TM; Sun and Moon TM; Ultra Sun and Ultra Moon TM
SPECIES_VESPIQUEN	Round	runs	Black and White TM; Black 2 and White 2 TM; X and Y TM; Omega Ruby and Alpha Sapphire TM; Sun and Moon TM; Ultra Sun and Ultra Moon TM; Sword and Shield TM
SPECIES_VESPIQUEN	Skitter Smack	runs	Scarlet and Violet TM
SPECIES_VESPIQUEN	Tera Blast	runs	Scarlet and Violet TM; Legends Z-A TM
SPECIES_VESPIQUEN	Venoshock	runs	Black and White TM; Black 2 and White 2 TM; X and Y TM; Omega Ruby and Alpha Sapphire TM; Sun and Moon TM; Ultra Sun and Ultra Moon TM; Sword and Shield TM; Scarlet and Violet TM; Legends Z-A TM
SPECIES_PACHIRISU	Alluring Voice	runs	Scarlet and Violet TM
SPECIES_PACHIRISU	Bestow	partial: status move running the plain-hit script: its effect never happens	Black and White egg; Black 2 and White 2 egg; X and Y egg; Omega Ruby and Alpha Sapphire egg; Sun and Moon egg; Ultra Sun and Ultra Moon egg
SPECIES_PACHIRISU	Confide	runs	X and Y TM; Omega Ruby and Alpha Sapphire TM; Sun and Moon TM; Ultra Sun and Ultra Moon TM
SPECIES_PACHIRISU	Echoed Voice	runs	Black and White TM; Black 2 and White 2 TM; X and Y TM; Omega Ruby and Alpha Sapphire TM; Sun and Moon TM; Ultra Sun and Ultra Moon TM
SPECIES_PACHIRISU	Eerie Impulse	runs	Scarlet and Violet TM; Legends Z-A TM
SPECIES_PACHIRISU	ElectricTerrain	stub: nothing happens (terrain held)	Scarlet and Violet TM; Legends Z-A TM
SPECIES_PACHIRISU	Electroweb	runs	Omega Ruby and Alpha Sapphire tutor; Ultra Sun and Ultra Moon tutor; Scarlet and Violet TM
SPECIES_PACHIRISU	Ion Deluge	stub: nothing happens	X and Y egg; Omega Ruby and Alpha Sapphire egg; Sun and Moon egg; Ultra Sun and Ultra Moon egg
SPECIES_PACHIRISU	Laser Focus	runs	Ultra Sun and Ultra Moon tutor
SPECIES_PACHIRISU	Play Rough	runs	Scarlet and Violet TM; Legends Z-A TM
SPECIES_PACHIRISU	Round	runs	Black and White TM; Black 2 and White 2 TM; X and Y TM; Omega Ruby and Alpha Sapphire TM; Sun and Moon TM; Ultra Sun and Ultra Moon TM
SPECIES_PACHIRISU	Tera Blast	runs	Scarlet and Violet TM; Legends Z-A TM
SPECIES_PACHIRISU	Trailblaze	runs	Scarlet and Violet TM; Legends Z-A TM
SPECIES_PACHIRISU	Volt Switch	runs	Black and White TM; Black 2 and White 2 TM; X and Y TM; Omega Ruby and Alpha Sapphire TM; Sun and Moon TM; Ultra Sun and Ultra Moon TM; Brilliant Diamond and Shining Pearl TM; Scarlet and Violet TM; Legends Z-A TM
SPECIES_PACHIRISU	Wild Charge	runs	Scarlet and Violet TM; Legends Z-A TM
SPECIES_BUIZEL	Chilling Water	runs	Scarlet and Violet TM; Legends Z-A TM
SPECIES_BUIZEL	Confide	runs	X and Y TM; Omega Ruby and Alpha Sapphire TM; Sun and Moon TM; Ultra Sun and Ultra Moon TM
SPECIES_BUIZEL	Echoed Voice	runs	Black and White TM; Black 2 and White 2 TM; X and Y TM; Omega Ruby and Alpha Sapphire TM; Sun and Moon TM; Ultra Sun and Ultra Moon TM
SPECIES_BUIZEL	Flip Turn	runs	Scarlet and Violet TM
SPECIES_BUIZEL	Ice Spinner	runs	Scarlet and Violet TM; Legends Z-A TM
SPECIES_BUIZEL	Low Sweep	runs	Scarlet and Violet TM; Legends Z-A TM
SPECIES_BUIZEL	Power-Up Punch	runs	X and Y TM; Omega Ruby and Alpha Sapphire TM
SPECIES_BUIZEL	Round	runs	Black and White TM; Black 2 and White 2 TM; X and Y TM; Omega Ruby and Alpha Sapphire TM; Sun and Moon TM; Ultra Sun and Ultra Moon TM
SPECIES_BUIZEL	Scald	runs	Black and White TM; Black 2 and White 2 TM; X and Y TM; Omega Ruby and Alpha Sapphire TM; Sun and Moon TM; Ultra Sun and Ultra Moon TM; Brilliant Diamond and Shining Pearl TM
SPECIES_BUIZEL	Tail Slap	runs	Black and White egg; Black 2 and White 2 egg; X and Y egg; Omega Ruby and Alpha Sapphire egg; Sun and Moon egg; Ultra Sun and Ultra Moon egg
SPECIES_BUIZEL	Tera Blast	runs	Scarlet and Violet TM; Legends Z-A TM
SPECIES_FLOATZEL	Chilling Water	runs	Scarlet and Violet TM; Legends Z-A TM
SPECIES_FLOATZEL	Confide	runs	X and Y TM; Omega Ruby and Alpha Sapphire TM; Sun and Moon TM; Ultra Sun and Ultra Moon TM
SPECIES_FLOATZEL	Echoed Voice	runs	Black and White TM; Black 2 and White 2 TM; X and Y TM; Omega Ruby and Alpha Sapphire TM; Sun and Moon TM; Ultra Sun and Ultra Moon TM
SPECIES_FLOATZEL	Flip Turn	runs	Scarlet and Violet TM
SPECIES_FLOATZEL	Ice Spinner	runs	Scarlet and Violet TM; Legends Z-A TM
SPECIES_FLOATZEL	Low Sweep	runs	Scarlet and Violet TM; Legends Z-A TM
SPECIES_FLOATZEL	Power-Up Punch	runs	X and Y TM; Omega Ruby and Alpha Sapphire TM
SPECIES_FLOATZEL	Round	runs	Black and White TM; Black 2 and White 2 TM; X and Y TM; Omega Ruby and Alpha Sapphire TM; Sun and Moon TM; Ultra Sun and Ultra Moon TM
SPECIES_FLOATZEL	Scald	runs	Black and White TM; Black 2 and White 2 TM; X and Y TM; Omega Ruby and Alpha Sapphire TM; Sun and Moon TM; Ultra Sun and Ultra Moon TM; Brilliant Diamond and Shining Pearl TM
SPECIES_FLOATZEL	Snarl	runs	Scarlet and Violet TM; Legends Z-A TM
SPECIES_FLOATZEL	Tail Slap	runs	Black and White egg; Black 2 and White 2 egg; X and Y egg; Omega Ruby and Alpha Sapphire egg; Sun and Moon egg; Ultra Sun and Ultra Moon egg
SPECIES_FLOATZEL	Tera Blast	runs	Scarlet and Violet TM; Legends Z-A TM
SPECIES_CHERUBI	Confide	runs	X and Y TM; Omega Ruby and Alpha Sapphire TM; Sun and Moon TM; Ultra Sun and Ultra Moon TM
SPECIES_CHERUBI	Dazzling Gleam	runs	X and Y TM; Omega Ruby and Alpha Sapphire TM; Sun and Moon TM; Ultra Sun and Ultra Moon TM; Sword and Shield TM; Brilliant Diamond and Shining Pearl TM; Legends Z-A TM
SPECIES_CHERUBI	Flower Shield	partial: status move running the plain-hit script: its effect never happens	X and Y egg; Omega Ruby and Alpha Sapphire egg; Sun and Moon egg; Ultra Sun and Ultra Moon egg; Sword and Shield egg; Brilliant Diamond and Shining Pearl egg; Legends Z-A TM; Legends Z-A egg
SPECIES_CHERUBI	Grassy Glide	partial: plain 55 hit; its priority in Grassy Terrain waits on terrain	Sword and Shield tutor; Legends Z-A TM
SPECIES_CHERUBI	Grassy Terrain	stub: nothing happens (terrain held)	Ultra Sun and Ultra Moon egg; Sword and Shield TM; Brilliant Diamond and Shining Pearl egg; Legends Z-A TM
SPECIES_CHERUBI	Heal Pulse	runs	Black and White egg; Black 2 and White 2 egg; X and Y egg; Omega Ruby and Alpha Sapphire egg; Sun and Moon egg; Ultra Sun and Ultra Moon egg; Sword and Shield egg; Brilliant Diamond and Shining Pearl egg; Legends Z-A TM; Legends Z-A egg
SPECIES_CHERUBI	Pollen Puff	runs	Sword and Shield TM; Legends Z-A TM
SPECIES_CHERUBI	Round	runs	Black and White TM; Black 2 and White 2 TM; X and Y TM; Omega Ruby and Alpha Sapphire TM; Sun and Moon TM; Ultra Sun and Ultra Moon TM; Sword and Shield TM; Legends Z-A TM
SPECIES_CHERRIM	Confide	runs	X and Y TM; Omega Ruby and Alpha Sapphire TM; Sun and Moon TM; Ultra Sun and Ultra Moon TM
SPECIES_CHERRIM	Dazzling Gleam	runs	X and Y TM; Omega Ruby and Alpha Sapphire TM; Sun and Moon TM; Ultra Sun and Ultra Moon TM; Sword and Shield TM; Brilliant Diamond and Shining Pearl TM; Legends Z-A TM
SPECIES_CHERRIM	Grassy Glide	partial: plain 55 hit; its priority in Grassy Terrain waits on terrain	Sword and Shield tutor; Legends Z-A TM
SPECIES_CHERRIM	Grassy Terrain	stub: nothing happens (terrain held)	Ultra Sun and Ultra Moon egg; Sword and Shield TM; Brilliant Diamond and Shining Pearl egg; Legends Z-A TM
SPECIES_CHERRIM	Heal Pulse	runs	Black and White egg; Black 2 and White 2 egg; X and Y egg; Omega Ruby and Alpha Sapphire egg; Sun and Moon egg; Ultra Sun and Ultra Moon egg; Sword and Shield egg; Brilliant Diamond and Shining Pearl egg
SPECIES_CHERRIM	Laser Focus	runs	Ultra Sun and Ultra Moon tutor
SPECIES_CHERRIM	Play Rough	runs	Sword and Shield TM; Legends Z-A TM
SPECIES_CHERRIM	Pollen Puff	runs	Sword and Shield TM; Legends Z-A TM
SPECIES_CHERRIM	Round	runs	Black and White TM; Black 2 and White 2 TM; X and Y TM; Omega Ruby and Alpha Sapphire TM; Sun and Moon TM; Ultra Sun and Ultra Moon TM; Sword and Shield TM; Legends Z-A TM
SPECIES_CHERRIM	Solar Blade	runs	Sword and Shield TM; Legends Z-A TM
SPECIES_SHELLOS	Bulldoze	runs	Scarlet and Violet TM; Legends Z-A TM
SPECIES_SHELLOS	Chilling Water	runs	Scarlet and Violet TM; Legends Z-A TM
SPECIES_SHELLOS	Clear Smog	runs	Black and White egg; Black 2 and White 2 egg; X and Y egg; Omega Ruby and Alpha Sapphire egg; Sun and Moon egg; Ultra Sun and Ultra Moon egg; Sword and Shield egg; Brilliant Diamond and Shining Pearl egg; Scarlet and Violet egg; Legends Z-A TM; Legends Z-A egg
SPECIES_SHELLOS	Confide	runs	X and Y TM; Omega Ruby and Alpha Sapphire TM; Sun and Moon TM; Ultra Sun and Ultra Moon TM
SPECIES_SHELLOS	Infestation	runs	X and Y TM; Omega Ruby and Alpha Sapphire TM; Sun and Moon TM; Ultra Sun and Ultra Moon TM
SPECIES_SHELLOS	Liquidation	runs	Scarlet and Violet TM; Legends Z-A TM
SPECIES_SHELLOS	Round	runs	Black and White TM; Black 2 and White 2 TM; X and Y TM; Omega Ruby and Alpha Sapphire TM; Sun and Moon TM; Ultra Sun and Ultra Moon TM; Sword and Shield TM
SPECIES_SHELLOS	Scald	runs	Black and White TM; Black 2 and White 2 TM; X and Y TM; Omega Ruby and Alpha Sapphire TM; Sun and Moon TM; Ultra Sun and Ultra Moon TM; Sword and Shield TM; Brilliant Diamond and Shining Pearl TM
SPECIES_SHELLOS	Skitter Smack	runs	Sword and Shield tutor; Scarlet and Violet TM
SPECIES_SHELLOS	Snowscape	stub: nothing happens	Scarlet and Violet TM; Legends Z-A TM
SPECIES_SHELLOS	Tera Blast	runs	Scarlet and Violet TM; Legends Z-A TM
SPECIES_GASTRODON	Bulldoze	runs	Black and White TM; Black 2 and White 2 TM; X and Y TM; Omega Ruby and Alpha Sapphire TM; Sun and Moon TM; Ultra Sun and Ultra Moon TM; Sword and Shield TM; Brilliant Diamond and Shining Pearl TM; Scarlet and Violet TM; Legends Z-A TM
SPECIES_GASTRODON	Chilling Water	runs	Scarlet and Violet TM; Legends Z-A TM
SPECIES_GASTRODON	Clear Smog	runs	Black and White egg; Black 2 and White 2 egg; X and Y egg; Omega Ruby and Alpha Sapphire egg; Sun and Moon egg; Ultra Sun and Ultra Moon egg; Sword and Shield egg; Brilliant Diamond and Shining Pearl egg; Scarlet and Violet egg
SPECIES_GASTRODON	Confide	runs	X and Y TM; Omega Ruby and Alpha Sapphire TM; Sun and Moon TM; Ultra Sun and Ultra Moon TM
SPECIES_GASTRODON	Infestation	runs	X and Y TM; Omega Ruby and Alpha Sapphire TM; Sun and Moon TM; Ultra Sun and Ultra Moon TM
SPECIES_GASTRODON	Liquidation	runs	Scarlet and Violet TM; Legends Z-A TM
SPECIES_GASTRODON	Round	runs	Black and White TM; Black 2 and White 2 TM; X and Y TM; Omega Ruby and Alpha Sapphire TM; Sun and Moon TM; Ultra Sun and Ultra Moon TM; Sword and Shield TM
SPECIES_GASTRODON	Scald	runs	Black and White TM; Black 2 and White 2 TM; X and Y TM; Omega Ruby and Alpha Sapphire TM; Sun and Moon TM; Ultra Sun and Ultra Moon TM; Sword and Shield TM; Brilliant Diamond and Shining Pearl TM
SPECIES_GASTRODON	Skitter Smack	runs	Sword and Shield tutor; Scarlet and Violet TM
SPECIES_GASTRODON	Sludge Wave	runs	Black and White TM; Black 2 and White 2 TM; X and Y TM; Omega Ruby and Alpha Sapphire TM; Sun and Moon TM; Ultra Sun and Ultra Moon TM; Sword and Shield TM; Scarlet and Violet TM
SPECIES_GASTRODON	Snowscape	stub: nothing happens	Scarlet and Violet TM; Legends Z-A TM
SPECIES_GASTRODON	StompingTantrum	runs	Ultra Sun and Ultra Moon tutor; Sword and Shield TM; Scarlet and Violet TM; Legends Z-A TM
SPECIES_GASTRODON	Tera Blast	runs	Scarlet and Violet TM; Legends Z-A TM
SPECIES_AMBIPOM	Acrobatics	runs	Black and White TM; Black 2 and White 2 TM; X and Y TM; Omega Ruby and Alpha Sapphire TM; Sun and Moon TM; Ultra Sun and Ultra Moon TM; Scarlet and Violet TM; Legends Z-A TM
SPECIES_AMBIPOM	Brutal Swing	runs	Legends Z-A TM
SPECIES_AMBIPOM	Chilling Water	runs	Scarlet and Violet TM
SPECIES_AMBIPOM	Confide	runs	X and Y TM; Omega Ruby and Alpha Sapphire TM; Sun and Moon TM; Ultra Sun and Ultra Moon TM
SPECIES_AMBIPOM	Foul Play	runs	Black 2 and White 2 tutor; Omega Ruby and Alpha Sapphire tutor; Ultra Sun and Ultra Moon tutor; Scarlet and Violet TM; Legends Z-A TM
SPECIES_AMBIPOM	Hone Claws	runs	Black and White TM; Black 2 and White 2 TM; X and Y TM; Omega Ruby and Alpha Sapphire TM
SPECIES_AMBIPOM	Laser Focus	runs	Ultra Sun and Ultra Moon tutor
SPECIES_AMBIPOM	Low Sweep	runs	Black and White TM; Black 2 and White 2 TM; X and Y TM; Omega Ruby and Alpha Sapphire TM; Sun and Moon TM; Ultra Sun and Ultra Moon TM; Brilliant Diamond and Shining Pearl TM; Scarlet and Violet TM; Legends Z-A TM
SPECIES_AMBIPOM	Power-Up Punch	runs	X and Y TM; Omega Ruby and Alpha Sapphire TM
SPECIES_AMBIPOM	Quick Guard	runs	X and Y egg; Omega Ruby and Alpha Sapphire egg; Sun and Moon egg; Ultra Sun and Ultra Moon egg; Brilliant Diamond and Shining Pearl egg; Scarlet and Violet egg
SPECIES_AMBIPOM	Retaliate	runs	Black and White TM; Black 2 and White 2 TM; X and Y TM; Omega Ruby and Alpha Sapphire TM; Legends Z-A TM
SPECIES_AMBIPOM	Round	runs	Black and White TM; Black 2 and White 2 TM; X and Y TM; Omega Ruby and Alpha Sapphire TM; Sun and Moon TM; Ultra Sun and Ultra Moon TM; Legends Z-A TM
SPECIES_AMBIPOM	Smack Down	runs	Scarlet and Violet TM
SPECIES_AMBIPOM	Tail Slap	runs	Ultra Sun and Ultra Moon egg; Legends Z-A TM
SPECIES_AMBIPOM	Tera Blast	runs	Scarlet and Violet TM
SPECIES_AMBIPOM	Throat Chop	stub: plain hit	Scarlet and Violet TM
SPECIES_AMBIPOM	Trailblaze	runs	Scarlet and Violet TM
SPECIES_AMBIPOM	Triple Axel	runs	Scarlet and Violet TM
SPECIES_AMBIPOM	Upper Hand	runs	Scarlet and Violet TM
SPECIES_AMBIPOM	Work Up	runs	Black and White TM; Black 2 and White 2 TM; Sun and Moon TM; Ultra Sun and Ultra Moon TM; Brilliant Diamond and Shining Pearl TM; Legends Z-A TM
SPECIES_DRIFLOON	Acrobatics	runs	Black and White TM; Black 2 and White 2 TM; X and Y TM; Omega Ruby and Alpha Sapphire TM; Sun and Moon TM; Ultra Sun and Ultra Moon TM; Sword and Shield TM; Scarlet and Violet TM; Legends Z-A TM
SPECIES_DRIFLOON	Ally Switch	partial: status move running the plain-hit script: its effect never happens	Ultra Sun and Ultra Moon tutor; Sword and Shield TM
SPECIES_DRIFLOON	Brutal Swing	runs	Sword and Shield TM
SPECIES_DRIFLOON	Clear Smog	runs	Black and White egg; Black 2 and White 2 egg; X and Y egg; Omega Ruby and Alpha Sapphire egg; Sun and Moon egg; Ultra Sun and Ultra Moon egg; Sword and Shield egg; Brilliant Diamond and Shining Pearl egg; Scarlet and Violet egg; Legends Z-A TM; Legends Z-A egg
SPECIES_DRIFLOON	Confide	runs	X and Y TM; Omega Ruby and Alpha Sapphire TM; Sun and Moon TM; Ultra Sun and Ultra Moon TM
SPECIES_DRIFLOON	Phantom Force	runs	Scarlet and Violet TM; Legends Z-A TM
SPECIES_DRIFLOON	Round	runs	Black and White TM; Black 2 and White 2 TM; X and Y TM; Omega Ruby and Alpha Sapphire TM; Sun and Moon TM; Ultra Sun and Ultra Moon TM; Sword and Shield TM
SPECIES_DRIFLOON	Stored Power	runs	Scarlet and Violet TM; Legends Z-A TM
SPECIES_DRIFLOON	Telekinesis	partial: status move running the plain-hit script: its effect never happens	Black and White TM; Black 2 and White 2 TM; Ultra Sun and Ultra Moon tutor
SPECIES_DRIFLOON	Temper Flare	runs	Scarlet and Violet TM
SPECIES_DRIFLOON	Tera Blast	runs	Scarlet and Violet TM; Legends Z-A TM
SPECIES_DRIFBLIM	Acrobatics	runs	Black and White TM; Black 2 and White 2 TM; X and Y TM; Omega Ruby and Alpha Sapphire TM; Sun and Moon TM; Ultra Sun and Ultra Moon TM; Sword and Shield TM; Scarlet and Violet TM; Legends Z-A TM
SPECIES_DRIFBLIM	Ally Switch	partial: status move running the plain-hit script: its effect never happens	Ultra Sun and Ultra Moon tutor; Sword and Shield TM
SPECIES_DRIFBLIM	Brutal Swing	runs	Sword and Shield TM
SPECIES_DRIFBLIM	Clear Smog	runs	Black and White egg; Black 2 and White 2 egg; X and Y egg; Omega Ruby and Alpha Sapphire egg; Sun and Moon egg; Ultra Sun and Ultra Moon egg; Sword and Shield egg; Brilliant Diamond and Shining Pearl egg; Scarlet and Violet egg
SPECIES_DRIFBLIM	Confide	runs	X and Y TM; Omega Ruby and Alpha Sapphire TM; Sun and Moon TM; Ultra Sun and Ultra Moon TM
SPECIES_DRIFBLIM	Round	runs	Black and White TM; Black 2 and White 2 TM; X and Y TM; Omega Ruby and Alpha Sapphire TM; Sun and Moon TM; Ultra Sun and Ultra Moon TM; Sword and Shield TM
SPECIES_DRIFBLIM	Stored Power	runs	Scarlet and Violet TM; Legends Z-A TM
SPECIES_DRIFBLIM	Telekinesis	partial: status move running the plain-hit script: its effect never happens	Black and White TM; Black 2 and White 2 TM; Ultra Sun and Ultra Moon tutor
SPECIES_DRIFBLIM	Temper Flare	runs	Scarlet and Violet TM
SPECIES_DRIFBLIM	Tera Blast	runs	Scarlet and Violet TM; Legends Z-A TM
SPECIES_BUNEARY	Circle Throw	runs	Black and White egg; Black 2 and White 2 egg; X and Y egg; Omega Ruby and Alpha Sapphire egg; Sun and Moon egg; Ultra Sun and Ultra Moon egg; Sword and Shield egg; Brilliant Diamond and Shining Pearl egg; Legends Z-A TM
SPECIES_BUNEARY	Confide	runs	X and Y TM; Omega Ruby and Alpha Sapphire TM; Sun and Moon TM; Ultra Sun and Ultra Moon TM
SPECIES_BUNEARY	Low Sweep	runs	Sword and Shield TM; Brilliant Diamond and Shining Pearl TM; Legends Z-A TM
SPECIES_BUNEARY	Power-Up Punch	runs	X and Y TM; Omega Ruby and Alpha Sapphire TM; Ultra Sun and Ultra Moon egg; Brilliant Diamond and Shining Pearl egg; Legends Z-A TM
SPECIES_BUNEARY	Retaliate	runs	Black and White TM; Black 2 and White 2 TM; X and Y TM; Omega Ruby and Alpha Sapphire TM; Sword and Shield TM
SPECIES_BUNEARY	Round	runs	Black and White TM; Black 2 and White 2 TM; X and Y TM; Omega Ruby and Alpha Sapphire TM; Sun and Moon TM; Ultra Sun and Ultra Moon TM; Sword and Shield TM
SPECIES_BUNEARY	Triple Axel	runs	Sword and Shield tutor; Legends Z-A TM
SPECIES_BUNEARY	Work Up	runs	Black and White TM; Black 2 and White 2 TM; Sun and Moon TM; Ultra Sun and Ultra Moon TM; Sword and Shield TM; Brilliant Diamond and Shining Pearl TM; Legends Z-A TM
SPECIES_LOPUNNY	Acrobatics	runs	Sword and Shield TM
SPECIES_LOPUNNY	Circle Throw	runs	Black and White egg; Black 2 and White 2 egg; X and Y egg; Omega Ruby and Alpha Sapphire egg; Sun and Moon egg; Ultra Sun and Ultra Moon egg; Sword and Shield egg; Brilliant Diamond and Shining Pearl egg; Legends Z-A TM
SPECIES_LOPUNNY	Confide	runs	X and Y TM; Omega Ruby and Alpha Sapphire TM; Sun and Moon TM; Ultra Sun and Ultra Moon TM
SPECIES_LOPUNNY	Laser Focus	runs	Ultra Sun and Ultra Moon tutor
SPECIES_LOPUNNY	Low Sweep	runs	Black and White TM; Black 2 and White 2 TM; X and Y TM; Omega Ruby and Alpha Sapphire TM; Sun and Moon TM; Ultra Sun and Ultra Moon TM; Sword and Shield TM; Brilliant Diamond and Shining Pearl TM; Legends Z-A TM
SPECIES_LOPUNNY	Retaliate	runs	Black and White TM; Black 2 and White 2 TM; X and Y TM; Omega Ruby and Alpha Sapphire TM; Sword and Shield TM
SPECIES_LOPUNNY	Round	runs	Black and White TM; Black 2 and White 2 TM; X and Y TM; Omega Ruby and Alpha Sapphire TM; Sun and Moon TM; Ultra Sun and Ultra Moon TM; Sword and Shield TM
SPECIES_LOPUNNY	Triple Axel	runs	Sword and Shield tutor; Legends Z-A TM
SPECIES_LOPUNNY	Work Up	runs	Black and White TM; Black 2 and White 2 TM; Sun and Moon TM; Ultra Sun and Ultra Moon TM; Sword and Shield TM; Brilliant Diamond and Shining Pearl TM; Legends Z-A TM
SPECIES_MISMAGIUS	Ally Switch	partial: status move running the plain-hit script: its effect never happens	Ultra Sun and Ultra Moon tutor
SPECIES_MISMAGIUS	BurningJealousy	runs	Scarlet and Violet TM
SPECIES_MISMAGIUS	Confide	runs	X and Y TM; Omega Ruby and Alpha Sapphire TM; Sun and Moon TM; Ultra Sun and Ultra Moon TM
SPECIES_MISMAGIUS	Dazzling Gleam	runs	X and Y TM; Omega Ruby and Alpha Sapphire TM; Sun and Moon TM; Ultra Sun and Ultra Moon TM; Brilliant Diamond and Shining Pearl TM; Scarlet and Violet TM; Legends Z-A TM
SPECIES_MISMAGIUS	Draining Kiss	runs	Scarlet and Violet TM; Legends Z-A TM
SPECIES_MISMAGIUS	Echoed Voice	runs	Black and White TM; Black 2 and White 2 TM; X and Y TM; Omega Ruby and Alpha Sapphire TM; Sun and Moon TM; Ultra Sun and Ultra Moon TM
SPECIES_MISMAGIUS	Foul Play	runs	Black 2 and White 2 tutor; Omega Ruby and Alpha Sapphire tutor; Ultra Sun and Ultra Moon tutor; Scarlet and Violet TM; Legends Z-A TM
SPECIES_MISMAGIUS	Laser Focus	runs	Ultra Sun and Ultra Moon tutor
SPECIES_MISMAGIUS	Lash Out	runs	Scarlet and Violet TM
SPECIES_MISMAGIUS	Magic Room	partial: status move running the plain-hit script: its effect never happens	Black 2 and White 2 tutor; Omega Ruby and Alpha Sapphire tutor; Ultra Sun and Ultra Moon tutor
SPECIES_MISMAGIUS	Poltergeist	runs	Scarlet and Violet TM
SPECIES_MISMAGIUS	Psychic Noise	runs	Scarlet and Violet TM
SPECIES_MISMAGIUS	Psyshock	runs	Scarlet and Violet TM; Legends Z-A TM
SPECIES_MISMAGIUS	Round	runs	Black and White TM; Black 2 and White 2 TM; X and Y TM; Omega Ruby and Alpha Sapphire TM; Sun and Moon TM; Ultra Sun and Ultra Moon TM
SPECIES_MISMAGIUS	Snowscape	stub: nothing happens	Scarlet and Violet TM; Legends Z-A TM
SPECIES_MISMAGIUS	Stored Power	runs	Scarlet and Violet TM; Legends Z-A TM
SPECIES_MISMAGIUS	Telekinesis	partial: status move running the plain-hit script: its effect never happens	Black and White TM; Black 2 and White 2 TM; Ultra Sun and Ultra Moon tutor
SPECIES_MISMAGIUS	Tera Blast	runs	Scarlet and Violet TM; Legends Z-A TM
SPECIES_MISMAGIUS	Wonder Room	runs	Black and White egg; Black 2 and White 2 tutor; Black 2 and White 2 egg; X and Y egg; Omega Ruby and Alpha Sapphire tutor; Omega Ruby and Alpha Sapphire egg; Sun and Moon egg; Ultra Sun and Ultra Moon tutor; Ultra Sun and Ultra Moon egg; Brilliant Diamond and Shining Pearl egg; Scarlet and Violet egg
SPECIES_HONCHKROW	Acrobatics	runs	Scarlet and Violet TM; Legends Z-A TM
SPECIES_HONCHKROW	Chilling Water	runs	Scarlet and Violet TM; Legends Z-A TM
SPECIES_HONCHKROW	Confide	runs	X and Y TM; Omega Ruby and Alpha Sapphire TM; Sun and Moon TM; Ultra Sun and Ultra Moon TM
SPECIES_HONCHKROW	Dual Wingbeat	runs	Scarlet and Violet TM
SPECIES_HONCHKROW	Hex	runs	Scarlet and Violet TM; Legends Z-A TM
SPECIES_HONCHKROW	Hurricane	runs	Scarlet and Violet TM; Legends Z-A TM
SPECIES_HONCHKROW	Incinerate	runs	Black and White TM; Black 2 and White 2 TM; X and Y TM; Omega Ruby and Alpha Sapphire TM
SPECIES_HONCHKROW	Lash Out	runs	Scarlet and Violet TM
SPECIES_HONCHKROW	Psychic Noise	runs	Scarlet and Violet TM
SPECIES_HONCHKROW	Retaliate	runs	Black and White TM; Black 2 and White 2 TM; X and Y TM; Omega Ruby and Alpha Sapphire TM
SPECIES_HONCHKROW	Round	runs	Black and White TM; Black 2 and White 2 TM; X and Y TM; Omega Ruby and Alpha Sapphire TM; Sun and Moon TM; Ultra Sun and Ultra Moon TM
SPECIES_HONCHKROW	Tera Blast	runs	Scarlet and Violet TM; Legends Z-A TM
SPECIES_GLAMEOW	Confide	runs	X and Y TM; Omega Ruby and Alpha Sapphire TM; Sun and Moon TM; Ultra Sun and Ultra Moon TM
SPECIES_GLAMEOW	Echoed Voice	runs	Black and White TM; Black 2 and White 2 TM; X and Y TM; Omega Ruby and Alpha Sapphire TM; Sun and Moon TM; Ultra Sun and Ultra Moon TM
SPECIES_GLAMEOW	Foul Play	runs	Black 2 and White 2 tutor; Omega Ruby and Alpha Sapphire tutor; Ultra Sun and Ultra Moon tutor; Legends Z-A TM
SPECIES_GLAMEOW	Round	runs	Black and White TM; Black 2 and White 2 TM; X and Y TM; Omega Ruby and Alpha Sapphire TM; Sun and Moon TM; Ultra Sun and Ultra Moon TM; Legends Z-A TM
SPECIES_GLAMEOW	Work Up	runs	Black and White TM; Black 2 and White 2 TM; Sun and Moon TM; Ultra Sun and Ultra Moon TM; Brilliant Diamond and Shining Pearl TM; Legends Z-A TM
SPECIES_PURUGLY	Bulldoze	runs	Black and White TM; Black 2 and White 2 TM; X and Y TM; Omega Ruby and Alpha Sapphire TM; Sun and Moon TM; Ultra Sun and Ultra Moon TM; Brilliant Diamond and Shining Pearl TM; Legends Z-A TM
SPECIES_PURUGLY	Confide	runs	X and Y TM; Omega Ruby and Alpha Sapphire TM; Sun and Moon TM; Ultra Sun and Ultra Moon TM
SPECIES_PURUGLY	Echoed Voice	runs	Black and White TM; Black 2 and White 2 TM; X and Y TM; Omega Ruby and Alpha Sapphire TM; Sun and Moon TM; Ultra Sun and Ultra Moon TM
SPECIES_PURUGLY	Foul Play	runs	Black 2 and White 2 tutor; Omega Ruby and Alpha Sapphire tutor; Ultra Sun and Ultra Moon tutor; Legends Z-A TM
SPECIES_PURUGLY	Round	runs	Black and White TM; Black 2 and White 2 TM; X and Y TM; Omega Ruby and Alpha Sapphire TM; Sun and Moon TM; Ultra Sun and Ultra Moon TM; Legends Z-A TM
SPECIES_PURUGLY	StompingTantrum	runs	Ultra Sun and Ultra Moon tutor; Legends Z-A TM
SPECIES_PURUGLY	Throat Chop	stub: plain hit	Ultra Sun and Ultra Moon tutor
SPECIES_PURUGLY	Work Up	runs	Black and White TM; Black 2 and White 2 TM; Sun and Moon TM; Ultra Sun and Ultra Moon TM; Brilliant Diamond and Shining Pearl TM; Legends Z-A TM
SPECIES_CHINGLING	Ally Switch	partial: status move running the plain-hit script: its effect never happens	Ultra Sun and Ultra Moon tutor; Scarlet and Violet egg
SPECIES_CHINGLING	Confide	runs	X and Y TM; Omega Ruby and Alpha Sapphire TM; Sun and Moon TM; Ultra Sun and Ultra Moon TM
SPECIES_CHINGLING	Dazzling Gleam	runs	X and Y TM; Omega Ruby and Alpha Sapphire TM; Sun and Moon TM; Ultra Sun and Ultra Moon TM; Brilliant Diamond and Shining Pearl TM; Scarlet and Violet TM; Legends Z-A TM
SPECIES_CHINGLING	Echoed Voice	runs	Black and White TM; Black 2 and White 2 TM; X and Y TM; Omega Ruby and Alpha Sapphire TM; Sun and Moon TM; Ultra Sun and Ultra Moon TM
SPECIES_CHINGLING	Psychic Noise	runs	Scarlet and Violet TM
SPECIES_CHINGLING	Psyshock	runs	Black and White TM; Black 2 and White 2 TM; X and Y TM; Omega Ruby and Alpha Sapphire TM; Sun and Moon TM; Ultra Sun and Ultra Moon TM; Scarlet and Violet TM; Legends Z-A TM
SPECIES_CHINGLING	Round	runs	Black and White TM; Black 2 and White 2 TM; X and Y TM; Omega Ruby and Alpha Sapphire TM; Sun and Moon TM; Ultra Sun and Ultra Moon TM
SPECIES_CHINGLING	Stored Power	runs	Black and White egg; Black 2 and White 2 egg; X and Y egg; Omega Ruby and Alpha Sapphire egg; Sun and Moon egg; Ultra Sun and Ultra Moon egg; Brilliant Diamond and Shining Pearl egg; Scarlet and Violet TM
SPECIES_CHINGLING	Telekinesis	partial: status move running the plain-hit script: its effect never happens	Black and White TM; Black 2 and White 2 TM; Ultra Sun and Ultra Moon tutor
SPECIES_CHINGLING	Tera Blast	runs	Scarlet and Violet TM
SPECIES_STUNKY	Confide	runs	X and Y TM; Omega Ruby and Alpha Sapphire TM; Sun and Moon TM; Ultra Sun and Ultra Moon TM
SPECIES_STUNKY	Corrosive Gas	partial: status move running the plain-hit script: its effect never happens	Sword and Shield tutor
SPECIES_STUNKY	Flame Burst	partial: plain hit; the splash on the target's partner is missing (doubles only)	Black and White egg; Black 2 and White 2 egg; X and Y egg; Omega Ruby and Alpha Sapphire egg; Sun and Moon egg; Ultra Sun and Ultra Moon egg
SPECIES_STUNKY	Foul Play	runs	Black and White egg; Black 2 and White 2 tutor; Black 2 and White 2 egg; X and Y egg; Omega Ruby and Alpha Sapphire tutor; Omega Ruby and Alpha Sapphire egg; Sun and Moon egg; Ultra Sun and Ultra Moon tutor; Ultra Sun and Ultra Moon egg; Sword and Shield TM; Brilliant Diamond and Shining Pearl egg; Scarlet and Violet TM; Legends Z-A TM
SPECIES_STUNKY	Hex	runs	Sword and Shield TM; Scarlet and Violet TM; Legends Z-A TM
SPECIES_STUNKY	Hone Claws	runs	Black and White TM; Black 2 and White 2 TM; X and Y TM; Omega Ruby and Alpha Sapphire TM
SPECIES_STUNKY	Incinerate	runs	Black and White TM; Black 2 and White 2 TM; X and Y TM; Omega Ruby and Alpha Sapphire TM
SPECIES_STUNKY	Lash Out	runs	Sword and Shield tutor; Scarlet and Violet TM
SPECIES_STUNKY	Play Rough	runs	X and Y egg; Omega Ruby and Alpha Sapphire egg; Sun and Moon egg; Ultra Sun and Ultra Moon egg; Sword and Shield TM; Brilliant Diamond and Shining Pearl egg; Scarlet and Violet TM; Legends Z-A TM
SPECIES_STUNKY	Round	runs	Black and White TM; Black 2 and White 2 TM; X and Y TM; Omega Ruby and Alpha Sapphire TM; Sun and Moon TM; Ultra Sun and Ultra Moon TM; Sword and Shield TM
SPECIES_STUNKY	Sludge Wave	runs	Scarlet and Violet TM
SPECIES_STUNKY	Snarl	runs	Black and White TM; Black 2 and White 2 TM; X and Y TM; Omega Ruby and Alpha Sapphire TM; Sun and Moon TM; Ultra Sun and Ultra Moon TM; Sword and Shield TM; Brilliant Diamond and Shining Pearl TM; Scarlet and Violet TM; Legends Z-A TM
SPECIES_STUNKY	Tail Slap	runs	Sword and Shield TM
SPECIES_STUNKY	Temper Flare	runs	Scarlet and Violet TM
SPECIES_STUNKY	Tera Blast	runs	Scarlet and Violet TM; Legends Z-A TM
SPECIES_STUNKY	Throat Chop	stub: plain hit	Ultra Sun and Ultra Moon tutor; Sword and Shield TM; Scarlet and Violet TM
SPECIES_STUNKY	Trailblaze	runs	Scarlet and Violet TM; Legends Z-A TM
SPECIES_SKUNTANK	BurningJealousy	runs	Sword and Shield tutor; Scarlet and Violet TM
SPECIES_SKUNTANK	Confide	runs	X and Y TM; Omega Ruby and Alpha Sapphire TM; Sun and Moon TM; Ultra Sun and Ultra Moon TM
SPECIES_SKUNTANK	Corrosive Gas	partial: status move running the plain-hit script: its effect never happens	Sword and Shield tutor
SPECIES_SKUNTANK	Flame Burst	partial: plain hit; the splash on the target's partner is missing (doubles only)	Black and White egg; Black 2 and White 2 egg; X and Y egg; Omega Ruby and Alpha Sapphire egg; Sun and Moon egg; Ultra Sun and Ultra Moon egg
SPECIES_SKUNTANK	Foul Play	runs	Black and White egg; Black 2 and White 2 tutor; Black 2 and White 2 egg; X and Y egg; Omega Ruby and Alpha Sapphire tutor; Omega Ruby and Alpha Sapphire egg; Sun and Moon egg; Ultra Sun and Ultra Moon tutor; Ultra Sun and Ultra Moon egg; Sword and Shield TM; Brilliant Diamond and Shining Pearl egg; Scarlet and Violet TM; Legends Z-A TM
SPECIES_SKUNTANK	Hex	runs	Sword and Shield TM; Scarlet and Violet TM; Legends Z-A TM
SPECIES_SKUNTANK	Hone Claws	runs	Black and White TM; Black 2 and White 2 TM; X and Y TM; Omega Ruby and Alpha Sapphire TM
SPECIES_SKUNTANK	Incinerate	runs	Black and White TM; Black 2 and White 2 TM; X and Y TM; Omega Ruby and Alpha Sapphire TM
SPECIES_SKUNTANK	Lash Out	runs	Sword and Shield tutor; Scarlet and Violet TM
SPECIES_SKUNTANK	Play Rough	runs	X and Y egg; Omega Ruby and Alpha Sapphire egg; Sun and Moon egg; Ultra Sun and Ultra Moon egg; Sword and Shield TM; Brilliant Diamond and Shining Pearl egg; Scarlet and Violet TM; Legends Z-A TM
SPECIES_SKUNTANK	Round	runs	Black and White TM; Black 2 and White 2 TM; X and Y TM; Omega Ruby and Alpha Sapphire TM; Sun and Moon TM; Ultra Sun and Ultra Moon TM; Sword and Shield TM
SPECIES_SKUNTANK	Sludge Wave	runs	Scarlet and Violet TM
SPECIES_SKUNTANK	Snarl	runs	Black and White TM; Black 2 and White 2 TM; X and Y TM; Omega Ruby and Alpha Sapphire TM; Sun and Moon TM; Ultra Sun and Ultra Moon TM; Sword and Shield TM; Brilliant Diamond and Shining Pearl TM; Scarlet and Violet TM; Legends Z-A TM
SPECIES_SKUNTANK	Tail Slap	runs	Sword and Shield TM
SPECIES_SKUNTANK	Temper Flare	runs	Scarlet and Violet TM
SPECIES_SKUNTANK	Tera Blast	runs	Scarlet and Violet TM; Legends Z-A TM
SPECIES_SKUNTANK	Throat Chop	stub: plain hit	Ultra Sun and Ultra Moon tutor; Sword and Shield TM; Scarlet and Violet TM
SPECIES_SKUNTANK	Trailblaze	runs	Scarlet and Violet TM; Legends Z-A TM
SPECIES_BRONZOR	Ally Switch	partial: status move running the plain-hit script: its effect never happens	Ultra Sun and Ultra Moon tutor; Sword and Shield TM
SPECIES_BRONZOR	Bulldoze	runs	Black and White TM; Black 2 and White 2 TM; X and Y TM; Omega Ruby and Alpha Sapphire TM; Sun and Moon TM; Ultra Sun and Ultra Moon TM; Sword and Shield TM; Brilliant Diamond and Shining Pearl TM; Scarlet and Violet TM; Legends Z-A TM
SPECIES_BRONZOR	Confide	runs	X and Y TM; Omega Ruby and Alpha Sapphire TM; Sun and Moon TM; Ultra Sun and Ultra Moon TM
SPECIES_BRONZOR	Expanding Force	partial: plain 80 hit; its Psychic Terrain boost waits on terrain	Sword and Shield tutor; Scarlet and Violet TM
SPECIES_BRONZOR	Ice Spinner	runs	Scarlet and Violet TM; Legends Z-A TM
SPECIES_BRONZOR	Psychic Terrain	stub: nothing happens (terrain held)	Scarlet and Violet TM; Legends Z-A TM
SPECIES_BRONZOR	Psyshock	runs	Black and White TM; Black 2 and White 2 TM; X and Y TM; Omega Ruby and Alpha Sapphire TM; Sun and Moon TM; Ultra Sun and Ultra Moon TM; Sword and Shield TM; Scarlet and Violet TM; Legends Z-A TM
SPECIES_BRONZOR	Round	runs	Black and White TM; Black 2 and White 2 TM; X and Y TM; Omega Ruby and Alpha Sapphire TM; Sun and Moon TM; Ultra Sun and Ultra Moon TM; Sword and Shield TM
SPECIES_BRONZOR	Speed Swap	partial: status move running the plain-hit script: its effect never happens	Sword and Shield TM
SPECIES_BRONZOR	Steel Beam	runs	Sword and Shield tutor; Scarlet and Violet TM; Legends Z-A TM
SPECIES_BRONZOR	Steel Roller	stub: plain 130 hit, should fail without terrain	Sword and Shield tutor
SPECIES_BRONZOR	StompingTantrum	runs	Scarlet and Violet TM; Legends Z-A TM
SPECIES_BRONZOR	Stored Power	runs	Scarlet and Violet TM; Legends Z-A TM
SPECIES_BRONZOR	Telekinesis	partial: status move running the plain-hit script: its effect never happens	Black and White TM; Black 2 and White 2 TM; Ultra Sun and Ultra Moon tutor
SPECIES_BRONZOR	Tera Blast	runs	Scarlet and Violet TM; Legends Z-A TM
SPECIES_BRONZOR	Wonder Room	runs	Black 2 and White 2 tutor; Omega Ruby and Alpha Sapphire tutor; Ultra Sun and Ultra Moon tutor; Sword and Shield TM
SPECIES_BRONZONG	Ally Switch	partial: status move running the plain-hit script: its effect never happens	Ultra Sun and Ultra Moon tutor; Sword and Shield TM
SPECIES_BRONZONG	Body Press	runs	Sword and Shield TM; Scarlet and Violet TM; Legends Z-A TM
SPECIES_BRONZONG	Bulldoze	runs	Black and White TM; Black 2 and White 2 TM; X and Y TM; Omega Ruby and Alpha Sapphire TM; Sun and Moon TM; Ultra Sun and Ultra Moon TM; Sword and Shield TM; Brilliant Diamond and Shining Pearl TM; Scarlet and Violet TM; Legends Z-A TM
SPECIES_BRONZONG	Confide	runs	X and Y TM; Omega Ruby and Alpha Sapphire TM; Sun and Moon TM; Ultra Sun and Ultra Moon TM
SPECIES_BRONZONG	Expanding Force	partial: plain 80 hit; its Psychic Terrain boost waits on terrain	Sword and Shield tutor; Scarlet and Violet TM
SPECIES_BRONZONG	Hard Press	runs	Scarlet and Violet TM
SPECIES_BRONZONG	Ice Spinner	runs	Scarlet and Violet TM; Legends Z-A TM
SPECIES_BRONZONG	Meteor Beam	runs	Sword and Shield tutor; Scarlet and Violet TM
SPECIES_BRONZONG	Psychic Noise	runs	Scarlet and Violet TM
SPECIES_BRONZONG	Psychic Terrain	stub: nothing happens (terrain held)	Sword and Shield TM; Scarlet and Violet TM; Legends Z-A TM
SPECIES_BRONZONG	Psyshock	runs	Black and White TM; Black 2 and White 2 TM; X and Y TM; Omega Ruby and Alpha Sapphire TM; Sun and Moon TM; Ultra Sun and Ultra Moon TM; Sword and Shield TM; Scarlet and Violet TM; Legends Z-A TM
SPECIES_BRONZONG	Round	runs	Black and White TM; Black 2 and White 2 TM; X and Y TM; Omega Ruby and Alpha Sapphire TM; Sun and Moon TM; Ultra Sun and Ultra Moon TM; Sword and Shield TM
SPECIES_BRONZONG	Speed Swap	partial: status move running the plain-hit script: its effect never happens	Sword and Shield TM
SPECIES_BRONZONG	Steel Beam	runs	Sword and Shield tutor; Scarlet and Violet TM; Legends Z-A TM
SPECIES_BRONZONG	Steel Roller	stub: plain 130 hit, should fail without terrain	Sword and Shield tutor
SPECIES_BRONZONG	StompingTantrum	runs	Scarlet and Violet TM; Legends Z-A TM
SPECIES_BRONZONG	Stored Power	runs	Scarlet and Violet TM; Legends Z-A TM
SPECIES_BRONZONG	Telekinesis	partial: status move running the plain-hit script: its effect never happens	Black and White TM; Black 2 and White 2 TM; Ultra Sun and Ultra Moon tutor
SPECIES_BRONZONG	Tera Blast	runs	Scarlet and Violet TM; Legends Z-A TM
SPECIES_BRONZONG	Wonder Room	runs	Black 2 and White 2 tutor; Omega Ruby and Alpha Sapphire tutor; Ultra Sun and Ultra Moon tutor; Sword and Shield TM
SPECIES_BONSLY	After You	runs	Black 2 and White 2 tutor; Omega Ruby and Alpha Sapphire tutor; Ultra Sun and Ultra Moon tutor
SPECIES_BONSLY	Bulldoze	runs	Scarlet and Violet TM; Legends Z-A TM
SPECIES_BONSLY	Confide	runs	X and Y TM; Omega Ruby and Alpha Sapphire TM; Sun and Moon TM; Ultra Sun and Ultra Moon TM
SPECIES_BONSLY	Foul Play	runs	Black 2 and White 2 tutor; Omega Ruby and Alpha Sapphire tutor; Ultra Sun and Ultra Moon tutor; Sword and Shield TM; Scarlet and Violet TM; Legends Z-A TM
SPECIES_BONSLY	Round	runs	Black and White TM; Black 2 and White 2 TM; X and Y TM; Omega Ruby and Alpha Sapphire TM; Sun and Moon TM; Ultra Sun and Ultra Moon TM; Sword and Shield TM
SPECIES_BONSLY	Smack Down	runs	Black and White TM; Black 2 and White 2 TM; X and Y TM; Omega Ruby and Alpha Sapphire TM; Sun and Moon TM; Ultra Sun and Ultra Moon TM; Scarlet and Violet TM
SPECIES_BONSLY	StompingTantrum	runs	Ultra Sun and Ultra Moon tutor; Sword and Shield TM; Scarlet and Violet TM; Legends Z-A TM
SPECIES_BONSLY	Tera Blast	runs	Scarlet and Violet TM; Legends Z-A TM
SPECIES_BONSLY	Trailblaze	runs	Scarlet and Violet TM; Legends Z-A TM
SPECIES_MIME_JR	Ally Switch	partial: status move running the plain-hit script: its effect never happens	Ultra Sun and Ultra Moon tutor; Sword and Shield TM
SPECIES_MIME_JR	Confide	runs	X and Y TM; Omega Ruby and Alpha Sapphire TM; Sun and Moon TM; Ultra Sun and Ultra Moon TM
SPECIES_MIME_JR	FirstImpression	runs	Legends Z-A TM
SPECIES_MIME_JR	Magic Room	partial: status move running the plain-hit script: its effect never happens	Black and White egg; Black 2 and White 2 tutor; Black 2 and White 2 egg; X and Y egg; Omega Ruby and Alpha Sapphire tutor; Omega Ruby and Alpha Sapphire egg; Sun and Moon egg; Ultra Sun and Ultra Moon tutor; Ultra Sun and Ultra Moon egg; Sword and Shield TM; Brilliant Diamond and Shining Pearl egg
SPECIES_MIME_JR	Misty Terrain	stub: nothing happens (terrain held)	Sword and Shield TM
SPECIES_MIME_JR	Power Split	runs	Black and White egg; Black 2 and White 2 egg; X and Y egg; Omega Ruby and Alpha Sapphire egg; Sun and Moon egg; Ultra Sun and Ultra Moon egg; Sword and Shield egg; Brilliant Diamond and Shining Pearl egg
SPECIES_MIME_JR	Psychic Terrain	stub: nothing happens (terrain held)	Ultra Sun and Ultra Moon egg; Sword and Shield TM
SPECIES_MIME_JR	Psyshock	runs	Black and White TM; Black 2 and White 2 TM; X and Y TM; Omega Ruby and Alpha Sapphire TM; Sun and Moon TM; Ultra Sun and Ultra Moon TM; Sword and Shield TM; Legends Z-A TM
SPECIES_MIME_JR	Round	runs	Black and White TM; Black 2 and White 2 TM; X and Y TM; Omega Ruby and Alpha Sapphire TM; Sun and Moon TM; Ultra Sun and Ultra Moon TM; Sword and Shield TM
SPECIES_MIME_JR	Stored Power	runs	Sword and Shield TM
SPECIES_MIME_JR	Telekinesis	partial: status move running the plain-hit script: its effect never happens	Black and White TM; Black 2 and White 2 TM; Ultra Sun and Ultra Moon tutor
SPECIES_MIME_JR	Wonder Room	runs	Black 2 and White 2 tutor; Omega Ruby and Alpha Sapphire tutor; Ultra Sun and Ultra Moon tutor; Sword and Shield TM
SPECIES_HAPPINY	Confide	runs	X and Y TM; Omega Ruby and Alpha Sapphire TM; Sun and Moon TM; Ultra Sun and Ultra Moon TM
SPECIES_HAPPINY	Echoed Voice	runs	Black and White TM; Black 2 and White 2 TM; X and Y TM; Omega Ruby and Alpha Sapphire TM; Sun and Moon TM; Ultra Sun and Ultra Moon TM
SPECIES_HAPPINY	Incinerate	runs	Black and White TM; Black 2 and White 2 TM; X and Y TM; Omega Ruby and Alpha Sapphire TM
SPECIES_HAPPINY	Round	runs	Black and White TM; Black 2 and White 2 TM; X and Y TM; Omega Ruby and Alpha Sapphire TM; Sun and Moon TM; Ultra Sun and Ultra Moon TM; Sword and Shield TM
SPECIES_HAPPINY	Snowscape	stub: nothing happens	Scarlet and Violet TM; Legends Z-A TM
SPECIES_HAPPINY	Stored Power	runs	Sword and Shield TM; Scarlet and Violet TM; Legends Z-A TM
SPECIES_HAPPINY	Tera Blast	runs	Scarlet and Violet TM; Legends Z-A TM
SPECIES_HAPPINY	Work Up	runs	Black and White TM; Black 2 and White 2 TM; Sun and Moon TM; Ultra Sun and Ultra Moon TM; Sword and Shield TM; Brilliant Diamond and Shining Pearl TM
SPECIES_CHATOT	Boomburst	runs	X and Y egg; Omega Ruby and Alpha Sapphire egg; Sun and Moon egg; Ultra Sun and Ultra Moon egg; Brilliant Diamond and Shining Pearl egg
SPECIES_CHATOT	Dual Wingbeat	runs	Legends Z-A TM
SPECIES_CHATOT	Work Up	runs	Black and White TM; Black 2 and White 2 TM; Sun and Moon TM; Ultra Sun and Ultra Moon TM; Brilliant Diamond and Shining Pearl TM; Legends Z-A TM
SPECIES_SPIRITOMB	Ally Switch	partial: status move running the plain-hit script: its effect never happens	Ultra Sun and Ultra Moon tutor; Sword and Shield TM; Scarlet and Violet egg; Legends Z-A TM; Legends Z-A egg
SPECIES_SPIRITOMB	BurningJealousy	runs	Sword and Shield tutor; Scarlet and Violet TM
SPECIES_SPIRITOMB	Confide	runs	X and Y TM; Omega Ruby and Alpha Sapphire TM; Sun and Moon TM; Ultra Sun and Ultra Moon TM
SPECIES_SPIRITOMB	Foul Play	runs	Black 2 and White 2 tutor; X and Y egg; Omega Ruby and Alpha Sapphire tutor; Omega Ruby and Alpha Sapphire egg; Sun and Moon egg; Ultra Sun and Ultra Moon tutor; Ultra Sun and Ultra Moon egg; Sword and Shield TM; Brilliant Diamond and Shining Pearl egg; Scarlet and Violet TM; Legends Z-A TM
SPECIES_SPIRITOMB	Infestation	runs	X and Y TM; Omega Ruby and Alpha Sapphire TM; Sun and Moon TM; Ultra Sun and Ultra Moon TM
SPECIES_SPIRITOMB	Lash Out	runs	Sword and Shield tutor; Scarlet and Violet TM
SPECIES_SPIRITOMB	Phantom Force	runs	Sword and Shield TM; Scarlet and Violet TM; Legends Z-A TM
SPECIES_SPIRITOMB	Poltergeist	runs	Sword and Shield tutor; Scarlet and Violet TM
SPECIES_SPIRITOMB	Psyshock	runs	Scarlet and Violet TM; Legends Z-A TM
SPECIES_SPIRITOMB	Quash	stub: nothing happens	Black and White TM; Black 2 and White 2 TM; X and Y TM; Omega Ruby and Alpha Sapphire TM; Sun and Moon TM; Ultra Sun and Ultra Moon TM
SPECIES_SPIRITOMB	Retaliate	runs	Black and White TM; Black 2 and White 2 TM; X and Y TM; Omega Ruby and Alpha Sapphire TM; Sword and Shield TM
SPECIES_SPIRITOMB	Round	runs	Black and White TM; Black 2 and White 2 TM; X and Y TM; Omega Ruby and Alpha Sapphire TM; Sun and Moon TM; Ultra Sun and Ultra Moon TM; Sword and Shield TM
SPECIES_SPIRITOMB	Snarl	runs	Black and White TM; Black 2 and White 2 TM; X and Y TM; Omega Ruby and Alpha Sapphire TM; Sun and Moon TM; Ultra Sun and Ultra Moon TM; Sword and Shield TM; Brilliant Diamond and Shining Pearl TM; Scarlet and Violet TM; Legends Z-A TM
SPECIES_SPIRITOMB	Stored Power	runs	Scarlet and Violet TM; Legends Z-A TM
SPECIES_SPIRITOMB	Telekinesis	partial: status move running the plain-hit script: its effect never happens	Black and White TM; Black 2 and White 2 TM; Ultra Sun and Ultra Moon tutor
SPECIES_SPIRITOMB	Tera Blast	runs	Scarlet and Violet TM; Legends Z-A TM
SPECIES_SPIRITOMB	Wonder Room	runs	Black 2 and White 2 tutor; Omega Ruby and Alpha Sapphire tutor; Ultra Sun and Ultra Moon tutor; Sword and Shield TM
SPECIES_GIBLE	Confide	runs	X and Y TM; Omega Ruby and Alpha Sapphire TM; Sun and Moon TM; Ultra Sun and Ultra Moon TM
SPECIES_GIBLE	Dragon Cheer	partial: status move running the plain-hit script: its effect never happens	Scarlet and Violet TM
SPECIES_GIBLE	Dragon Tail	runs	Scarlet and Violet TM
SPECIES_GIBLE	Hone Claws	runs	Black and White TM; Black 2 and White 2 TM; X and Y TM; Omega Ruby and Alpha Sapphire TM
SPECIES_GIBLE	Incinerate	runs	Black and White TM; Black 2 and White 2 TM; X and Y TM; Omega Ruby and Alpha Sapphire TM
SPECIES_GIBLE	Round	runs	Black and White TM; Black 2 and White 2 TM; X and Y TM; Omega Ruby and Alpha Sapphire TM; Sun and Moon TM; Ultra Sun and Ultra Moon TM; Sword and Shield TM
SPECIES_GIBLE	Scale Shot	partial: hits two to five times; the Speed rise and Defense drop are missing	Sword and Shield tutor; Scarlet and Violet TM; Legends Z-A TM
SPECIES_GIBLE	Scorching Sands	runs	Sword and Shield tutor; Scarlet and Violet TM; Legends Z-A TM
SPECIES_GIBLE	Tera Blast	runs	Scarlet and Violet TM
SPECIES_GABITE	Breaking Swipe	runs	Scarlet and Violet TM
SPECIES_GABITE	Confide	runs	X and Y TM; Omega Ruby and Alpha Sapphire TM; Sun and Moon TM; Ultra Sun and Ultra Moon TM
SPECIES_GABITE	Dragon Cheer	partial: status move running the plain-hit script: its effect never happens	Scarlet and Violet TM
SPECIES_GABITE	Dragon Tail	runs	Scarlet and Violet TM
SPECIES_GABITE	Hone Claws	runs	Black and White TM; Black 2 and White 2 TM; X and Y TM; Omega Ruby and Alpha Sapphire TM
SPECIES_GABITE	Incinerate	runs	Black and White TM; Black 2 and White 2 TM; X and Y TM; Omega Ruby and Alpha Sapphire TM
SPECIES_GABITE	Laser Focus	runs	Ultra Sun and Ultra Moon tutor
SPECIES_GABITE	Round	runs	Black and White TM; Black 2 and White 2 TM; X and Y TM; Omega Ruby and Alpha Sapphire TM; Sun and Moon TM; Ultra Sun and Ultra Moon TM; Sword and Shield TM
SPECIES_GABITE	Scale Shot	partial: hits two to five times; the Speed rise and Defense drop are missing	Sword and Shield tutor; Scarlet and Violet TM; Legends Z-A TM
SPECIES_GABITE	Scorching Sands	runs	Sword and Shield tutor; Scarlet and Violet TM; Legends Z-A TM
SPECIES_GABITE	Tera Blast	runs	Scarlet and Violet TM
SPECIES_GARCHOMP	Breaking Swipe	runs	Sword and Shield TM; Scarlet and Violet TM
SPECIES_GARCHOMP	Brutal Swing	runs	Sun and Moon TM; Ultra Sun and Ultra Moon TM; Sword and Shield TM
SPECIES_GARCHOMP	Confide	runs	X and Y TM; Omega Ruby and Alpha Sapphire TM; Sun and Moon TM; Ultra Sun and Ultra Moon TM
SPECIES_GARCHOMP	Dragon Cheer	partial: status move running the plain-hit script: its effect never happens	Scarlet and Violet TM
SPECIES_GARCHOMP	Dragon Tail	runs	Black and White TM; Black 2 and White 2 TM; X and Y TM; Omega Ruby and Alpha Sapphire TM; Sun and Moon TM; Ultra Sun and Ultra Moon TM; Scarlet and Violet TM
SPECIES_GARCHOMP	Hone Claws	runs	Black and White TM; Black 2 and White 2 TM; X and Y TM; Omega Ruby and Alpha Sapphire TM
SPECIES_GARCHOMP	Incinerate	runs	Black and White TM; Black 2 and White 2 TM; X and Y TM; Omega Ruby and Alpha Sapphire TM
SPECIES_GARCHOMP	Laser Focus	runs	Ultra Sun and Ultra Moon tutor
SPECIES_GARCHOMP	Liquidation	runs	Scarlet and Violet TM; Legends Z-A TM
SPECIES_GARCHOMP	Round	runs	Black and White TM; Black 2 and White 2 TM; X and Y TM; Omega Ruby and Alpha Sapphire TM; Sun and Moon TM; Ultra Sun and Ultra Moon TM; Sword and Shield TM
SPECIES_GARCHOMP	Scale Shot	partial: hits two to five times; the Speed rise and Defense drop are missing	Sword and Shield tutor; Scarlet and Violet TM; Legends Z-A TM
SPECIES_GARCHOMP	Scorching Sands	runs	Sword and Shield tutor; Scarlet and Violet TM; Legends Z-A TM
SPECIES_GARCHOMP	StompingTantrum	runs	Ultra Sun and Ultra Moon tutor; Sword and Shield TM; Scarlet and Violet TM
SPECIES_GARCHOMP	Tera Blast	runs	Scarlet and Violet TM
SPECIES_MUNCHLAX	After You	runs	Black and White egg; Black 2 and White 2 tutor; Black 2 and White 2 egg; X and Y egg; Omega Ruby and Alpha Sapphire tutor; Omega Ruby and Alpha Sapphire egg; Sun and Moon egg; Ultra Sun and Ultra Moon tutor; Ultra Sun and Ultra Moon egg; Brilliant Diamond and Shining Pearl egg
SPECIES_MUNCHLAX	Belch	runs	X and Y egg; Omega Ruby and Alpha Sapphire egg; Sun and Moon egg; Ultra Sun and Ultra Moon egg; Sword and Shield egg; Brilliant Diamond and Shining Pearl egg; Scarlet and Violet egg; Legends Z-A TM; Legends Z-A egg
SPECIES_MUNCHLAX	Chilling Water	runs	Scarlet and Violet TM
SPECIES_MUNCHLAX	Confide	runs	X and Y TM; Omega Ruby and Alpha Sapphire TM; Sun and Moon TM; Ultra Sun and Ultra Moon TM
SPECIES_MUNCHLAX	Incinerate	runs	Black and White TM; Black 2 and White 2 TM; X and Y TM; Omega Ruby and Alpha Sapphire TM
SPECIES_MUNCHLAX	Power-Up Punch	runs	X and Y TM; Omega Ruby and Alpha Sapphire TM
SPECIES_MUNCHLAX	Retaliate	runs	Black and White TM; Black 2 and White 2 TM; X and Y TM; Omega Ruby and Alpha Sapphire TM; Sword and Shield TM; Legends Z-A TM
SPECIES_MUNCHLAX	Round	runs	Black and White TM; Black 2 and White 2 TM; X and Y TM; Omega Ruby and Alpha Sapphire TM; Sun and Moon TM; Ultra Sun and Ultra Moon TM; Sword and Shield TM; Legends Z-A TM
SPECIES_MUNCHLAX	StompingTantrum	runs	Ultra Sun and Ultra Moon tutor; Sword and Shield TM; Scarlet and Violet TM; Legends Z-A TM
SPECIES_MUNCHLAX	Tera Blast	runs	Scarlet and Violet TM
SPECIES_MUNCHLAX	Trailblaze	runs	Scarlet and Violet TM
SPECIES_MUNCHLAX	Work Up	runs	Black and White TM; Black 2 and White 2 TM; Sun and Moon TM; Ultra Sun and Ultra Moon TM; Sword and Shield TM; Brilliant Diamond and Shining Pearl TM; Legends Z-A TM
SPECIES_RIOLU	Circle Throw	runs	Black and White egg; Black 2 and White 2 egg; X and Y egg; Omega Ruby and Alpha Sapphire egg; Sun and Moon egg; Ultra Sun and Ultra Moon egg; Sword and Shield egg; Brilliant Diamond and Shining Pearl egg; Scarlet and Violet egg; Legends Z-A TM
SPECIES_RIOLU	Coaching	runs	Sword and Shield tutor; Scarlet and Violet TM
SPECIES_RIOLU	Confide	runs	X and Y TM; Omega Ruby and Alpha Sapphire TM; Sun and Moon TM; Ultra Sun and Ultra Moon TM
SPECIES_RIOLU	Dual Chop	runs	Black 2 and White 2 tutor; Omega Ruby and Alpha Sapphire tutor; Ultra Sun and Ultra Moon tutor
SPECIES_RIOLU	Laser Focus	runs	Ultra Sun and Ultra Moon tutor
SPECIES_RIOLU	Low Sweep	runs	Black and White TM; Black 2 and White 2 TM; X and Y TM; Omega Ruby and Alpha Sapphire TM; Sun and Moon TM; Ultra Sun and Ultra Moon TM; Sword and Shield TM; Brilliant Diamond and Shining Pearl TM; Scarlet and Violet TM; Legends Z-A TM
SPECIES_RIOLU	Power-Up Punch	runs	X and Y TM; Omega Ruby and Alpha Sapphire TM
SPECIES_RIOLU	Retaliate	runs	Black and White TM; Black 2 and White 2 TM; X and Y TM; Omega Ruby and Alpha Sapphire TM; Sword and Shield TM
SPECIES_RIOLU	Round	runs	Black and White TM; Black 2 and White 2 TM; X and Y TM; Omega Ruby and Alpha Sapphire TM; Sun and Moon TM; Ultra Sun and Ultra Moon TM; Sword and Shield TM
SPECIES_RIOLU	Tera Blast	runs	Scarlet and Violet TM
SPECIES_RIOLU	Trailblaze	runs	Scarlet and Violet TM; Legends Z-A TM
SPECIES_RIOLU	Upper Hand	runs	Scarlet and Violet TM
SPECIES_LUCARIO	Circle Throw	runs	Black and White egg; Black 2 and White 2 egg; X and Y egg; Omega Ruby and Alpha Sapphire egg; Sun and Moon egg; Ultra Sun and Ultra Moon egg; Sword and Shield egg; Brilliant Diamond and Shining Pearl egg; Scarlet and Violet egg; Legends Z-A TM
SPECIES_LUCARIO	Coaching	runs	Sword and Shield tutor; Scarlet and Violet TM
SPECIES_LUCARIO	Confide	runs	X and Y TM; Omega Ruby and Alpha Sapphire TM; Sun and Moon TM; Ultra Sun and Ultra Moon TM
SPECIES_LUCARIO	Dual Chop	runs	Black 2 and White 2 tutor; Omega Ruby and Alpha Sapphire tutor; Ultra Sun and Ultra Moon tutor; Legends Z-A TM
SPECIES_LUCARIO	Hone Claws	runs	Black and White TM; Black 2 and White 2 TM; X and Y TM; Omega Ruby and Alpha Sapphire TM
SPECIES_LUCARIO	Low Sweep	runs	Black and White TM; Black 2 and White 2 TM; X and Y TM; Omega Ruby and Alpha Sapphire TM; Sun and Moon TM; Ultra Sun and Ultra Moon TM; Sword and Shield TM; Brilliant Diamond and Shining Pearl TM; Scarlet and Violet TM; Legends Z-A TM
SPECIES_LUCARIO	Retaliate	runs	Black and White TM; Black 2 and White 2 TM; X and Y TM; Omega Ruby and Alpha Sapphire TM; Sword and Shield TM
SPECIES_LUCARIO	Round	runs	Black and White TM; Black 2 and White 2 TM; X and Y TM; Omega Ruby and Alpha Sapphire TM; Sun and Moon TM; Ultra Sun and Ultra Moon TM; Sword and Shield TM
SPECIES_LUCARIO	Steel Beam	runs	Sword and Shield tutor; Scarlet and Violet TM; Legends Z-A TM
SPECIES_LUCARIO	Tera Blast	runs	Scarlet and Violet TM
SPECIES_LUCARIO	Terrain Pulse	partial: plain 50 Normal hit; its type and power change wait on terrain	Sword and Shield tutor
SPECIES_LUCARIO	Trailblaze	runs	Scarlet and Violet TM; Legends Z-A TM
SPECIES_LUCARIO	Upper Hand	runs	Scarlet and Violet TM
SPECIES_HIPPOPOTAS	Body Press	runs	Scarlet and Violet TM
SPECIES_HIPPOPOTAS	Bulldoze	runs	Black and White TM; Black 2 and White 2 TM; X and Y TM; Omega Ruby and Alpha Sapphire TM; Sun and Moon TM; Ultra Sun and Ultra Moon TM; Sword and Shield TM; Brilliant Diamond and Shining Pearl TM; Scarlet and Violet TM
SPECIES_HIPPOPOTAS	Confide	runs	X and Y TM; Omega Ruby and Alpha Sapphire TM; Sun and Moon TM; Ultra Sun and Ultra Moon TM
SPECIES_HIPPOPOTAS	Round	runs	Black and White TM; Black 2 and White 2 TM; X and Y TM; Omega Ruby and Alpha Sapphire TM; Sun and Moon TM; Ultra Sun and Ultra Moon TM; Sword and Shield TM
SPECIES_HIPPOPOTAS	Scorching Sands	runs	Sword and Shield tutor; Scarlet and Violet TM; Legends Z-A TM
SPECIES_HIPPOPOTAS	StompingTantrum	runs	Ultra Sun and Ultra Moon tutor; Sword and Shield TM; Scarlet and Violet TM
SPECIES_HIPPOPOTAS	Tera Blast	runs	Scarlet and Violet TM
SPECIES_HIPPOWDON	Body Press	runs	Sword and Shield TM; Scarlet and Violet TM
SPECIES_HIPPOWDON	Bulldoze	runs	Black and White TM; Black 2 and White 2 TM; X and Y TM; Omega Ruby and Alpha Sapphire TM; Sun and Moon TM; Ultra Sun and Ultra Moon TM; Sword and Shield TM; Brilliant Diamond and Shining Pearl TM; Scarlet and Violet TM
SPECIES_HIPPOWDON	Confide	runs	X and Y TM; Omega Ruby and Alpha Sapphire TM; Sun and Moon TM; Ultra Sun and Ultra Moon TM
SPECIES_HIPPOWDON	Hard Press	runs	Scarlet and Violet TM
SPECIES_HIPPOWDON	Round	runs	Black and White TM; Black 2 and White 2 TM; X and Y TM; Omega Ruby and Alpha Sapphire TM; Sun and Moon TM; Ultra Sun and Ultra Moon TM; Sword and Shield TM
SPECIES_HIPPOWDON	Scorching Sands	runs	Sword and Shield tutor; Scarlet and Violet TM; Legends Z-A TM
SPECIES_HIPPOWDON	StompingTantrum	runs	Ultra Sun and Ultra Moon tutor; Sword and Shield TM; Scarlet and Violet TM
SPECIES_HIPPOWDON	Tera Blast	runs	Scarlet and Violet TM
SPECIES_SKORUPI	Confide	runs	X and Y TM; Omega Ruby and Alpha Sapphire TM; Sun and Moon TM; Ultra Sun and Ultra Moon TM
SPECIES_SKORUPI	Infestation	runs	X and Y TM; Omega Ruby and Alpha Sapphire TM; Sun and Moon TM; Ultra Sun and Ultra Moon TM
SPECIES_SKORUPI	Round	runs	Black and White TM; Black 2 and White 2 TM; X and Y TM; Omega Ruby and Alpha Sapphire TM; Sun and Moon TM; Ultra Sun and Ultra Moon TM; Sword and Shield TM; Legends Z-A TM
SPECIES_SKORUPI	Skitter Smack	runs	Sword and Shield tutor; Legends Z-A TM
SPECIES_SKORUPI	Struggle Bug	runs	Black and White TM; Black 2 and White 2 TM; X and Y TM; Omega Ruby and Alpha Sapphire TM
SPECIES_DRAPION	Brutal Swing	runs	Sun and Moon TM; Ultra Sun and Ultra Moon TM; Sword and Shield TM; Legends Z-A TM
SPECIES_DRAPION	Bulldoze	runs	Black and White TM; Black 2 and White 2 TM; X and Y TM; Omega Ruby and Alpha Sapphire TM; Sun and Moon TM; Ultra Sun and Ultra Moon TM; Sword and Shield TM; Brilliant Diamond and Shining Pearl TM; Legends Z-A TM
SPECIES_DRAPION	Confide	runs	X and Y TM; Omega Ruby and Alpha Sapphire TM; Sun and Moon TM; Ultra Sun and Ultra Moon TM
SPECIES_DRAPION	Infestation	runs	X and Y TM; Omega Ruby and Alpha Sapphire TM; Sun and Moon TM; Ultra Sun and Ultra Moon TM
SPECIES_DRAPION	Lash Out	runs	Sword and Shield tutor; Legends Z-A TM
SPECIES_DRAPION	Retaliate	runs	Black and White TM; Black 2 and White 2 TM; X and Y TM; Omega Ruby and Alpha Sapphire TM; Sword and Shield TM; Legends Z-A TM
SPECIES_DRAPION	Round	runs	Black and White TM; Black 2 and White 2 TM; X and Y TM; Omega Ruby and Alpha Sapphire TM; Sun and Moon TM; Ultra Sun and Ultra Moon TM; Sword and Shield TM; Legends Z-A TM
SPECIES_DRAPION	Skitter Smack	runs	Sword and Shield tutor; Legends Z-A TM
SPECIES_DRAPION	Snarl	runs	Black and White TM; Black 2 and White 2 TM; X and Y TM; Omega Ruby and Alpha Sapphire TM; Sun and Moon TM; Ultra Sun and Ultra Moon TM; Sword and Shield TM; Brilliant Diamond and Shining Pearl TM; Legends Z-A TM
SPECIES_DRAPION	StompingTantrum	runs	Ultra Sun and Ultra Moon tutor; Sword and Shield TM; Legends Z-A TM
SPECIES_DRAPION	Struggle Bug	runs	Black and White TM; Black 2 and White 2 TM; X and Y TM; Omega Ruby and Alpha Sapphire TM
SPECIES_DRAPION	Throat Chop	stub: plain hit	Ultra Sun and Ultra Moon tutor; Sword and Shield TM; Legends Z-A TM
SPECIES_DRAPION	Venom Drench	runs	Sword and Shield TM; Legends Z-A TM
SPECIES_CROAGUNK	Acid Spray	runs	Scarlet and Violet TM; Legends Z-A TM
SPECIES_CROAGUNK	Bulldoze	runs	Black and White TM; Black 2 and White 2 TM; X and Y TM; Omega Ruby and Alpha Sapphire TM; Sun and Moon TM; Ultra Sun and Ultra Moon TM; Sword and Shield TM; Brilliant Diamond and Shining Pearl TM; Scarlet and Violet TM; Legends Z-A TM
SPECIES_CROAGUNK	Chilling Water	runs	Scarlet and Violet TM; Legends Z-A TM
SPECIES_CROAGUNK	Coaching	runs	Sword and Shield tutor; Scarlet and Violet TM
SPECIES_CROAGUNK	Confide	runs	X and Y TM; Omega Ruby and Alpha Sapphire TM; Sun and Moon TM; Ultra Sun and Ultra Moon TM
SPECIES_CROAGUNK	Dual Chop	runs	Black 2 and White 2 tutor; Omega Ruby and Alpha Sapphire tutor; Ultra Sun and Ultra Moon tutor
SPECIES_CROAGUNK	Foul Play	runs	Black 2 and White 2 tutor; Omega Ruby and Alpha Sapphire tutor; Ultra Sun and Ultra Moon tutor; Sword and Shield TM; Scarlet and Violet TM; Legends Z-A TM
SPECIES_CROAGUNK	Lash Out	runs	Sword and Shield tutor; Scarlet and Violet TM
SPECIES_CROAGUNK	Low Sweep	runs	Black and White TM; Black 2 and White 2 TM; X and Y TM; Omega Ruby and Alpha Sapphire TM; Sun and Moon TM; Ultra Sun and Ultra Moon TM; Sword and Shield TM; Brilliant Diamond and Shining Pearl TM; Scarlet and Violet TM; Legends Z-A TM
SPECIES_CROAGUNK	Power-Up Punch	runs	X and Y TM; Omega Ruby and Alpha Sapphire TM
SPECIES_CROAGUNK	Quick Guard	runs	X and Y egg; Omega Ruby and Alpha Sapphire egg; Sun and Moon egg; Ultra Sun and Ultra Moon egg; Sword and Shield egg; Brilliant Diamond and Shining Pearl egg; Scarlet and Violet egg; Legends Z-A TM; Legends Z-A egg
SPECIES_CROAGUNK	Retaliate	runs	Black and White TM; Black 2 and White 2 TM; X and Y TM; Omega Ruby and Alpha Sapphire TM; Sword and Shield TM
SPECIES_CROAGUNK	Round	runs	Black and White TM; Black 2 and White 2 TM; X and Y TM; Omega Ruby and Alpha Sapphire TM; Sun and Moon TM; Ultra Sun and Ultra Moon TM; Sword and Shield TM
SPECIES_CROAGUNK	Sludge Wave	runs	Black and White TM; Black 2 and White 2 TM; X and Y TM; Omega Ruby and Alpha Sapphire TM; Sun and Moon TM; Ultra Sun and Ultra Moon TM; Sword and Shield TM; Scarlet and Violet TM
SPECIES_CROAGUNK	Tera Blast	runs	Scarlet and Violet TM; Legends Z-A TM
SPECIES_CROAGUNK	Upper Hand	runs	Scarlet and Violet TM
SPECIES_CROAGUNK	Venom Drench	runs	Sword and Shield TM
SPECIES_CROAGUNK	Work Up	runs	Black and White TM; Black 2 and White 2 TM; Sun and Moon TM; Ultra Sun and Ultra Moon TM; Sword and Shield TM; Brilliant Diamond and Shining Pearl TM
SPECIES_TOXICROAK	Acid Spray	runs	Scarlet and Violet TM; Legends Z-A TM
SPECIES_TOXICROAK	Bulldoze	runs	Black and White TM; Black 2 and White 2 TM; X and Y TM; Omega Ruby and Alpha Sapphire TM; Sun and Moon TM; Ultra Sun and Ultra Moon TM; Sword and Shield TM; Brilliant Diamond and Shining Pearl TM; Scarlet and Violet TM; Legends Z-A TM
SPECIES_TOXICROAK	Chilling Water	runs	Scarlet and Violet TM; Legends Z-A TM
SPECIES_TOXICROAK	Coaching	runs	Sword and Shield tutor; Scarlet and Violet TM
SPECIES_TOXICROAK	Confide	runs	X and Y TM; Omega Ruby and Alpha Sapphire TM; Sun and Moon TM; Ultra Sun and Ultra Moon TM
SPECIES_TOXICROAK	Corrosive Gas	partial: status move running the plain-hit script: its effect never happens	Sword and Shield tutor
SPECIES_TOXICROAK	Dual Chop	runs	Black 2 and White 2 tutor; Omega Ruby and Alpha Sapphire tutor; Ultra Sun and Ultra Moon tutor
SPECIES_TOXICROAK	Foul Play	runs	Black 2 and White 2 tutor; Omega Ruby and Alpha Sapphire tutor; Ultra Sun and Ultra Moon tutor; Sword and Shield TM; Scarlet and Violet TM; Legends Z-A TM
SPECIES_TOXICROAK	Lash Out	runs	Sword and Shield tutor; Scarlet and Violet TM
SPECIES_TOXICROAK	Low Sweep	runs	Black and White TM; Black 2 and White 2 TM; X and Y TM; Omega Ruby and Alpha Sapphire TM; Sun and Moon TM; Ultra Sun and Ultra Moon TM; Sword and Shield TM; Brilliant Diamond and Shining Pearl TM; Scarlet and Violet TM; Legends Z-A TM
SPECIES_TOXICROAK	Power-Up Punch	runs	X and Y TM; Omega Ruby and Alpha Sapphire TM
SPECIES_TOXICROAK	Quick Guard	runs	X and Y egg; Omega Ruby and Alpha Sapphire egg; Sun and Moon egg; Ultra Sun and Ultra Moon egg; Sword and Shield egg; Brilliant Diamond and Shining Pearl egg; Scarlet and Violet egg
SPECIES_TOXICROAK	Retaliate	runs	Black and White TM; Black 2 and White 2 TM; X and Y TM; Omega Ruby and Alpha Sapphire TM; Sword and Shield TM
SPECIES_TOXICROAK	Round	runs	Black and White TM; Black 2 and White 2 TM; X and Y TM; Omega Ruby and Alpha Sapphire TM; Sun and Moon TM; Ultra Sun and Ultra Moon TM; Sword and Shield TM
SPECIES_TOXICROAK	Sludge Wave	runs	Black and White TM; Black 2 and White 2 TM; X and Y TM; Omega Ruby and Alpha Sapphire TM; Sun and Moon TM; Ultra Sun and Ultra Moon TM; Sword and Shield TM; Scarlet and Violet TM
SPECIES_TOXICROAK	Tera Blast	runs	Scarlet and Violet TM; Legends Z-A TM
SPECIES_TOXICROAK	Throat Chop	stub: plain hit	Ultra Sun and Ultra Moon tutor; Sword and Shield TM; Scarlet and Violet TM
SPECIES_TOXICROAK	Upper Hand	runs	Scarlet and Violet TM
SPECIES_TOXICROAK	Venom Drench	runs	Sword and Shield TM
SPECIES_TOXICROAK	Work Up	runs	Black and White TM; Black 2 and White 2 TM; Sun and Moon TM; Ultra Sun and Ultra Moon TM; Sword and Shield TM; Brilliant Diamond and Shining Pearl TM
SPECIES_CARNIVINE	Confide	runs	X and Y TM; Omega Ruby and Alpha Sapphire TM; Sun and Moon TM; Ultra Sun and Ultra Moon TM
SPECIES_CARNIVINE	Infestation	runs	X and Y TM; Omega Ruby and Alpha Sapphire TM; Sun and Moon TM; Ultra Sun and Ultra Moon TM
SPECIES_CARNIVINE	Rage Powder	runs	Black and White egg; Black 2 and White 2 egg; X and Y egg; Omega Ruby and Alpha Sapphire egg; Sun and Moon egg; Ultra Sun and Ultra Moon egg; Brilliant Diamond and Shining Pearl egg
SPECIES_CARNIVINE	Round	runs	Black and White TM; Black 2 and White 2 TM; X and Y TM; Omega Ruby and Alpha Sapphire TM; Sun and Moon TM; Ultra Sun and Ultra Moon TM; Legends Z-A TM
SPECIES_CARNIVINE	Throat Chop	stub: plain hit	Ultra Sun and Ultra Moon tutor; Legends Z-A TM
SPECIES_FINNEON	Acrobatics	runs	Scarlet and Violet TM; Legends Z-A TM
SPECIES_FINNEON	Alluring Voice	runs	Scarlet and Violet TM
SPECIES_FINNEON	Chilling Water	runs	Scarlet and Violet TM; Legends Z-A TM
SPECIES_FINNEON	Confide	runs	X and Y TM; Omega Ruby and Alpha Sapphire TM; Sun and Moon TM; Ultra Sun and Ultra Moon TM
SPECIES_FINNEON	Dazzling Gleam	runs	Scarlet and Violet TM; Legends Z-A TM
SPECIES_FINNEON	Flip Turn	runs	Scarlet and Violet TM
SPECIES_FINNEON	Round	runs	Black and White TM; Black 2 and White 2 TM; X and Y TM; Omega Ruby and Alpha Sapphire TM; Sun and Moon TM; Ultra Sun and Ultra Moon TM
SPECIES_FINNEON	Scald	runs	Black and White TM; Black 2 and White 2 TM; X and Y TM; Omega Ruby and Alpha Sapphire TM; Sun and Moon TM; Ultra Sun and Ultra Moon TM; Brilliant Diamond and Shining Pearl TM
SPECIES_FINNEON	Tera Blast	runs	Scarlet and Violet TM; Legends Z-A TM
SPECIES_LUMINEON	Acrobatics	runs	Scarlet and Violet TM; Legends Z-A TM
SPECIES_LUMINEON	Alluring Voice	runs	Scarlet and Violet TM
SPECIES_LUMINEON	Chilling Water	runs	Scarlet and Violet TM; Legends Z-A TM
SPECIES_LUMINEON	Confide	runs	X and Y TM; Omega Ruby and Alpha Sapphire TM; Sun and Moon TM; Ultra Sun and Ultra Moon TM
SPECIES_LUMINEON	Dazzling Gleam	runs	Scarlet and Violet TM; Legends Z-A TM
SPECIES_LUMINEON	Flip Turn	runs	Scarlet and Violet TM
SPECIES_LUMINEON	Round	runs	Black and White TM; Black 2 and White 2 TM; X and Y TM; Omega Ruby and Alpha Sapphire TM; Sun and Moon TM; Ultra Sun and Ultra Moon TM
SPECIES_LUMINEON	Scald	runs	Black and White TM; Black 2 and White 2 TM; X and Y TM; Omega Ruby and Alpha Sapphire TM; Sun and Moon TM; Ultra Sun and Ultra Moon TM; Brilliant Diamond and Shining Pearl TM
SPECIES_LUMINEON	Tera Blast	runs	Scarlet and Violet TM; Legends Z-A TM
SPECIES_MANTYKE	Acrobatics	runs	Black and White TM; Black 2 and White 2 TM; X and Y TM; Omega Ruby and Alpha Sapphire TM; Sun and Moon TM; Ultra Sun and Ultra Moon TM; Sword and Shield TM; Legends Z-A TM
SPECIES_MANTYKE	Bulldoze	runs	Black and White TM; Black 2 and White 2 TM; X and Y TM; Omega Ruby and Alpha Sapphire TM; Sun and Moon TM; Ultra Sun and Ultra Moon TM; Sword and Shield TM; Brilliant Diamond and Shining Pearl TM; Legends Z-A TM
SPECIES_MANTYKE	Confide	runs	X and Y TM; Omega Ruby and Alpha Sapphire TM; Sun and Moon TM; Ultra Sun and Ultra Moon TM
SPECIES_MANTYKE	Round	runs	Black and White TM; Black 2 and White 2 TM; X and Y TM; Omega Ruby and Alpha Sapphire TM; Sun and Moon TM; Ultra Sun and Ultra Moon TM; Sword and Shield TM; Legends Z-A TM
SPECIES_MANTYKE	Scald	runs	Black and White TM; Black 2 and White 2 TM; X and Y TM; Omega Ruby and Alpha Sapphire TM; Sun and Moon TM; Ultra Sun and Ultra Moon TM; Sword and Shield TM; Brilliant Diamond and Shining Pearl TM; Legends Z-A TM
SPECIES_SNOVER	Chilling Water	runs	Scarlet and Violet TM; Legends Z-A TM
SPECIES_SNOVER	Confide	runs	X and Y TM; Omega Ruby and Alpha Sapphire TM; Sun and Moon TM; Ultra Sun and Ultra Moon TM
SPECIES_SNOVER	Frost Breath	runs	Black and White TM; Black 2 and White 2 TM; X and Y TM; Omega Ruby and Alpha Sapphire TM; Sun and Moon TM; Ultra Sun and Ultra Moon TM
SPECIES_SNOVER	Grassy Glide	partial: plain 55 hit; its priority in Grassy Terrain waits on terrain	Sword and Shield tutor; Scarlet and Violet TM
SPECIES_SNOVER	Ice Spinner	runs	Scarlet and Violet TM
SPECIES_SNOVER	Round	runs	Black and White TM; Black 2 and White 2 TM; X and Y TM; Omega Ruby and Alpha Sapphire TM; Sun and Moon TM; Ultra Sun and Ultra Moon TM; Sword and Shield TM
SPECIES_SNOVER	Snowscape	stub: nothing happens	Scarlet and Violet TM
SPECIES_SNOVER	Tera Blast	runs	Scarlet and Violet TM
SPECIES_SNOVER	Trailblaze	runs	Scarlet and Violet TM; Legends Z-A TM
SPECIES_ABOMASNOW	Body Press	runs	Scarlet and Violet TM
SPECIES_ABOMASNOW	Bulldoze	runs	Black and White TM; Black 2 and White 2 TM; X and Y TM; Omega Ruby and Alpha Sapphire TM; Sun and Moon TM; Ultra Sun and Ultra Moon TM; Sword and Shield TM; Brilliant Diamond and Shining Pearl TM; Scarlet and Violet TM
SPECIES_ABOMASNOW	Chilling Water	runs	Scarlet and Violet TM; Legends Z-A TM
SPECIES_ABOMASNOW	Confide	runs	X and Y TM; Omega Ruby and Alpha Sapphire TM; Sun and Moon TM; Ultra Sun and Ultra Moon TM
SPECIES_ABOMASNOW	Frost Breath	runs	Black and White TM; Black 2 and White 2 TM; X and Y TM; Omega Ruby and Alpha Sapphire TM; Sun and Moon TM; Ultra Sun and Ultra Moon TM; Legends Z-A TM
SPECIES_ABOMASNOW	Grassy Glide	partial: plain 55 hit; its priority in Grassy Terrain waits on terrain	Sword and Shield tutor; Scarlet and Violet TM
SPECIES_ABOMASNOW	Hard Press	runs	Scarlet and Violet TM
SPECIES_ABOMASNOW	Ice Spinner	runs	Scarlet and Violet TM
SPECIES_ABOMASNOW	Round	runs	Black and White TM; Black 2 and White 2 TM; X and Y TM; Omega Ruby and Alpha Sapphire TM; Sun and Moon TM; Ultra Sun and Ultra Moon TM; Sword and Shield TM
SPECIES_ABOMASNOW	Snowscape	stub: nothing happens	Scarlet and Violet TM
SPECIES_ABOMASNOW	StompingTantrum	runs	Ultra Sun and Ultra Moon tutor; Sword and Shield TM; Scarlet and Violet TM
SPECIES_ABOMASNOW	Tera Blast	runs	Scarlet and Violet TM
SPECIES_ABOMASNOW	Trailblaze	runs	Scarlet and Violet TM; Legends Z-A TM
SPECIES_WEAVILE	Chilling Water	runs	Scarlet and Violet TM; Legends Z-A TM
SPECIES_WEAVILE	Confide	runs	X and Y TM; Omega Ruby and Alpha Sapphire TM; Sun and Moon TM; Ultra Sun and Ultra Moon TM
SPECIES_WEAVILE	Foul Play	runs	Black 2 and White 2 tutor; Omega Ruby and Alpha Sapphire tutor; Ultra Sun and Ultra Moon tutor; Sword and Shield TM; Scarlet and Violet TM; Legends Z-A TM
SPECIES_WEAVILE	Ice Spinner	runs	Scarlet and Violet TM; Legends Z-A TM
SPECIES_WEAVILE	Icicle Crash	runs	X and Y egg; Omega Ruby and Alpha Sapphire egg; Sun and Moon egg; Ultra Sun and Ultra Moon egg; Sword and Shield egg; Brilliant Diamond and Shining Pearl egg; Scarlet and Violet egg
SPECIES_WEAVILE	Laser Focus	runs	Ultra Sun and Ultra Moon tutor
SPECIES_WEAVILE	Lash Out	runs	Sword and Shield tutor; Scarlet and Violet TM
SPECIES_WEAVILE	Low Sweep	runs	Black and White TM; Black 2 and White 2 TM; X and Y TM; Omega Ruby and Alpha Sapphire TM; Sun and Moon TM; Ultra Sun and Ultra Moon TM; Sword and Shield TM; Brilliant Diamond and Shining Pearl TM; Scarlet and Violet TM; Legends Z-A TM
SPECIES_WEAVILE	Power-Up Punch	runs	X and Y TM; Omega Ruby and Alpha Sapphire TM
SPECIES_WEAVILE	Retaliate	runs	Black and White TM; Black 2 and White 2 TM; X and Y TM; Omega Ruby and Alpha Sapphire TM; Sword and Shield TM
SPECIES_WEAVILE	Round	runs	Black and White TM; Black 2 and White 2 TM; X and Y TM; Omega Ruby and Alpha Sapphire TM; Sun and Moon TM; Ultra Sun and Ultra Moon TM; Sword and Shield TM
SPECIES_WEAVILE	Snarl	runs	Black and White TM; Black 2 and White 2 TM; X and Y TM; Omega Ruby and Alpha Sapphire TM; Sun and Moon TM; Ultra Sun and Ultra Moon TM; Sword and Shield TM; Brilliant Diamond and Shining Pearl TM; Scarlet and Violet TM; Legends Z-A TM
SPECIES_WEAVILE	Snowscape	stub: nothing happens	Scarlet and Violet TM; Legends Z-A TM
SPECIES_WEAVILE	Tera Blast	runs	Scarlet and Violet TM; Legends Z-A TM
SPECIES_WEAVILE	Throat Chop	stub: plain hit	Sun and Moon egg; Ultra Sun and Ultra Moon tutor; Ultra Sun and Ultra Moon egg; Sword and Shield TM; Brilliant Diamond and Shining Pearl egg; Scarlet and Violet TM
SPECIES_WEAVILE	Trailblaze	runs	Scarlet and Violet TM; Legends Z-A TM
SPECIES_WEAVILE	Triple Axel	runs	Sword and Shield tutor; Scarlet and Violet TM
SPECIES_WEAVILE	Upper Hand	runs	Scarlet and Violet TM
SPECIES_MAGNEZONE	Ally Switch	partial: status move running the plain-hit script: its effect never happens	Ultra Sun and Ultra Moon tutor; Sword and Shield TM
SPECIES_MAGNEZONE	Body Press	runs	Sword and Shield TM; Scarlet and Violet TM; Legends Z-A TM
SPECIES_MAGNEZONE	Confide	runs	X and Y TM; Omega Ruby and Alpha Sapphire TM; Sun and Moon TM; Ultra Sun and Ultra Moon TM
SPECIES_MAGNEZONE	Eerie Impulse	runs	Scarlet and Violet TM; Legends Z-A TM
SPECIES_MAGNEZONE	Electroweb	runs	Black 2 and White 2 tutor; Omega Ruby and Alpha Sapphire tutor; Ultra Sun and Ultra Moon tutor; Sword and Shield TM; Scarlet and Violet TM; Scarlet and Violet egg
SPECIES_MAGNEZONE	Hard Press	runs	Scarlet and Violet TM
SPECIES_MAGNEZONE	Heavy Slam	runs	Sword and Shield TM; Scarlet and Violet TM; Legends Z-A TM
SPECIES_MAGNEZONE	Rising Voltage	runs	Sword and Shield tutor
SPECIES_MAGNEZONE	Round	runs	Black and White TM; Black 2 and White 2 TM; X and Y TM; Omega Ruby and Alpha Sapphire TM; Sun and Moon TM; Ultra Sun and Ultra Moon TM; Sword and Shield TM
SPECIES_MAGNEZONE	Steel Beam	runs	Sword and Shield tutor; Scarlet and Violet TM; Legends Z-A TM
SPECIES_MAGNEZONE	Steel Roller	stub: plain 130 hit, should fail without terrain	Sword and Shield tutor
SPECIES_MAGNEZONE	Supercell Slam	runs	Scarlet and Violet TM
SPECIES_MAGNEZONE	Tera Blast	runs	Scarlet and Violet TM; Legends Z-A TM
SPECIES_MAGNEZONE	Volt Switch	runs	Black and White TM; Black 2 and White 2 TM; X and Y TM; Omega Ruby and Alpha Sapphire TM; Sun and Moon TM; Ultra Sun and Ultra Moon TM; Sword and Shield TM; Brilliant Diamond and Shining Pearl TM; Scarlet and Violet TM; Legends Z-A TM
SPECIES_MAGNEZONE	Wild Charge	runs	Black and White TM; Black 2 and White 2 TM; X and Y TM; Omega Ruby and Alpha Sapphire TM; Sun and Moon TM; Ultra Sun and Ultra Moon TM; Sword and Shield TM; Scarlet and Violet TM; Legends Z-A TM
SPECIES_LICKILICKY	Belch	runs	X and Y egg; Omega Ruby and Alpha Sapphire egg; Sun and Moon egg; Ultra Sun and Ultra Moon egg; Sword and Shield egg; Brilliant Diamond and Shining Pearl egg
SPECIES_LICKILICKY	Body Press	runs	Sword and Shield TM; Legends Z-A TM
SPECIES_LICKILICKY	Brutal Swing	runs	Sun and Moon TM; Ultra Sun and Ultra Moon TM; Sword and Shield TM; Legends Z-A TM
SPECIES_LICKILICKY	Confide	runs	X and Y TM; Omega Ruby and Alpha Sapphire TM; Sun and Moon TM; Ultra Sun and Ultra Moon TM
SPECIES_LICKILICKY	Dragon Tail	runs	Black and White TM; Black 2 and White 2 TM; X and Y TM; Omega Ruby and Alpha Sapphire TM; Sun and Moon TM; Ultra Sun and Ultra Moon TM
SPECIES_LICKILICKY	Incinerate	runs	Black and White TM; Black 2 and White 2 TM; X and Y TM; Omega Ruby and Alpha Sapphire TM
SPECIES_LICKILICKY	Power-Up Punch	runs	X and Y TM; Omega Ruby and Alpha Sapphire TM
SPECIES_LICKILICKY	Retaliate	runs	Black and White TM; Black 2 and White 2 TM; X and Y TM; Omega Ruby and Alpha Sapphire TM; Sword and Shield TM; Legends Z-A TM
SPECIES_LICKILICKY	Round	runs	Black and White TM; Black 2 and White 2 TM; X and Y TM; Omega Ruby and Alpha Sapphire TM; Sun and Moon TM; Ultra Sun and Ultra Moon TM; Sword and Shield TM; Legends Z-A TM
SPECIES_LICKILICKY	Steel Roller	stub: plain 130 hit, should fail without terrain	Sword and Shield tutor; Legends Z-A TM
SPECIES_LICKILICKY	StompingTantrum	runs	Ultra Sun and Ultra Moon tutor; Sword and Shield TM; Legends Z-A TM
SPECIES_LICKILICKY	Terrain Pulse	partial: plain 50 Normal hit; its type and power change wait on terrain	Sword and Shield tutor; Legends Z-A TM
SPECIES_LICKILICKY	Work Up	runs	Black and White TM; Black 2 and White 2 TM; Sun and Moon TM; Ultra Sun and Ultra Moon TM; Sword and Shield TM; Brilliant Diamond and Shining Pearl TM; Legends Z-A TM
SPECIES_RHYPERIOR	Body Press	runs	Sword and Shield TM; Scarlet and Violet TM; Legends Z-A TM
SPECIES_RHYPERIOR	Breaking Swipe	runs	Sword and Shield TM; Scarlet and Violet TM; Legends Z-A TM
SPECIES_RHYPERIOR	Brutal Swing	runs	Sun and Moon TM; Ultra Sun and Ultra Moon TM; Sword and Shield TM; Legends Z-A TM
SPECIES_RHYPERIOR	Confide	runs	X and Y TM; Omega Ruby and Alpha Sapphire TM; Sun and Moon TM; Ultra Sun and Ultra Moon TM
SPECIES_RHYPERIOR	Dragon Tail	runs	Black and White TM; Black 2 and White 2 TM; X and Y TM; Omega Ruby and Alpha Sapphire TM; Sun and Moon TM; Ultra Sun and Ultra Moon TM; Scarlet and Violet TM
SPECIES_RHYPERIOR	Guard Split	runs	X and Y egg; Omega Ruby and Alpha Sapphire egg; Sun and Moon egg; Ultra Sun and Ultra Moon egg; Sword and Shield egg; Brilliant Diamond and Shining Pearl egg; Scarlet and Violet egg
SPECIES_RHYPERIOR	Heat Crash	runs	Sword and Shield TM; Scarlet and Violet TM; Legends Z-A TM
SPECIES_RHYPERIOR	Heavy Slam	runs	Sword and Shield TM; Scarlet and Violet TM; Legends Z-A TM
SPECIES_RHYPERIOR	Incinerate	runs	Black and White TM; Black 2 and White 2 TM; X and Y TM; Omega Ruby and Alpha Sapphire TM
SPECIES_RHYPERIOR	Meteor Beam	runs	Sword and Shield tutor; Scarlet and Violet TM; Legends Z-A TM
SPECIES_RHYPERIOR	Power-Up Punch	runs	X and Y TM; Omega Ruby and Alpha Sapphire TM
SPECIES_RHYPERIOR	Rototiller	partial: status move running the plain-hit script: its effect never happens	X and Y egg; Omega Ruby and Alpha Sapphire egg; Sun and Moon egg; Ultra Sun and Ultra Moon egg
SPECIES_RHYPERIOR	Round	runs	Black and White TM; Black 2 and White 2 TM; X and Y TM; Omega Ruby and Alpha Sapphire TM; Sun and Moon TM; Ultra Sun and Ultra Moon TM; Sword and Shield TM; Legends Z-A TM
SPECIES_RHYPERIOR	Scorching Sands	runs	Sword and Shield tutor; Scarlet and Violet TM; Legends Z-A TM
SPECIES_RHYPERIOR	Smart Strike	runs	Sun and Moon TM; Ultra Sun and Ultra Moon TM; Sword and Shield TM; Scarlet and Violet TM; Legends Z-A TM
SPECIES_RHYPERIOR	StompingTantrum	runs	Ultra Sun and Ultra Moon tutor; Sword and Shield TM; Scarlet and Violet TM; Legends Z-A TM
SPECIES_RHYPERIOR	Supercell Slam	runs	Scarlet and Violet TM
SPECIES_RHYPERIOR	Temper Flare	runs	Scarlet and Violet TM
SPECIES_RHYPERIOR	Tera Blast	runs	Scarlet and Violet TM
SPECIES_TANGROWTH	Brutal Swing	runs	Sword and Shield TM; Legends Z-A TM
SPECIES_TANGROWTH	Bulldoze	runs	Black and White TM; Black 2 and White 2 TM; X and Y TM; Omega Ruby and Alpha Sapphire TM; Sun and Moon TM; Ultra Sun and Ultra Moon TM; Sword and Shield TM; Brilliant Diamond and Shining Pearl TM; Legends Z-A TM
SPECIES_TANGROWTH	Confide	runs	X and Y TM; Omega Ruby and Alpha Sapphire TM; Sun and Moon TM; Ultra Sun and Ultra Moon TM
SPECIES_TANGROWTH	Grassy Glide	partial: plain 55 hit; its priority in Grassy Terrain waits on terrain	Sword and Shield tutor; Legends Z-A TM
SPECIES_TANGROWTH	Infestation	runs	X and Y TM; Omega Ruby and Alpha Sapphire TM; Sun and Moon TM; Ultra Sun and Ultra Moon TM
SPECIES_TANGROWTH	Rage Powder	runs	Black and White egg; Black 2 and White 2 egg; X and Y egg; Omega Ruby and Alpha Sapphire egg; Sun and Moon egg; Ultra Sun and Ultra Moon egg; Sword and Shield egg; Brilliant Diamond and Shining Pearl egg
SPECIES_TANGROWTH	Round	runs	Black and White TM; Black 2 and White 2 TM; X and Y TM; Omega Ruby and Alpha Sapphire TM; Sun and Moon TM; Ultra Sun and Ultra Moon TM; Sword and Shield TM; Legends Z-A TM
SPECIES_TANGROWTH	Solar Blade	runs	Sword and Shield TM; Legends Z-A TM
SPECIES_TANGROWTH	StompingTantrum	runs	Ultra Sun and Ultra Moon tutor; Sword and Shield TM; Legends Z-A TM
SPECIES_ELECTIVIRE	Bulldoze	runs	Black and White TM; Black 2 and White 2 TM; X and Y TM; Omega Ruby and Alpha Sapphire TM; Sun and Moon TM; Ultra Sun and Ultra Moon TM; Sword and Shield TM; Brilliant Diamond and Shining Pearl TM; Scarlet and Violet TM; Legends Z-A TM
SPECIES_ELECTIVIRE	Confide	runs	X and Y TM; Omega Ruby and Alpha Sapphire TM; Sun and Moon TM; Ultra Sun and Ultra Moon TM
SPECIES_ELECTIVIRE	Darkest Lariat	runs	Sword and Shield TM; Legends Z-A TM
SPECIES_ELECTIVIRE	Dual Chop	runs	Black 2 and White 2 tutor; Omega Ruby and Alpha Sapphire tutor; Ultra Sun and Ultra Moon tutor
SPECIES_ELECTIVIRE	Eerie Impulse	runs	Scarlet and Violet TM
SPECIES_ELECTIVIRE	Electroweb	runs	Black 2 and White 2 tutor; Omega Ruby and Alpha Sapphire tutor; Ultra Sun and Ultra Moon tutor; Sword and Shield TM; Scarlet and Violet TM; Legends Z-A TM
SPECIES_ELECTIVIRE	Low Sweep	runs	Black and White TM; Black 2 and White 2 TM; X and Y TM; Omega Ruby and Alpha Sapphire TM; Sun and Moon TM; Ultra Sun and Ultra Moon TM; Sword and Shield TM; Brilliant Diamond and Shining Pearl TM; Scarlet and Violet TM; Legends Z-A TM
SPECIES_ELECTIVIRE	Power-Up Punch	runs	X and Y TM; Omega Ruby and Alpha Sapphire TM
SPECIES_ELECTIVIRE	Rising Voltage	runs	Sword and Shield tutor; Legends Z-A TM
SPECIES_ELECTIVIRE	Round	runs	Black and White TM; Black 2 and White 2 TM; X and Y TM; Omega Ruby and Alpha Sapphire TM; Sun and Moon TM; Ultra Sun and Ultra Moon TM; Sword and Shield TM; Legends Z-A TM
SPECIES_ELECTIVIRE	StompingTantrum	runs	Ultra Sun and Ultra Moon tutor; Sword and Shield TM; Scarlet and Violet TM; Legends Z-A TM
SPECIES_ELECTIVIRE	Supercell Slam	runs	Scarlet and Violet TM
SPECIES_ELECTIVIRE	Tera Blast	runs	Scarlet and Violet TM
SPECIES_ELECTIVIRE	Trailblaze	runs	Scarlet and Violet TM
SPECIES_ELECTIVIRE	Volt Switch	runs	Black and White TM; Black 2 and White 2 TM; X and Y TM; Omega Ruby and Alpha Sapphire TM; Sun and Moon TM; Ultra Sun and Ultra Moon TM; Sword and Shield TM; Brilliant Diamond and Shining Pearl TM; Scarlet and Violet TM; Legends Z-A TM
SPECIES_MAGMORTAR	Acid Spray	runs	Scarlet and Violet TM
SPECIES_MAGMORTAR	Belch	runs	X and Y egg; Omega Ruby and Alpha Sapphire egg; Sun and Moon egg; Ultra Sun and Ultra Moon egg; Sword and Shield egg; Brilliant Diamond and Shining Pearl egg; Scarlet and Violet egg
SPECIES_MAGMORTAR	Bulldoze	runs	Black and White TM; Black 2 and White 2 TM; X and Y TM; Omega Ruby and Alpha Sapphire TM; Sun and Moon TM; Ultra Sun and Ultra Moon TM; Sword and Shield TM; Brilliant Diamond and Shining Pearl TM; Scarlet and Violet TM; Legends Z-A TM
SPECIES_MAGMORTAR	BurningJealousy	runs	Sword and Shield tutor; Scarlet and Violet TM; Legends Z-A TM
SPECIES_MAGMORTAR	Confide	runs	X and Y TM; Omega Ruby and Alpha Sapphire TM; Sun and Moon TM; Ultra Sun and Ultra Moon TM
SPECIES_MAGMORTAR	Dual Chop	runs	Black 2 and White 2 tutor; Omega Ruby and Alpha Sapphire tutor; Ultra Sun and Ultra Moon tutor
SPECIES_MAGMORTAR	Flame Charge	runs	Black and White TM; Black 2 and White 2 TM; X and Y TM; Omega Ruby and Alpha Sapphire TM; Sun and Moon TM; Ultra Sun and Ultra Moon TM; Scarlet and Violet TM
SPECIES_MAGMORTAR	Heat Crash	runs	Scarlet and Violet TM
SPECIES_MAGMORTAR	Incinerate	runs	Black and White TM; Black 2 and White 2 TM; X and Y TM; Omega Ruby and Alpha Sapphire TM
SPECIES_MAGMORTAR	Low Sweep	runs	Black and White TM; Black 2 and White 2 TM; X and Y TM; Omega Ruby and Alpha Sapphire TM; Sun and Moon TM; Ultra Sun and Ultra Moon TM; Sword and Shield TM; Brilliant Diamond and Shining Pearl TM; Scarlet and Violet TM; Legends Z-A TM
SPECIES_MAGMORTAR	Mystical Fire	runs	Sword and Shield TM; Legends Z-A TM
SPECIES_MAGMORTAR	Power-Up Punch	runs	X and Y TM; Omega Ruby and Alpha Sapphire TM
SPECIES_MAGMORTAR	Round	runs	Black and White TM; Black 2 and White 2 TM; X and Y TM; Omega Ruby and Alpha Sapphire TM; Sun and Moon TM; Ultra Sun and Ultra Moon TM; Sword and Shield TM; Legends Z-A TM
SPECIES_MAGMORTAR	Scorching Sands	runs	Sword and Shield tutor; Scarlet and Violet TM; Legends Z-A TM
SPECIES_MAGMORTAR	StompingTantrum	runs	Ultra Sun and Ultra Moon tutor; Sword and Shield TM; Scarlet and Violet TM; Legends Z-A TM
SPECIES_MAGMORTAR	Temper Flare	runs	Scarlet and Violet TM
SPECIES_MAGMORTAR	Tera Blast	runs	Scarlet and Violet TM
SPECIES_TOGEKISS	Ally Switch	partial: status move running the plain-hit script: its effect never happens	Sword and Shield TM; Legends Z-A TM
SPECIES_TOGEKISS	Confide	runs	X and Y TM; Omega Ruby and Alpha Sapphire TM; Sun and Moon TM; Ultra Sun and Ultra Moon TM
SPECIES_TOGEKISS	Dazzling Gleam	runs	X and Y TM; Omega Ruby and Alpha Sapphire TM; Sun and Moon TM; Ultra Sun and Ultra Moon TM; Sword and Shield TM; Brilliant Diamond and Shining Pearl TM; Legends Z-A TM
SPECIES_TOGEKISS	Dual Wingbeat	runs	Sword and Shield tutor; Legends Z-A TM
SPECIES_TOGEKISS	Echoed Voice	runs	Black and White TM; Black 2 and White 2 TM; X and Y TM; Omega Ruby and Alpha Sapphire TM; Sun and Moon TM; Ultra Sun and Ultra Moon TM
SPECIES_TOGEKISS	Incinerate	runs	Black and White TM; Black 2 and White 2 TM; X and Y TM; Omega Ruby and Alpha Sapphire TM
SPECIES_TOGEKISS	Laser Focus	runs	Ultra Sun and Ultra Moon tutor
SPECIES_TOGEKISS	Mystical Fire	runs	Sword and Shield TM; Legends Z-A TM
SPECIES_TOGEKISS	Play Rough	runs	Sword and Shield TM; Legends Z-A TM
SPECIES_TOGEKISS	Psyshock	runs	Black and White TM; Black 2 and White 2 TM; X and Y TM; Omega Ruby and Alpha Sapphire TM; Sun and Moon TM; Ultra Sun and Ultra Moon TM; Sword and Shield TM; Legends Z-A TM
SPECIES_TOGEKISS	Retaliate	runs	Black and White TM; Black 2 and White 2 TM; X and Y TM; Omega Ruby and Alpha Sapphire TM; Sword and Shield TM; Legends Z-A TM
SPECIES_TOGEKISS	Round	runs	Black and White TM; Black 2 and White 2 TM; X and Y TM; Omega Ruby and Alpha Sapphire TM; Sun and Moon TM; Ultra Sun and Ultra Moon TM; Sword and Shield TM; Legends Z-A TM
SPECIES_TOGEKISS	Smart Strike	runs	Sword and Shield TM; Legends Z-A TM
SPECIES_TOGEKISS	Stored Power	runs	Black and White egg; Black 2 and White 2 egg; X and Y egg; Omega Ruby and Alpha Sapphire egg; Sun and Moon egg; Ultra Sun and Ultra Moon egg; Sword and Shield TM; Brilliant Diamond and Shining Pearl egg; Legends Z-A TM
SPECIES_TOGEKISS	Telekinesis	partial: status move running the plain-hit script: its effect never happens	Black and White TM; Black 2 and White 2 TM; Ultra Sun and Ultra Moon tutor
SPECIES_TOGEKISS	Work Up	runs	Black and White TM; Black 2 and White 2 TM; Sun and Moon TM; Ultra Sun and Ultra Moon TM; Sword and Shield TM; Brilliant Diamond and Shining Pearl TM; Legends Z-A TM
SPECIES_YANMEGA	Confide	runs	X and Y TM; Omega Ruby and Alpha Sapphire TM; Sun and Moon TM; Ultra Sun and Ultra Moon TM
SPECIES_YANMEGA	Dual Wingbeat	runs	Scarlet and Violet TM; Legends Z-A TM
SPECIES_YANMEGA	Laser Focus	runs	Ultra Sun and Ultra Moon tutor
SPECIES_YANMEGA	Lunge	runs	Scarlet and Violet TM
SPECIES_YANMEGA	Pounce	runs	Scarlet and Violet TM
SPECIES_YANMEGA	Psychic Noise	runs	Scarlet and Violet TM
SPECIES_YANMEGA	Round	runs	Black and White TM; Black 2 and White 2 TM; X and Y TM; Omega Ruby and Alpha Sapphire TM; Sun and Moon TM; Ultra Sun and Ultra Moon TM; Legends Z-A TM
SPECIES_YANMEGA	Skitter Smack	runs	Scarlet and Violet TM
SPECIES_YANMEGA	Struggle Bug	runs	Black and White TM; Black 2 and White 2 TM; X and Y TM; Omega Ruby and Alpha Sapphire TM; Scarlet and Violet TM
SPECIES_YANMEGA	Tera Blast	runs	Scarlet and Violet TM
SPECIES_LEAFEON	Alluring Voice	runs	Scarlet and Violet TM
SPECIES_LEAFEON	Confide	runs	X and Y TM; Omega Ruby and Alpha Sapphire TM; Sun and Moon TM; Ultra Sun and Ultra Moon TM
SPECIES_LEAFEON	Echoed Voice	runs	Black and White TM; Black 2 and White 2 TM; X and Y TM; Omega Ruby and Alpha Sapphire TM; Sun and Moon TM; Ultra Sun and Ultra Moon TM
SPECIES_LEAFEON	Grassy Glide	partial: plain 55 hit; its priority in Grassy Terrain waits on terrain	Sword and Shield tutor; Scarlet and Violet TM
SPECIES_LEAFEON	Laser Focus	runs	Ultra Sun and Ultra Moon tutor
SPECIES_LEAFEON	Retaliate	runs	Black and White TM; Black 2 and White 2 TM; X and Y TM; Omega Ruby and Alpha Sapphire TM; Sword and Shield TM
SPECIES_LEAFEON	Round	runs	Black and White TM; Black 2 and White 2 TM; X and Y TM; Omega Ruby and Alpha Sapphire TM; Sun and Moon TM; Ultra Sun and Ultra Moon TM; Sword and Shield TM
SPECIES_LEAFEON	Solar Blade	runs	Sword and Shield TM; Scarlet and Violet TM; Legends Z-A TM
SPECIES_LEAFEON	Stored Power	runs	Black and White egg; Black 2 and White 2 egg; X and Y egg; Omega Ruby and Alpha Sapphire egg; Sun and Moon egg; Ultra Sun and Ultra Moon egg; Sword and Shield TM; Brilliant Diamond and Shining Pearl egg; Scarlet and Violet TM
SPECIES_LEAFEON	Synchronoise	partial: plain 120 hit on any foe; the rule that it hits only a foe sharing a type is missing	Black and White egg; Black 2 and White 2 egg; X and Y egg; Omega Ruby and Alpha Sapphire egg; Sun and Moon egg; Ultra Sun and Ultra Moon egg
SPECIES_LEAFEON	Tera Blast	runs	Scarlet and Violet TM
SPECIES_LEAFEON	Trailblaze	runs	Scarlet and Violet TM; Legends Z-A TM
SPECIES_LEAFEON	Work Up	runs	Black and White TM; Black 2 and White 2 TM; Sun and Moon TM; Ultra Sun and Ultra Moon TM; Sword and Shield TM; Brilliant Diamond and Shining Pearl TM
SPECIES_GLACEON	Alluring Voice	runs	Scarlet and Violet TM
SPECIES_GLACEON	Aurora Veil	runs	Sun and Moon TM; Ultra Sun and Ultra Moon TM
SPECIES_GLACEON	Chilling Water	runs	Scarlet and Violet TM; Legends Z-A TM
SPECIES_GLACEON	Confide	runs	X and Y TM; Omega Ruby and Alpha Sapphire TM; Sun and Moon TM; Ultra Sun and Ultra Moon TM
SPECIES_GLACEON	Echoed Voice	runs	Black and White TM; Black 2 and White 2 TM; X and Y TM; Omega Ruby and Alpha Sapphire TM; Sun and Moon TM; Ultra Sun and Ultra Moon TM
SPECIES_GLACEON	Frost Breath	runs	Black and White TM; Black 2 and White 2 TM; X and Y TM; Omega Ruby and Alpha Sapphire TM; Sun and Moon TM; Ultra Sun and Ultra Moon TM; Legends Z-A TM
SPECIES_GLACEON	Laser Focus	runs	Ultra Sun and Ultra Moon tutor
SPECIES_GLACEON	Retaliate	runs	Black and White TM; Black 2 and White 2 TM; X and Y TM; Omega Ruby and Alpha Sapphire TM; Sword and Shield TM
SPECIES_GLACEON	Round	runs	Black and White TM; Black 2 and White 2 TM; X and Y TM; Omega Ruby and Alpha Sapphire TM; Sun and Moon TM; Ultra Sun and Ultra Moon TM; Sword and Shield TM
SPECIES_GLACEON	Stored Power	runs	Black and White egg; Black 2 and White 2 egg; X and Y egg; Omega Ruby and Alpha Sapphire egg; Sun and Moon egg; Ultra Sun and Ultra Moon egg; Sword and Shield TM; Brilliant Diamond and Shining Pearl egg; Scarlet and Violet TM
SPECIES_GLACEON	Synchronoise	partial: plain 120 hit on any foe; the rule that it hits only a foe sharing a type is missing	Black and White egg; Black 2 and White 2 egg; X and Y egg; Omega Ruby and Alpha Sapphire egg; Sun and Moon egg; Ultra Sun and Ultra Moon egg
SPECIES_GLACEON	Tera Blast	runs	Scarlet and Violet TM
SPECIES_GLACEON	Trailblaze	runs	Legends Z-A TM
SPECIES_GLACEON	Triple Axel	runs	Sword and Shield tutor; Scarlet and Violet TM; Legends Z-A TM
SPECIES_GLACEON	Work Up	runs	Black and White TM; Black 2 and White 2 TM; Sun and Moon TM; Ultra Sun and Ultra Moon TM; Sword and Shield TM; Brilliant Diamond and Shining Pearl TM
SPECIES_GLISCOR	Breaking Swipe	runs	Scarlet and Violet TM
SPECIES_GLISCOR	Brutal Swing	runs	Sun and Moon TM; Ultra Sun and Ultra Moon TM; Legends Z-A TM
SPECIES_GLISCOR	Bulldoze	runs	Black and White TM; Black 2 and White 2 TM; X and Y TM; Omega Ruby and Alpha Sapphire TM; Sun and Moon TM; Ultra Sun and Ultra Moon TM; Brilliant Diamond and Shining Pearl TM; Scarlet and Violet TM; Legends Z-A TM
SPECIES_GLISCOR	Confide	runs	X and Y TM; Omega Ruby and Alpha Sapphire TM; Sun and Moon TM; Ultra Sun and Ultra Moon TM
SPECIES_GLISCOR	Dual Wingbeat	runs	Scarlet and Violet TM; Legends Z-A TM
SPECIES_GLISCOR	High Horsepower	runs	Scarlet and Violet TM
SPECIES_GLISCOR	Hone Claws	runs	Black and White TM; Black 2 and White 2 TM; X and Y TM; Omega Ruby and Alpha Sapphire TM
SPECIES_GLISCOR	Lunge	runs	Scarlet and Violet TM
SPECIES_GLISCOR	Psychic Fangs	runs	Scarlet and Violet TM; Legends Z-A TM
SPECIES_GLISCOR	Round	runs	Black and White TM; Black 2 and White 2 TM; X and Y TM; Omega Ruby and Alpha Sapphire TM; Sun and Moon TM; Ultra Sun and Ultra Moon TM; Legends Z-A TM
SPECIES_GLISCOR	Scale Shot	partial: hits two to five times; the Speed rise and Defense drop are missing	Scarlet and Violet TM
SPECIES_GLISCOR	Skitter Smack	runs	Scarlet and Violet TM
SPECIES_GLISCOR	Struggle Bug	runs	Black and White TM; Black 2 and White 2 TM; X and Y TM; Omega Ruby and Alpha Sapphire TM; Scarlet and Violet TM
SPECIES_GLISCOR	Tera Blast	runs	Scarlet and Violet TM
SPECIES_GLISCOR	Throat Chop	stub: plain hit	Ultra Sun and Ultra Moon tutor; Scarlet and Violet TM; Legends Z-A TM
SPECIES_GLISCOR	Venoshock	runs	Black and White TM; Black 2 and White 2 TM; X and Y TM; Omega Ruby and Alpha Sapphire TM; Sun and Moon TM; Ultra Sun and Ultra Moon TM; Scarlet and Violet TM; Legends Z-A TM
SPECIES_MAMOSWINE	Body Press	runs	Sword and Shield TM; Scarlet and Violet TM; Legends Z-A TM
SPECIES_MAMOSWINE	Confide	runs	X and Y TM; Omega Ruby and Alpha Sapphire TM; Sun and Moon TM; Ultra Sun and Ultra Moon TM
SPECIES_MAMOSWINE	Freeze-Dry	runs	X and Y egg; Omega Ruby and Alpha Sapphire egg; Sun and Moon egg; Ultra Sun and Ultra Moon egg; Sword and Shield egg; Brilliant Diamond and Shining Pearl egg; Scarlet and Violet egg
SPECIES_MAMOSWINE	Hard Press	runs	Scarlet and Violet TM
SPECIES_MAMOSWINE	Heavy Slam	runs	Sword and Shield TM; Scarlet and Violet TM; Legends Z-A TM
SPECIES_MAMOSWINE	Round	runs	Black and White TM; Black 2 and White 2 TM; X and Y TM; Omega Ruby and Alpha Sapphire TM; Sun and Moon TM; Ultra Sun and Ultra Moon TM; Sword and Shield TM; Legends Z-A TM
SPECIES_MAMOSWINE	Smack Down	runs	Scarlet and Violet TM
SPECIES_MAMOSWINE	Snowscape	stub: nothing happens	Scarlet and Violet TM
SPECIES_MAMOSWINE	StompingTantrum	runs	Ultra Sun and Ultra Moon tutor; Sword and Shield TM; Scarlet and Violet TM; Legends Z-A TM
SPECIES_MAMOSWINE	Tera Blast	runs	Scarlet and Violet TM
SPECIES_MAMOSWINE	Throat Chop	stub: plain hit	Scarlet and Violet TM
SPECIES_MAMOSWINE	Trailblaze	runs	Scarlet and Violet TM
SPECIES_GALLADE	Alluring Voice	runs	Scarlet and Violet TM
SPECIES_GALLADE	Ally Switch	partial: status move running the plain-hit script: its effect never happens	Black and White TM; Black 2 and White 2 TM; X and Y egg; Omega Ruby and Alpha Sapphire egg; Sun and Moon egg; Ultra Sun and Ultra Moon tutor; Ultra Sun and Ultra Moon egg; Sword and Shield TM; Brilliant Diamond and Shining Pearl egg
SPECIES_GALLADE	Bulldoze	runs	Black and White TM; Black 2 and White 2 TM; X and Y TM; Omega Ruby and Alpha Sapphire TM; Sun and Moon TM; Ultra Sun and Ultra Moon TM; Sword and Shield TM; Brilliant Diamond and Shining Pearl TM; Scarlet and Violet TM
SPECIES_GALLADE	Coaching	runs	Sword and Shield tutor; Scarlet and Violet TM
SPECIES_GALLADE	Confide	runs	X and Y TM; Omega Ruby and Alpha Sapphire TM; Sun and Moon TM; Ultra Sun and Ultra Moon TM
SPECIES_GALLADE	Dazzling Gleam	runs	X and Y TM; Omega Ruby and Alpha Sapphire TM; Sun and Moon TM; Ultra Sun and Ultra Moon TM; Sword and Shield TM; Brilliant Diamond and Shining Pearl TM; Scarlet and Violet TM; Legends Z-A TM
SPECIES_GALLADE	Dual Chop	runs	Black 2 and White 2 tutor; Omega Ruby and Alpha Sapphire tutor; Ultra Sun and Ultra Moon tutor; Legends Z-A TM
SPECIES_GALLADE	Echoed Voice	runs	Black and White TM; Black 2 and White 2 TM; X and Y TM; Omega Ruby and Alpha Sapphire TM; Sun and Moon TM; Ultra Sun and Ultra Moon TM
SPECIES_GALLADE	Expanding Force	partial: plain 80 hit; its Psychic Terrain boost waits on terrain	Sword and Shield tutor; Scarlet and Violet TM
SPECIES_GALLADE	Hex	runs	Scarlet and Violet TM
SPECIES_GALLADE	Laser Focus	runs	Ultra Sun and Ultra Moon tutor
SPECIES_GALLADE	Low Sweep	runs	Black and White TM; Black 2 and White 2 TM; X and Y TM; Omega Ruby and Alpha Sapphire TM; Sun and Moon TM; Ultra Sun and Ultra Moon TM; Sword and Shield TM; Brilliant Diamond and Shining Pearl TM; Scarlet and Violet TM; Legends Z-A TM
SPECIES_GALLADE	Magic Room	partial: status move running the plain-hit script: its effect never happens	Black 2 and White 2 tutor; Omega Ruby and Alpha Sapphire tutor; Ultra Sun and Ultra Moon tutor; Sword and Shield TM
SPECIES_GALLADE	Misty Terrain	stub: nothing happens (terrain held)	X and Y egg; Omega Ruby and Alpha Sapphire egg; Sun and Moon egg; Ultra Sun and Ultra Moon egg; Sword and Shield TM; Brilliant Diamond and Shining Pearl egg; Scarlet and Violet TM
SPECIES_GALLADE	Power-Up Punch	runs	X and Y TM; Omega Ruby and Alpha Sapphire TM
SPECIES_GALLADE	Psychic Terrain	stub: nothing happens (terrain held)	Scarlet and Violet TM
SPECIES_GALLADE	Psyshock	runs	Black and White TM; Black 2 and White 2 TM; X and Y TM; Omega Ruby and Alpha Sapphire TM; Sun and Moon TM; Ultra Sun and Ultra Moon TM; Sword and Shield TM; Scarlet and Violet TM; Legends Z-A TM
SPECIES_GALLADE	Retaliate	runs	Black and White TM; Black 2 and White 2 TM; X and Y TM; Omega Ruby and Alpha Sapphire TM; Sword and Shield TM
SPECIES_GALLADE	Round	runs	Black and White TM; Black 2 and White 2 TM; X and Y TM; Omega Ruby and Alpha Sapphire TM; Sun and Moon TM; Ultra Sun and Ultra Moon TM; Sword and Shield TM
SPECIES_GALLADE	Solar Blade	runs	Sword and Shield TM; Scarlet and Violet TM; Legends Z-A TM
SPECIES_GALLADE	Synchronoise	partial: plain 120 hit on any foe; the rule that it hits only a foe sharing a type is missing	Black and White egg; Black 2 and White 2 egg; X and Y egg; Omega Ruby and Alpha Sapphire egg; Sun and Moon egg; Ultra Sun and Ultra Moon egg
SPECIES_GALLADE	Telekinesis	partial: status move running the plain-hit script: its effect never happens	Black and White TM; Black 2 and White 2 TM; Ultra Sun and Ultra Moon tutor
SPECIES_GALLADE	Tera Blast	runs	Scarlet and Violet TM
SPECIES_GALLADE	Throat Chop	stub: plain hit	Ultra Sun and Ultra Moon tutor; Sword and Shield TM; Scarlet and Violet TM
SPECIES_GALLADE	Triple Axel	runs	Sword and Shield tutor; Scarlet and Violet TM; Legends Z-A TM
SPECIES_GALLADE	Upper Hand	runs	Scarlet and Violet TM
SPECIES_GALLADE	Wonder Room	runs	Black 2 and White 2 tutor; Omega Ruby and Alpha Sapphire tutor; Ultra Sun and Ultra Moon tutor; Sword and Shield TM
SPECIES_GALLADE	Work Up	runs	Black and White TM; Black 2 and White 2 TM; Sun and Moon TM; Ultra Sun and Ultra Moon TM; Sword and Shield TM; Brilliant Diamond and Shining Pearl TM
SPECIES_PROBOPASS	Ally Switch	partial: status move running the plain-hit script: its effect never happens	Ultra Sun and Ultra Moon tutor; Legends Z-A TM
SPECIES_PROBOPASS	Bulldoze	runs	Black and White TM; Black 2 and White 2 TM; X and Y TM; Omega Ruby and Alpha Sapphire TM; Sun and Moon TM; Ultra Sun and Ultra Moon TM; Brilliant Diamond and Shining Pearl TM; Scarlet and Violet TM; Legends Z-A TM
SPECIES_PROBOPASS	Confide	runs	X and Y TM; Omega Ruby and Alpha Sapphire TM; Sun and Moon TM; Ultra Sun and Ultra Moon TM
SPECIES_PROBOPASS	Dazzling Gleam	runs	X and Y TM; Omega Ruby and Alpha Sapphire TM; Sun and Moon TM; Ultra Sun and Ultra Moon TM; Brilliant Diamond and Shining Pearl TM; Scarlet and Violet TM; Legends Z-A TM
SPECIES_PROBOPASS	Hard Press	runs	Scarlet and Violet TM
SPECIES_PROBOPASS	Heavy Slam	runs	Scarlet and Violet TM; Legends Z-A TM
SPECIES_PROBOPASS	High Horsepower	runs	Scarlet and Violet TM
SPECIES_PROBOPASS	Meteor Beam	runs	Scarlet and Violet TM; Legends Z-A TM
SPECIES_PROBOPASS	Round	runs	Black and White TM; Black 2 and White 2 TM; X and Y TM; Omega Ruby and Alpha Sapphire TM; Sun and Moon TM; Ultra Sun and Ultra Moon TM; Legends Z-A TM
SPECIES_PROBOPASS	Steel Beam	runs	Scarlet and Violet TM
SPECIES_PROBOPASS	Steel Roller	stub: plain 130 hit, should fail without terrain	Legends Z-A TM
SPECIES_PROBOPASS	StompingTantrum	runs	Ultra Sun and Ultra Moon tutor; Scarlet and Violet TM; Legends Z-A TM
SPECIES_PROBOPASS	Supercell Slam	runs	Scarlet and Violet TM
SPECIES_PROBOPASS	Telekinesis	partial: status move running the plain-hit script: its effect never happens	Ultra Sun and Ultra Moon tutor
SPECIES_PROBOPASS	Tera Blast	runs	Scarlet and Violet TM
SPECIES_PROBOPASS	Volt Switch	runs	Black and White TM; Black 2 and White 2 TM; X and Y TM; Omega Ruby and Alpha Sapphire TM; Sun and Moon TM; Ultra Sun and Ultra Moon TM; Brilliant Diamond and Shining Pearl TM; Scarlet and Violet TM; Legends Z-A TM
SPECIES_DUSKNOIR	Ally Switch	partial: status move running the plain-hit script: its effect never happens	Ultra Sun and Ultra Moon tutor; Sword and Shield TM; Legends Z-A TM
SPECIES_DUSKNOIR	Bulldoze	runs	Black and White TM; Black 2 and White 2 TM; X and Y TM; Omega Ruby and Alpha Sapphire TM; Sun and Moon TM; Ultra Sun and Ultra Moon TM; Sword and Shield TM; Brilliant Diamond and Shining Pearl TM; Legends Z-A TM
SPECIES_DUSKNOIR	Confide	runs	X and Y TM; Omega Ruby and Alpha Sapphire TM; Sun and Moon TM; Ultra Sun and Ultra Moon TM
SPECIES_DUSKNOIR	Darkest Lariat	runs	Sword and Shield TM; Legends Z-A TM
SPECIES_DUSKNOIR	Hard Press	runs	Scarlet and Violet TM
SPECIES_DUSKNOIR	Infestation	runs	X and Y TM; Omega Ruby and Alpha Sapphire TM; Sun and Moon TM; Ultra Sun and Ultra Moon TM
SPECIES_DUSKNOIR	Laser Focus	runs	Ultra Sun and Ultra Moon tutor
SPECIES_DUSKNOIR	Phantom Force	runs	Scarlet and Violet TM
SPECIES_DUSKNOIR	Poltergeist	runs	Sword and Shield tutor; Scarlet and Violet TM; Legends Z-A TM
SPECIES_DUSKNOIR	Power-Up Punch	runs	X and Y TM; Omega Ruby and Alpha Sapphire TM
SPECIES_DUSKNOIR	Round	runs	Black and White TM; Black 2 and White 2 TM; X and Y TM; Omega Ruby and Alpha Sapphire TM; Sun and Moon TM; Ultra Sun and Ultra Moon TM; Sword and Shield TM; Legends Z-A TM
SPECIES_DUSKNOIR	Skitter Smack	runs	Sword and Shield tutor; Scarlet and Violet TM; Legends Z-A TM
SPECIES_DUSKNOIR	Telekinesis	partial: status move running the plain-hit script: its effect never happens	Black and White TM; Black 2 and White 2 TM; Ultra Sun and Ultra Moon tutor
SPECIES_DUSKNOIR	Tera Blast	runs	Scarlet and Violet TM
SPECIES_DUSKNOIR	Wonder Room	runs	Omega Ruby and Alpha Sapphire tutor; Ultra Sun and Ultra Moon tutor; Sword and Shield TM; Legends Z-A TM
SPECIES_FROSLASS	Ally Switch	partial: status move running the plain-hit script: its effect never happens	Ultra Sun and Ultra Moon tutor; Sword and Shield TM
SPECIES_FROSLASS	Chilling Water	runs	Scarlet and Violet TM; Legends Z-A TM
SPECIES_FROSLASS	Confide	runs	X and Y TM; Omega Ruby and Alpha Sapphire TM; Sun and Moon TM; Ultra Sun and Ultra Moon TM
SPECIES_FROSLASS	Ice Spinner	runs	Scarlet and Violet TM
SPECIES_FROSLASS	Laser Focus	runs	Ultra Sun and Ultra Moon tutor
SPECIES_FROSLASS	Poltergeist	runs	Sword and Shield tutor; Scarlet and Violet TM
SPECIES_FROSLASS	Round	runs	Black and White TM; Black 2 and White 2 TM; X and Y TM; Omega Ruby and Alpha Sapphire TM; Sun and Moon TM; Ultra Sun and Ultra Moon TM; Sword and Shield TM
SPECIES_FROSLASS	Telekinesis	partial: status move running the plain-hit script: its effect never happens	Black and White TM; Black 2 and White 2 TM; Ultra Sun and Ultra Moon tutor
SPECIES_FROSLASS	Tera Blast	runs	Scarlet and Violet TM
SPECIES_FROSLASS	Trailblaze	runs	Legends Z-A TM
SPECIES_FROSLASS	Triple Axel	runs	Sword and Shield tutor; Scarlet and Violet TM; Legends Z-A TM
SPECIES_ROTOM	Ally Switch	partial: status move running the plain-hit script: its effect never happens	Ultra Sun and Ultra Moon tutor; Sword and Shield TM
SPECIES_ROTOM	Confide	runs	X and Y TM; Omega Ruby and Alpha Sapphire TM; Sun and Moon TM; Ultra Sun and Ultra Moon TM
SPECIES_ROTOM	ElectricTerrain	stub: nothing happens (terrain held)	Sword and Shield TM; Scarlet and Violet TM
SPECIES_ROTOM	Electroweb	runs	Black 2 and White 2 tutor; Omega Ruby and Alpha Sapphire tutor; Ultra Sun and Ultra Moon tutor; Sword and Shield TM; Scarlet and Violet TM; Legends Z-A TM
SPECIES_ROTOM	Foul Play	runs	Omega Ruby and Alpha Sapphire tutor; Ultra Sun and Ultra Moon tutor; Sword and Shield TM; Scarlet and Violet TM
SPECIES_ROTOM	Poltergeist	runs	Sword and Shield tutor; Scarlet and Violet TM
SPECIES_ROTOM	Rising Voltage	runs	Sword and Shield tutor
SPECIES_ROTOM	Round	runs	Black and White TM; Black 2 and White 2 TM; X and Y TM; Omega Ruby and Alpha Sapphire TM; Sun and Moon TM; Ultra Sun and Ultra Moon TM; Sword and Shield TM
SPECIES_ROTOM	Stored Power	runs	Sword and Shield TM; Scarlet and Violet TM
SPECIES_ROTOM	Telekinesis	partial: status move running the plain-hit script: its effect never happens	Black and White TM; Black 2 and White 2 TM; Ultra Sun and Ultra Moon tutor
SPECIES_ROTOM	Tera Blast	runs	Scarlet and Violet TM
SPECIES_ROTOM	Volt Switch	runs	Black and White TM; Black 2 and White 2 TM; X and Y TM; Omega Ruby and Alpha Sapphire TM; Sun and Moon TM; Ultra Sun and Ultra Moon TM; Sword and Shield TM; Brilliant Diamond and Shining Pearl TM; Scarlet and Violet TM; Legends Z-A TM
SPECIES_DIALGA	Body Press	runs	Sword and Shield TM; Scarlet and Violet TM; Legends Z-A TM
SPECIES_DIALGA	Breaking Swipe	runs	Sword and Shield TM; Scarlet and Violet TM
SPECIES_DIALGA	Bulldoze	runs	Black and White TM; Black 2 and White 2 TM; X and Y TM; Omega Ruby and Alpha Sapphire TM; Sun and Moon TM; Ultra Sun and Ultra Moon TM; Sword and Shield TM; Brilliant Diamond and Shining Pearl TM; Scarlet and Violet TM; Legends Z-A TM
SPECIES_DIALGA	Confide	runs	X and Y TM; Omega Ruby and Alpha Sapphire TM; Sun and Moon TM; Ultra Sun and Ultra Moon TM
SPECIES_DIALGA	Dragon Tail	runs	Black and White TM; Black 2 and White 2 TM; X and Y TM; Omega Ruby and Alpha Sapphire TM; Sun and Moon TM; Ultra Sun and Ultra Moon TM; Scarlet and Violet TM; Legends Z-A TM
SPECIES_DIALGA	Echoed Voice	runs	Black and White TM; Black 2 and White 2 TM; X and Y TM; Omega Ruby and Alpha Sapphire TM; Sun and Moon TM; Ultra Sun and Ultra Moon TM
SPECIES_DIALGA	Heavy Slam	runs	Sword and Shield TM; Scarlet and Violet TM; Legends Z-A TM
SPECIES_DIALGA	Hone Claws	runs	Black and White TM; Black 2 and White 2 TM; X and Y TM; Omega Ruby and Alpha Sapphire TM
SPECIES_DIALGA	Incinerate	runs	Black and White TM; Black 2 and White 2 TM; X and Y TM; Omega Ruby and Alpha Sapphire TM
SPECIES_DIALGA	Round	runs	Black and White TM; Black 2 and White 2 TM; X and Y TM; Omega Ruby and Alpha Sapphire TM; Sun and Moon TM; Ultra Sun and Ultra Moon TM; Sword and Shield TM
SPECIES_DIALGA	Scale Shot	partial: hits two to five times; the Speed rise and Defense drop are missing	Sword and Shield tutor; Scarlet and Violet TM
SPECIES_DIALGA	Steel Beam	runs	Sword and Shield tutor; Scarlet and Violet TM; Legends Z-A TM
SPECIES_DIALGA	StompingTantrum	runs	Ultra Sun and Ultra Moon tutor; Sword and Shield TM; Scarlet and Violet TM; Legends Z-A TM
SPECIES_DIALGA	Tera Blast	runs	Scarlet and Violet TM; Legends Z-A TM
SPECIES_PALKIA	Body Press	runs	Sword and Shield TM; Scarlet and Violet TM; Legends Z-A TM
SPECIES_PALKIA	Breaking Swipe	runs	Sword and Shield TM; Scarlet and Violet TM
SPECIES_PALKIA	Bulldoze	runs	Black and White TM; Black 2 and White 2 TM; X and Y TM; Omega Ruby and Alpha Sapphire TM; Sun and Moon TM; Ultra Sun and Ultra Moon TM; Sword and Shield TM; Brilliant Diamond and Shining Pearl TM; Scarlet and Violet TM; Legends Z-A TM
SPECIES_PALKIA	Chilling Water	runs	Scarlet and Violet TM; Legends Z-A TM
SPECIES_PALKIA	Confide	runs	X and Y TM; Omega Ruby and Alpha Sapphire TM; Sun and Moon TM; Ultra Sun and Ultra Moon TM
SPECIES_PALKIA	Dragon Tail	runs	Black and White TM; Black 2 and White 2 TM; X and Y TM; Omega Ruby and Alpha Sapphire TM; Sun and Moon TM; Ultra Sun and Ultra Moon TM; Scarlet and Violet TM; Legends Z-A TM
SPECIES_PALKIA	Dual Wingbeat	runs	Sword and Shield tutor; Scarlet and Violet TM
SPECIES_PALKIA	Echoed Voice	runs	Black and White TM; Black 2 and White 2 TM; X and Y TM; Omega Ruby and Alpha Sapphire TM; Sun and Moon TM; Ultra Sun and Ultra Moon TM
SPECIES_PALKIA	Heavy Slam	runs	Sword and Shield TM; Scarlet and Violet TM; Legends Z-A TM
SPECIES_PALKIA	Hone Claws	runs	Black and White TM; Black 2 and White 2 TM; X and Y TM; Omega Ruby and Alpha Sapphire TM
SPECIES_PALKIA	Incinerate	runs	Black and White TM; Black 2 and White 2 TM; X and Y TM; Omega Ruby and Alpha Sapphire TM
SPECIES_PALKIA	Liquidation	runs	Ultra Sun and Ultra Moon tutor; Sword and Shield TM; Scarlet and Violet TM; Legends Z-A TM
SPECIES_PALKIA	Round	runs	Black and White TM; Black 2 and White 2 TM; X and Y TM; Omega Ruby and Alpha Sapphire TM; Sun and Moon TM; Ultra Sun and Ultra Moon TM; Sword and Shield TM
SPECIES_PALKIA	Scale Shot	partial: hits two to five times; the Speed rise and Defense drop are missing	Sword and Shield tutor; Scarlet and Violet TM
SPECIES_PALKIA	Snowscape	stub: nothing happens	Scarlet and Violet TM; Legends Z-A TM
SPECIES_PALKIA	StompingTantrum	runs	Ultra Sun and Ultra Moon tutor; Sword and Shield TM; Scarlet and Violet TM; Legends Z-A TM
SPECIES_PALKIA	Tera Blast	runs	Scarlet and Violet TM; Legends Z-A TM
SPECIES_REGIGIGAS	Confide	runs	X and Y TM; Omega Ruby and Alpha Sapphire TM; Sun and Moon TM; Ultra Sun and Ultra Moon TM
SPECIES_REGIGIGAS	Darkest Lariat	runs	Sword and Shield TM; Legends Z-A TM
SPECIES_REGIGIGAS	Hard Press	runs	Scarlet and Violet TM
SPECIES_REGIGIGAS	Heat Crash	runs	Sword and Shield TM; Scarlet and Violet TM; Legends Z-A TM
SPECIES_REGIGIGAS	High Horsepower	runs	Sword and Shield TM; Scarlet and Violet TM; Legends Z-A TM
SPECIES_REGIGIGAS	Power-Up Punch	runs	X and Y TM; Omega Ruby and Alpha Sapphire TM
SPECIES_REGIGIGAS	Retaliate	runs	Black and White TM; Black 2 and White 2 TM; X and Y TM; Omega Ruby and Alpha Sapphire TM; Sword and Shield TM; Legends Z-A TM
SPECIES_REGIGIGAS	Round	runs	Black and White TM; Black 2 and White 2 TM; X and Y TM; Omega Ruby and Alpha Sapphire TM; Sun and Moon TM; Ultra Sun and Ultra Moon TM; Sword and Shield TM; Legends Z-A TM
SPECIES_REGIGIGAS	Smack Down	runs	Black and White TM; Black 2 and White 2 TM; X and Y TM; Omega Ruby and Alpha Sapphire TM; Sun and Moon TM; Ultra Sun and Ultra Moon TM; Scarlet and Violet TM
SPECIES_REGIGIGAS	StompingTantrum	runs	Ultra Sun and Ultra Moon tutor; Sword and Shield TM; Scarlet and Violet TM; Legends Z-A TM
SPECIES_REGIGIGAS	Tera Blast	runs	Scarlet and Violet TM
SPECIES_REGIGIGAS	Terrain Pulse	partial: plain 50 Normal hit; its type and power change wait on terrain	Sword and Shield tutor; Legends Z-A TM
SPECIES_GIRATINA	Breaking Swipe	runs	Sword and Shield TM; Scarlet and Violet TM
SPECIES_GIRATINA	Brutal Swing	runs	Sun and Moon TM; Ultra Sun and Ultra Moon TM; Sword and Shield TM
SPECIES_GIRATINA	Bulldoze	runs	Black and White TM; Black 2 and White 2 TM; X and Y TM; Omega Ruby and Alpha Sapphire TM; Sun and Moon TM; Ultra Sun and Ultra Moon TM; Sword and Shield TM; Brilliant Diamond and Shining Pearl TM; Scarlet and Violet TM; Legends Z-A TM
SPECIES_GIRATINA	Confide	runs	X and Y TM; Omega Ruby and Alpha Sapphire TM; Sun and Moon TM; Ultra Sun and Ultra Moon TM
SPECIES_GIRATINA	Dragon Tail	runs	Black and White TM; Black 2 and White 2 TM; X and Y TM; Omega Ruby and Alpha Sapphire TM; Sun and Moon TM; Ultra Sun and Ultra Moon TM; Scarlet and Violet TM; Legends Z-A TM
SPECIES_GIRATINA	Dual Wingbeat	runs	Sword and Shield tutor; Scarlet and Violet TM
SPECIES_GIRATINA	Echoed Voice	runs	Black and White TM; Black 2 and White 2 TM; X and Y TM; Omega Ruby and Alpha Sapphire TM; Sun and Moon TM; Ultra Sun and Ultra Moon TM
SPECIES_GIRATINA	Hone Claws	runs	Black and White TM; Black 2 and White 2 TM; X and Y TM; Omega Ruby and Alpha Sapphire TM
SPECIES_GIRATINA	Phantom Force	runs	Sword and Shield TM; Scarlet and Violet TM; Legends Z-A TM
SPECIES_GIRATINA	Poltergeist	runs	Sword and Shield tutor; Scarlet and Violet TM
SPECIES_GIRATINA	Round	runs	Black and White TM; Black 2 and White 2 TM; X and Y TM; Omega Ruby and Alpha Sapphire TM; Sun and Moon TM; Ultra Sun and Ultra Moon TM; Sword and Shield TM
SPECIES_GIRATINA	Skitter Smack	runs	Scarlet and Violet TM
SPECIES_GIRATINA	Telekinesis	partial: status move running the plain-hit script: its effect never happens	Black and White TM; Black 2 and White 2 TM; Ultra Sun and Ultra Moon tutor
SPECIES_GIRATINA	Tera Blast	runs	Scarlet and Violet TM; Legends Z-A TM
SPECIES_CRESSELIA	Confide	runs	X and Y TM; Omega Ruby and Alpha Sapphire TM; Sun and Moon TM; Ultra Sun and Ultra Moon TM
SPECIES_CRESSELIA	Dazzling Gleam	runs	Scarlet and Violet TM; Legends Z-A TM
SPECIES_CRESSELIA	Expanding Force	partial: plain 80 hit; its Psychic Terrain boost waits on terrain	Sword and Shield tutor; Scarlet and Violet TM
SPECIES_CRESSELIA	Magic Room	partial: status move running the plain-hit script: its effect never happens	Black 2 and White 2 tutor; Omega Ruby and Alpha Sapphire tutor; Ultra Sun and Ultra Moon tutor; Sword and Shield TM
SPECIES_CRESSELIA	Psychic Terrain	stub: nothing happens (terrain held)	Scarlet and Violet TM; Legends Z-A TM
SPECIES_CRESSELIA	Psyshock	runs	Black and White TM; Black 2 and White 2 TM; X and Y TM; Omega Ruby and Alpha Sapphire TM; Sun and Moon TM; Ultra Sun and Ultra Moon TM; Sword and Shield TM; Scarlet and Violet TM; Legends Z-A TM
SPECIES_CRESSELIA	Round	runs	Black and White TM; Black 2 and White 2 TM; X and Y TM; Omega Ruby and Alpha Sapphire TM; Sun and Moon TM; Ultra Sun and Ultra Moon TM; Sword and Shield TM
SPECIES_CRESSELIA	Stored Power	runs	Sword and Shield TM; Scarlet and Violet TM; Legends Z-A TM
SPECIES_CRESSELIA	Telekinesis	partial: status move running the plain-hit script: its effect never happens	Black and White TM; Black 2 and White 2 TM; Ultra Sun and Ultra Moon tutor
SPECIES_CRESSELIA	Tera Blast	runs	Scarlet and Violet TM; Legends Z-A TM
SPECIES_MANAPHY	Alluring Voice	runs	Scarlet and Violet TM
SPECIES_MANAPHY	Chilling Water	runs	Scarlet and Violet TM
SPECIES_MANAPHY	Confide	runs	X and Y TM; Omega Ruby and Alpha Sapphire TM; Sun and Moon TM; Ultra Sun and Ultra Moon TM
SPECIES_MANAPHY	Dazzling Gleam	runs	X and Y TM; Omega Ruby and Alpha Sapphire TM; Sun and Moon TM; Ultra Sun and Ultra Moon TM; Brilliant Diamond and Shining Pearl TM; Scarlet and Violet TM; Legends Z-A TM
SPECIES_MANAPHY	Disarming Voice	runs	Scarlet and Violet TM
SPECIES_MANAPHY	Flip Turn	runs	Scarlet and Violet TM; Legends Z-A TM
SPECIES_MANAPHY	Liquidation	runs	Ultra Sun and Ultra Moon tutor; Scarlet and Violet TM; Legends Z-A TM
SPECIES_MANAPHY	Round	runs	Black and White TM; Black 2 and White 2 TM; X and Y TM; Omega Ruby and Alpha Sapphire TM; Sun and Moon TM; Ultra Sun and Ultra Moon TM; Legends Z-A TM
SPECIES_MANAPHY	Scald	runs	Black and White TM; Black 2 and White 2 TM; X and Y TM; Omega Ruby and Alpha Sapphire TM; Sun and Moon TM; Ultra Sun and Ultra Moon TM; Brilliant Diamond and Shining Pearl TM; Scarlet and Violet TM; Legends Z-A TM
SPECIES_MANAPHY	Stored Power	runs	Scarlet and Violet TM
SPECIES_MANAPHY	Tera Blast	runs	Scarlet and Violet TM
SPECIES_DARKRAI	Confide	runs	X and Y TM; Omega Ruby and Alpha Sapphire TM; Sun and Moon TM; Ultra Sun and Ultra Moon TM
SPECIES_DARKRAI	Foul Play	runs	Black 2 and White 2 tutor; Omega Ruby and Alpha Sapphire tutor; Ultra Sun and Ultra Moon tutor; Scarlet and Violet TM
SPECIES_DARKRAI	Incinerate	runs	Black and White TM; Black 2 and White 2 TM; X and Y TM; Omega Ruby and Alpha Sapphire TM
SPECIES_DARKRAI	Lash Out	runs	Scarlet and Violet TM
SPECIES_DARKRAI	Power-Up Punch	runs	X and Y TM; Omega Ruby and Alpha Sapphire TM
SPECIES_DARKRAI	Psyshock	runs	Scarlet and Violet TM; Legends Z-A TM
SPECIES_DARKRAI	Retaliate	runs	Black and White TM; Black 2 and White 2 TM; X and Y TM; Omega Ruby and Alpha Sapphire TM
SPECIES_DARKRAI	Round	runs	Black and White TM; Black 2 and White 2 TM; X and Y TM; Omega Ruby and Alpha Sapphire TM; Sun and Moon TM; Ultra Sun and Ultra Moon TM
SPECIES_DARKRAI	Tera Blast	runs	Scarlet and Violet TM
SPECIES_DARKRAI	Throat Chop	stub: plain hit	Ultra Sun and Ultra Moon tutor; Scarlet and Violet TM
SPECIES_DARKRAI	Wonder Room	runs	Black 2 and White 2 tutor; Omega Ruby and Alpha Sapphire tutor; Ultra Sun and Ultra Moon tutor
SPECIES_SHAYMIN	Baby-Doll Eyes	runs	Legends Arceus tutor
SPECIES_SHAYMIN	Confide	runs	X and Y TM; Omega Ruby and Alpha Sapphire TM; Sun and Moon TM; Ultra Sun and Ultra Moon TM
SPECIES_SHAYMIN	Dazzling Gleam	runs	X and Y TM; Omega Ruby and Alpha Sapphire TM; Sun and Moon TM; Ultra Sun and Ultra Moon TM; Legends Arceus tutor; Scarlet and Violet TM; Legends Z-A TM
SPECIES_SHAYMIN	Disarming Voice	runs	Scarlet and Violet TM
SPECIES_SHAYMIN	Grassy Glide	partial: plain 55 hit; its priority in Grassy Terrain waits on terrain	Scarlet and Violet TM; Legends Z-A TM
SPECIES_SHAYMIN	Laser Focus	runs	Ultra Sun and Ultra Moon tutor
SPECIES_SHAYMIN	Petal Blizzard	runs	Scarlet and Violet TM
SPECIES_SHAYMIN	Round	runs	Black and White TM; Black 2 and White 2 TM; X and Y TM; Omega Ruby and Alpha Sapphire TM; Sun and Moon TM; Ultra Sun and Ultra Moon TM; Legends Z-A TM
SPECIES_SHAYMIN	Tera Blast	runs	Scarlet and Violet TM
SPECIES_SHAYMIN	Trailblaze	runs	Scarlet and Violet TM
SPECIES_ARCEUS	Acid Spray	runs	Scarlet and Violet TM; Legends Z-A TM
SPECIES_ARCEUS	Body Press	runs	Scarlet and Violet TM; Legends Z-A TM
SPECIES_ARCEUS	Bulldoze	runs	Black and White TM; Black 2 and White 2 TM; X and Y TM; Omega Ruby and Alpha Sapphire TM; Sun and Moon TM; Ultra Sun and Ultra Moon TM; Scarlet and Violet TM; Legends Z-A TM
SPECIES_ARCEUS	Chilling Water	runs	Scarlet and Violet TM; Legends Z-A TM
SPECIES_ARCEUS	Confide	runs	X and Y TM; Omega Ruby and Alpha Sapphire TM; Sun and Moon TM; Ultra Sun and Ultra Moon TM
SPECIES_ARCEUS	Dazzling Gleam	runs	Scarlet and Violet TM; Legends Z-A TM
SPECIES_ARCEUS	Dragon Tail	runs	Scarlet and Violet TM; Legends Z-A TM
SPECIES_ARCEUS	Echoed Voice	runs	Black and White TM; Black 2 and White 2 TM; X and Y TM; Omega Ruby and Alpha Sapphire TM; Sun and Moon TM; Ultra Sun and Ultra Moon TM
SPECIES_ARCEUS	ElectricTerrain	stub: nothing happens (terrain held)	Scarlet and Violet TM; Legends Z-A TM
SPECIES_ARCEUS	Foul Play	runs	Scarlet and Violet TM; Legends Z-A TM
SPECIES_ARCEUS	Grassy Terrain	stub: nothing happens (terrain held)	Scarlet and Violet TM; Legends Z-A TM
SPECIES_ARCEUS	Heavy Slam	runs	Scarlet and Violet TM; Legends Z-A TM
SPECIES_ARCEUS	Hex	runs	Scarlet and Violet TM; Legends Z-A TM
SPECIES_ARCEUS	Hone Claws	runs	Black and White TM; Black 2 and White 2 TM; X and Y TM; Omega Ruby and Alpha Sapphire TM
SPECIES_ARCEUS	Hurricane	runs	Scarlet and Violet TM; Legends Z-A TM
SPECIES_ARCEUS	Incinerate	runs	Black and White TM; Black 2 and White 2 TM; X and Y TM; Omega Ruby and Alpha Sapphire TM
SPECIES_ARCEUS	Laser Focus	runs	Ultra Sun and Ultra Moon tutor
SPECIES_ARCEUS	Liquidation	runs	Ultra Sun and Ultra Moon tutor; Scarlet and Violet TM; Legends Z-A TM
SPECIES_ARCEUS	Meteor Beam	runs	Scarlet and Violet TM
SPECIES_ARCEUS	Misty Terrain	stub: nothing happens (terrain held)	Scarlet and Violet TM; Legends Z-A TM
SPECIES_ARCEUS	Phantom Force	runs	Scarlet and Violet TM; Legends Z-A TM
SPECIES_ARCEUS	Psychic Terrain	stub: nothing happens (terrain held)	Scarlet and Violet TM; Legends Z-A TM
SPECIES_ARCEUS	Psyshock	runs	Black and White TM; Black 2 and White 2 TM; X and Y TM; Omega Ruby and Alpha Sapphire TM; Sun and Moon TM; Ultra Sun and Ultra Moon TM; Scarlet and Violet TM; Legends Z-A TM
SPECIES_ARCEUS	Quash	stub: nothing happens	Black and White TM; Black 2 and White 2 TM; X and Y TM; Omega Ruby and Alpha Sapphire TM; Sun and Moon TM; Ultra Sun and Ultra Moon TM
SPECIES_ARCEUS	Retaliate	runs	Black and White TM; Black 2 and White 2 TM; X and Y TM; Omega Ruby and Alpha Sapphire TM
SPECIES_ARCEUS	Round	runs	Black and White TM; Black 2 and White 2 TM; X and Y TM; Omega Ruby and Alpha Sapphire TM; Sun and Moon TM; Ultra Sun and Ultra Moon TM
SPECIES_ARCEUS	Scorching Sands	runs	Scarlet and Violet TM
SPECIES_ARCEUS	Snarl	runs	Black and White TM; Black 2 and White 2 TM; X and Y TM; Omega Ruby and Alpha Sapphire TM; Sun and Moon TM; Ultra Sun and Ultra Moon TM; Scarlet and Violet TM; Legends Z-A TM
SPECIES_ARCEUS	Steel Beam	runs	Scarlet and Violet TM; Legends Z-A TM
SPECIES_ARCEUS	StompingTantrum	runs	Scarlet and Violet TM; Legends Z-A TM
SPECIES_ARCEUS	Stored Power	runs	Scarlet and Violet TM; Legends Z-A TM
SPECIES_ARCEUS	Supercell Slam	runs	Scarlet and Violet TM
SPECIES_ARCEUS	Telekinesis	partial: status move running the plain-hit script: its effect never happens	Black and White TM; Black 2 and White 2 TM; Ultra Sun and Ultra Moon tutor
SPECIES_ARCEUS	Tera Blast	runs	Scarlet and Violet TM; Legends Z-A TM
SPECIES_ARCEUS	Trailblaze	runs	Scarlet and Violet TM; Legends Z-A TM
SPECIES_ARCEUS	Wild Charge	runs	Scarlet and Violet TM; Legends Z-A TM
SPECIES_ARCEUS	Work Up	runs	Black and White TM; Black 2 and White 2 TM; Sun and Moon TM; Ultra Sun and Ultra Moon TM
