species	move	level_now	level_proposed	change	why
SPECIES_ABOMASNOW	Ice Punch	1	1	same	
SPECIES_ABOMASNOW	Powder Snow	1	1	same	
SPECIES_ABOMASNOW	Leer	1	1	same	
SPECIES_ABOMASNOW	Razor Leaf	1	1	same	
SPECIES_ABOMASNOW	Icy Wind	1	1	same	
SPECIES_ABOMASNOW	Razor Leaf	5	5	same	
SPECIES_ABOMASNOW	Icy Wind	9	9	same	
SPECIES_ABOMASNOW	GrassWhistle	13	13	same	
SPECIES_ABOMASNOW	Swagger	17	17	same	
SPECIES_ABOMASNOW	Mist	21	21	same	
SPECIES_ABOMASNOW	Ice Shard	26	26	same	
SPECIES_ABOMASNOW	Ingrain	31	31	same	
SPECIES_ABOMASNOW	Blizzard	47	47	same	
SPECIES_ABOMASNOW	Wood Hammer	36	53	moved	36 to 53: Kaizo's Abomasnow at 58, translated to 47, and no earlier than Kaizo's level of 58 within its split
SPECIES_ABOMASNOW	Sheer Cold	58	58	same	
SPECIES_ABOMASNOW	Ice Hammer		61	added	new at 61: a move in the last splits, from Legends Z-A at 1
SPECIES_ABRA	Confusion		1	added	new at 1: the move-pool survey's pick
SPECIES_ABRA	Teleport	1		dropped	leaves: the move pool's first cut
SPECIES_ABSOL	Scratch	1	1	same	
SPECIES_ABSOL	Feint	1	1	same	
SPECIES_ABSOL	Leer	4	4	same	
SPECIES_ABSOL	Taunt	9	9	same	
SPECIES_ABSOL	Quick Attack	12	12	same	
SPECIES_ABSOL	Pursuit	20	20	same	
SPECIES_ABSOL	Swords Dance	25	25	same	
SPECIES_ABSOL	Bite	28	28	same	
SPECIES_ABSOL	Double Team	33	33	same	
SPECIES_ABSOL	Slash	36	36	same	
SPECIES_ABSOL	Future Sight	41	41	same	
SPECIES_ABSOL	Sucker Punch	44	44	same	
SPECIES_ABSOL	Detect	49	49	same	
SPECIES_ABSOL	Night Slash	52	56	moved	52 to 56: Kaizo's Absol at 67, translated to 54, and no earlier than Kaizo's level of 67 within its split
SPECIES_ABSOL	Me First	57	57	same	
SPECIES_ABSOL	Psycho Cut	60	60	same	
SPECIES_ABSOL	Perish Song	65	65	same	
SPECIES_ABSOL	Razor Wind	17		dropped	leaves: charges a turn in the open (Kaizo's lists keep no such move)
SPECIES_AERODACTYL	Ice Fang	1	1	same	
SPECIES_AERODACTYL	Fire Fang	1	1	same	
SPECIES_AERODACTYL	Thunder Fang	1	1	same	
SPECIES_AERODACTYL	Wing Attack	1	1	same	
SPECIES_AERODACTYL	Supersonic	1	1	same	
SPECIES_AERODACTYL	Bite	1	1	same	
SPECIES_AERODACTYL	Scary Face	1	1	same	
SPECIES_AERODACTYL	Roar	9	9	same	
SPECIES_AERODACTYL	Agility	17	17	same	
SPECIES_AERODACTYL	AncientPower	25	25	same	
SPECIES_AERODACTYL	Crunch	33	33	same	
SPECIES_AERODACTYL	Take Down	41	41	same	
SPECIES_AERODACTYL	Iron Head	49	49	same	
SPECIES_AERODACTYL	Hyper Beam	57	57	same	
SPECIES_AERODACTYL	Rock Slide	65	65	same	
SPECIES_AERODACTYL	Giga Impact	73	73	same	
SPECIES_AGGRON	Tackle	1	1	same	
SPECIES_AGGRON	Harden	1	1	same	
SPECIES_AGGRON	Mud-Slap	1	1	same	
SPECIES_AGGRON	Headbutt	1	1	same	
SPECIES_AGGRON	Harden	4	4	same	
SPECIES_AGGRON	Mud-Slap	8	8	same	
SPECIES_AGGRON	Headbutt	11	11	same	
SPECIES_AGGRON	Metal Claw	15	15	same	
SPECIES_AGGRON	Iron Defense	18	18	same	
SPECIES_AGGRON	Roar	22	22	same	
SPECIES_AGGRON	Take Down	25	25	same	
SPECIES_AGGRON	Iron Head	29	29	same	
SPECIES_AGGRON	Protect	34	34	same	
SPECIES_AGGRON	Metal Sound	40	40	same	
SPECIES_AGGRON	Iron Tail	48	48	same	
SPECIES_AGGRON	Double-Edge	57	57	same	
SPECIES_AGGRON	Metal Burst	65		dropped	leaves: works only asleep, or returns less than double
SPECIES_AIPOM	Scratch	1	1	same	
SPECIES_AIPOM	Tail Whip	1	1	same	
SPECIES_AIPOM	Sand-Attack	4	4	same	
SPECIES_AIPOM	Tackle		8	added	new at 8: keeps the first attack's level
SPECIES_AIPOM	Baton Pass	11	11	same	
SPECIES_AIPOM	Tickle	15	15	same	
SPECIES_AIPOM	Fury Swipes	18	18	same	
SPECIES_AIPOM	Swift	22	22	same	
SPECIES_AIPOM	Screech	25	25	same	
SPECIES_AIPOM	Agility	29	29	same	
SPECIES_AIPOM	Double Hit	32	32	same	
SPECIES_AIPOM	Fling	36	36	same	
SPECIES_AIPOM	Nasty Plot	39	39	same	
SPECIES_AIPOM	Last Resort	43	43	same	
SPECIES_AIPOM	Astonish	8		dropped	leaves: strength 30, under 40
SPECIES_ALAKAZAM	Kinesis	1	1	same	
SPECIES_ALAKAZAM	Confusion	1	1	same	
SPECIES_ALAKAZAM	Confusion	16	16	same	
SPECIES_ALAKAZAM	Disable	18	18	same	
SPECIES_ALAKAZAM	Miracle Eye	22	22	same	
SPECIES_ALAKAZAM	Psybeam	24	24	same	
SPECIES_ALAKAZAM	Reflect	28	28	same	
SPECIES_ALAKAZAM	Recover	30	30	same	
SPECIES_ALAKAZAM	Psycho Cut	34	34	same	
SPECIES_ALAKAZAM	Calm Mind	36	36	same	
SPECIES_ALAKAZAM	Psychic	40	40	same	
SPECIES_ALAKAZAM	Future Sight	42	42	same	
SPECIES_ALAKAZAM	Trick	46	46	same	
SPECIES_ALAKAZAM	Psyshock		61	added	new at 61: a move in the last splits, from Legends Z-A at 30
SPECIES_ALAKAZAM	Teleport	1		dropped	leaves: the move pool's first cut
SPECIES_ALOLAN_NINETALES	Aurora Beam	1	0	moved	new at 24: a key move after the evolution, from the later games' Vulpix Alolan's 24; new at 0: an evolution move, the strongest Ice attack that is not a strong move, from the later games' Vulpix Alolan and Alolan Ninetales lists; for Ian
SPECIES_ALOLAN_NINETALES	Dazzling Gleam	1	1	same	
SPECIES_ALOLAN_NINETALES	Dazzling Gleam	1	1	same	
SPECIES_ALOLAN_NINETALES	Nasty Plot	1	1	same	
SPECIES_ALOLAN_NINETALES	Spite	1	1	same	
SPECIES_ALOLAN_NINETALES	Icy Wind	1	1	same	new at 16: a key move after the evolution, from the later games' Vulpix Alolan's 16
SPECIES_ALOLAN_NINETALES	Confuse Ray	1	1	same	
SPECIES_ALOLAN_NINETALES	Aurora Beam	1	1	same	new at 24: a key move after the evolution, from the later games' Vulpix Alolan's 24; new at 0: an evolution move, the strongest Ice attack that is not a strong move, from the later games' Vulpix Alolan and Alolan Ninetales lists; for Ian
SPECIES_ALOLAN_NINETALES	Extrasensory	1	1	same	
SPECIES_ALOLAN_NINETALES	Ice Beam	1	1	same	
SPECIES_ALOLAN_NINETALES	Imprison	1	1	same	
SPECIES_ALOLAN_NINETALES	Mist	1	1	same	
SPECIES_ALOLAN_NINETALES	Aurora Veil	1	1	same	
SPECIES_ALOLAN_NINETALES	Sheer Cold	1	1	same	
SPECIES_ALOLAN_NINETALES	Grudge	1	1	same	
SPECIES_ALOLAN_NINETALES	Blizzard	1	1	same	new at 61: a move in the last splits, from its own level 1
SPECIES_ALOLAN_NINETALES	Powder Snow	1	1	same	
SPECIES_ALOLAN_NINETALES	Tail Whip	1	1	same	
SPECIES_ALOLAN_NINETALES	Disable	1	1	same	
SPECIES_ALOLAN_NINETALES	Ice Shard	1	1	same	
SPECIES_ALOLAN_NINETALES	Safeguard	1	1	same	
SPECIES_ALOLAN_NINETALES	Icy Wind	1	16	same	new at 16: a key move after the evolution, from the later games' Vulpix Alolan's 16
SPECIES_ALOLAN_NINETALES	Aurora Beam	1	24	same	new at 24: a key move after the evolution, from the later games' Vulpix Alolan's 24; new at 0: an evolution move, the strongest Ice attack that is not a strong move, from the later games' Vulpix Alolan and Alolan Ninetales lists; for Ian
SPECIES_ALOLAN_NINETALES	Blizzard	1	61	same	new at 61: a move in the last splits, from its own level 1
SPECIES_ALOMOMOLA	Play Nice	1	1	same	
SPECIES_ALOMOMOLA	Pound	1	1	same	
SPECIES_ALOMOMOLA	Water Sport	1	1	same	
SPECIES_ALOMOMOLA	Helping Hand	1	1	same	
SPECIES_ALOMOMOLA	Healing Wish	1	1	same	
SPECIES_ALOMOMOLA	Wide Guard	1	1	same	
SPECIES_ALOMOMOLA	Hydro Pump	1	1	same	
SPECIES_ALOMOMOLA	Aqua Ring	5	5	same	
SPECIES_ALOMOMOLA	Aqua Jet	9	9	same	
SPECIES_ALOMOMOLA	DoubleSlap	13	13	same	
SPECIES_ALOMOMOLA	Heal Pulse	17	17	same	
SPECIES_ALOMOMOLA	Protect	21	21	same	
SPECIES_ALOMOMOLA	Water Pulse	25	25	same	
SPECIES_ALOMOMOLA	Wake-Up Slap	29	29	same	
SPECIES_ALOMOMOLA	Soak	33	33	same	
SPECIES_ALOMOMOLA	Wish	37	37	same	
SPECIES_ALOMOMOLA	Brine	41	41	same	
SPECIES_ALOMOMOLA	Safeguard	45	45	same	
SPECIES_ALOMOMOLA	Helping Hand	53	53	same	
SPECIES_ALOMOMOLA	Healing Wish	57	57	same	
SPECIES_ALOMOMOLA	Wide Guard	61	61	same	
SPECIES_ALOMOMOLA	Hydro Pump	65	65	same	
SPECIES_ALOMOMOLA	Whirlpool	49		dropped	leaves: strength 35, under 40
SPECIES_ALTARIA	Pluck	1	1	same	
SPECIES_ALTARIA	Peck	1	1	same	
SPECIES_ALTARIA	Growl	1	1	same	
SPECIES_ALTARIA	Sing	1	1	same	
SPECIES_ALTARIA	Sing	9	9	same	
SPECIES_ALTARIA	Fury Attack	13	13	same	
SPECIES_ALTARIA	Safeguard	18	18	same	
SPECIES_ALTARIA	Mist	23	23	same	
SPECIES_ALTARIA	Take Down	28	28	same	
SPECIES_ALTARIA	Natural Gift	32	32	same	
SPECIES_ALTARIA	DragonBreath	35	35	same	
SPECIES_ALTARIA	Dragon Dance	39	39	same	
SPECIES_ALTARIA	Refresh	46	46	same	
SPECIES_ALTARIA	Dragon Pulse	54	54	same	
SPECIES_ALTARIA	Perish Song	62	62	same	
SPECIES_ALTARIA	Astonish	1		dropped	leaves: strength 30, under 40
SPECIES_ALTARIA	Sky Attack	70		dropped	leaves: charges a turn in the open (Kaizo's lists keep no such move)
SPECIES_AMBIPOM	Scratch	1	1	same	
SPECIES_AMBIPOM	Tail Whip	1	1	same	
SPECIES_AMBIPOM	Sand-Attack	1	1	same	
SPECIES_AMBIPOM	Sand-Attack	4	4	same	
SPECIES_AMBIPOM	Baton Pass	11	11	same	
SPECIES_AMBIPOM	Tickle	15	15	same	
SPECIES_AMBIPOM	Fury Swipes	18	18	same	
SPECIES_AMBIPOM	Swift	22	22	same	
SPECIES_AMBIPOM	Screech	25	25	same	
SPECIES_AMBIPOM	Agility	29	29	same	
SPECIES_AMBIPOM	Double Hit	32	32	same	
SPECIES_AMBIPOM	Fling	36	36	same	
SPECIES_AMBIPOM	Nasty Plot	39	39	same	
SPECIES_AMBIPOM	Last Resort	43	43	same	
SPECIES_AMBIPOM	Aerial Ace		61	added	new at 61: a move in the last splits, from Kaizo's Ambipom at 56
SPECIES_AMBIPOM	Astonish	1		dropped	leaves: strength 30, under 40
SPECIES_AMPHAROS	Fire Punch	1	1	same	
SPECIES_AMPHAROS	Tackle	1	1	same	
SPECIES_AMPHAROS	Growl	1	1	same	
SPECIES_AMPHAROS	ThunderShock	1	1	same	
SPECIES_AMPHAROS	Thunder Wave	1	1	same	
SPECIES_AMPHAROS	Growl	5	5	same	
SPECIES_AMPHAROS	ThunderShock	10	10	same	
SPECIES_AMPHAROS	Thunder Wave	14	14	same	
SPECIES_AMPHAROS	Cotton Spore	20	20	same	
SPECIES_AMPHAROS	Charge	25	25	same	
SPECIES_AMPHAROS	ThunderPunch	30	30	same	
SPECIES_AMPHAROS	Discharge	34	34	same	
SPECIES_AMPHAROS	Signal Beam	42	42	same	
SPECIES_AMPHAROS	Light Screen	51	51	same	
SPECIES_AMPHAROS	Thunderbolt		56	added	new at 56: Kaizo's Ampharos at 68, no earlier than that within its split (translated to 54)
SPECIES_AMPHAROS	Power Gem	59	59	same	
SPECIES_AMPHAROS	Thunder	68	68	same	
SPECIES_ANNIHILAPE	Shadow Punch	1	1	same	
SPECIES_ANNIHILAPE	Scratch	1	1	same	
SPECIES_ANNIHILAPE	Leer	1	1	same	
SPECIES_ANNIHILAPE	Counter	1	1	same	
SPECIES_ANNIHILAPE	Fling	1	1	same	
SPECIES_ANNIHILAPE	Focus Energy	1	1	same	
SPECIES_ANNIHILAPE	Fury Swipes	5	5	same	
SPECIES_ANNIHILAPE	Low Kick	8	8	same	
SPECIES_ANNIHILAPE	Seismic Toss	12	12	same	
SPECIES_ANNIHILAPE	Swagger	17	17	same	
SPECIES_ANNIHILAPE	Cross Chop	22	22	same	
SPECIES_ANNIHILAPE	Assurance	26	26	same	
SPECIES_ANNIHILAPE	Thrash	30	30	same	
SPECIES_ANNIHILAPE	Rage Fist	35	35	same	
SPECIES_ANNIHILAPE	Close Combat	39	39	same	
SPECIES_ANNIHILAPE	Screech	44	44	same	
SPECIES_ANNIHILAPE	StompingTantrum	48	48	same	
SPECIES_ANNIHILAPE	Outrage	53	53	same	
SPECIES_ANNIHILAPE	Final Gambit	57	57	same	
SPECIES_ANNIHILAPE	Phantom Force		61	added	new at 61: a move in the last splits, from Legends Z-A at 0
SPECIES_ANORITH	Scratch	1	1	same	
SPECIES_ANORITH	Harden	1	1	same	
SPECIES_ANORITH	Mud Sport	7	7	same	
SPECIES_ANORITH	Water Gun	13	13	same	
SPECIES_ANORITH	Metal Claw	19	19	same	
SPECIES_ANORITH	Protect	25	25	same	
SPECIES_ANORITH	AncientPower	31	31	same	
SPECIES_ANORITH	Slash	43	43	same	
SPECIES_ANORITH	Rock Blast	49	44	moved	49 to 44: Kaizo's Anorith at 49, translated to 40, and no earlier than Kaizo's level of 49 within its split
SPECIES_ANORITH	X-Scissor	61	53	moved	61 to 53: Kaizo's Anorith at 61, translated to 50, and no earlier than Kaizo's level of 61 within its split
SPECIES_ANORITH	Crush Claw	55	55	same	
SPECIES_ANORITH	Fury Cutter	37		dropped	leaves: strength 38, under 40
SPECIES_ARAQUANID	Spider Web	1	1	same	
SPECIES_ARAQUANID	Sticky Web	1	1	same	
SPECIES_ARAQUANID	Bubble	1	1	same	
SPECIES_ARAQUANID	Bite	9	9	same	
SPECIES_ARAQUANID	Aqua Ring	13	13	same	
SPECIES_ARAQUANID	BubbleBeam	17	17	same	
SPECIES_ARAQUANID	Bug Bite	21	21	same	
SPECIES_ARAQUANID	Headbutt	26	26	same	
SPECIES_ARAQUANID	Soak	31	31	same	
SPECIES_ARAQUANID	Dive	36	36	same	
SPECIES_ARAQUANID	Lunge	41	41	same	
SPECIES_ARAQUANID	Hydro Pump	51	51	same	
SPECIES_ARAQUANID	Liquidation	55	55	same	
SPECIES_ARAQUANID	Scald	48	60	moved	48 to 60: its nearest Kaizo lines, translated to 58, and no earlier than Kaizo's level of 76 within its split
SPECIES_ARAQUANID	Leech Life	61	61	same	
SPECIES_ARAQUANID	Infestation	5		dropped	leaves: strength 20, under 40
SPECIES_ARBOK	Ice Fang	1	1	same	
SPECIES_ARBOK	Thunder Fang	1	1	same	
SPECIES_ARBOK	Fire Fang	1	1	same	
SPECIES_ARBOK	Leer	1	1	same	
SPECIES_ARBOK	Bite	1	1	same	
SPECIES_ARBOK	Poison Sting	4	4	same	
SPECIES_ARBOK	Bite	9	9	same	
SPECIES_ARBOK	Glare	12	12	same	
SPECIES_ARBOK	Screech	17	17	same	
SPECIES_ARBOK	Acid	20	20	same	
SPECIES_ARBOK	Crunch	22	22	same	
SPECIES_ARBOK	Poison Fang	26	26	same	
SPECIES_ARBOK	Stockpile	28	28	same	
SPECIES_ARBOK	Swallow	28	28	same	
SPECIES_ARBOK	Spit Up	28	28	same	
SPECIES_ARBOK	Mud Bomb	34	34	same	
SPECIES_ARBOK	Gastro Acid	42	42	same	
SPECIES_ARBOK	Haze	48	48	same	
SPECIES_ARBOK	Gunk Shot	56	56	same	
SPECIES_ARBOLIVA	Sweet Scent	1	1	same	
SPECIES_ARBOLIVA	Mirror Coat	1	1	same	
SPECIES_ARBOLIVA	Safeguard	1	1	same	
SPECIES_ARBOLIVA	Tackle	1	1	same	
SPECIES_ARBOLIVA	Growth	7	7	same	
SPECIES_ARBOLIVA	Razor Leaf	10	10	same	
SPECIES_ARBOLIVA	Helping Hand	13	13	same	
SPECIES_ARBOLIVA	Flail	16	16	same	
SPECIES_ARBOLIVA	Mega Drain	20	20	same	
SPECIES_ARBOLIVA	Leech Seed	39	39	same	
SPECIES_ARBOLIVA	Seed Bomb	29	44	moved	29 to 44: its nearest Kaizo lines, translated to 42, and no earlier than Kaizo's level of 51 within its split
SPECIES_ARBOLIVA	Energy Ball	34	56	moved	34 to 56: its nearest Kaizo lines, translated to 54, and no earlier than Kaizo's level of 68 within its split
SPECIES_ARBOLIVA	Petal Dance	58	58	same	
SPECIES_ARBOLIVA	Petal Blizzard	52	60	moved	52 to 60: its nearest Kaizo lines, translated to 60
SPECIES_ARBOLIVA	Absorb	5		dropped	leaves: strength 20, under 40
SPECIES_ARBOLIVA	Grassy Terrain	23		dropped	leaves: the move pool's first cut
SPECIES_ARBOLIVA	Terrain Pulse	46		dropped	leaves: strength 50, at most half of Byron's usual 100
SPECIES_ARCANINE	Thunder Fang	1	1	same	
SPECIES_ARCANINE	Bite	1	1	same	
SPECIES_ARCANINE	Roar	1	1	same	
SPECIES_ARCANINE	Fire Fang	1	1	same	
SPECIES_ARCANINE	Odor Sleuth	1	1	same	
SPECIES_ARCANINE	ExtremeSpeed	39	39	same	
SPECIES_ARCEUS	Seismic Toss	1	1	same	
SPECIES_ARCEUS	Cosmic Power	1	1	same	
SPECIES_ARCEUS	Natural Gift	1	1	same	
SPECIES_ARCEUS	Punishment	1	1	same	
SPECIES_ARCEUS	Gravity	10	10	same	
SPECIES_ARCEUS	Earth Power	20	20	same	
SPECIES_ARCEUS	Hyper Voice	30	30	same	
SPECIES_ARCEUS	ExtremeSpeed	40	40	same	
SPECIES_ARCEUS	Refresh	50	50	same	
SPECIES_ARCEUS	Future Sight	60	60	same	
SPECIES_ARCEUS	Recover	70	70	same	
SPECIES_ARCEUS	Hyper Beam	80	80	same	
SPECIES_ARCEUS	Perish Song	90	90	same	
SPECIES_ARCEUS	Judgment	100	100	same	
SPECIES_ARIADOS	Bug Bite	1	1	same	
SPECIES_ARIADOS	Poison Sting	1	1	same	
SPECIES_ARIADOS	String Shot	1	1	same	
SPECIES_ARIADOS	Scary Face	1	1	same	
SPECIES_ARIADOS	Scary Face	5	5	same	
SPECIES_ARIADOS	Leech Life	12	12	same	
SPECIES_ARIADOS	Night Shade	15	15	same	
SPECIES_ARIADOS	Shadow Sneak	19	19	same	
SPECIES_ARIADOS	Fury Swipes	23	23	same	
SPECIES_ARIADOS	Sucker Punch	28	28	same	
SPECIES_ARIADOS	Spider Web	32	32	same	
SPECIES_ARIADOS	Agility	37	37	same	
SPECIES_ARIADOS	Pin Missile	41	41	same	
SPECIES_ARIADOS	Psychic	46	46	same	
SPECIES_ARIADOS	Poison Jab	50	50	same	
SPECIES_ARIADOS	Constrict	1		dropped	leaves: strength 10, under 40
SPECIES_ARMALDO	Scratch	1	1	same	
SPECIES_ARMALDO	Harden	1	1	same	
SPECIES_ARMALDO	Mud Sport	1	1	same	
SPECIES_ARMALDO	Water Gun	1	1	same	
SPECIES_ARMALDO	Mud Sport	7	7	same	
SPECIES_ARMALDO	Water Gun	13	13	same	
SPECIES_ARMALDO	Metal Claw	19	19	same	
SPECIES_ARMALDO	Protect	25	25	same	
SPECIES_ARMALDO	AncientPower	31	31	same	
SPECIES_ARMALDO	Slash	46	46	same	
SPECIES_ARMALDO	Rock Blast	55	55	same	
SPECIES_ARMALDO	Superpower		56	added	new at 56: Kaizo's Armaldo at 67, no earlier than that within its split (translated to 54)
SPECIES_ARMALDO	X-Scissor	73	57	moved	73 to 56: Kaizo's Armaldo at 73, translated to 56; 56 to 57: the same-level rule (another move is at 56)
SPECIES_ARMALDO	Crush Claw	67	67	same	
SPECIES_ARMALDO	Fury Cutter	37		dropped	leaves: strength 38, under 40
SPECIES_ARMAROUGE	Psyshock	1	1	same	new at 65: a key move after the evolution, from its own level 1, at Kaizo's level for it or its nearest lines'; 61 to 65: no earlier than Kaizo's level for like moves (78)
SPECIES_ARMAROUGE	Leer	1	1	same	
SPECIES_ARMAROUGE	Ember	1	1	same	
SPECIES_ARMAROUGE	Mystical Fire	1	1	same	
SPECIES_ARMAROUGE	Wide Guard	1	1	same	
SPECIES_ARMAROUGE	Clear Smog	8	8	same	
SPECIES_ARMAROUGE	Will-O-Wisp	16	16	same	
SPECIES_ARMAROUGE	Night Shade	20	20	same	
SPECIES_ARMAROUGE	Flame Charge	24	24	same	
SPECIES_ARMAROUGE	Incinerate	28	28	same	
SPECIES_ARMAROUGE	Calm Mind	37	37	same	
SPECIES_ARMAROUGE	Flamethrower	48	48	same	
SPECIES_ARMAROUGE	Armor Cannon	62	62	same	
SPECIES_ARMAROUGE	Lava Plume	32	64	moved	32 to 65: its nearest Kaizo lines, translated to 61, and no earlier than Kaizo's level of 78 within its split; 65 to 64: the same-level rule (another move is at 65); its split has no free level at or above its floor, so it stays in the split a level under it
SPECIES_ARMAROUGE	Expanding Force	56	65	moved	56 to 65: its nearest Kaizo lines, translated to 61, and no earlier than Kaizo's level of 78 within its split
SPECIES_ARMAROUGE	Psyshock	1	65	same	new at 65: a key move after the evolution, from its own level 1, at Kaizo's level for it or its nearest lines'; 61 to 65: no earlier than Kaizo's level for like moves (78)
SPECIES_ARMAROUGE	Astonish	1		dropped	leaves: strength 30, under 40
SPECIES_ARMAROUGE	Fire Spin	12		dropped	leaves: strength 35, under 40
SPECIES_ARMAROUGE	Ally Switch	42		dropped	leaves: the move pool's first cut
SPECIES_ARON	Tackle	1	1	same	
SPECIES_ARON	Harden	4	4	same	
SPECIES_ARON	Mud-Slap	8	8	same	
SPECIES_ARON	Headbutt	11	11	same	
SPECIES_ARON	Metal Claw	15	15	same	
SPECIES_ARON	Iron Defense	18	18	same	
SPECIES_ARON	Roar	22	22	same	
SPECIES_ARON	Take Down	25	25	same	
SPECIES_ARON	Iron Head	29	29	same	
SPECIES_ARON	Protect	32	32	same	
SPECIES_ARON	Metal Sound	36	36	same	
SPECIES_ARON	Iron Tail	39	39	same	
SPECIES_ARON	Double-Edge	43	43	same	
SPECIES_ARON	Metal Burst	46		dropped	leaves: works only asleep, or returns less than double
SPECIES_ARTICUNO	Gust	1	1	same	
SPECIES_ARTICUNO	Powder Snow	1	1	same	
SPECIES_ARTICUNO	Mist	8	8	same	
SPECIES_ARTICUNO	Ice Shard	15	15	same	
SPECIES_ARTICUNO	Mind Reader	22	22	same	
SPECIES_ARTICUNO	AncientPower	29	29	same	
SPECIES_ARTICUNO	Agility	36	36	same	
SPECIES_ARTICUNO	Ice Beam	43	43	same	
SPECIES_ARTICUNO	Reflect	50	50	same	
SPECIES_ARTICUNO	Tailwind	64	64	same	
SPECIES_ARTICUNO	Roost	57	69	moved	57 to 69: Kaizo's Articuno at 85, translated to 69
SPECIES_ARTICUNO	Blizzard	71	71	same	
SPECIES_ARTICUNO	Sheer Cold	78	78	same	
SPECIES_ARTICUNO	Hail	85		dropped	leaves: weather, for a species the player can own
SPECIES_AZELF	Rest	1	1	same	
SPECIES_AZELF	Confusion	1	1	same	
SPECIES_AZELF	Imprison	6	6	same	
SPECIES_AZELF	Detect	16	16	same	
SPECIES_AZELF	Swift	21	21	same	
SPECIES_AZELF	Uproar	31	31	same	
SPECIES_AZELF	Future Sight	36	36	same	
SPECIES_AZELF	Nasty Plot	46	46	same	
SPECIES_AZELF	Extrasensory	51	51	same	
SPECIES_AZELF	Last Resort	61	61	same	
SPECIES_AZELF	Natural Gift	66	66	same	
SPECIES_AZELF	Explosion	76	76	same	
SPECIES_AZUMARILL	Tackle	1	1	same	
SPECIES_AZUMARILL	Defense Curl	1	1	same	
SPECIES_AZUMARILL	Tail Whip	1	1	same	
SPECIES_AZUMARILL	Water Gun	1	1	same	
SPECIES_AZUMARILL	Defense Curl	2	2	same	
SPECIES_AZUMARILL	Tail Whip	7	7	same	
SPECIES_AZUMARILL	Water Gun	10	10	same	
SPECIES_AZUMARILL	BubbleBeam	20	20	same	
SPECIES_AZUMARILL	Aqua Ring	27	27	same	
SPECIES_AZUMARILL	Double-Edge	33	33	same	
SPECIES_AZUMARILL	Aqua Tail	47	47	same	
SPECIES_AZUMARILL	Hydro Pump	54	54	same	
SPECIES_AZUMARILL	Dive		61	added	new at 61: a move in the last splits, from Kaizo's Azumarill at 50
SPECIES_AZUMARILL	Rollout	15		dropped	leaves: strength 27, under 40
SPECIES_AZUMARILL	Rain Dance	40		dropped	leaves: weather, for a species the player can own
SPECIES_AZURILL	Pound		1	added	new at 1: the move-pool survey's pick
SPECIES_AZURILL	Charm	2	2	same	
SPECIES_AZURILL	Tail Whip	7	7	same	
SPECIES_AZURILL	Bubble	10	10	same	
SPECIES_AZURILL	Slam	15	15	same	
SPECIES_AZURILL	Bounce		26	added	new at 26: Kaizo's Azurill at 28
SPECIES_AZURILL	Splash	1		dropped	leaves: the move pool's first cut
SPECIES_AZURILL	Water Gun	18		dropped	leaves: strength 40, at most half of Gardenia's usual 80
SPECIES_BAGON	Bite	5	5	same	
SPECIES_BAGON	Leer	10	10	same	
SPECIES_BAGON	Headbutt	16	16	same	
SPECIES_BAGON	Focus Energy	20	20	same	
SPECIES_BAGON	DragonBreath	31	31	same	
SPECIES_BAGON	Zen Headbutt	35	35	same	
SPECIES_BAGON	Scary Face	40	40	same	
SPECIES_BAGON	Crunch	46	46	same	
SPECIES_BAGON	Dragon Claw	50	50	same	
SPECIES_BAGON	Double-Edge	55	55	same	
SPECIES_BAGON	Rage	1		dropped	leaves: strength 20, under 40
SPECIES_BAGON	Ember	25		dropped	leaves: strength 40, at most half of Gardenia's usual 80
SPECIES_BALTOY	Confusion	1	1	same	
SPECIES_BALTOY	Harden	3	3	same	
SPECIES_BALTOY	Rapid Spin	5	5	same	
SPECIES_BALTOY	Mud-Slap	7	7	same	
SPECIES_BALTOY	Psybeam	11	11	same	
SPECIES_BALTOY	Rock Tomb	15	15	same	
SPECIES_BALTOY	Selfdestruct	19	19	same	
SPECIES_BALTOY	AncientPower	25	25	same	
SPECIES_BALTOY	Power Trick	31	31	same	
SPECIES_BALTOY	Sandstorm	37	37	same	
SPECIES_BALTOY	Cosmic Power	45	45	same	
SPECIES_BALTOY	Earth Power	53	53	same	
SPECIES_BALTOY	Heal Block	61	61	same	
SPECIES_BALTOY	Explosion	71	71	same	
SPECIES_BANETTE	Knock Off	1	1	same	
SPECIES_BANETTE	Screech	1	1	same	
SPECIES_BANETTE	Night Shade	1	1	same	
SPECIES_BANETTE	Curse	1	1	same	
SPECIES_BANETTE	Night Shade	5	5	same	
SPECIES_BANETTE	Screech	8	8	same	
SPECIES_BANETTE	Curse	13	13	same	
SPECIES_BANETTE	Spite	16	16	same	
SPECIES_BANETTE	Shadow Sneak	20	20	same	
SPECIES_BANETTE	Will-O-Wisp	23	23	same	
SPECIES_BANETTE	Faint Attack	28	28	same	
SPECIES_BANETTE	Shadow Ball	31	31	same	
SPECIES_BANETTE	Sucker Punch	35	35	same	
SPECIES_BANETTE	Embargo	42	42	same	
SPECIES_BANETTE	Snatch	51	51	same	
SPECIES_BANETTE	Grudge	58	58	same	
SPECIES_BANETTE	Trick	66	66	same	
SPECIES_BARBOACH	Mud-Slap	1	1	same	
SPECIES_BARBOACH	Mud Sport	6	6	same	
SPECIES_BARBOACH	Water Sport	6	6	same	
SPECIES_BARBOACH	Water Gun	10	10	same	
SPECIES_BARBOACH	Mud Bomb	14	14	same	
SPECIES_BARBOACH	Amnesia	18	18	same	
SPECIES_BARBOACH	Water Pulse	22	22	same	
SPECIES_BARBOACH	Magnitude	26	26	same	
SPECIES_BARBOACH	Rest	31	31	same	
SPECIES_BARBOACH	Aqua Tail	35	35	same	
SPECIES_BARBOACH	Earthquake	39	39	same	
SPECIES_BARBOACH	Future Sight	43	43	same	
SPECIES_BARBOACH	Fissure	47	47	same	
SPECIES_BARBOACH	Snore	31		dropped	leaves: works only asleep, or returns less than double
SPECIES_BASTIODON	Tackle	1	1	same	
SPECIES_BASTIODON	Protect	1	1	same	new at 61: a move in the last splits, from its own level 1
SPECIES_BASTIODON	Taunt	1	1	same	
SPECIES_BASTIODON	Metal Sound	1	1	same	
SPECIES_BASTIODON	Taunt	6	6	same	
SPECIES_BASTIODON	Metal Sound	10	10	same	
SPECIES_BASTIODON	Take Down	15	15	same	
SPECIES_BASTIODON	Iron Defense	19	19	same	
SPECIES_BASTIODON	Swagger	24	24	same	
SPECIES_BASTIODON	AncientPower	28	28	same	
SPECIES_BASTIODON	Block	30	30	same	
SPECIES_BASTIODON	Endure	36	36	same	
SPECIES_BASTIODON	Iron Head	52	44	moved	52 to 44: Kaizo's Bastiodon at 53, translated to 43, and no earlier than Kaizo's level of 53 within its split
SPECIES_BASTIODON	Earthquake		53	added	new at 53: Kaizo's Bastiodon at 56, no earlier than that within its split (translated to 46)
SPECIES_BASTIODON	Protect	1	61	same	new at 61: a move in the last splits, from its own level 1
SPECIES_BASTIODON	Metal Burst	43		dropped	leaves: works only asleep, or returns less than double
SPECIES_BAYLEEF	Tackle	1	1	same	
SPECIES_BAYLEEF	Growl	1	1	same	
SPECIES_BAYLEEF	Razor Leaf	1	1	same	
SPECIES_BAYLEEF	PoisonPowder	1	1	same	
SPECIES_BAYLEEF	Razor Leaf	6	6	same	
SPECIES_BAYLEEF	PoisonPowder	9	9	same	
SPECIES_BAYLEEF	Synthesis	12	12	same	
SPECIES_BAYLEEF	Reflect	18	18	same	
SPECIES_BAYLEEF	Magical Leaf	22	22	same	
SPECIES_BAYLEEF	Natural Gift	26	26	same	
SPECIES_BAYLEEF	Sweet Scent	32	32	same	
SPECIES_BAYLEEF	Light Screen	36	36	same	
SPECIES_BAYLEEF	Body Slam	40	40	same	
SPECIES_BAYLEEF	Safeguard	46	46	same	
SPECIES_BAYLEEF	Aromatherapy	50	50	same	
SPECIES_BAYLEEF	SolarBeam	54	54	same	
SPECIES_BEAUTIFLY	Gust	13	13	same	
SPECIES_BEAUTIFLY	Stun Spore	17	17	same	
SPECIES_BEAUTIFLY	Morning Sun	20	20	same	
SPECIES_BEAUTIFLY	Whirlwind	27	27	same	
SPECIES_BEAUTIFLY	Air Slash	26	29	moved	26 to 29: Kaizo's Beautifly at 29, translated to 27, and no earlier than Kaizo's level of 29 within its split
SPECIES_BEAUTIFLY	Attract	31	31	same	
SPECIES_BEAUTIFLY	Silver Wind	34	34	same	
SPECIES_BEAUTIFLY	Giga Drain	38	38	same	
SPECIES_BEAUTIFLY	Bug Buzz	41	41	same	
SPECIES_BEAUTIFLY	Aerial Ace		61	added	new at 61: a move in the last splits, from Kaizo's Beautifly at 21
SPECIES_BEAUTIFLY	Absorb	1		dropped	leaves: strength 20, under 40
SPECIES_BEAUTIFLY	Mega Drain	24		dropped	leaves: strength 40, at most half of Gardenia's usual 80
SPECIES_BEEDRILL	Fury Attack	1	1	same	
SPECIES_BEEDRILL	Fury Attack	10	10	same	
SPECIES_BEEDRILL	Focus Energy	13	13	same	
SPECIES_BEEDRILL	Twineedle	16	16	same	
SPECIES_BEEDRILL	Pursuit	22	22	same	
SPECIES_BEEDRILL	Toxic Spikes	25	25	same	
SPECIES_BEEDRILL	Pin Missile	28	28	same	
SPECIES_BEEDRILL	Agility	31	31	same	
SPECIES_BEEDRILL	Assurance	34	34	same	
SPECIES_BEEDRILL	Poison Jab	37	37	same	
SPECIES_BEEDRILL	Endeavor	40	40	same	
SPECIES_BEEDRILL	Rage	19		dropped	leaves: strength 20, under 40
SPECIES_BELDUM	Take Down	1	1	same	
SPECIES_BELLOSSOM	Leaf Blade	1	1	same	
SPECIES_BELLOSSOM	Mega Drain	1	1	same	
SPECIES_BELLOSSOM	Sweet Scent	1	1	same	
SPECIES_BELLOSSOM	Stun Spore	1	1	same	
SPECIES_BELLOSSOM	Sunny Day	1	1	same	
SPECIES_BELLOSSOM	Magical Leaf	23	23	same	
SPECIES_BELLOSSOM	Leaf Storm	53	53	same	
SPECIES_BELLSPROUT	Vine Whip	1	1	same	
SPECIES_BELLSPROUT	Growth	7	7	same	
SPECIES_BELLSPROUT	Leafage		11	added	new at 11: keeps the first attack's level
SPECIES_BELLSPROUT	Sleep Powder	13	13	same	
SPECIES_BELLSPROUT	PoisonPowder	15	15	same	
SPECIES_BELLSPROUT	Stun Spore	17	17	same	
SPECIES_BELLSPROUT	Acid	23	23	same	
SPECIES_BELLSPROUT	Knock Off	27	27	same	
SPECIES_BELLSPROUT	Sweet Scent	29	29	same	
SPECIES_BELLSPROUT	Gastro Acid	35	35	same	
SPECIES_BELLSPROUT	Razor Leaf	39	39	same	
SPECIES_BELLSPROUT	Slam	41	41	same	
SPECIES_BELLSPROUT	Wring Out	47	47	same	
SPECIES_BELLSPROUT	Wrap	11		dropped	leaves: strength 14, under 40
SPECIES_BIBAREL	Tackle	1	1	same	
SPECIES_BIBAREL	Growl	1	1	same	
SPECIES_BIBAREL	Growl	5	5	same	
SPECIES_BIBAREL	Defense Curl	9	9	same	
SPECIES_BIBAREL	Water Gun	15	15	same	
SPECIES_BIBAREL	Headbutt	18	18	same	
SPECIES_BIBAREL	Hyper Fang	23	23	same	
SPECIES_BIBAREL	Yawn	28	28	same	
SPECIES_BIBAREL	Amnesia	33	33	same	
SPECIES_BIBAREL	Take Down	38	38	same	
SPECIES_BIBAREL	Super Fang	43	43	same	
SPECIES_BIBAREL	Superpower	48	48	same	
SPECIES_BIBAREL	Curse	53	53	same	
SPECIES_BIBAREL	Dive		61	added	new at 61: a move in the last splits, from Kaizo's Bibarel at 28
SPECIES_BIBAREL	Rollout	13		dropped	leaves: strength 27, under 40
SPECIES_BIDOOF	Tackle	1	1	same	
SPECIES_BIDOOF	Growl	5	5	same	
SPECIES_BIDOOF	Defense Curl	9	9	same	
SPECIES_BIDOOF	Headbutt	17	17	same	
SPECIES_BIDOOF	Hyper Fang	21	21	same	
SPECIES_BIDOOF	Yawn	25	25	same	
SPECIES_BIDOOF	Amnesia	29	29	same	
SPECIES_BIDOOF	Take Down	33	33	same	
SPECIES_BIDOOF	Super Fang	37	37	same	
SPECIES_BIDOOF	Superpower	41	41	same	
SPECIES_BIDOOF	Curse	45	45	same	
SPECIES_BIDOOF	Rollout	13		dropped	leaves: strength 27, under 40
SPECIES_BLACEPHALON	Light Screen	5	5	same	
SPECIES_BLACEPHALON	Ember	10	10	same	
SPECIES_BLACEPHALON	Night Shade	15	15	same	
SPECIES_BLACEPHALON	Confuse Ray	20	20	same	
SPECIES_BLACEPHALON	Magic Coat	25	25	same	
SPECIES_BLACEPHALON	Incinerate	30	30	same	
SPECIES_BLACEPHALON	Hypnosis	35	35	same	
SPECIES_BLACEPHALON	Mystical Fire	40	40	same	
SPECIES_BLACEPHALON	Shadow Ball	45	45	same	
SPECIES_BLACEPHALON	Calm Mind	50	50	same	
SPECIES_BLACEPHALON	Will-O-Wisp	55	55	same	
SPECIES_BLACEPHALON	Trick	60	60	same	
SPECIES_BLACEPHALON	Fire Blast	65	65	same	
SPECIES_BLACEPHALON	Mind Blown	70	70	same	
SPECIES_BLACEPHALON	Astonish	1		dropped	leaves: strength 30, under 40
SPECIES_BLACEPHALON	Fire Spin	1		dropped	leaves: strength 35, under 40
SPECIES_BLASTOISE	Flash Cannon	1	1	same	
SPECIES_BLASTOISE	Tackle	1	1	same	
SPECIES_BLASTOISE	Tail Whip	1	1	same	
SPECIES_BLASTOISE	Bubble	1	1	same	
SPECIES_BLASTOISE	Withdraw	1	1	same	
SPECIES_BLASTOISE	Tail Whip	4	4	same	
SPECIES_BLASTOISE	Bubble	7	7	same	
SPECIES_BLASTOISE	Withdraw	10	10	same	
SPECIES_BLASTOISE	Water Gun	13	13	same	
SPECIES_BLASTOISE	Bite	16	16	same	
SPECIES_BLASTOISE	Rapid Spin	20	20	same	
SPECIES_BLASTOISE	Protect	24	24	same	
SPECIES_BLASTOISE	Water Pulse	28	28	same	
SPECIES_BLASTOISE	Aqua Tail	32	32	same	
SPECIES_BLASTOISE	Iron Defense	46	46	same	
SPECIES_BLASTOISE	Hydro Pump	60	60	same	
SPECIES_BLASTOISE	Ice Beam		61	added	new at 61: a move in the last splits, from Kaizo's Blastoise at 53
SPECIES_BLASTOISE	Skull Bash	39		dropped	leaves: charges a turn in the open (Kaizo's lists keep no such move)
SPECIES_BLASTOISE	Rain Dance	53		dropped	leaves: weather, for a species the player can own
SPECIES_BLAZIKEN	Fire Punch	1	1	same	
SPECIES_BLAZIKEN	Scratch	1	1	same	
SPECIES_BLAZIKEN	Growl	1	1	same	
SPECIES_BLAZIKEN	Focus Energy	1	1	same	
SPECIES_BLAZIKEN	Ember	1	1	same	
SPECIES_BLAZIKEN	Brave Bird	49	1	moved	49 to 1: an exclusive delay, Kaizo gives it only to Combusken
SPECIES_BLAZIKEN	Focus Energy	7	7	same	
SPECIES_BLAZIKEN	Ember	13	13	same	
SPECIES_BLAZIKEN	Double Kick	16	16	same	
SPECIES_BLAZIKEN	Sand-Attack	21	21	same	
SPECIES_BLAZIKEN	Bulk Up	28	28	same	
SPECIES_BLAZIKEN	Quick Attack	32	32	same	
SPECIES_BLAZIKEN	Blaze Kick	36	36	same	
SPECIES_BLAZIKEN	Slash	42	42	same	
SPECIES_BLAZIKEN	Sky Uppercut	59	59	same	
SPECIES_BLAZIKEN	Flare Blitz	66	66	same	
SPECIES_BLAZIKEN	Peck	17		dropped	leaves: strength 40, at most half of Gardenia's usual 80
SPECIES_BLIPBUG	Struggle Bug	1	1	same	
SPECIES_BLIPBUG	Trick Room	81	81	same	
SPECIES_BLISSEY	Pound	1	1	same	
SPECIES_BLISSEY	Growl	1	1	same	
SPECIES_BLISSEY	Tail Whip	5	5	same	
SPECIES_BLISSEY	Refresh	9	9	same	
SPECIES_BLISSEY	Softboiled	12	12	same	
SPECIES_BLISSEY	DoubleSlap	16	16	same	
SPECIES_BLISSEY	Minimize	20	20	same	
SPECIES_BLISSEY	Sing	23	23	same	
SPECIES_BLISSEY	Fling	27	27	same	
SPECIES_BLISSEY	Defense Curl	31	31	same	
SPECIES_BLISSEY	Light Screen	34	34	same	
SPECIES_BLISSEY	Egg Bomb	38	38	same	
SPECIES_BLISSEY	Healing Wish	42	42	same	
SPECIES_BLISSEY	Double-Edge	46	46	same	
SPECIES_BLISSEY	Focus Blast		61	added	new at 61: a move in the last splits, from a TM it learns
SPECIES_BONSLY	Fake Tears	1	1	same	
SPECIES_BONSLY	Copycat	1	1	same	
SPECIES_BONSLY	Flail	6	6	same	
SPECIES_BONSLY	Low Kick	9	9	same	
SPECIES_BONSLY	Rock Throw	14	14	same	
SPECIES_BONSLY	Mimic	17	17	same	
SPECIES_BONSLY	Block	22	22	same	
SPECIES_BONSLY	Faint Attack	25	25	same	
SPECIES_BONSLY	Rock Tomb	30	30	same	
SPECIES_BONSLY	Rock Slide	33	33	same	
SPECIES_BONSLY	Wood Hammer		34	added	new at 33: Kaizo's Bonsly at 38; 33 to 34: the same-level rule (another move is at 33)
SPECIES_BONSLY	Slam	38	38	same	
SPECIES_BONSLY	Sucker Punch	41	41	same	
SPECIES_BONSLY	Double-Edge	46	46	same	
SPECIES_BOUNSWEET	Leafage		1	added	new at 1: the move-pool survey's pick
SPECIES_BOUNSWEET	Play Nice	5	5	same	
SPECIES_BOUNSWEET	Rapid Spin	9	9	same	
SPECIES_BOUNSWEET	Razor Leaf	12	12	same	
SPECIES_BOUNSWEET	Sweet Scent	17	17	same	
SPECIES_BOUNSWEET	Magical Leaf	21	21	same	
SPECIES_BOUNSWEET	Teeter Dance	23	23	same	
SPECIES_BOUNSWEET	Flail	29	29	same	
SPECIES_BOUNSWEET	Splash	1		dropped	leaves: the move pool's first cut
SPECIES_BOUNSWEET	Aromatic Mist	33		dropped	leaves: the move pool's first cut
SPECIES_BRAIXEN	Scratch	1	1	same	
SPECIES_BRAIXEN	Tail Whip	1	1	same	
SPECIES_BRAIXEN	Ember	5	5	same	
SPECIES_BRAIXEN	Role Play	9	9	same	
SPECIES_BRAIXEN	Psybeam	13	13	same	
SPECIES_BRAIXEN	Lucky Chant	19	19	same	
SPECIES_BRAIXEN	Light Screen	24	24	same	
SPECIES_BRAIXEN	Flame Burst	29	29	same	
SPECIES_BRAIXEN	Psyshock	34	34	same	
SPECIES_BRAIXEN	Hypnosis	39	39	same	
SPECIES_BRAIXEN	Will-O-Wisp	43	43	same	
SPECIES_BRAIXEN	Flamethrower	50	50	same	
SPECIES_BRAIXEN	Psychic	54	54	same	
SPECIES_BRAIXEN	Magic Room	58	58	same	
SPECIES_BRAIXEN	Future Sight	61	61	same	
SPECIES_BRAIXEN	Overheat	65	65	same	
SPECIES_BRELOOM	Tackle	1	1	same	
SPECIES_BRELOOM	Stun Spore	1	1	same	
SPECIES_BRELOOM	Leech Seed	1	1	same	
SPECIES_BRELOOM	Tackle	5	5	same	
SPECIES_BRELOOM	Stun Spore	9	9	same	
SPECIES_BRELOOM	Leech Seed	13	13	same	
SPECIES_BRELOOM	Mega Drain	17	17	same	
SPECIES_BRELOOM	Headbutt	21	21	same	
SPECIES_BRELOOM	Mach Punch	23	23	same	
SPECIES_BRELOOM	Counter	25	25	same	
SPECIES_BRELOOM	Force Palm	29	29	same	
SPECIES_BRELOOM	Sky Uppercut	33	33	same	
SPECIES_BRELOOM	Mind Reader	37	37	same	
SPECIES_BRELOOM	DynamicPunch	45	45	same	
SPECIES_BRELOOM	Seed Bomb	41	56	moved	41 to 56: Kaizo's Breloom at 71, translated to 55, and no earlier than Kaizo's level of 71 within its split
SPECIES_BRELOOM	Giga Drain		65	added	new at 65: a move in the last splits, from Kaizo's Breloom at 30; 61 to 65: no earlier than Kaizo's level for like moves (78)
SPECIES_BRELOOM	Absorb	1		dropped	leaves: strength 20, under 40
SPECIES_BRIONNE	Pound	1	1	same	
SPECIES_BRIONNE	Water Gun	1	1	same	
SPECIES_BRIONNE	Disarming Voice	4	4	same	
SPECIES_BRIONNE	Baby-Doll Eyes	7	7	same	
SPECIES_BRIONNE	Life Dew	10	10	same	
SPECIES_BRIONNE	Aqua Jet	14	14	same	
SPECIES_BRIONNE	Icy Wind	19	19	same	
SPECIES_BRIONNE	Encore	24	24	same	
SPECIES_BRIONNE	Sing	28	28	same	
SPECIES_BRIONNE	Draining Kiss	39	39	same	
SPECIES_BRIONNE	Perish Song	44	44	same	
SPECIES_BRIONNE	Hyper Voice	50	50	same	
SPECIES_BRIONNE	Flip Turn	55	55	same	
SPECIES_BRIONNE	Moonblast	61	61	same	
SPECIES_BRIONNE	Scald	34	65	moved	34 to 65: its nearest Kaizo lines, translated to 61, and no earlier than Kaizo's level of 78 within its split
SPECIES_BRIONNE	Hydro Pump	67	67	same	
SPECIES_BRONZONG	Tackle	1	1	same	
SPECIES_BRONZONG	Confusion	1	1	same	
SPECIES_BRONZONG	Hypnosis	1	1	same	
SPECIES_BRONZONG	Imprison	1	1	same	
SPECIES_BRONZONG	Hypnosis	7	7	same	
SPECIES_BRONZONG	Imprison	12	12	same	
SPECIES_BRONZONG	Confuse Ray	14	14	same	
SPECIES_BRONZONG	Extrasensory	19	19	same	
SPECIES_BRONZONG	Iron Defense	26	26	same	
SPECIES_BRONZONG	Safeguard	30	30	same	
SPECIES_BRONZONG	Block	33	33	same	
SPECIES_BRONZONG	Gyro Ball	38	38	same	
SPECIES_BRONZONG	Future Sight	43	43	same	
SPECIES_BRONZONG	Faint Attack	50	50	same	
SPECIES_BRONZONG	Earthquake		53	added	new at 53: Kaizo's Bronzong at 61, no earlier than that within its split (translated to 50)
SPECIES_BRONZONG	Payback	61	61	same	
SPECIES_BRONZONG	Heal Block	67	67	same	
SPECIES_BRONZONG	Sunny Day	1		dropped	leaves: weather, for a species the player can own
SPECIES_BRONZONG	Rain Dance	1		dropped	leaves: weather, for a species the player can own
SPECIES_BRONZOR	Tackle	1	1	same	
SPECIES_BRONZOR	Confusion	1	1	same	
SPECIES_BRONZOR	Hypnosis	7	7	same	
SPECIES_BRONZOR	Imprison	12	12	same	
SPECIES_BRONZOR	Confuse Ray	14	14	same	
SPECIES_BRONZOR	Extrasensory	19	19	same	
SPECIES_BRONZOR	Iron Head		20	added	new at 19: Kaizo's Bronzor at 19, no earlier than that within its split (translated to 18); 19 to 20: the same-level rule (another move is at 19)
SPECIES_BRONZOR	Iron Defense	26	26	same	
SPECIES_BRONZOR	Safeguard	30	30	same	
SPECIES_BRONZOR	Zen Headbutt		31	added	new at 30: Kaizo's Bronzor at 30, no earlier than that within its split (translated to 27); 30 to 31: the same-level rule (another move is at 30)
SPECIES_BRONZOR	Gyro Ball	35	35	same	
SPECIES_BRONZOR	Future Sight	37	37	same	
SPECIES_BRONZOR	Faint Attack	41	41	same	
SPECIES_BRONZOR	Payback	49	49	same	
SPECIES_BRONZOR	Heal Block	52	52	same	
SPECIES_BUDEW	Growth	4	4	same	
SPECIES_BUDEW	Water Sport	7	7	same	
SPECIES_BUDEW	Stun Spore	10	10	same	
SPECIES_BUDEW	Mega Drain	13	13	same	
SPECIES_BUDEW	Worry Seed	16	16	same	
SPECIES_BUDEW	Absorb	1		dropped	leaves: strength 20, under 40
SPECIES_BUIZEL	SonicBoom	1	1	same	
SPECIES_BUIZEL	Growl	1	1	same	
SPECIES_BUIZEL	Water Sport	1	1	same	
SPECIES_BUIZEL	Quick Attack	3	3	same	
SPECIES_BUIZEL	Water Gun	6	6	same	
SPECIES_BUIZEL	Pursuit	10	10	same	
SPECIES_BUIZEL	Swift	15	15	same	
SPECIES_BUIZEL	Aqua Jet	21	21	same	
SPECIES_BUIZEL	Agility	28	28	same	
SPECIES_BUIZEL	Whirlpool	36		dropped	leaves: strength 35, under 40
SPECIES_BUIZEL	Razor Wind	45		dropped	leaves: charges a turn in the open (Kaizo's lists keep no such move)
SPECIES_BULBASAUR	Tackle	1	1	same	
SPECIES_BULBASAUR	Growl	3	3	same	
SPECIES_BULBASAUR	Leech Seed	7	7	same	
SPECIES_BULBASAUR	Vine Whip	9	9	same	
SPECIES_BULBASAUR	PoisonPowder	13	13	same	
SPECIES_BULBASAUR	Sleep Powder	13	13	same	
SPECIES_BULBASAUR	Take Down	15	15	same	
SPECIES_BULBASAUR	Razor Leaf	19	19	same	
SPECIES_BULBASAUR	Sweet Scent	21	21	same	
SPECIES_BULBASAUR	Growth	25	25	same	
SPECIES_BULBASAUR	Double-Edge	27	27	same	
SPECIES_BULBASAUR	Worry Seed	31	31	same	
SPECIES_BULBASAUR	Synthesis	33	33	same	
SPECIES_BULBASAUR	Seed Bomb	37	37	same	
SPECIES_BUNEARY	Pound	1	1	same	
SPECIES_BUNEARY	Defense Curl	1	1	same	
SPECIES_BUNEARY	Foresight	1	1	same	
SPECIES_BUNEARY	Endure	6	6	same	
SPECIES_BUNEARY	Frustration	13	13	same	
SPECIES_BUNEARY	Quick Attack	16	16	same	
SPECIES_BUNEARY	Jump Kick	23	23	same	
SPECIES_BUNEARY	Baton Pass	26	26	same	
SPECIES_BUNEARY	Agility	33	33	same	
SPECIES_BUNEARY	Dizzy Punch	36	36	same	
SPECIES_BUNEARY	Charm	43	43	same	
SPECIES_BUNEARY	Bounce	46	46	same	
SPECIES_BUNEARY	Healing Wish	53	53	same	
SPECIES_BUNEARY	Splash	1		dropped	leaves: the move pool's first cut
SPECIES_BURMY	Protect	1	1	same	
SPECIES_BURMY	Tackle	10	10	same	
SPECIES_BURMY	Bug Bite	15	15	same	
SPECIES_BURMY	Hidden Power	20	20	same	
SPECIES_BUTTERFREE	Confusion	1	1	same	
SPECIES_BUTTERFREE	Confusion	10	10	same	
SPECIES_BUTTERFREE	PoisonPowder	12	12	same	
SPECIES_BUTTERFREE	Stun Spore	12	12	same	
SPECIES_BUTTERFREE	Sleep Powder	12	12	same	
SPECIES_BUTTERFREE	Gust	16	16	same	
SPECIES_BUTTERFREE	Supersonic	18	18	same	
SPECIES_BUTTERFREE	Whirlwind	22	22	same	
SPECIES_BUTTERFREE	Psybeam	24	24	same	
SPECIES_BUTTERFREE	Silver Wind	28	28	same	
SPECIES_BUTTERFREE	Tailwind	30	30	same	
SPECIES_BUTTERFREE	Safeguard	34	34	same	
SPECIES_BUTTERFREE	Captivate	36	36	same	
SPECIES_BUTTERFREE	Bug Buzz	40	40	same	
SPECIES_BUZZWOLE	Power-Up Punch	1	1	same	
SPECIES_BUZZWOLE	Harden	1	1	same	
SPECIES_BUZZWOLE	Taunt	5	5	same	
SPECIES_BUZZWOLE	Fell Stinger	10	10	same	
SPECIES_BUZZWOLE	Vital Throw	15	15	same	
SPECIES_BUZZWOLE	Bulk Up	20	20	same	
SPECIES_BUZZWOLE	Endure	25	25	same	
SPECIES_BUZZWOLE	Reversal	30	30	same	
SPECIES_BUZZWOLE	Lunge	40	40	same	
SPECIES_BUZZWOLE	Focus Energy	45	45	same	
SPECIES_BUZZWOLE	DynamicPunch	50	50	same	
SPECIES_BUZZWOLE	Counter	55	55	same	
SPECIES_BUZZWOLE	Hammer Arm	60	60	same	
SPECIES_BUZZWOLE	Superpower	65	65	same	
SPECIES_BUZZWOLE	Focus Punch	70	70	same	
SPECIES_BUZZWOLE	Mega Punch	35		dropped	leaves: 85% accurate on 80 power
SPECIES_CACNEA	Poison Sting	1	1	same	
SPECIES_CACNEA	Leer	1	1	same	
SPECIES_CACNEA	Leafage		5	added	new at 5: keeps the first attack's level
SPECIES_CACNEA	Growth	9	9	same	
SPECIES_CACNEA	Leech Seed	13	13	same	
SPECIES_CACNEA	Sand-Attack	17	17	same	
SPECIES_CACNEA	Pin Missile	21	21	same	
SPECIES_CACNEA	Ingrain	25	25	same	
SPECIES_CACNEA	Faint Attack	29	29	same	
SPECIES_CACNEA	Spikes	33	33	same	
SPECIES_CACNEA	Sucker Punch	37	37	same	
SPECIES_CACNEA	Payback	41	41	same	
SPECIES_CACNEA	Needle Arm	45	45	same	
SPECIES_CACNEA	Cotton Spore	49	49	same	
SPECIES_CACNEA	Sandstorm	53	53	same	
SPECIES_CACNEA	Destiny Bond	57	57	same	
SPECIES_CACNEA	Absorb	5		dropped	leaves: strength 20, under 40
SPECIES_CACTURNE	Revenge	1	1	same	
SPECIES_CACTURNE	Poison Sting	1	1	same	
SPECIES_CACTURNE	Leer	1	1	same	
SPECIES_CACTURNE	Growth	1	1	same	
SPECIES_CACTURNE	Growth	9	9	same	
SPECIES_CACTURNE	Leech Seed	13	13	same	
SPECIES_CACTURNE	Sand-Attack	17	17	same	
SPECIES_CACTURNE	Pin Missile	21	21	same	
SPECIES_CACTURNE	Ingrain	25	25	same	
SPECIES_CACTURNE	Faint Attack	29	29	same	
SPECIES_CACTURNE	Spikes	35	35	same	
SPECIES_CACTURNE	Sucker Punch	41	41	same	
SPECIES_CACTURNE	Payback	47	47	same	
SPECIES_CACTURNE	Needle Arm	53	53	same	
SPECIES_CACTURNE	Cotton Spore	59	59	same	
SPECIES_CACTURNE	Sandstorm	65	65	same	
SPECIES_CACTURNE	Destiny Bond	71	71	same	
SPECIES_CACTURNE	Absorb	1		dropped	leaves: strength 20, under 40
SPECIES_CAMERUPT	Growl	1	1	same	
SPECIES_CAMERUPT	Tackle	1	1	same	
SPECIES_CAMERUPT	Ember	1	1	same	
SPECIES_CAMERUPT	Magnitude	1	1	same	
SPECIES_CAMERUPT	Ember	5	5	same	
SPECIES_CAMERUPT	Magnitude	11	11	same	
SPECIES_CAMERUPT	Focus Energy	15	15	same	
SPECIES_CAMERUPT	Take Down	21	21	same	
SPECIES_CAMERUPT	Amnesia	25	25	same	
SPECIES_CAMERUPT	Lava Plume	31	31	same	
SPECIES_CAMERUPT	Rock Slide	33	33	same	
SPECIES_CAMERUPT	Earth Power	39	39	same	
SPECIES_CAMERUPT	Earthquake	49	49	same	
SPECIES_CAMERUPT	Eruption	57	57	same	
SPECIES_CAMERUPT	Fissure	67	67	same	
SPECIES_CARBINK	Tackle	1	1	same	
SPECIES_CARBINK	Harden	1	1	same	
SPECIES_CARBINK	Rock Throw	5	5	same	
SPECIES_CARBINK	Sharpen	8	8	same	
SPECIES_CARBINK	Smack Down	10	10	same	
SPECIES_CARBINK	Guard Split	15	15	same	
SPECIES_CARBINK	Reflect	18	18	same	
SPECIES_CARBINK	Flail	24	24	same	
SPECIES_CARBINK	AncientPower	25	25	same	
SPECIES_CARBINK	Rock Polish	25	25	same	
SPECIES_CARBINK	Rock Slide	35	35	same	
SPECIES_CARBINK	Stealth Rock	36	36	same	
SPECIES_CARBINK	Skill Swap	40	40	same	
SPECIES_CARBINK	Light Screen	44	44	same	
SPECIES_CARBINK	Power Gem	45	45	same	
SPECIES_CARBINK	Moonblast	52	52	same	
SPECIES_CARBINK	Stone Edge	54	54	same	
SPECIES_CARBINK	Dazzling Gleam		61	added	new at 61: a move in the last splits, from Legends Z-A at 23
SPECIES_CARBINK	Safeguard	70	70	same	
SPECIES_CARNIVINE	Growth	1	1	same	
SPECIES_CARNIVINE	Bite	7	7	same	
SPECIES_CARNIVINE	Vine Whip	11	11	same	
SPECIES_CARNIVINE	Sweet Scent	17	17	same	
SPECIES_CARNIVINE	Ingrain	21	21	same	
SPECIES_CARNIVINE	Faint Attack	27	27	same	
SPECIES_CARNIVINE	Stockpile	31	31	same	
SPECIES_CARNIVINE	Spit Up	31	31	same	
SPECIES_CARNIVINE	Swallow	31	31	same	
SPECIES_CARNIVINE	Crunch	37	37	same	
SPECIES_CARNIVINE	Wring Out	41	41	same	
SPECIES_CARNIVINE	Power Whip	47	47	same	
SPECIES_CARNIVINE	Giga Drain		61	added	new at 61: a move in the last splits, from Kaizo's Carnivine at 31
SPECIES_CARNIVINE	Bind	1		dropped	leaves: strength 13, under 40
SPECIES_CARVANHA	Leer	1	1	same	
SPECIES_CARVANHA	Bite	1	1	same	
SPECIES_CARVANHA	Water Gun		6	added	new at 6: keeps the first attack's level
SPECIES_CARVANHA	Focus Energy	8	8	same	
SPECIES_CARVANHA	Scary Face	11	11	same	
SPECIES_CARVANHA	Screech	18	18	same	
SPECIES_CARVANHA	Swagger	21	21	same	
SPECIES_CARVANHA	Assurance	26	26	same	
SPECIES_CARVANHA	Crunch	28	28	same	
SPECIES_CARVANHA	Aqua Jet	31	31	same	
SPECIES_CARVANHA	Agility	36	36	same	
SPECIES_CARVANHA	Take Down	38	38	same	
SPECIES_CARVANHA	Ice Fang	16	53	moved	16 to 53: Kaizo's Carvanha at 60, translated to 49, and no earlier than Kaizo's level of 60 within its split; an exclusive delay: Kaizo gives it to no later stage
SPECIES_CARVANHA	Rage	6		dropped	leaves: strength 20, under 40
SPECIES_CASCOON	Harden	1	1	same	
SPECIES_CASCOON	Harden	7	7	same	
SPECIES_CASTFORM	Tackle	1	1	same	
SPECIES_CASTFORM	Water Gun	10	10	same	
SPECIES_CASTFORM	Ember	10	10	same	
SPECIES_CASTFORM	Powder Snow	10	10	same	
SPECIES_CASTFORM	Weather Ball	30	30	same	
SPECIES_CASTFORM	Hurricane		61	added	new at 61: a move in the last splits, from Legends Z-A at 45
SPECIES_CASTFORM	Rain Dance	20		dropped	leaves: weather, for a species the player can own
SPECIES_CASTFORM	Sunny Day	20		dropped	leaves: weather, for a species the player can own
SPECIES_CASTFORM	Hail	20		dropped	leaves: weather, for a species the player can own
SPECIES_CATERPIE	Tackle	1	1	same	
SPECIES_CATERPIE	String Shot	1	1	same	
SPECIES_CATERPIE	Bug Bite	15	15	same	
SPECIES_CELEBI	Leech Seed	1	1	same	
SPECIES_CELEBI	Confusion	1	1	same	
SPECIES_CELEBI	Recover	1	1	same	
SPECIES_CELEBI	Heal Bell	1	1	same	
SPECIES_CELEBI	Safeguard	10	10	same	
SPECIES_CELEBI	Magical Leaf	19	19	same	
SPECIES_CELEBI	AncientPower	28	28	same	
SPECIES_CELEBI	Baton Pass	37	37	same	
SPECIES_CELEBI	Natural Gift	46	46	same	
SPECIES_CELEBI	Heal Block	55	55	same	
SPECIES_CELEBI	Future Sight	64	64	same	
SPECIES_CELEBI	Healing Wish	73	73	same	
SPECIES_CELEBI	Leaf Storm	82	82	same	
SPECIES_CELEBI	Perish Song	91	91	same	
SPECIES_CELESTEELA	Tackle	1	1	same	
SPECIES_CELESTEELA	Harden	5	5	same	
SPECIES_CELESTEELA	Wide Guard	10	10	same	
SPECIES_CELESTEELA	Mega Drain	15	15	same	
SPECIES_CELESTEELA	Smack Down	20	20	same	
SPECIES_CELESTEELA	Ingrain	25	25	same	
SPECIES_CELESTEELA	Autotomize	30	30	same	
SPECIES_CELESTEELA	Giga Drain	35	35	same	
SPECIES_CELESTEELA	Flash Cannon	40	40	same	
SPECIES_CELESTEELA	Metal Sound	45	45	same	
SPECIES_CELESTEELA	Iron Defense	50	50	same	
SPECIES_CELESTEELA	Leech Seed	55	55	same	
SPECIES_CELESTEELA	Heavy Slam	60	60	same	
SPECIES_CELESTEELA	Double-Edge	65	65	same	
SPECIES_CELESTEELA	Absorb	1		dropped	leaves: strength 20, under 40
SPECIES_CELESTEELA	Skull Bash	70		dropped	leaves: charges a turn in the open (Kaizo's lists keep no such move)
SPECIES_CERULEDGE	Shadow Claw	1	1	same	
SPECIES_CERULEDGE	Night Slash	1	1	same	
SPECIES_CERULEDGE	Night Slash	1	1	same	
SPECIES_CERULEDGE	Shadow Sneak	1	1	same	
SPECIES_CERULEDGE	Shadow Sneak	1	1	same	
SPECIES_CERULEDGE	Quick Guard	1	1	same	
SPECIES_CERULEDGE	Quick Guard	1	1	same	
SPECIES_CERULEDGE	Solar Blade	1	1	same	
SPECIES_CERULEDGE	Solar Blade	1	1	same	
SPECIES_CERULEDGE	Leer	1	1	same	
SPECIES_CERULEDGE	Ember	1	1	same	
SPECIES_CERULEDGE	Clear Smog	8	8	same	
SPECIES_CERULEDGE	Will-O-Wisp	16	16	same	
SPECIES_CERULEDGE	Night Shade	20	20	same	
SPECIES_CERULEDGE	Flame Charge	24	24	same	
SPECIES_CERULEDGE	Incinerate	28	28	same	
SPECIES_CERULEDGE	Lava Plume	32	32	same	
SPECIES_CERULEDGE	Swords Dance	37	37	same	
SPECIES_CERULEDGE	Bitter Blade	48	48	same	
SPECIES_CERULEDGE	Psycho Cut	56	56	same	
SPECIES_CERULEDGE	Flare Blitz	62	62	same	
SPECIES_CERULEDGE	Astonish	1		dropped	leaves: strength 30, under 40
SPECIES_CERULEDGE	Fire Spin	12		dropped	leaves: strength 35, under 40
SPECIES_CERULEDGE	Ally Switch	42		dropped	leaves: the move pool's first cut
SPECIES_CHANDELURE	Ember	1	1	same	
SPECIES_CHANDELURE	Smog	3	3	same	
SPECIES_CHANDELURE	Confuse Ray	6	6	same	
SPECIES_CHANDELURE	Night Shade	14	14	same	
SPECIES_CHANDELURE	Clear Smog	18	18	same	
SPECIES_CHANDELURE	Will-O-Wisp	22	22	same	
SPECIES_CHANDELURE	Flame Burst	26	26	same	
SPECIES_CHANDELURE	Hex	30	30	same	
SPECIES_CHANDELURE	Imprison	35	35	same	
SPECIES_CHANDELURE	Memento	40	40	same	
SPECIES_CHANDELURE	Mystical Fire	46	46	same	
SPECIES_CHANDELURE	Pain Split	55	55	same	
SPECIES_CHANDELURE	Shadow Ball	65	65	same	
SPECIES_CHANDELURE	Heat Wave	72	72	same	
SPECIES_CHANDELURE	Overheat	77	77	same	
SPECIES_CHANDELURE	Astonish	1		dropped	leaves: strength 30, under 40
SPECIES_CHANDELURE	Fire Spin	10		dropped	leaves: strength 35, under 40
SPECIES_CHANSEY	Pound	1	1	same	
SPECIES_CHANSEY	Growl	1	1	same	
SPECIES_CHANSEY	Tail Whip	5	5	same	
SPECIES_CHANSEY	Refresh	9	9	same	
SPECIES_CHANSEY	Softboiled	12	12	same	
SPECIES_CHANSEY	DoubleSlap	16	16	same	
SPECIES_CHANSEY	Minimize	20	20	same	
SPECIES_CHANSEY	Sing	23	23	same	
SPECIES_CHANSEY	Fling	27	27	same	
SPECIES_CHANSEY	Defense Curl	31	31	same	
SPECIES_CHANSEY	Light Screen	34	34	same	
SPECIES_CHANSEY	Egg Bomb	38	38	same	
SPECIES_CHANSEY	Healing Wish	42	42	same	
SPECIES_CHANSEY	Double-Edge	46	46	same	
SPECIES_CHARCADET	Clear Smog	1	1	same	
SPECIES_CHARCADET	Will-O-Wisp	20	20	same	
SPECIES_CHARCADET	Night Shade	30	30	same	
SPECIES_CHARCADET	Incinerate	40	40	same	
SPECIES_CHARCADET	Lava Plume	50	50	same	
SPECIES_CHARCADET	Fire Spin	1		dropped	leaves: strength 35, under 40
SPECIES_CHARIZARD	Dragon Claw	1	1	same	
SPECIES_CHARIZARD	Shadow Claw	1	1	same	
SPECIES_CHARIZARD	Air Slash	1	1	same	
SPECIES_CHARIZARD	Scratch	1	1	same	
SPECIES_CHARIZARD	Growl	1	1	same	
SPECIES_CHARIZARD	Ember	1	1	same	
SPECIES_CHARIZARD	SmokeScreen	1	1	same	
SPECIES_CHARIZARD	Ember	7	7	same	
SPECIES_CHARIZARD	SmokeScreen	10	10	same	
SPECIES_CHARIZARD	Dragon Rage	17	17	same	
SPECIES_CHARIZARD	Scary Face	21	21	same	
SPECIES_CHARIZARD	Fire Fang	28	28	same	
SPECIES_CHARIZARD	Slash	32	32	same	
SPECIES_CHARIZARD	Wing Attack	36	36	same	
SPECIES_CHARIZARD	Flamethrower	42	53	moved	42 to 53: Kaizo's Charizard at 66, translated to 53
SPECIES_CHARIZARD	Heat Wave	59	59	same	
SPECIES_CHARIZARD	Flare Blitz	66	66	same	
SPECIES_CHARIZARD	Fire Spin	49		dropped	leaves: strength 35, under 40
SPECIES_CHARJABUG	Charge	1	1	same	
SPECIES_CHARJABUG	ViceGrip	1	1	same	
SPECIES_CHARJABUG	String Shot	1	1	same	
SPECIES_CHARJABUG	Mud-Slap	1	1	same	
SPECIES_CHARJABUG	Bug Bite	1	1	same	
SPECIES_CHARJABUG	Bite	15	15	same	
SPECIES_CHARJABUG	Spark	23	23	same	
SPECIES_CHARJABUG	Sticky Web	29	29	same	
SPECIES_CHARJABUG	Crunch	43	43	same	
SPECIES_CHARJABUG	Dig	50	50	same	
SPECIES_CHARJABUG	X-Scissor	36	53	moved	36 to 53: its nearest Kaizo lines, translated to 46, and no earlier than Kaizo's level of 56 within its split
SPECIES_CHARJABUG	Iron Defense	57	57	same	
SPECIES_CHARJABUG	Discharge	64	64	same	
SPECIES_CHARMANDER	Scratch	1	1	same	
SPECIES_CHARMANDER	Growl	1	1	same	
SPECIES_CHARMANDER	Ember	7	7	same	
SPECIES_CHARMANDER	SmokeScreen	10	10	same	
SPECIES_CHARMANDER	Dragon Rage	16	16	same	
SPECIES_CHARMANDER	Scary Face	19	19	same	
SPECIES_CHARMANDER	Fire Fang	25	25	same	
SPECIES_CHARMANDER	Slash	28	28	same	
SPECIES_CHARMANDER	Flamethrower	34	34	same	
SPECIES_CHARMANDER	Fire Spin	37		dropped	leaves: strength 35, under 40
SPECIES_CHARMELEON	Scratch	1	1	same	
SPECIES_CHARMELEON	Growl	1	1	same	
SPECIES_CHARMELEON	Ember	1	1	same	
SPECIES_CHARMELEON	Ember	7	7	same	
SPECIES_CHARMELEON	SmokeScreen	10	10	same	
SPECIES_CHARMELEON	Dragon Rage	17	17	same	
SPECIES_CHARMELEON	Scary Face	21	21	same	
SPECIES_CHARMELEON	Fire Fang	28	28	same	
SPECIES_CHARMELEON	Slash	32	32	same	
SPECIES_CHARMELEON	Flamethrower	39	39	same	
SPECIES_CHARMELEON	Fire Spin	43		dropped	leaves: strength 35, under 40
SPECIES_CHATOT	Peck	1	1	same	
SPECIES_CHATOT	Growl	5	5	same	
SPECIES_CHATOT	Mirror Move	9	9	same	
SPECIES_CHATOT	Sing	13	13	same	
SPECIES_CHATOT	Fury Attack	17	17	same	
SPECIES_CHATOT	Chatter	21	21	same	
SPECIES_CHATOT	Taunt	25	25	same	
SPECIES_CHATOT	Mimic	29	29	same	
SPECIES_CHATOT	Roost	33	33	same	
SPECIES_CHATOT	Uproar	37	37	same	
SPECIES_CHATOT	FeatherDance	41	41	same	
SPECIES_CHATOT	Hyper Voice	45	45	same	
SPECIES_CHATOT	Air Slash		61	added	new at 61: a move in the last splits, from Kaizo's Chatot at 41
SPECIES_CHERRIM	Tackle	1	1	same	
SPECIES_CHERRIM	Growth	1	1	same	
SPECIES_CHERRIM	Growth	7	7	same	
SPECIES_CHERRIM	Leech Seed	10	10	same	
SPECIES_CHERRIM	Helping Hand	13	13	same	
SPECIES_CHERRIM	Magical Leaf	19	19	same	
SPECIES_CHERRIM	Petal Dance	25	25	same	
SPECIES_CHERRIM	Worry Seed	30	30	same	
SPECIES_CHERRIM	Take Down	35	35	same	
SPECIES_CHERRIM	Leaf Blade		39	added	new at 39: Kaizo's Cherrim at 43, no earlier than that within its split (translated to 36)
SPECIES_CHERRIM	SolarBeam	43	43	same	
SPECIES_CHERRIM	Lucky Chant	48	48	same	
SPECIES_CHERRIM	Flare Blitz		61	added	new at 61: a move in the last splits, from Kaizo's Cherrim at 60
SPECIES_CHERRIM	Sunny Day	22		dropped	leaves: weather, for a species the player can own
SPECIES_CHERUBI	Tackle	1	1	same	
SPECIES_CHERUBI	Growth	7	7	same	
SPECIES_CHERUBI	Leech Seed	10	10	same	
SPECIES_CHERUBI	Helping Hand	13	13	same	
SPECIES_CHERUBI	Magical Leaf	19	19	same	
SPECIES_CHERUBI	Worry Seed	28	28	same	
SPECIES_CHERUBI	Take Down	31	31	same	
SPECIES_CHERUBI	SolarBeam	37	37	same	
SPECIES_CHERUBI	Lucky Chant	40	40	same	
SPECIES_CHERUBI	Sunny Day	22		dropped	leaves: weather, for a species the player can own
SPECIES_CHIKORITA	Tackle	1	1	same	
SPECIES_CHIKORITA	Growl	1	1	same	
SPECIES_CHIKORITA	Razor Leaf	6	6	same	
SPECIES_CHIKORITA	PoisonPowder	9	9	same	
SPECIES_CHIKORITA	Synthesis	12	12	same	
SPECIES_CHIKORITA	Reflect	17	17	same	
SPECIES_CHIKORITA	Magical Leaf	20	20	same	
SPECIES_CHIKORITA	Natural Gift	23	23	same	
SPECIES_CHIKORITA	Sweet Scent	28	28	same	
SPECIES_CHIKORITA	Light Screen	31	31	same	
SPECIES_CHIKORITA	Body Slam	34	34	same	
SPECIES_CHIKORITA	Safeguard	39	39	same	
SPECIES_CHIKORITA	Aromatherapy	42	42	same	
SPECIES_CHIKORITA	SolarBeam	45	45	same	
SPECIES_CHIMCHAR	Scratch	1	1	same	
SPECIES_CHIMCHAR	Leer	1	1	same	
SPECIES_CHIMCHAR	Ember	7	7	same	
SPECIES_CHIMCHAR	Taunt	9	9	same	
SPECIES_CHIMCHAR	Fury Swipes	15	15	same	
SPECIES_CHIMCHAR	Flame Wheel	17	17	same	
SPECIES_CHIMCHAR	Nasty Plot	23	23	same	
SPECIES_CHIMCHAR	Torment	25	25	same	
SPECIES_CHIMCHAR	Facade	31	31	same	
SPECIES_CHIMCHAR	Slack Off	39	39	same	
SPECIES_CHIMCHAR	Flamethrower	41	41	same	
SPECIES_CHIMCHAR	Fire Spin	33		dropped	leaves: strength 35, under 40
SPECIES_CHIMECHO	Growl	6	6	same	
SPECIES_CHIMECHO	Confusion	14	14	same	
SPECIES_CHIMECHO	Uproar	17	17	same	
SPECIES_CHIMECHO	Take Down	22	22	same	
SPECIES_CHIMECHO	Yawn	25	25	same	
SPECIES_CHIMECHO	Psywave	30	30	same	
SPECIES_CHIMECHO	Double-Edge	33	33	same	
SPECIES_CHIMECHO	Recover		34	added	new at 33: Kaizo's Chimecho at 38; 33 to 34: the same-level rule (another move is at 33)
SPECIES_CHIMECHO	Heal Bell	38	38	same	
SPECIES_CHIMECHO	Safeguard	41	41	same	
SPECIES_CHIMECHO	Extrasensory	46	46	same	
SPECIES_CHIMECHO	Healing Wish	49	49	same	
SPECIES_CHIMECHO	Psychic		61	added	new at 61: a move in the last splits, from Kaizo's Chimecho at 30
SPECIES_CHIMECHO	Wrap	1		dropped	leaves: strength 14, under 40
SPECIES_CHIMECHO	Astonish	9		dropped	leaves: strength 30, under 40
SPECIES_CHINCHOU	Bubble	1	1	same	
SPECIES_CHINCHOU	Supersonic	1	1	same	
SPECIES_CHINCHOU	Thunder Wave	6	6	same	
SPECIES_CHINCHOU	Flail	9	9	same	
SPECIES_CHINCHOU	Water Gun	12	12	same	
SPECIES_CHINCHOU	Confuse Ray	17	17	same	
SPECIES_CHINCHOU	Spark	20	20	same	
SPECIES_CHINCHOU	Take Down	23	23	same	
SPECIES_CHINCHOU	BubbleBeam	28	28	same	
SPECIES_CHINCHOU	Signal Beam	31	31	same	
SPECIES_CHINCHOU	Discharge	34	38	moved	34 to 39: Kaizo's Chinchou at 45, translated to 38, and no earlier than Kaizo's level of 45 within its split; 39 to 38: the same-level rule (another move is at 39); its split has no free level at or above its floor, so it stays in the split a level under it
SPECIES_CHINCHOU	Aqua Ring	39	39	same	
SPECIES_CHINCHOU	Hydro Pump	42	42	same	
SPECIES_CHINCHOU	Charge	45	45	same	
SPECIES_CHINGLING	Growl	6	6	same	
SPECIES_CHINGLING	Confusion	14	14	same	
SPECIES_CHINGLING	Uproar	17	17	same	
SPECIES_CHINGLING	Last Resort	22	22	same	
SPECIES_CHINGLING	Wrap	1		dropped	leaves: strength 14, under 40
SPECIES_CHINGLING	Astonish	9		dropped	leaves: strength 30, under 40
SPECIES_CINCCINO	Bullet Seed	1	1	same	
SPECIES_CINCCINO	Rock Blast	1	1	same	
SPECIES_CINCCINO	Sing	1	1	same	
SPECIES_CINCCINO	Charm	1	1	same	
SPECIES_CINCCINO	Swift	1	1	same	
SPECIES_CINCCINO	Encore	1	1	same	
SPECIES_CINCCINO	After You	1	1	same	
SPECIES_CINCCINO	Tail Slap	1	1	same	new at 61: a move in the last splits, from Scarlet and Violet at 0
SPECIES_CINCCINO	Tickle	1	1	same	
SPECIES_CINCCINO	Slam	1	1	same	
SPECIES_CINCCINO	Hyper Voice	1	1	same	new at 43: a key move after the evolution, from Minccino's 43
SPECIES_CINCCINO	Last Resort	1	1	same	
SPECIES_CINCCINO	Pound	1	1	same	
SPECIES_CINCCINO	Baby-Doll Eyes	1	1	same	
SPECIES_CINCCINO	Helping Hand	1	1	same	
SPECIES_CINCCINO	Echoed Voice	1	1	same	
SPECIES_CINCCINO	Hyper Voice	1	43	same	new at 43: a key move after the evolution, from Minccino's 43
SPECIES_CINCCINO	Tail Slap	1	61	same	new at 61: a move in the last splits, from Scarlet and Violet at 0
SPECIES_CINDERACE	U-turn	1	1	same	
SPECIES_CINDERACE	Ember	1	1	same	
SPECIES_CINDERACE	Growl	1	1	same	
SPECIES_CINDERACE	Quick Attack	6	6	same	
SPECIES_CINDERACE	Sand-Attack	11	11	same	
SPECIES_CINDERACE	Double Kick	14	14	same	
SPECIES_CINDERACE	Headbutt	21	21	same	
SPECIES_CINDERACE	Super Fang	32	32	same	
SPECIES_CINDERACE	Jump Kick	40	40	same	
SPECIES_CINDERACE	Bounce	45	45	same	
SPECIES_CINDERACE	Blaze Kick	28	56	moved	28 to 56: its nearest Kaizo lines, translated to 55, and no earlier than Kaizo's level of 70 within its split
SPECIES_CINDERACE	Flare Blitz	55	58	moved	55 to 58: its nearest Kaizo lines, translated to 58
SPECIES_CINDERACE	Acrobatics	64	64	same	
SPECIES_CINDERACE	Hi Jump Kick	66	66	same	
SPECIES_CINDERACE	Pyro Ball	72	72	same	
SPECIES_CLAMPERL	Water Gun	1	1	same	
SPECIES_CLAMPERL	Iron Defense	1	1	same	
SPECIES_CLAMPERL	Clamp	1		dropped	leaves: strength 30, under 40
SPECIES_CLAMPERL	Whirlpool	1		dropped	leaves: strength 35, under 40
SPECIES_CLAYDOL	Confusion	1	1	same	
SPECIES_CLAYDOL	Harden	1	1	same	
SPECIES_CLAYDOL	Rapid Spin	1	1	same	
SPECIES_CLAYDOL	Harden	3	3	same	
SPECIES_CLAYDOL	Rapid Spin	5	5	same	
SPECIES_CLAYDOL	Mud-Slap	7	7	same	
SPECIES_CLAYDOL	Psybeam	11	11	same	
SPECIES_CLAYDOL	Rock Tomb	15	15	same	
SPECIES_CLAYDOL	Selfdestruct	19	19	same	
SPECIES_CLAYDOL	AncientPower	25	25	same	
SPECIES_CLAYDOL	Power Trick	31	31	same	
SPECIES_CLAYDOL	Hyper Beam	36	36	same	
SPECIES_CLAYDOL	Sandstorm	40	40	same	
SPECIES_CLAYDOL	Cosmic Power	51	51	same	
SPECIES_CLAYDOL	Earth Power	62	62	same	
SPECIES_CLAYDOL	Heal Block	73	73	same	
SPECIES_CLAYDOL	Explosion	86	86	same	
SPECIES_CLAYDOL	Teleport	1		dropped	leaves: the move pool's first cut
SPECIES_CLEFABLE	Sing	1	1	same	
SPECIES_CLEFABLE	DoubleSlap	1	1	same	
SPECIES_CLEFABLE	Minimize	1	1	same	new at 19: a key move after the evolution, from Clefairy's 19
SPECIES_CLEFABLE	Metronome	1	1	same	
SPECIES_CLEFABLE	Minimize	1	19	same	new at 19: a key move after the evolution, from Clefairy's 19
SPECIES_CLEFABLE	Air Slash		61	added	new at 61: a move in the last splits, from Kaizo's Clefable at 55
SPECIES_CLEFAIRY	Pound	1	1	same	
SPECIES_CLEFAIRY	Growl	1	1	same	
SPECIES_CLEFAIRY	Encore	4	4	same	
SPECIES_CLEFAIRY	Sing	7	7	same	
SPECIES_CLEFAIRY	DoubleSlap	10	10	same	
SPECIES_CLEFAIRY	Defense Curl	13	13	same	
SPECIES_CLEFAIRY	Follow Me	16	16	same	
SPECIES_CLEFAIRY	Minimize	19	19	same	
SPECIES_CLEFAIRY	Wake-Up Slap	22	22	same	
SPECIES_CLEFAIRY	Cosmic Power	25	25	same	
SPECIES_CLEFAIRY	Lucky Chant	28	28	same	
SPECIES_CLEFAIRY	Metronome	31	31	same	
SPECIES_CLEFAIRY	Gravity	34	34	same	
SPECIES_CLEFAIRY	Moonlight	37	37	same	
SPECIES_CLEFAIRY	Light Screen	40	40	same	
SPECIES_CLEFAIRY	Meteor Mash	43	43	same	
SPECIES_CLEFAIRY	Healing Wish	46	46	same	
SPECIES_CLEFFA	Pound	1	1	same	
SPECIES_CLEFFA	Charm	1	1	same	
SPECIES_CLEFFA	Encore	4	4	same	
SPECIES_CLEFFA	Sing	7	7	same	
SPECIES_CLEFFA	Sweet Kiss	10	10	same	
SPECIES_CLEFFA	Copycat	13	13	same	
SPECIES_CLEFFA	Magical Leaf	16	16	same	
SPECIES_CLOBBOPUS	Rock Smash	1	1	same	
SPECIES_CLOBBOPUS	Leer	1	1	same	
SPECIES_CLOBBOPUS	Feint	5	5	same	
SPECIES_CLOBBOPUS	Detect	15	15	same	
SPECIES_CLOBBOPUS	Bulk Up	25	25	same	
SPECIES_CLOBBOPUS	Brick Break	20	31	moved	20 to 31: its nearest Kaizo lines, translated to 28, and no earlier than Kaizo's level of 31 within its split
SPECIES_CLOBBOPUS	Taunt	35	35	same	
SPECIES_CLOBBOPUS	Reversal	40	40	same	
SPECIES_CLOBBOPUS	Superpower	45	44	moved	45 to 44: its nearest Kaizo lines, translated to 43, and no earlier than Kaizo's level of 52 within its split
SPECIES_CLOBBOPUS	Bind	10		dropped	leaves: strength 13, under 40
SPECIES_CLOBBOPUS	Submission	30		dropped	leaves: 80% accurate on 80 power
SPECIES_CLODSIRE	Spikes	1	1	same	
SPECIES_CLODSIRE	Poison Sting	1	1	same	
SPECIES_CLODSIRE	Tail Whip	1	1	same	
SPECIES_CLODSIRE	Mud Shot	8	8	same	
SPECIES_CLODSIRE	Mud Bomb		19	added	new at 19: a key move after the evolution, from Wooper's 19
SPECIES_CLODSIRE	Yawn	21	21	same	
SPECIES_CLODSIRE	Bulldoze	24	24	same	
SPECIES_CLODSIRE	Sludge Bomb		33	added	new at 33: a key move after the evolution, from Wooper's 33
SPECIES_CLODSIRE	Megahorn	36	36	same	
SPECIES_CLODSIRE	Slam	16	37	moved	16 to 39: its nearest Kaizo lines, translated to 36, and no earlier than Kaizo's level of 43 within its split; 39 to 37: the same-level rule (another move is at 39); its split has no free level at or above its floor, so it stays in the split a level under it
SPECIES_CLODSIRE	Poison Tail	12	38	moved	12 to 39: its nearest Kaizo lines, translated to 34, and no earlier than Kaizo's level of 39 within its split; 39 to 38: the same-level rule (another move is at 39); its split has no free level at or above its floor, so it stays in the split a level under it
SPECIES_CLODSIRE	Poison Jab	30	39	moved	30 to 39: its nearest Kaizo lines, translated to 34, and no earlier than Kaizo's level of 39 within its split
SPECIES_CLODSIRE	Toxic	40	40	same	
SPECIES_CLODSIRE	Haze		43	added	new at 43: a key move after the evolution, from Wooper's 43
SPECIES_CLODSIRE	Earthquake	48	44	moved	48 to 44: its nearest Kaizo lines, translated to 42, and no earlier than Kaizo's level of 52 within its split
SPECIES_CLODSIRE	Recover	55	55	same	
SPECIES_CLODSIRE	Sludge Wave		61	added	new at 61: a move in the last splits, from Legends Z-A at 30
SPECIES_CLOYSTER	Toxic Spikes	1	1	same	
SPECIES_CLOYSTER	Withdraw	1	1	same	
SPECIES_CLOYSTER	Supersonic	1	1	same	
SPECIES_CLOYSTER	Aurora Beam	1	1	same	
SPECIES_CLOYSTER	Protect	1	1	same	
SPECIES_CLOYSTER	Spikes	28	28	same	
SPECIES_CLOYSTER	Spike Cannon	40	40	same	
SPECIES_CLOYSTER	Brine		44	added	new at 44: a key move after the evolution, from Shellder's 44
SPECIES_CLOYSTER	Ice Beam		49	added	new at 49: a key move after the evolution, from Shellder's 49
SPECIES_CLOYSTER	Icicle Spear		55	added	new at 56: Kaizo's Cloyster at 69, no earlier than that within its split (translated to 54); 56 to 55: the same-level rule (another move is at 56); its split has no free level at or above its floor, so it stays in the split a level under it
SPECIES_CLOYSTER	Aqua Cutter		56	added	new at 56: Kaizo's Cloyster at 72, no earlier than that within its split (translated to 55)
SPECIES_CLOYSTER	Icicle Crash		61	added	new at 61: a move in the last splits, from Ultra Sun and Ultra Moon at 50
SPECIES_COFAGRIGUS	Shadow Claw	1	1	same	
SPECIES_COFAGRIGUS	Shadow Claw	1	1	same	
SPECIES_COFAGRIGUS	Scary Face	1	1	same	
SPECIES_COFAGRIGUS	Scary Face	1	1	same	
SPECIES_COFAGRIGUS	Protect	1	1	same	
SPECIES_COFAGRIGUS	Disable	1	1	same	
SPECIES_COFAGRIGUS	Haze	1	1	same	
SPECIES_COFAGRIGUS	Night Shade	1	1	same	
SPECIES_COFAGRIGUS	Disable	8	8	same	
SPECIES_COFAGRIGUS	Haze	9	9	same	
SPECIES_COFAGRIGUS	Night Shade	13	13	same	
SPECIES_COFAGRIGUS	Will-O-Wisp	18	18	same	
SPECIES_COFAGRIGUS	Crafty Shield	20	20	same	
SPECIES_COFAGRIGUS	Hex	20	20	same	
SPECIES_COFAGRIGUS	Ominous Wind	25	25	same	
SPECIES_COFAGRIGUS	Curse	33	33	same	
SPECIES_COFAGRIGUS	Mean Look	38	38	same	
SPECIES_COFAGRIGUS	Grudge	38	38	same	
SPECIES_COFAGRIGUS	Shadow Ball	41	41	same	
SPECIES_COFAGRIGUS	Power Split	45	45	same	
SPECIES_COFAGRIGUS	Guard Split	45	45	same	
SPECIES_COFAGRIGUS	Dark Pulse	50	50	same	
SPECIES_COFAGRIGUS	Destiny Bond	59	59	same	
SPECIES_COFAGRIGUS	Psyshock		61	added	new at 61: a move in the last splits, from Legends Z-A at 30
SPECIES_COFAGRIGUS	Astonish	1		dropped	leaves: strength 30, under 40
SPECIES_COMBEE	Sweet Scent	1	1	same	
SPECIES_COMBEE	Gust	1	1	same	
SPECIES_COMBEE	Bug Bite	13	13	same	
SPECIES_COMBUSKEN	Scratch	1	1	same	
SPECIES_COMBUSKEN	Growl	1	1	same	
SPECIES_COMBUSKEN	Focus Energy	1	1	same	
SPECIES_COMBUSKEN	Ember	1	1	same	
SPECIES_COMBUSKEN	Focus Energy	7	7	same	
SPECIES_COMBUSKEN	Ember	13	13	same	
SPECIES_COMBUSKEN	Double Kick	16	16	same	
SPECIES_COMBUSKEN	Sand-Attack	21	21	same	
SPECIES_COMBUSKEN	Bulk Up	28	28	same	
SPECIES_COMBUSKEN	Quick Attack	32	32	same	
SPECIES_COMBUSKEN	Slash	39	39	same	
SPECIES_COMBUSKEN	Mirror Move	43	43	same	
SPECIES_COMBUSKEN	Sky Uppercut	50	50	same	
SPECIES_COMBUSKEN	Flare Blitz	54	54	same	
SPECIES_COMBUSKEN	Peck	17		dropped	leaves: strength 40, at most half of Gardenia's usual 80
SPECIES_CORPHISH	Bubble	1	1	same	
SPECIES_CORPHISH	Harden	7	7	same	
SPECIES_CORPHISH	ViceGrip	10	10	same	
SPECIES_CORPHISH	Leer	13	13	same	
SPECIES_CORPHISH	BubbleBeam	20	20	same	
SPECIES_CORPHISH	Protect	23	23	same	
SPECIES_CORPHISH	Knock Off	26	26	same	
SPECIES_CORPHISH	Taunt	32	32	same	
SPECIES_CORPHISH	Night Slash	35	35	same	
SPECIES_CORPHISH	Crabhammer	38	38	same	
SPECIES_CORPHISH	Swords Dance	44	44	same	
SPECIES_CORPHISH	Crunch	47	47	same	
SPECIES_CORPHISH	Guillotine	53	53	same	
SPECIES_CORSOLA	Tackle	1	1	same	
SPECIES_CORSOLA	Harden	4	4	same	
SPECIES_CORSOLA	Bubble	8	8	same	
SPECIES_CORSOLA	Refresh	16	16	same	
SPECIES_CORSOLA	BubbleBeam	25	25	same	
SPECIES_CORSOLA	Recover	13	26	moved	13 to 25: Kaizo's Corsola at 25, translated to 24, and no earlier than Kaizo's level of 25 within its split; 25 to 26: the same-level rule (another move is at 25)
SPECIES_CORSOLA	Lucky Chant	28	28	same	
SPECIES_CORSOLA	AncientPower	32	32	same	
SPECIES_CORSOLA	Rock Blast	20	33	moved	20 to 33: Kaizo's Corsola at 37, translated to 32, and no earlier than Kaizo's level of 37 within its split
SPECIES_CORSOLA	Aqua Ring	37	37	same	
SPECIES_CORSOLA	Spike Cannon	40	40	same	
SPECIES_CORSOLA	Power Gem	44	44	same	
SPECIES_CORSOLA	Mirror Coat	48	48	same	
SPECIES_CORSOLA	Earth Power	53	53	same	
SPECIES_CORSOLA	Aqua Cutter		61	added	new at 61: a move in the last splits, from Kaizo's Corsola at 44
SPECIES_CORVIKNIGHT	Peck	1	1	same	
SPECIES_CORVIKNIGHT	Leer	1	1	same	
SPECIES_CORVIKNIGHT	Fury Attack	4	4	same	
SPECIES_CORVIKNIGHT	Sand-Attack	12	12	same	
SPECIES_CORVIKNIGHT	Pluck	15	15	same	
SPECIES_CORVIKNIGHT	Steel Wing	20	20	same	
SPECIES_CORVIKNIGHT	Drill Peck	26	26	same	
SPECIES_CORVIKNIGHT	FeatherDance	32	32	same	
SPECIES_CORVIKNIGHT	Revenge	38	38	same	
SPECIES_CORVIKNIGHT	Defog	42	42	same	
SPECIES_CORVIKNIGHT	Iron Head	44	44	same	
SPECIES_CORVIKNIGHT	Brave Bird	49	49	same	
SPECIES_CORVIKNIGHT	Body Press	55	55	same	
SPECIES_CORVIKNIGHT	Roost	65	65	same	
SPECIES_CORVISQUIRE	Peck	1	1	same	
SPECIES_CORVISQUIRE	Leer	1	1	same	
SPECIES_CORVISQUIRE	Fury Attack	4	4	same	
SPECIES_CORVISQUIRE	Sand-Attack	12	12	same	
SPECIES_CORVISQUIRE	Pluck	15	15	same	
SPECIES_CORVISQUIRE	Steel Wing	20	20	same	
SPECIES_CORVISQUIRE	Drill Peck	26	29	moved	26 to 29: its nearest Kaizo lines, translated to 27, and no earlier than Kaizo's level of 29 within its split
SPECIES_CORVISQUIRE	FeatherDance	32	32	same	
SPECIES_CORVISQUIRE	Revenge	38	38	same	
SPECIES_CORVISQUIRE	Defog	42	42	same	
SPECIES_CORVISQUIRE	Brave Bird	48	48	same	
SPECIES_CORVISQUIRE	Roost	55	55	same	
SPECIES_CRADILY	Acid	1	1	same	
SPECIES_CRADILY	Ingrain	1	1	same	
SPECIES_CRADILY	Acid	8	8	same	
SPECIES_CRADILY	Ingrain	15	15	same	
SPECIES_CRADILY	Confuse Ray	22	22	same	
SPECIES_CRADILY	Amnesia	29	29	same	
SPECIES_CRADILY	AncientPower	36	36	same	
SPECIES_CRADILY	Gastro Acid	46	46	same	
SPECIES_CRADILY	Recover		53	added	new at 53: Kaizo's Cradily at 66
SPECIES_CRADILY	Earth Power		54	added	new at 53: Kaizo's Cradily at 66; 53 to 54: the same-level rule (another move is at 53)
SPECIES_CRADILY	Energy Ball	56	56	same	
SPECIES_CRADILY	Stockpile	66	66	same	
SPECIES_CRADILY	Spit Up	66	66	same	
SPECIES_CRADILY	Swallow	66	66	same	
SPECIES_CRADILY	Wring Out	76	76	same	
SPECIES_CRADILY	Astonish	1		dropped	leaves: strength 30, under 40
SPECIES_CRADILY	Constrict	1		dropped	leaves: strength 10, under 40
SPECIES_CRANIDOS	Headbutt	1	1	same	
SPECIES_CRANIDOS	Leer	1	1	same	
SPECIES_CRANIDOS	Focus Energy	6	6	same	
SPECIES_CRANIDOS	Pursuit	10	10	same	
SPECIES_CRANIDOS	Take Down	15	15	same	
SPECIES_CRANIDOS	Scary Face	19	19	same	
SPECIES_CRANIDOS	Assurance	24	24	same	
SPECIES_CRANIDOS	AncientPower	28	28	same	
SPECIES_CRANIDOS	Zen Headbutt	33	33	same	
SPECIES_CRANIDOS	Screech	37	37	same	
SPECIES_CRANIDOS	Head Smash	43	43	same	
SPECIES_CRAWDAUNT	Bubble	1	1	same	
SPECIES_CRAWDAUNT	Harden	1	1	same	
SPECIES_CRAWDAUNT	ViceGrip	1	1	same	
SPECIES_CRAWDAUNT	Leer	1	1	same	
SPECIES_CRAWDAUNT	Harden	7	7	same	
SPECIES_CRAWDAUNT	ViceGrip	10	10	same	
SPECIES_CRAWDAUNT	Leer	13	13	same	
SPECIES_CRAWDAUNT	BubbleBeam	20	20	same	
SPECIES_CRAWDAUNT	Protect	23	23	same	
SPECIES_CRAWDAUNT	Knock Off	26	26	same	
SPECIES_CRAWDAUNT	Swift	30	30	same	
SPECIES_CRAWDAUNT	Taunt	34	34	same	
SPECIES_CRAWDAUNT	Night Slash	39	39	same	
SPECIES_CRAWDAUNT	Crabhammer	44	44	same	
SPECIES_CRAWDAUNT	Swords Dance	52	52	same	
SPECIES_CRAWDAUNT	Crunch	57	57	same	
SPECIES_CRAWDAUNT	Cross Chop		61	added	new at 61: a move in the last splits, from Kaizo's Crawdaunt at 60
SPECIES_CRAWDAUNT	Guillotine	65	65	same	
SPECIES_CRESSELIA	Confusion	1	1	same	
SPECIES_CRESSELIA	Double Team	1	1	same	
SPECIES_CRESSELIA	Safeguard	11	11	same	
SPECIES_CRESSELIA	Mist	20	20	same	
SPECIES_CRESSELIA	Aurora Beam	29	29	same	
SPECIES_CRESSELIA	Future Sight	38	38	same	
SPECIES_CRESSELIA	Slash	47	47	same	
SPECIES_CRESSELIA	Moonlight	57	57	same	
SPECIES_CRESSELIA	Psycho Cut	66	66	same	
SPECIES_CRESSELIA	Psychic	93	74	moved	93 to 74: Kaizo's Cresselia at 93, translated to 74
SPECIES_CRESSELIA	Psycho Shift	75	75	same	
SPECIES_CRESSELIA	Lunar Dance	84	84	same	
SPECIES_CROAGUNK	Mud-Slap	3	3	same	
SPECIES_CROAGUNK	Poison Sting	8	8	same	
SPECIES_CROAGUNK	Taunt	10	10	same	
SPECIES_CROAGUNK	Pursuit	15	15	same	
SPECIES_CROAGUNK	Faint Attack	17	17	same	
SPECIES_CROAGUNK	Revenge	22	22	same	
SPECIES_CROAGUNK	Swagger	24	24	same	
SPECIES_CROAGUNK	Mud Bomb	29	29	same	
SPECIES_CROAGUNK	Sucker Punch	31	31	same	
SPECIES_CROAGUNK	Nasty Plot	36	36	same	
SPECIES_CROAGUNK	Poison Jab	38	38	same	
SPECIES_CROAGUNK	Sludge Bomb	43	43	same	
SPECIES_CROAGUNK	Flatter	45	45	same	
SPECIES_CROAGUNK	Astonish	1		dropped	leaves: strength 30, under 40
SPECIES_CROBAT	Cross Poison	1	1	same	
SPECIES_CROBAT	Screech	1	1	same	
SPECIES_CROBAT	Leech Life	1	1	same	
SPECIES_CROBAT	Supersonic	1	1	same	
SPECIES_CROBAT	Supersonic	5	5	same	
SPECIES_CROBAT	Bite	13	13	same	
SPECIES_CROBAT	Wing Attack	17	17	same	
SPECIES_CROBAT	Confuse Ray	21	21	same	
SPECIES_CROBAT	Air Cutter	27	27	same	
SPECIES_CROBAT	Mean Look	33	33	same	
SPECIES_CROBAT	Poison Fang	39	39	same	
SPECIES_CROBAT	Haze	45	45	same	
SPECIES_CROBAT	Air Slash	51	51	same	
SPECIES_CROBAT	Brave Bird		63	added	new at 63: Kaizo's Crobat at 80
SPECIES_CROBAT	Astonish	1		dropped	leaves: strength 30, under 40
SPECIES_CROCONAW	Scratch	1	1	same	
SPECIES_CROCONAW	Leer	1	1	same	
SPECIES_CROCONAW	Water Gun	1	1	same	
SPECIES_CROCONAW	Water Gun	6	6	same	
SPECIES_CROCONAW	Bite	13	13	same	
SPECIES_CROCONAW	Scary Face	15	15	same	
SPECIES_CROCONAW	Flail	24	24	same	
SPECIES_CROCONAW	Crunch	30	30	same	
SPECIES_CROCONAW	Slash	33	33	same	
SPECIES_CROCONAW	Ice Fang	21	38	moved	21 to 39: Kaizo's Croconaw at 39, translated to 34, and no earlier than Kaizo's level of 39 within its split; 39 to 38: the same-level rule (another move is at 39); its split has no free level at or above its floor, so it stays in the split a level under it
SPECIES_CROCONAW	Screech	39	39	same	
SPECIES_CROCONAW	Thrash	42	42	same	
SPECIES_CROCONAW	Superpower	51	44	moved	51 to 44: Kaizo's Croconaw at 51, translated to 42, and no earlier than Kaizo's level of 51 within its split; an exclusive delay: Kaizo gives it to no later stage
SPECIES_CROCONAW	Aqua Tail	48	48	same	
SPECIES_CROCONAW	Hydro Pump	57	57	same	
SPECIES_CROCONAW	Rage	8		dropped	leaves: strength 20, under 40
SPECIES_CRUSTLE	Earthquake	1	1	same	
SPECIES_CRUSTLE	Body Press	1	1	same	
SPECIES_CRUSTLE	Heavy Slam	1	1	same	
SPECIES_CRUSTLE	Struggle Bug	1	1	same	
SPECIES_CRUSTLE	Rock Blast	5	5	same	
SPECIES_CRUSTLE	Block	7	7	same	
SPECIES_CRUSTLE	Sand-Attack	10	10	same	
SPECIES_CRUSTLE	Faint Attack	14	14	same	
SPECIES_CRUSTLE	Slash	17	17	same	
SPECIES_CRUSTLE	Rock Tomb	21	21	same	
SPECIES_CRUSTLE	Bug Bite	24	24	same	
SPECIES_CRUSTLE	Night Slash	27	27	same	
SPECIES_CRUSTLE	X-Scissor	31	31	same	
SPECIES_CRUSTLE	Rock Slide	34	34	same	
SPECIES_CRUSTLE	StompingTantrum	40	40	same	
SPECIES_CRUSTLE	Knock Off	45	45	same	
SPECIES_CRUSTLE	Leech Life	48	48	same	
SPECIES_CRUSTLE	Stone Edge	54	54	same	
SPECIES_CRUSTLE	Rock Wrecker	61	61	same	
SPECIES_CUBONE	Growl	1	1	same	
SPECIES_CUBONE	Tail Whip	3	3	same	
SPECIES_CUBONE	Mud-Slap		7	added	new at 7: keeps the first attack's level
SPECIES_CUBONE	Headbutt	11	11	same	
SPECIES_CUBONE	Leer	13	13	same	
SPECIES_CUBONE	Focus Energy	17	17	same	
SPECIES_CUBONE	Bonemerang	21	21	same	
SPECIES_CUBONE	False Swipe	27	27	same	
SPECIES_CUBONE	Thrash	31	31	same	
SPECIES_CUBONE	Fling	33	33	same	
SPECIES_CUBONE	Bone Rush	37	37	same	
SPECIES_CUBONE	Endeavor	41	41	same	
SPECIES_CUBONE	Double-Edge	43	43	same	
SPECIES_CUBONE	Bone Club	7		dropped	leaves: 85% accurate on 65 power
SPECIES_CUBONE	Rage	23		dropped	leaves: strength 20, under 40
SPECIES_CYNDAQUIL	Tackle	1	1	same	
SPECIES_CYNDAQUIL	Leer	1	1	same	
SPECIES_CYNDAQUIL	SmokeScreen	4	4	same	
SPECIES_CYNDAQUIL	Ember	10	10	same	
SPECIES_CYNDAQUIL	Quick Attack	13	13	same	
SPECIES_CYNDAQUIL	Flame Wheel	19	19	same	
SPECIES_CYNDAQUIL	Defense Curl	22	22	same	
SPECIES_CYNDAQUIL	Swift	28	28	same	
SPECIES_CYNDAQUIL	Lava Plume	31	31	same	
SPECIES_CYNDAQUIL	Flamethrower	37	37	same	
SPECIES_CYNDAQUIL	Double-Edge	46	46	same	
SPECIES_CYNDAQUIL	Eruption	49	49	same	
SPECIES_CYNDAQUIL	Rollout	40		dropped	leaves: strength 27, under 40
SPECIES_DARKRAI	Ominous Wind	1	1	same	
SPECIES_DARKRAI	Disable	1	1	same	
SPECIES_DARKRAI	Quick Attack	11	11	same	
SPECIES_DARKRAI	Hypnosis	20	20	same	
SPECIES_DARKRAI	Faint Attack	29	29	same	
SPECIES_DARKRAI	Nightmare	38	38	same	
SPECIES_DARKRAI	Double Team	47	47	same	
SPECIES_DARKRAI	Dark Void	66	53	moved	66 to 53: Kaizo's Darkrai at 66, translated to 53
SPECIES_DARKRAI	Haze	57	57	same	
SPECIES_DARKRAI	Nasty Plot	75	75	same	
SPECIES_DARKRAI	Dream Eater	84	84	same	
SPECIES_DARKRAI	Dark Pulse	93	93	same	
SPECIES_DARTRIX	Tackle	1	1	same	
SPECIES_DARTRIX	Leafage	1	1	same	
SPECIES_DARTRIX	Growl	4	4	same	
SPECIES_DARTRIX	Peck	8	8	same	
SPECIES_DARTRIX	Razor Leaf	15	15	same	
SPECIES_DARTRIX	Pluck	19	19	same	
SPECIES_DARTRIX	Ominous Wind	24	24	same	
SPECIES_DARTRIX	Synthesis	28	28	same	
SPECIES_DARTRIX	Seed Bomb	32	32	same	
SPECIES_DARTRIX	Sucker Punch	36	36	same	
SPECIES_DARTRIX	FeatherDance	42	42	same	
SPECIES_DARTRIX	Roost	47	47	same	
SPECIES_DARTRIX	Leaf Blade	52	52	same	
SPECIES_DARTRIX	Brave Bird	55	55	same	
SPECIES_DARTRIX	Leaf Storm	58	58	same	
SPECIES_DARTRIX	Astonish	12		dropped	leaves: strength 30, under 40
SPECIES_DECIDUEYE	Phantom Force	1	1	same	
SPECIES_DECIDUEYE	Shadow Sneak	1	1	same	
SPECIES_DECIDUEYE	U-turn	1	1	same	
SPECIES_DECIDUEYE	Tackle	1	1	same	
SPECIES_DECIDUEYE	Leafage	1	1	same	
SPECIES_DECIDUEYE	Growl	4	4	same	
SPECIES_DECIDUEYE	Peck	8	8	same	
SPECIES_DECIDUEYE	Razor Leaf	15	15	same	
SPECIES_DECIDUEYE	Pluck	19	19	same	
SPECIES_DECIDUEYE	Ominous Wind	24	24	same	
SPECIES_DECIDUEYE	Synthesis	28	28	same	
SPECIES_DECIDUEYE	Spirit Shackle	34	34	same	
SPECIES_DECIDUEYE	Sucker Punch	38	38	same	
SPECIES_DECIDUEYE	FeatherDance	48	48	same	
SPECIES_DECIDUEYE	Roost	51	51	same	
SPECIES_DECIDUEYE	Leaf Blade	55	55	same	
SPECIES_DECIDUEYE	Seed Bomb	32	60	moved	32 to 60: its nearest Kaizo lines, translated to 57, and no earlier than Kaizo's level of 75 within its split
SPECIES_DECIDUEYE	Poltergeist	61	61	same	
SPECIES_DECIDUEYE	Leaf Storm	65	65	same	
SPECIES_DECIDUEYE	Astonish	12		dropped	leaves: strength 30, under 40
SPECIES_DELCATTY	Covet		0	added	new at 36: a key move after the evolution, from Skitty's 36; new at 0: an evolution move, the weakest attack of its own type that closes its gap; for Ian
SPECIES_DELCATTY	Fake Out	1	1	same	
SPECIES_DELCATTY	Attract	1	1	same	
SPECIES_DELCATTY	Sing	1	1	same	
SPECIES_DELCATTY	DoubleSlap	1	1	same	
SPECIES_DELCATTY	Hyper Voice	35	1	moved	35 to 1: an exclusive delay, Kaizo gives it only to Skitty
SPECIES_DELCATTY	Assist		22	added	new at 22: a key move after the evolution, from Skitty's 22
SPECIES_DELCATTY	Covet		36	same	new at 36: a key move after the evolution, from Skitty's 36; new at 0: an evolution move, the weakest attack of its own type that closes its gap; for Ian
SPECIES_DELCATTY	Play Rough		61	added	new at 61: a move in the last splits, from Brilliant Diamond and Shining Pearl at 1
SPECIES_DELIBIRD	Present	1	1	same	
SPECIES_DELIBIRD	Freeze-Dry		61	added	new at 61: a move in the last splits, from Legends Z-A at 37
SPECIES_DELPHOX	Burn Up	1	1	same	
SPECIES_DELPHOX	Shadow Ball	1	1	same	
SPECIES_DELPHOX	Psych Up	1	1	same	
SPECIES_DELPHOX	Recycle	1	1	same	
SPECIES_DELPHOX	Wish	1	1	same	
SPECIES_DELPHOX	Scratch	1	1	same	
SPECIES_DELPHOX	Tail Whip	1	1	same	
SPECIES_DELPHOX	Ember	5	5	same	
SPECIES_DELPHOX	Role Play	9	9	same	
SPECIES_DELPHOX	Psybeam	13	13	same	
SPECIES_DELPHOX	Lucky Chant	19	19	same	
SPECIES_DELPHOX	Light Screen	24	24	same	
SPECIES_DELPHOX	Psyshock	34	34	same	
SPECIES_DELPHOX	Mystical Fire	36	36	same	
SPECIES_DELPHOX	Flame Burst	29	39	moved	29 to 39: its nearest Kaizo lines, translated to 36, and no earlier than Kaizo's level of 42 within its split
SPECIES_DELPHOX	Hypnosis	40	40	same	
SPECIES_DELPHOX	Will-O-Wisp	45	45	same	
SPECIES_DELPHOX	Flamethrower	51	51	same	
SPECIES_DELPHOX	Psychic	55	55	same	
SPECIES_DELPHOX	Magic Room	61	61	same	
SPECIES_DELPHOX	Future Sight	64	64	same	
SPECIES_DELPHOX	Overheat	66	66	same	
SPECIES_DELPHOX	Expanding Force	72	72	same	
SPECIES_DELPHOX	Encore	82	82	same	
SPECIES_DELPHOX	Teleport	1		dropped	leaves: the move pool's first cut
SPECIES_DEOXYS	Leer	1	1	same	
SPECIES_DEOXYS	Night Shade	9	9	same	
SPECIES_DEOXYS	Knock Off	25	25	same	
SPECIES_DEOXYS	Pursuit	33	33	same	
SPECIES_DEOXYS	Psychic	41	41	same	
SPECIES_DEOXYS	Snatch	49	49	same	
SPECIES_DEOXYS	Psycho Shift	57	57	same	
SPECIES_DEOXYS	Zen Headbutt	65	65	same	
SPECIES_DEOXYS	Cosmic Power	73	73	same	
SPECIES_DEOXYS	Recover	81	81	same	
SPECIES_DEOXYS	Psycho Boost	89	89	same	
SPECIES_DEOXYS	Hyper Beam	97	97	same	
SPECIES_DEOXYS	Wrap	1		dropped	leaves: strength 14, under 40
SPECIES_DEOXYS	Teleport	17		dropped	leaves: the move pool's first cut
SPECIES_DEWGONG	Headbutt	1	1	same	
SPECIES_DEWGONG	Growl	1	1	same	
SPECIES_DEWGONG	Signal Beam	1	1	same	
SPECIES_DEWGONG	Icy Wind	1	1	same	
SPECIES_DEWGONG	Growl	3	3	same	
SPECIES_DEWGONG	Signal Beam	7	7	same	
SPECIES_DEWGONG	Icy Wind	11	11	same	
SPECIES_DEWGONG	Encore	13	13	same	
SPECIES_DEWGONG	Ice Shard	17	17	same	
SPECIES_DEWGONG	Rest	21	21	same	
SPECIES_DEWGONG	Aqua Ring	23	23	same	
SPECIES_DEWGONG	Aurora Beam	27	27	same	
SPECIES_DEWGONG	Aqua Jet	31	31	same	
SPECIES_DEWGONG	Brine	33	33	same	
SPECIES_DEWGONG	Sheer Cold	34	34	same	
SPECIES_DEWGONG	Take Down	37	37	same	
SPECIES_DEWGONG	Dive	41	41	same	
SPECIES_DEWGONG	Aqua Tail	43	43	same	
SPECIES_DEWGONG	Safeguard	51	51	same	
SPECIES_DEWGONG	Ice Beam	47	53	moved	47 to 53: Kaizo's Dewgong at 62, translated to 51, and no earlier than Kaizo's level of 62 within its split
SPECIES_DEWGONG	Ice Fang		61	added	new at 61: a move in the last splits, from Kaizo's Dewgong at 41
SPECIES_DEWPIDER	Spider Web	1	1	same	
SPECIES_DEWPIDER	Bubble	1	1	same	
SPECIES_DEWPIDER	Water Gun		5	added	new at 5: keeps the first attack's level
SPECIES_DEWPIDER	Bite	9	9	same	
SPECIES_DEWPIDER	Aqua Ring	13	13	same	
SPECIES_DEWPIDER	BubbleBeam	17	17	same	
SPECIES_DEWPIDER	Bug Bite	21	21	same	
SPECIES_DEWPIDER	Headbutt	25	25	same	
SPECIES_DEWPIDER	Soak	29	29	same	
SPECIES_DEWPIDER	Hydro Pump	45	32	moved	45 to 33: its nearest Kaizo lines, translated to 30, and no earlier than Kaizo's level of 34 within its split; 33 to 32: the same-level rule (another move is at 33); its split has no free level at or above its floor, so it stays in the split a level under it
SPECIES_DEWPIDER	Dive	33	33	same	
SPECIES_DEWPIDER	Lunge	37	37	same	
SPECIES_DEWPIDER	Liquidation	49	49	same	
SPECIES_DEWPIDER	Scald	41	52	moved	41 to 53: its nearest Kaizo lines, translated to 52, and no earlier than Kaizo's level of 64 within its split; 53 to 52: the same-level rule (another move is at 53); its split has no free level at or above its floor, so it stays in the split a level under it
SPECIES_DEWPIDER	Leech Life	53	53	same	
SPECIES_DEWPIDER	Infestation	5		dropped	leaves: strength 20, under 40
SPECIES_DHELMISE	Solar Blade	1	1	same	
SPECIES_DHELMISE	Steel Roller	1	1	same	
SPECIES_DHELMISE	Poltergeist	1	1	same	
SPECIES_DHELMISE	Liquidation	1	1	same	
SPECIES_DHELMISE	Synthesis	1	1	same	
SPECIES_DHELMISE	Rapid Spin	1	1	same	
SPECIES_DHELMISE	Shadow Sneak		4	added	new at 4: keeps the first attack's level
SPECIES_DHELMISE	Mega Drain	7	7	same	
SPECIES_DHELMISE	Gyro Ball	10	10	same	
SPECIES_DHELMISE	Metal Sound	16	16	same	
SPECIES_DHELMISE	Rapid Spin	28	28	same	
SPECIES_DHELMISE	Anchor Shot	34	34	same	
SPECIES_DHELMISE	Shadow Claw	40	40	same	
SPECIES_DHELMISE	Grassy Glide	46	46	same	
SPECIES_DHELMISE	Giga Drain	51	51	same	
SPECIES_DHELMISE	Heavy Slam	55	55	same	
SPECIES_DHELMISE	Phantom Force	65	65	same	
SPECIES_DHELMISE	Power Whip	70	70	same	
SPECIES_DHELMISE	Absorb	1		dropped	leaves: strength 20, under 40
SPECIES_DHELMISE	Astonish	1		dropped	leaves: strength 30, under 40
SPECIES_DHELMISE	Wrap	4		dropped	leaves: strength 14, under 40
SPECIES_DHELMISE	Whirlpool	22		dropped	leaves: strength 35, under 40
SPECIES_DIALGA	DragonBreath	1	1	same	
SPECIES_DIALGA	Scary Face	1	1	same	
SPECIES_DIALGA	Metal Claw	10	10	same	
SPECIES_DIALGA	AncientPower	20	20	same	
SPECIES_DIALGA	Dragon Claw	30	30	same	
SPECIES_DIALGA	Roar of Time	40	40	same	
SPECIES_DIALGA	Heal Block	50	50	same	
SPECIES_DIALGA	Earth Power	60	60	same	
SPECIES_DIALGA	Slash	70	70	same	
SPECIES_DIALGA	Flash Cannon	80	80	same	
SPECIES_DIALGA	Aura Sphere	90	90	same	
SPECIES_DIANCIE	Tackle	1	1	same	
SPECIES_DIANCIE	Harden	1	1	same	
SPECIES_DIANCIE	Rock Throw	1	1	same	
SPECIES_DIANCIE	Sharpen	5	5	same	
SPECIES_DIANCIE	Smack Down	11	11	same	
SPECIES_DIANCIE	Reflect	12	12	same	
SPECIES_DIANCIE	Guard Split	13	13	same	
SPECIES_DIANCIE	Flail	25	25	same	
SPECIES_DIANCIE	AncientPower	27	27	same	
SPECIES_DIANCIE	Rock Polish	35	35	same	
SPECIES_DIANCIE	Stealth Rock	45	45	same	
SPECIES_DIANCIE	Skill Swap	46	46	same	
SPECIES_DIANCIE	Trick Room	46	46	same	
SPECIES_DIANCIE	Rock Slide	49	49	same	
SPECIES_DIANCIE	Light Screen	50	50	same	
SPECIES_DIANCIE	Power Gem	52	52	same	
SPECIES_DIANCIE	Moonblast	64	64	same	
SPECIES_DIANCIE	Stone Edge	67	67	same	
SPECIES_DIANCIE	Safeguard	70	70	same	
SPECIES_DIANCIE	Diamond Storm	71	71	same	
SPECIES_DIGLETT	Scratch	1	1	same	
SPECIES_DIGLETT	Sand-Attack	1	1	same	
SPECIES_DIGLETT	Growl	4	4	same	
SPECIES_DIGLETT	Magnitude	12	12	same	
SPECIES_DIGLETT	Mud-Slap	15	15	same	
SPECIES_DIGLETT	Dig	18	18	same	
SPECIES_DIGLETT	Sucker Punch	23	23	same	
SPECIES_DIGLETT	Earth Power	26	26	same	
SPECIES_DIGLETT	Mud Bomb	29	29	same	
SPECIES_DIGLETT	Slash	34	34	same	
SPECIES_DIGLETT	Earthquake	37	37	same	
SPECIES_DIGLETT	Fissure	40	40	same	
SPECIES_DIGLETT	Astonish	7		dropped	leaves: strength 30, under 40
SPECIES_DITTO	Transform	1	1	same	
SPECIES_DODRIO	Pluck	1	1	same	
SPECIES_DODRIO	Peck	1	1	same	
SPECIES_DODRIO	Growl	1	1	same	
SPECIES_DODRIO	Quick Attack	1	1	same	
SPECIES_DODRIO	Quick Attack	5	5	same	
SPECIES_DODRIO	Fury Attack	14	14	same	
SPECIES_DODRIO	Pursuit	19	19	same	
SPECIES_DODRIO	Uproar	23	23	same	
SPECIES_DODRIO	Acupressure	28	28	same	
SPECIES_DODRIO	Tri Attack	34	34	same	
SPECIES_DODRIO	Agility	41	41	same	
SPECIES_DODRIO	Drill Peck	47	47	same	
SPECIES_DODRIO	Endeavor	54	54	same	
SPECIES_DODRIO	Rage	1		dropped	leaves: strength 20, under 40
SPECIES_DODUO	Peck	1	1	same	
SPECIES_DODUO	Growl	1	1	same	
SPECIES_DODUO	Quick Attack	5	5	same	
SPECIES_DODUO	Fury Attack	14	14	same	
SPECIES_DODUO	Pursuit	19	19	same	
SPECIES_DODUO	Uproar	23	23	same	
SPECIES_DODUO	Acupressure	28	28	same	
SPECIES_DODUO	Double Hit	32	32	same	
SPECIES_DODUO	Agility	37	37	same	
SPECIES_DODUO	Drill Peck	41	41	same	an exclusive delay: Kaizo gives it to no later stage
SPECIES_DODUO	Endeavor	46	46	same	
SPECIES_DODUO	Rage	10		dropped	leaves: strength 20, under 40
SPECIES_DOLLIV	Tackle	1	1	same	
SPECIES_DOLLIV	Sweet Scent	1	1	same	
SPECIES_DOLLIV	Growth	7	7	same	
SPECIES_DOLLIV	Razor Leaf	10	10	same	
SPECIES_DOLLIV	Helping Hand	13	13	same	
SPECIES_DOLLIV	Flail	16	16	same	
SPECIES_DOLLIV	Mega Drain	20	20	same	
SPECIES_DOLLIV	Energy Ball	34	34	same	
SPECIES_DOLLIV	Leech Seed	37	37	same	
SPECIES_DOLLIV	Terrain Pulse	42	42	same	
SPECIES_DOLLIV	Seed Bomb	29	44	moved	29 to 44: its nearest Kaizo lines, translated to 40, and no earlier than Kaizo's level of 50 within its split
SPECIES_DOLLIV	Absorb	5		dropped	leaves: strength 20, under 40
SPECIES_DOLLIV	Grassy Terrain	23		dropped	leaves: the move pool's first cut
SPECIES_DONPHAN	Fire Fang	1	1	same	
SPECIES_DONPHAN	Thunder Fang	1	1	same	
SPECIES_DONPHAN	Horn Attack	1	1	same	
SPECIES_DONPHAN	Growl	1	1	same	
SPECIES_DONPHAN	Defense Curl	1	1	same	
SPECIES_DONPHAN	Flail	1	1	same	
SPECIES_DONPHAN	Rapid Spin	6	6	same	
SPECIES_DONPHAN	Knock Off	10	10	same	
SPECIES_DONPHAN	Magnitude	19	19	same	
SPECIES_DONPHAN	Slam	24	24	same	
SPECIES_DONPHAN	Fury Attack	25	25	same	
SPECIES_DONPHAN	Assurance	31	31	same	
SPECIES_DONPHAN	Scary Face	39	39	same	
SPECIES_DONPHAN	Earthquake	46	46	same	
SPECIES_DONPHAN	Giga Impact	54	54	same	
SPECIES_DONPHAN	StompingTantrum		61	added	new at 61: a move in the last splits, from Legends Z-A at 30
SPECIES_DONPHAN	Rollout	15		dropped	leaves: strength 27, under 40
SPECIES_DOTTLER	Struggle Bug	1	1	same	
SPECIES_DOTTLER	Reflect	1	1	same	
SPECIES_DOTTLER	Light Screen	1	1	same	
SPECIES_DOTTLER	Confusion	1	1	same	
SPECIES_DOTTLER	Reflect	10	10	same	
SPECIES_DOTTLER	Light Screen	10	10	same	
SPECIES_DOTTLER	Confusion	10	10	same	
SPECIES_DOTTLER	Psybeam	20	20	same	
SPECIES_DOTTLER	Body Press	36	36	same	
SPECIES_DOTTLER	Recover	40	40	same	
SPECIES_DOTTLER	Sticky Web	48	48	same	
SPECIES_DRAGONAIR	Leer	1	1	same	
SPECIES_DRAGONAIR	Thunder Wave	1	1	same	
SPECIES_DRAGONAIR	Twister	1	1	same	
SPECIES_DRAGONAIR	Thunder Wave	5	5	same	
SPECIES_DRAGONAIR	Twister	11	11	same	
SPECIES_DRAGONAIR	Dragon Rage	15	15	same	
SPECIES_DRAGONAIR	Slam	21	21	same	
SPECIES_DRAGONAIR	Agility	25	25	same	
SPECIES_DRAGONAIR	Aqua Tail	33	33	same	
SPECIES_DRAGONAIR	Dragon Rush	39	39	same	
SPECIES_DRAGONAIR	Safeguard	47	47	same	
SPECIES_DRAGONAIR	Dragon Dance	53	53	same	
SPECIES_DRAGONAIR	Outrage	61	61	same	
SPECIES_DRAGONAIR	Hyper Beam	67	67	same	
SPECIES_DRAGONAIR	Wrap	1		dropped	leaves: strength 14, under 40
SPECIES_DRAGONITE	Fire Punch	1	1	same	
SPECIES_DRAGONITE	ThunderPunch	1	1	same	
SPECIES_DRAGONITE	Roost	1	1	same	
SPECIES_DRAGONITE	Leer	1	1	same	
SPECIES_DRAGONITE	Thunder Wave	1	1	same	
SPECIES_DRAGONITE	Twister	1	1	same	
SPECIES_DRAGONITE	Thunder Wave	5	5	same	
SPECIES_DRAGONITE	Twister	11	11	same	
SPECIES_DRAGONITE	Dragon Rage	15	15	same	
SPECIES_DRAGONITE	Slam	21	21	same	
SPECIES_DRAGONITE	Agility	25	25	same	
SPECIES_DRAGONITE	Aqua Tail	33	33	same	
SPECIES_DRAGONITE	Dragon Rush	39	39	same	
SPECIES_DRAGONITE	Safeguard	47	47	same	
SPECIES_DRAGONITE	Dragon Dance	53	53	same	
SPECIES_DRAGONITE	Wing Attack	55	55	same	
SPECIES_DRAGONITE	Outrage	64	64	same	
SPECIES_DRAGONITE	Hyper Beam	73	73	same	
SPECIES_DRAGONITE	Wrap	1		dropped	leaves: strength 14, under 40
SPECIES_DRAPION	Thunder Fang	1	1	same	
SPECIES_DRAPION	Ice Fang	1	1	same	
SPECIES_DRAPION	Fire Fang	1	1	same	
SPECIES_DRAPION	Bite	1	1	same	
SPECIES_DRAPION	Poison Sting	1	1	same	
SPECIES_DRAPION	Leer	1	1	same	
SPECIES_DRAPION	Knock Off	1	1	same	
SPECIES_DRAPION	Knock Off	6	6	same	
SPECIES_DRAPION	Pin Missile	12	12	same	
SPECIES_DRAPION	Acupressure	17	17	same	
SPECIES_DRAPION	Scary Face	23	23	same	
SPECIES_DRAPION	Toxic Spikes	28	28	same	
SPECIES_DRAPION	Bug Bite	34	34	same	
SPECIES_DRAPION	Poison Fang	39	39	same	
SPECIES_DRAPION	Crunch	49	49	same	
SPECIES_DRAPION	Cross Poison	58	58	same	
SPECIES_DRAPION	Venoshock		61	added	new at 61: a move in the last splits, from Legends Z-A at 21
SPECIES_DRATINI	Leer	1	1	same	
SPECIES_DRATINI	Thunder Wave	5	5	same	
SPECIES_DRATINI	Twister	11	11	same	
SPECIES_DRATINI	Dragon Rage	15	15	same	
SPECIES_DRATINI	Slam	21	21	same	
SPECIES_DRATINI	Agility	25	25	same	
SPECIES_DRATINI	Aqua Tail	31	31	same	
SPECIES_DRATINI	Dragon Rush	35	35	same	
SPECIES_DRATINI	Safeguard	41	41	same	
SPECIES_DRATINI	Dragon Dance	45	45	same	
SPECIES_DRATINI	Outrage	51	51	same	
SPECIES_DRATINI	Hyper Beam	55	55	same	
SPECIES_DRATINI	Wrap	1		dropped	leaves: strength 14, under 40
SPECIES_DRIFBLIM	Minimize	1	1	same	
SPECIES_DRIFBLIM	Gust	1	1	same	
SPECIES_DRIFBLIM	Gust	11	11	same	
SPECIES_DRIFBLIM	Focus Energy	14	14	same	
SPECIES_DRIFBLIM	Payback	17	17	same	
SPECIES_DRIFBLIM	Stockpile	22	22	same	
SPECIES_DRIFBLIM	Swallow	27	27	same	
SPECIES_DRIFBLIM	Spit Up	27	27	same	
SPECIES_DRIFBLIM	Ominous Wind	32	32	same	
SPECIES_DRIFBLIM	Baton Pass	37	37	same	
SPECIES_DRIFBLIM	Shadow Ball	44	44	same	
SPECIES_DRIFBLIM	Explosion	51	51	same	
SPECIES_DRIFBLIM	Phantom Force		61	added	new at 61: a move in the last splits, from Legends Z-A at 0
SPECIES_DRIFBLIM	Constrict	1		dropped	leaves: strength 10, under 40
SPECIES_DRIFBLIM	Astonish	1		dropped	leaves: strength 30, under 40
SPECIES_DRIFLOON	Minimize	1	1	same	
SPECIES_DRIFLOON	Shadow Sneak		6	added	new at 6: keeps the first attack's level
SPECIES_DRIFLOON	Gust	11	11	same	
SPECIES_DRIFLOON	Focus Energy	14	14	same	
SPECIES_DRIFLOON	Payback	17	17	same	
SPECIES_DRIFLOON	Stockpile	22	22	same	
SPECIES_DRIFLOON	Swallow	27	27	same	
SPECIES_DRIFLOON	Spit Up	27	27	same	
SPECIES_DRIFLOON	Ominous Wind	30	30	same	
SPECIES_DRIFLOON	Baton Pass	33	33	same	
SPECIES_DRIFLOON	Shadow Ball	38	38	same	
SPECIES_DRIFLOON	Explosion	43	43	same	
SPECIES_DRIFLOON	Constrict	1		dropped	leaves: strength 10, under 40
SPECIES_DRIFLOON	Astonish	6		dropped	leaves: strength 30, under 40
SPECIES_DROWZEE	Pound	1	1	same	
SPECIES_DROWZEE	Hypnosis	1	1	same	
SPECIES_DROWZEE	Disable	7	7	same	
SPECIES_DROWZEE	Confusion	9	9	same	
SPECIES_DROWZEE	Headbutt	15	15	same	
SPECIES_DROWZEE	Poison Gas	18	18	same	
SPECIES_DROWZEE	Meditate	21	21	same	
SPECIES_DROWZEE	Psybeam	26	26	same	
SPECIES_DROWZEE	Psych Up	29	29	same	
SPECIES_DROWZEE	Headbutt	32	32	same	
SPECIES_DROWZEE	Swagger	37	37	same	
SPECIES_DROWZEE	Psychic	40	40	same	
SPECIES_DROWZEE	Nasty Plot	43	43	same	
SPECIES_DROWZEE	Zen Headbutt	50	50	same	
SPECIES_DROWZEE	Future Sight	53	53	same	
SPECIES_DUBWOOL	Tackle	1	1	same	
SPECIES_DUBWOOL	Growl	1	1	same	
SPECIES_DUBWOOL	Defense Curl	1	1	same	
SPECIES_DUBWOOL	Copycat	1	1	same	
SPECIES_DUBWOOL	Guard Split	12	12	same	
SPECIES_DUBWOOL	Double Kick	16	16	same	
SPECIES_DUBWOOL	Headbutt	21	21	same	
SPECIES_DUBWOOL	Guard Swap	32	32	same	
SPECIES_DUBWOOL	Reversal	38	38	same	
SPECIES_DUBWOOL	Take Down	27	39	moved	27 to 39: its nearest Kaizo lines, translated to 36, and no earlier than Kaizo's level of 43 within its split
SPECIES_DUBWOOL	Cotton Guard	44	44	same	
SPECIES_DUBWOOL	Double-Edge	50	50	same	
SPECIES_DUBWOOL	Last Resort	56	56	same	
SPECIES_DUGTRIO	Night Slash	1	1	same	
SPECIES_DUGTRIO	Tri Attack	1	1	same	
SPECIES_DUGTRIO	Scratch	1	1	same	
SPECIES_DUGTRIO	Sand-Attack	1	1	same	
SPECIES_DUGTRIO	Growl	1	1	same	
SPECIES_DUGTRIO	Growl	4	4	same	
SPECIES_DUGTRIO	Magnitude	12	12	same	
SPECIES_DUGTRIO	Mud-Slap	15	15	same	
SPECIES_DUGTRIO	Dig	18	18	same	
SPECIES_DUGTRIO	Sucker Punch	23	23	same	
SPECIES_DUGTRIO	Earth Power	28	28	same	
SPECIES_DUGTRIO	Mud Bomb	33	33	same	
SPECIES_DUGTRIO	Slash	40	40	same	
SPECIES_DUGTRIO	Earthquake	45	45	same	
SPECIES_DUGTRIO	Fissure	50	50	same	
SPECIES_DUGTRIO	Astonish	7		dropped	leaves: strength 30, under 40
SPECIES_DUGTRIO	Sand Tomb	26		dropped	leaves: strength 35, under 40
SPECIES_DUNSPARCE	Defense Curl	5	5	same	
SPECIES_DUNSPARCE	Yawn	9	9	same	
SPECIES_DUNSPARCE	Glare	13	13	same	
SPECIES_DUNSPARCE	Tackle		17	added	new at 17: keeps the first attack's level
SPECIES_DUNSPARCE	Spite	21	21	same	
SPECIES_DUNSPARCE	Pursuit	25	25	same	
SPECIES_DUNSPARCE	Screech	29	29	same	
SPECIES_DUNSPARCE	Roost	33	33	same	
SPECIES_DUNSPARCE	Take Down	37	37	same	
SPECIES_DUNSPARCE	AncientPower	41	41	same	
SPECIES_DUNSPARCE	Dig	45	45	same	
SPECIES_DUNSPARCE	Endeavor	49	49	same	
SPECIES_DUNSPARCE	Flail	53	53	same	
SPECIES_DUNSPARCE	Rage	1		dropped	leaves: strength 20, under 40
SPECIES_DUNSPARCE	Rollout	17		dropped	leaves: strength 27, under 40
SPECIES_DUSCLOPS	Fire Punch	1	1	same	
SPECIES_DUSCLOPS	Ice Punch	1	1	same	
SPECIES_DUSCLOPS	ThunderPunch	1	1	same	
SPECIES_DUSCLOPS	Gravity	1	1	same	
SPECIES_DUSCLOPS	Leer	1	1	same	
SPECIES_DUSCLOPS	Night Shade	1	1	same	
SPECIES_DUSCLOPS	Disable	1	1	same	
SPECIES_DUSCLOPS	Disable	6	6	same	
SPECIES_DUSCLOPS	Foresight	9	9	same	
SPECIES_DUSCLOPS	Confuse Ray	17	17	same	
SPECIES_DUSCLOPS	Shadow Sneak	22	22	same	
SPECIES_DUSCLOPS	Pursuit	25	25	same	
SPECIES_DUSCLOPS	Curse	30	30	same	
SPECIES_DUSCLOPS	Will-O-Wisp	33	33	same	
SPECIES_DUSCLOPS	Shadow Punch	37	37	same	
SPECIES_DUSCLOPS	Mean Look	43	43	same	
SPECIES_DUSCLOPS	Payback	51	51	same	
SPECIES_DUSCLOPS	Earthquake		53	added	new at 53: Kaizo's Dusclops at 61, no earlier than that within its split (translated to 50)
SPECIES_DUSCLOPS	Future Sight	61	61	same	
SPECIES_DUSCLOPS	Bind	1		dropped	leaves: strength 13, under 40
SPECIES_DUSCLOPS	Astonish	14		dropped	leaves: strength 30, under 40
SPECIES_DUSKNOIR	Fire Punch	1	1	same	
SPECIES_DUSKNOIR	Ice Punch	1	1	same	
SPECIES_DUSKNOIR	ThunderPunch	1	1	same	
SPECIES_DUSKNOIR	Gravity	1	1	same	
SPECIES_DUSKNOIR	Leer	1	1	same	
SPECIES_DUSKNOIR	Night Shade	1	1	same	
SPECIES_DUSKNOIR	Disable	1	1	same	
SPECIES_DUSKNOIR	Disable	6	6	same	
SPECIES_DUSKNOIR	Foresight	9	9	same	
SPECIES_DUSKNOIR	Confuse Ray	17	17	same	
SPECIES_DUSKNOIR	Shadow Sneak	22	22	same	
SPECIES_DUSKNOIR	Pursuit	25	25	same	
SPECIES_DUSKNOIR	Curse	30	30	same	
SPECIES_DUSKNOIR	Will-O-Wisp	33	33	same	
SPECIES_DUSKNOIR	Shadow Punch	37	37	same	
SPECIES_DUSKNOIR	Mean Look	43	43	same	
SPECIES_DUSKNOIR	Payback	51	51	same	
SPECIES_DUSKNOIR	Future Sight	61	61	same	
SPECIES_DUSKNOIR	Bind	1		dropped	leaves: strength 13, under 40
SPECIES_DUSKNOIR	Astonish	14		dropped	leaves: strength 30, under 40
SPECIES_DUSKULL	Leer	1	1	same	
SPECIES_DUSKULL	Night Shade	1	1	same	
SPECIES_DUSKULL	Disable	6	6	same	
SPECIES_DUSKULL	Foresight	9	9	same	
SPECIES_DUSKULL	Confuse Ray	17	17	same	
SPECIES_DUSKULL	Shadow Sneak	22	22	same	
SPECIES_DUSKULL	Pursuit	25	25	same	
SPECIES_DUSKULL	Future Sight	46	26	moved	46 to 25: Kaizo's Duskull at 25, translated to 24, and no earlier than Kaizo's level of 25 within its split; 25 to 26: the same-level rule (another move is at 25)
SPECIES_DUSKULL	Curse	30	30	same	
SPECIES_DUSKULL	Will-O-Wisp	33	33	same	
SPECIES_DUSKULL	Mean Look	38	38	same	
SPECIES_DUSKULL	Payback	41	41	same	
SPECIES_DUSKULL	Astonish	14		dropped	leaves: strength 30, under 40
SPECIES_DUSTOX	Confusion	1	1	same	
SPECIES_DUSTOX	Confusion	10	10	same	
SPECIES_DUSTOX	Gust	13	13	same	
SPECIES_DUSTOX	Protect	17	17	same	
SPECIES_DUSTOX	Moonlight	20	20	same	
SPECIES_DUSTOX	Psybeam	24	24	same	
SPECIES_DUSTOX	Whirlwind	27	27	same	
SPECIES_DUSTOX	Light Screen	31	31	same	
SPECIES_DUSTOX	Silver Wind	34	34	same	
SPECIES_DUSTOX	Toxic	38	38	same	
SPECIES_DUSTOX	Bug Buzz	41	41	same	
SPECIES_DUSTOX	Sludge Bomb		61	added	new at 61: a move in the last splits, from Kaizo's Dustox at 20
SPECIES_DWEBBLE	Struggle Bug	1	1	same	
SPECIES_DWEBBLE	Block	7	7	same	
SPECIES_DWEBBLE	Sand-Attack	10	10	same	
SPECIES_DWEBBLE	Faint Attack	14	14	same	
SPECIES_DWEBBLE	Slash	17	17	same	
SPECIES_DWEBBLE	Rock Tomb	21	21	same	
SPECIES_DWEBBLE	Bug Bite	24	24	same	
SPECIES_DWEBBLE	Night Slash	27	27	same	
SPECIES_DWEBBLE	X-Scissor	31	31	same	
SPECIES_DWEBBLE	Rock Blast	5	33	moved	5 to 33: its nearest Kaizo lines, translated to 32, and no earlier than Kaizo's level of 36 within its split
SPECIES_DWEBBLE	Rock Slide	34	34	same	
SPECIES_DWEBBLE	StompingTantrum	39	39	same	
SPECIES_DWEBBLE	Knock Off	42	42	same	
SPECIES_DWEBBLE	Leech Life	46	46	same	
SPECIES_DWEBBLE	Stone Edge	49	49	same	
SPECIES_EEVEE	Tail Whip	1	1	same	
SPECIES_EEVEE	Tackle	1	1	same	
SPECIES_EEVEE	Helping Hand	1	1	same	
SPECIES_EEVEE	Sand-Attack	8	8	same	
SPECIES_EEVEE	Growl	15	15	same	
SPECIES_EEVEE	Quick Attack	22	22	same	
SPECIES_EEVEE	Bite	29	29	same	
SPECIES_EEVEE	Baton Pass	36	36	same	
SPECIES_EEVEE	Take Down	43	43	same	
SPECIES_EEVEE	Last Resort	50	50	same	
SPECIES_EEVEE	Trump Card	57	57	same	
SPECIES_EKANS	Leer	1	1	same	
SPECIES_EKANS	Poison Sting	4	4	same	
SPECIES_EKANS	Bite	9	9	same	
SPECIES_EKANS	Glare	12	12	same	
SPECIES_EKANS	Screech	17	17	same	
SPECIES_EKANS	Acid	20	20	same	
SPECIES_EKANS	Stockpile	25	25	same	
SPECIES_EKANS	Swallow	25	25	same	
SPECIES_EKANS	Spit Up	25	25	same	
SPECIES_EKANS	Mud Bomb	28	28	same	
SPECIES_EKANS	Gastro Acid	33	33	same	
SPECIES_EKANS	Haze	36	36	same	
SPECIES_EKANS	Gunk Shot	41	41	same	
SPECIES_EKANS	Wrap	1		dropped	leaves: strength 14, under 40
SPECIES_ELECTABUZZ	Quick Attack	1	1	same	
SPECIES_ELECTABUZZ	Leer	1	1	same	
SPECIES_ELECTABUZZ	ThunderShock	1	1	same	
SPECIES_ELECTABUZZ	ThunderShock	7	7	same	
SPECIES_ELECTABUZZ	Low Kick	10	10	same	
SPECIES_ELECTABUZZ	Swift	16	16	same	
SPECIES_ELECTABUZZ	Shock Wave	19	19	same	
SPECIES_ELECTABUZZ	Light Screen	25	25	same	
SPECIES_ELECTABUZZ	ThunderPunch	28	28	same	an exclusive delay: Kaizo gives it to no later stage
SPECIES_ELECTABUZZ	Discharge	37	37	same	
SPECIES_ELECTABUZZ	Screech	52	52	same	
SPECIES_ELECTABUZZ	Thunderbolt	43	53	moved	43 to 53: Kaizo's Electabuzz at 58, translated to 47, and no earlier than Kaizo's level of 58 within its split; an exclusive delay: Kaizo gives it to no later stage
SPECIES_ELECTABUZZ	Thunder	58	58	same	
SPECIES_ELECTIVIRE	Fire Punch	1	1	same	
SPECIES_ELECTIVIRE	Quick Attack	1	1	same	
SPECIES_ELECTIVIRE	Leer	1	1	same	
SPECIES_ELECTIVIRE	ThunderShock	1	1	same	
SPECIES_ELECTIVIRE	Low Kick	1	1	same	
SPECIES_ELECTIVIRE	ThunderPunch	28	1	moved	28 to 1: an exclusive delay, Kaizo gives it only to Electabuzz
SPECIES_ELECTIVIRE	Thunderbolt	43	1	moved	43 to 1: an exclusive delay, Kaizo gives it only to Electabuzz; new at 53: a key move after the evolution, from Electabuzz's 53
SPECIES_ELECTIVIRE	ThunderShock	7	7	same	
SPECIES_ELECTIVIRE	Low Kick	10	10	same	
SPECIES_ELECTIVIRE	Swift	16	16	same	
SPECIES_ELECTIVIRE	Shock Wave	19	19	same	
SPECIES_ELECTIVIRE	Light Screen	25	25	same	
SPECIES_ELECTIVIRE	Discharge	37	37	same	
SPECIES_ELECTIVIRE	Screech	52	52	same	
SPECIES_ELECTIVIRE	Thunderbolt	43	53	same	43 to 1: an exclusive delay, Kaizo gives it only to Electabuzz; new at 53: a key move after the evolution, from Electabuzz's 53
SPECIES_ELECTIVIRE	Thunder	58	58	same	
SPECIES_ELECTIVIRE	Giga Impact	67	67	same	
SPECIES_ELECTRIKE	Tackle	1	1	same	
SPECIES_ELECTRIKE	Thunder Wave	4	4	same	
SPECIES_ELECTRIKE	Leer	9	9	same	
SPECIES_ELECTRIKE	Howl	12	12	same	
SPECIES_ELECTRIKE	Quick Attack	17	17	same	
SPECIES_ELECTRIKE	Spark	20	20	same	
SPECIES_ELECTRIKE	Odor Sleuth	25	25	same	
SPECIES_ELECTRIKE	Bite	28	28	same	
SPECIES_ELECTRIKE	Thunder Fang	33	33	same	
SPECIES_ELECTRIKE	Roar	36	36	same	
SPECIES_ELECTRIKE	Discharge	41	41	same	an exclusive delay: Kaizo gives it to no later stage
SPECIES_ELECTRIKE	Charge	44	44	same	
SPECIES_ELECTRIKE	Thunder	49	49	same	
SPECIES_ELECTRODE	Charge	1	1	same	
SPECIES_ELECTRODE	Tackle	1	1	same	
SPECIES_ELECTRODE	SonicBoom	1	1	same	
SPECIES_ELECTRODE	Spark	1	1	same	
SPECIES_ELECTRODE	Tackle	5	5	same	
SPECIES_ELECTRODE	SonicBoom	8	8	same	
SPECIES_ELECTRODE	Spark	12	12	same	
SPECIES_ELECTRODE	Screech	19	19	same	
SPECIES_ELECTRODE	Light Screen	22	22	same	
SPECIES_ELECTRODE	Charge Beam	26	26	same	
SPECIES_ELECTRODE	Selfdestruct	29	29	same	
SPECIES_ELECTRODE	Swift	35	35	same	
SPECIES_ELECTRODE	Magnet Rise	40	40	same	
SPECIES_ELECTRODE	Gyro Ball	46	46	same	
SPECIES_ELECTRODE	Explosion	51	51	same	
SPECIES_ELECTRODE	Mirror Coat	57	57	same	
SPECIES_ELECTRODE	Rollout	15		dropped	leaves: strength 27, under 40
SPECIES_ELEKID	Quick Attack	1	1	same	
SPECIES_ELEKID	Leer	1	1	same	
SPECIES_ELEKID	ThunderShock	7	7	same	
SPECIES_ELEKID	Low Kick	10	10	same	
SPECIES_ELEKID	Swift	16	16	same	
SPECIES_ELEKID	Shock Wave	19	19	same	
SPECIES_ELEKID	Light Screen	25	25	same	
SPECIES_ELEKID	ThunderPunch	28	28	same	
SPECIES_ELEKID	Discharge	34	34	same	
SPECIES_ELEKID	Thunderbolt	37	39	moved	37 to 39: Kaizo's Elekid at 46, translated to 38, and no earlier than Kaizo's level of 46 within its split
SPECIES_ELEKID	Screech	43	43	same	
SPECIES_ELEKID	Thunder	46	46	same	
SPECIES_EMOLGA	Tail Whip	1	1	same	
SPECIES_EMOLGA	ThunderShock	1	1	same	
SPECIES_EMOLGA	Nuzzle	1	1	same	
SPECIES_EMOLGA	Quick Attack	7	7	same	
SPECIES_EMOLGA	Tail Whip	7	7	same	
SPECIES_EMOLGA	Double Team	11	11	same	
SPECIES_EMOLGA	ThunderShock	15	15	same	
SPECIES_EMOLGA	Charge	15	15	same	
SPECIES_EMOLGA	Nuzzle	15	15	same	
SPECIES_EMOLGA	Pursuit	16	16	same	
SPECIES_EMOLGA	Spark	22	22	same	
SPECIES_EMOLGA	Shock Wave	22	22	same	
SPECIES_EMOLGA	Electro Ball	26	26	same	
SPECIES_EMOLGA	Acrobatics	27	27	same	
SPECIES_EMOLGA	Encore	36	36	same	
SPECIES_EMOLGA	Light Screen	39	39	same	
SPECIES_EMOLGA	Discharge	50	50	same	
SPECIES_EMOLGA	Agility	50	50	same	
SPECIES_EMOLGA	Volt Switch	40	53	moved	40 to 53: its nearest Kaizo lines, translated to 45, and no earlier than Kaizo's level of 55 within its split
SPECIES_EMPOLEON	Tackle	1	1	same	
SPECIES_EMPOLEON	Growl	1	1	same	
SPECIES_EMPOLEON	Bubble	1	1	same	
SPECIES_EMPOLEON	Growl	4	4	same	
SPECIES_EMPOLEON	Bubble	8	8	same	
SPECIES_EMPOLEON	Swords Dance	11	11	same	
SPECIES_EMPOLEON	Peck	15	15	same	
SPECIES_EMPOLEON	Metal Claw	16	16	same	
SPECIES_EMPOLEON	BubbleBeam	19	19	same	
SPECIES_EMPOLEON	Swagger	24	24	same	
SPECIES_EMPOLEON	Brine	33	33	same	
SPECIES_EMPOLEON	Aqua Tail	36	36	same	
SPECIES_EMPOLEON	Aqua Jet	36	36	same	
SPECIES_EMPOLEON	Mist	46	46	same	
SPECIES_EMPOLEON	Drill Peck	52	52	same	
SPECIES_EMPOLEON	Hydro Pump	59	59	same	
SPECIES_EMPOLEON	Waterfall		61	added	new at 61: a move in the last splits, from Kaizo's Empoleon at 75
SPECIES_EMPOLEON	Fury Attack	28		dropped	leaves: strength 45, at most half of Fantina's usual 90
SPECIES_EMPOLEON	Whirlpool	39		dropped	leaves: strength 35, under 40
SPECIES_ENTEI	Bite	1	1	same	
SPECIES_ENTEI	Leer	1	1	same	
SPECIES_ENTEI	Ember	8	8	same	
SPECIES_ENTEI	Roar	15	15	same	
SPECIES_ENTEI	Stomp	29	29	same	
SPECIES_ENTEI	Flamethrower	36	36	same	
SPECIES_ENTEI	Swagger	43	43	same	
SPECIES_ENTEI	Fire Fang	50	50	same	
SPECIES_ENTEI	Lava Plume	57	57	same	
SPECIES_ENTEI	Extrasensory	64	64	same	
SPECIES_ENTEI	Fire Blast	71	71	same	
SPECIES_ENTEI	Calm Mind	78	78	same	
SPECIES_ENTEI	Eruption	85	85	same	
SPECIES_ENTEI	Fire Spin	22		dropped	leaves: strength 35, under 40
SPECIES_ESPEON	Tail Whip	1	1	same	
SPECIES_ESPEON	Tackle	1	1	same	
SPECIES_ESPEON	Helping Hand	1	1	same	
SPECIES_ESPEON	Sand-Attack	8	8	same	
SPECIES_ESPEON	Confusion	15	15	same	
SPECIES_ESPEON	Quick Attack	22	22	same	
SPECIES_ESPEON	Swift	29	29	same	
SPECIES_ESPEON	Psybeam	36	36	same	
SPECIES_ESPEON	Future Sight	43	43	same	
SPECIES_ESPEON	Last Resort	50	50	same	
SPECIES_ESPEON	Psych Up	57	57	same	
SPECIES_ESPEON	Psychic	64	64	same	
SPECIES_ESPEON	Morning Sun	71	71	same	
SPECIES_ESPEON	Power Swap	78	78	same	
SPECIES_EXEGGCUTE	Uproar	1	1	same	
SPECIES_EXEGGCUTE	Hypnosis	1	1	same	
SPECIES_EXEGGCUTE	Reflect	7	7	same	
SPECIES_EXEGGCUTE	Leech Seed	11	11	same	
SPECIES_EXEGGCUTE	Bullet Seed	17	17	same	
SPECIES_EXEGGCUTE	Stun Spore	19	19	same	
SPECIES_EXEGGCUTE	PoisonPowder	21	21	same	
SPECIES_EXEGGCUTE	Sleep Powder	23	23	same	
SPECIES_EXEGGCUTE	Confusion	27	27	same	
SPECIES_EXEGGCUTE	Worry Seed	33	33	same	
SPECIES_EXEGGCUTE	Natural Gift	37	37	same	
SPECIES_EXEGGCUTE	SolarBeam	43	43	same	
SPECIES_EXEGGCUTE	Psychic	47	47	same	an exclusive delay: Kaizo gives it to no later stage
SPECIES_EXEGGCUTE	Barrage	1		dropped	leaves: strength 38, under 40
SPECIES_EXEGGUTOR	Seed Bomb	1	1	same	
SPECIES_EXEGGUTOR	Hypnosis	1	1	same	
SPECIES_EXEGGUTOR	Confusion	1	1	same	
SPECIES_EXEGGUTOR	Stomp	1	1	same	
SPECIES_EXEGGUTOR	Stomp	17	17	same	
SPECIES_EXEGGUTOR	Egg Bomb	27	27	same	
SPECIES_EXEGGUTOR	Wood Hammer	37	37	same	
SPECIES_EXEGGUTOR	Leaf Storm	47	47	same	
SPECIES_EXEGGUTOR	Barrage	1		dropped	leaves: strength 38, under 40
SPECIES_EXPLOUD	Ice Fang	1	1	same	
SPECIES_EXPLOUD	Fire Fang	1	1	same	
SPECIES_EXPLOUD	Thunder Fang	1	1	same	
SPECIES_EXPLOUD	Pound	1	1	same	
SPECIES_EXPLOUD	Uproar	1	1	same	
SPECIES_EXPLOUD	Howl	1	1	same	
SPECIES_EXPLOUD	Uproar	5	5	same	
SPECIES_EXPLOUD	Howl	15	15	same	
SPECIES_EXPLOUD	Bite	20	20	same	
SPECIES_EXPLOUD	Supersonic	23	23	same	
SPECIES_EXPLOUD	Stomp	29	29	same	
SPECIES_EXPLOUD	Screech	37	37	same	
SPECIES_EXPLOUD	Crunch	40	40	same	
SPECIES_EXPLOUD	Roar	45	45	same	
SPECIES_EXPLOUD	Rest	55	55	same	
SPECIES_EXPLOUD	Sleep Talk	55	55	same	
SPECIES_EXPLOUD	Hyper Voice	63	63	same	
SPECIES_EXPLOUD	Hyper Beam	71	71	same	
SPECIES_EXPLOUD	Astonish	1		dropped	leaves: strength 30, under 40
SPECIES_FARFETCHD	Poison Jab	1	1	same	
SPECIES_FARFETCHD	Peck	1	1	same	
SPECIES_FARFETCHD	Sand-Attack	1	1	same	
SPECIES_FARFETCHD	Leer	1	1	same	
SPECIES_FARFETCHD	Fury Attack	7	7	same	
SPECIES_FARFETCHD	Knock Off	9	9	same	
SPECIES_FARFETCHD	Aerial Ace	13	13	same	
SPECIES_FARFETCHD	Slash	19	19	same	
SPECIES_FARFETCHD	Air Cutter	21	21	same	
SPECIES_FARFETCHD	Swords Dance	25	25	same	
SPECIES_FARFETCHD	Agility	31	31	same	
SPECIES_FARFETCHD	Night Slash	33	33	same	
SPECIES_FARFETCHD	Air Slash	37	37	same	
SPECIES_FARFETCHD	Feint	43	43	same	
SPECIES_FARFETCHD	False Swipe	45	45	same	
SPECIES_FARFETCHD	Fury Cutter	1		dropped	leaves: strength 38, under 40
SPECIES_FEAROW	Pluck	1	1	same	
SPECIES_FEAROW	Peck	1	1	same	
SPECIES_FEAROW	Growl	1	1	same	
SPECIES_FEAROW	Leer	1	1	same	
SPECIES_FEAROW	Fury Attack	1	1	same	
SPECIES_FEAROW	Leer	5	5	same	
SPECIES_FEAROW	Fury Attack	9	9	same	
SPECIES_FEAROW	Pursuit	13	13	same	
SPECIES_FEAROW	Aerial Ace	17	17	same	
SPECIES_FEAROW	Mirror Move	23	23	same	
SPECIES_FEAROW	Agility	29	29	same	
SPECIES_FEAROW	Assurance	35	35	same	
SPECIES_FEAROW	Roost	41	41	same	
SPECIES_FEAROW	Drill Peck	47	47	same	
SPECIES_FEEBAS	Tackle	15	1	moved	new at 1: the move-pool survey's pick
SPECIES_FEEBAS	Water Gun		15	added	new at 15: keeps the first attack's level
SPECIES_FEEBAS	Flail	30	30	same	
SPECIES_FEEBAS	Splash	1		dropped	leaves: the move pool's first cut
SPECIES_FENNEKIN	Scratch	1	1	same	
SPECIES_FENNEKIN	Tail Whip	1	1	same	
SPECIES_FENNEKIN	Ember	5	5	same	
SPECIES_FENNEKIN	Role Play	9	9	same	
SPECIES_FENNEKIN	Psybeam	13	13	same	
SPECIES_FENNEKIN	Lucky Chant	18	18	same	
SPECIES_FENNEKIN	Light Screen	22	22	same	
SPECIES_FENNEKIN	Flame Burst	27	27	same	
SPECIES_FENNEKIN	Psyshock	31	31	same	
SPECIES_FENNEKIN	Hypnosis	36	36	same	
SPECIES_FENNEKIN	Will-O-Wisp	40	40	same	
SPECIES_FENNEKIN	Flamethrower	46	46	same	
SPECIES_FENNEKIN	Psychic	50	50	same	
SPECIES_FENNEKIN	Magic Room	54	54	same	
SPECIES_FENNEKIN	Future Sight	57	57	same	
SPECIES_FENNEKIN	Overheat	60	60	same	
SPECIES_FERALIGATR	Scratch	1	1	same	
SPECIES_FERALIGATR	Leer	1	1	same	
SPECIES_FERALIGATR	Water Gun	1	1	same	
SPECIES_FERALIGATR	Superpower	63	1	moved	63 to 1: an exclusive delay, Kaizo gives it only to Croconaw
SPECIES_FERALIGATR	Water Gun	6	6	same	
SPECIES_FERALIGATR	Bite	13	13	same	
SPECIES_FERALIGATR	Scary Face	15	15	same	
SPECIES_FERALIGATR	Ice Fang	21	21	same	
SPECIES_FERALIGATR	Flail	24	24	same	
SPECIES_FERALIGATR	Agility	30	30	same	
SPECIES_FERALIGATR	Crunch	32	32	same	
SPECIES_FERALIGATR	Slash	37	37	same	
SPECIES_FERALIGATR	Screech	45	45	same	
SPECIES_FERALIGATR	Thrash	50	50	same	
SPECIES_FERALIGATR	Aqua Tail	58	58	same	
SPECIES_FERALIGATR	Hydro Pump	71	71	same	
SPECIES_FERALIGATR	Rage	1		dropped	leaves: strength 20, under 40
SPECIES_FERROSEED	Tackle	1	1	same	
SPECIES_FERROSEED	Flash	1	1	same	
SPECIES_FERROSEED	Thunder Wave	6	6	same	
SPECIES_FERROSEED	Assurance	9	9	same	
SPECIES_FERROSEED	Pin Missile	14	14	same	
SPECIES_FERROSEED	Metal Claw	18	18	same	
SPECIES_FERROSEED	Ingrain	21	21	same	
SPECIES_FERROSEED	Payback	26	26	same	
SPECIES_FERROSEED	Bullet Seed	30	30	same	
SPECIES_FERROSEED	Seed Bomb	47	32	moved	47 to 33: its nearest Kaizo lines, translated to 30, and no earlier than Kaizo's level of 33 within its split; 33 to 32: the same-level rule (another move is at 33); its split has no free level at or above its floor, so it stays in the split a level under it
SPECIES_FERROSEED	Iron Head	52	33	moved	52 to 33: its nearest Kaizo lines, translated to 30, and no earlier than Kaizo's level of 33 within its split
SPECIES_FERROSEED	Gyro Ball	35	35	same	
SPECIES_FERROSEED	Selfdestruct	38	38	same	
SPECIES_FERROSEED	Knock Off	43	43	same	
SPECIES_FERROSEED	Explosion	55	55	same	
SPECIES_FERROTHORN	Tackle	1	1	same	
SPECIES_FERROTHORN	Flash	1	1	same	
SPECIES_FERROTHORN	Thunder Wave	6	6	same	
SPECIES_FERROTHORN	Assurance	9	9	same	
SPECIES_FERROTHORN	Pin Missile	14	14	same	
SPECIES_FERROTHORN	Metal Claw	18	18	same	
SPECIES_FERROTHORN	Ingrain	21	21	same	
SPECIES_FERROTHORN	Payback	26	26	same	
SPECIES_FERROTHORN	Gyro Ball	35	35	same	
SPECIES_FERROTHORN	Selfdestruct	38	38	same	
SPECIES_FERROTHORN	Bullet Seed	30	43	moved	30 to 44: its nearest Kaizo lines, translated to 43, and no earlier than Kaizo's level of 53 within its split; 44 to 43: the same-level rule (another move is at 44); its split has no free level at or above its floor, so it stays in the split a level under it
SPECIES_FERROTHORN	Knock Off	44	44	same	
SPECIES_FERROTHORN	Seed Bomb	48	45	moved	48 to 44: its nearest Kaizo lines, translated to 43, and no earlier than Kaizo's level of 53 within its split; 44 to 45: the same-level rule (another move is at 44)
SPECIES_FERROTHORN	Iron Head	51	46	moved	51 to 44: its nearest Kaizo lines, translated to 43, and no earlier than Kaizo's level of 53 within its split; 44 to 46: the same-level rule (another move is at 44)
SPECIES_FERROTHORN	Explosion	55	55	same	
SPECIES_FERROTHORN	Heavy Slam	65	65	same	
SPECIES_FERROTHORN	Power Whip	70	70	same	
SPECIES_FINNEON	Pound	1	1	same	
SPECIES_FINNEON	Water Gun	6	6	same	
SPECIES_FINNEON	Attract	10	10	same	
SPECIES_FINNEON	Water Pulse	22	22	same	
SPECIES_FINNEON	Captivate	26	26	same	
SPECIES_FINNEON	Safeguard	29	29	same	
SPECIES_FINNEON	Aqua Ring	33	33	same	
SPECIES_FINNEON	U-turn	42	42	same	
SPECIES_FINNEON	Bounce	45	45	same	
SPECIES_FINNEON	Silver Wind	49	49	same	
SPECIES_FINNEON	Rain Dance	13		dropped	leaves: weather, for a species the player can own
SPECIES_FINNEON	Gust	17		dropped	leaves: strength 40, at most half of Gardenia's usual 80
SPECIES_FINNEON	Whirlpool	38		dropped	leaves: strength 35, under 40
SPECIES_FLAAFFY	Tackle	1	1	same	
SPECIES_FLAAFFY	Growl	1	1	same	
SPECIES_FLAAFFY	ThunderShock	1	1	same	
SPECIES_FLAAFFY	Growl	5	5	same	
SPECIES_FLAAFFY	ThunderShock	10	10	same	
SPECIES_FLAAFFY	Thunder Wave	14	14	same	
SPECIES_FLAAFFY	Cotton Spore	20	20	same	
SPECIES_FLAAFFY	Charge	25	25	same	
SPECIES_FLAAFFY	Discharge	31	33	moved	31 to 33: Kaizo's Flaaffy at 36, translated to 32, and no earlier than Kaizo's level of 36 within its split
SPECIES_FLAAFFY	Signal Beam	36	36	same	
SPECIES_FLAAFFY	Light Screen	42	42	same	
SPECIES_FLAAFFY	Thunderbolt		44	added	new at 44: Kaizo's Flaaffy at 53, no earlier than that within its split (translated to 43)
SPECIES_FLAAFFY	Power Gem	47	47	same	
SPECIES_FLAAFFY	Thunder	53	53	same	
SPECIES_FLABEBE	Fairy Wind	1	1	same	
SPECIES_FLABEBE	Lucky Chant	1	1	same	
SPECIES_FLABEBE	Tearful Look	6	6	same	
SPECIES_FLABEBE	Covet	10	10	same	
SPECIES_FLABEBE	Mega Drain	15	15	same	
SPECIES_FLABEBE	Draining Kiss	20	20	same	
SPECIES_FLABEBE	Magical Leaf	22	22	same	
SPECIES_FLABEBE	Aromatherapy	24	24	same	
SPECIES_FLABEBE	Giga Drain	28	28	same	
SPECIES_FLABEBE	Dazzling Gleam	33	33	same	
SPECIES_FLABEBE	Helping Hand	37	37	same	
SPECIES_FLABEBE	Synthesis	41	41	same	
SPECIES_FLABEBE	SolarBeam	45	45	same	
SPECIES_FLABEBE	Moonblast	48	48	same	
SPECIES_FLABEBE	Absorb	1		dropped	leaves: strength 20, under 40
SPECIES_FLAREON	Tail Whip	1	1	same	
SPECIES_FLAREON	Tackle	1	1	same	
SPECIES_FLAREON	Helping Hand	1	1	same	
SPECIES_FLAREON	Sand-Attack	8	8	same	
SPECIES_FLAREON	Ember	15	15	same	
SPECIES_FLAREON	Quick Attack	22	22	same	
SPECIES_FLAREON	Bite	29	29	same	
SPECIES_FLAREON	Fire Fang	43	43	same	
SPECIES_FLAREON	Last Resort	50	50	same	
SPECIES_FLAREON	Flare Blitz		53	added	new at 53: Kaizo's Flareon at 57, no earlier than that within its split (translated to 46)
SPECIES_FLAREON	Smog	57	57	same	
SPECIES_FLAREON	Scary Face	64	64	same	
SPECIES_FLAREON	Fire Blast	71	71	same	
SPECIES_FLAREON	Lava Plume	78	78	same	
SPECIES_FLAREON	Fire Spin	36		dropped	leaves: strength 35, under 40
SPECIES_FLETCHINDER	Tackle	1	1	same	
SPECIES_FLETCHINDER	Growl	1	1	same	
SPECIES_FLETCHINDER	Quick Attack	6	6	same	
SPECIES_FLETCHINDER	Aerial Ace	12	12	same	
SPECIES_FLETCHINDER	Flame Charge	17	17	same	
SPECIES_FLETCHINDER	Roost	22	22	same	
SPECIES_FLETCHINDER	Will-O-Wisp	27	27	same	
SPECIES_FLETCHINDER	Natural Gift	31	31	same	
SPECIES_FLETCHINDER	Acrobatics	37	37	same	
SPECIES_FLETCHINDER	Me First	41	41	same	
SPECIES_FLETCHINDER	Tailwind	45	45	same	
SPECIES_FLETCHLING	Tackle	1	1	same	
SPECIES_FLETCHLING	Growl	1	1	same	
SPECIES_FLETCHLING	Quick Attack	6	6	same	
SPECIES_FLETCHLING	Aerial Ace	12	12	same	
SPECIES_FLETCHLING	Roost	20	20	same	
SPECIES_FLETCHLING	Will-O-Wisp	25	25	same	
SPECIES_FLETCHLING	Natural Gift	29	29	same	
SPECIES_FLETCHLING	Defog	33	33	same	
SPECIES_FLETCHLING	FeatherDance	33	33	same	
SPECIES_FLETCHLING	Acrobatics	35	35	same	
SPECIES_FLETCHLING	Me First	40	40	same	
SPECIES_FLETCHLING	Tailwind	45	45	same	
SPECIES_FLOATZEL	Ice Fang	1	1	same	
SPECIES_FLOATZEL	SonicBoom	1	1	same	
SPECIES_FLOATZEL	Growl	1	1	same	
SPECIES_FLOATZEL	Water Sport	1	1	same	
SPECIES_FLOATZEL	Quick Attack	1	1	same	
SPECIES_FLOATZEL	Quick Attack	3	3	same	
SPECIES_FLOATZEL	Water Gun	6	6	same	
SPECIES_FLOATZEL	Pursuit	10	10	same	
SPECIES_FLOATZEL	Swift	15	15	same	
SPECIES_FLOATZEL	Aqua Jet	21	21	same	
SPECIES_FLOATZEL	Crunch	26	26	same	
SPECIES_FLOATZEL	Agility	29	29	same	
SPECIES_FLOATZEL	Dive		61	added	new at 61: a move in the last splits, from Kaizo's Floatzel at 41
SPECIES_FLOATZEL	Whirlpool	39		dropped	leaves: strength 35, under 40
SPECIES_FLOATZEL	Razor Wind	50		dropped	leaves: charges a turn in the open (Kaizo's lists keep no such move)
SPECIES_FLOETTE	Fairy Wind	1	1	same	
SPECIES_FLOETTE	Lucky Chant	1	1	same	
SPECIES_FLOETTE	Tearful Look	6	6	same	
SPECIES_FLOETTE	Covet	10	10	same	
SPECIES_FLOETTE	Mega Drain	15	15	same	
SPECIES_FLOETTE	Draining Kiss	21	21	same	
SPECIES_FLOETTE	Magical Leaf	24	24	same	
SPECIES_FLOETTE	Aromatherapy	26	26	same	
SPECIES_FLOETTE	Giga Drain	31	31	same	
SPECIES_FLOETTE	Dazzling Gleam	36	36	same	
SPECIES_FLOETTE	Helping Hand	40	40	same	
SPECIES_FLOETTE	Synthesis	45	45	same	
SPECIES_FLOETTE	SolarBeam	49	49	same	
SPECIES_FLOETTE	Moonblast	52	52	same	
SPECIES_FLOETTE	Absorb	1		dropped	leaves: strength 20, under 40
SPECIES_FLORAGATO	Leafage	1	1	same	
SPECIES_FLORAGATO	Scratch	1	1	same	
SPECIES_FLORAGATO	Tail Whip	1	1	same	
SPECIES_FLORAGATO	Bite	7	7	same	
SPECIES_FLORAGATO	Magical Leaf	13	13	same	
SPECIES_FLORAGATO	Quick Attack	15	15	same	
SPECIES_FLORAGATO	Slash	23	23	same	
SPECIES_FLORAGATO	Worry Seed	28	28	same	
SPECIES_FLORAGATO	Energy Ball	36	36	same	
SPECIES_FLORAGATO	Seed Bomb	20	39	moved	20 to 39: its nearest Kaizo lines, translated to 35, and no earlier than Kaizo's level of 41 within its split
SPECIES_FLORAGATO	Play Rough	42	42	same	
SPECIES_FLORAGATO	Leaf Storm	48	48	same	
SPECIES_FLORGES	Energy Ball	1	1	same	
SPECIES_FLORGES	Grass Knot	1	1	same	
SPECIES_FLORGES	Defog	1	1	same	
SPECIES_FLORGES	Wish	1	1	same	
SPECIES_FLORGES	Fairy Wind	1	1	same	
SPECIES_FLORGES	Lucky Chant	1	1	same	
SPECIES_FLORGES	Tearful Look	6	6	same	
SPECIES_FLORGES	Covet	10	10	same	
SPECIES_FLORGES	Mega Drain	15	15	same	
SPECIES_FLORGES	Draining Kiss	21	21	same	
SPECIES_FLORGES	Magical Leaf	24	24	same	
SPECIES_FLORGES	Aromatherapy	26	26	same	
SPECIES_FLORGES	Giga Drain	31	31	same	
SPECIES_FLORGES	Dazzling Gleam	37	37	same	
SPECIES_FLORGES	Helping Hand	42	42	same	
SPECIES_FLORGES	Synthesis	48	49	moved	48 to 49: its nearest Kaizo lines, translated to 49
SPECIES_FLORGES	SolarBeam	53	53	same	
SPECIES_FLORGES	Moonblast	57	57	same	
SPECIES_FLORGES	Petal Blizzard		61	added	new at 61: a move in the last splits, from Scarlet and Violet at 1
SPECIES_FLORGES	Flower Shield	1		dropped	leaves: the move pool's first cut
SPECIES_FLORGES	Absorb	1		dropped	leaves: strength 20, under 40
SPECIES_FLYGON	SonicBoom	1	1	same	
SPECIES_FLYGON	Sand-Attack	1	1	same	
SPECIES_FLYGON	Faint Attack	1	1	same	
SPECIES_FLYGON	Sand-Attack	9	9	same	
SPECIES_FLYGON	Faint Attack	17	17	same	
SPECIES_FLYGON	Supersonic	33	33	same	
SPECIES_FLYGON	DragonBreath	35	35	same	
SPECIES_FLYGON	Screech	41	41	same	
SPECIES_FLYGON	Dragon Claw	45	45	same	
SPECIES_FLYGON	Dragon Pulse		53	added	new at 53: Kaizo's Flygon at 57, no earlier than that within its split (translated to 46)
SPECIES_FLYGON	Hyper Beam	57	57	same	
SPECIES_FLYGON	Boomburst		68	added	new at 68: a move in the last splits, from Legends Z-A at 68
SPECIES_FLYGON	Sand Tomb	1		dropped	leaves: strength 35, under 40
SPECIES_FLYGON	Sandstorm	49		dropped	leaves: weather, for a species the player can own
SPECIES_FOMANTIS	Leafage	1	1	same	
SPECIES_FOMANTIS	Leafage	5	5	same	
SPECIES_FOMANTIS	Growth	9	9	same	
SPECIES_FOMANTIS	Razor Leaf	12	12	same	
SPECIES_FOMANTIS	Ingrain	14	14	same	
SPECIES_FOMANTIS	Sweet Scent	27	27	same	
SPECIES_FOMANTIS	Slash	28	28	same	
SPECIES_FOMANTIS	X-Scissor	30	30	same	
SPECIES_FOMANTIS	Synthesis	31	31	same	
SPECIES_FOMANTIS	Leaf Blade	32	39	moved	32 to 39: its nearest Kaizo lines, translated to 35, and no earlier than Kaizo's level of 41 within its split
SPECIES_FOMANTIS	SolarBeam	45	45	same	
SPECIES_FOMANTIS	Fury Cutter	1		dropped	leaves: strength 38, under 40
SPECIES_FOMANTIS	Sunny Day	45		dropped	leaves: weather, for a species the player can own
SPECIES_FORRETRESS	Toxic Spikes	1	1	same	
SPECIES_FORRETRESS	Tackle	1	1	same	
SPECIES_FORRETRESS	Protect	1	1	same	
SPECIES_FORRETRESS	Selfdestruct	1	1	same	
SPECIES_FORRETRESS	Bug Bite	1	1	same	
SPECIES_FORRETRESS	Selfdestruct	6	6	same	
SPECIES_FORRETRESS	Bug Bite	9	9	same	
SPECIES_FORRETRESS	Take Down	12	12	same	
SPECIES_FORRETRESS	Rapid Spin	17	17	same	
SPECIES_FORRETRESS	Natural Gift	23	23	same	
SPECIES_FORRETRESS	Spikes	28	28	same	
SPECIES_FORRETRESS	Mirror Shot	31	31	same	
SPECIES_FORRETRESS	Payback	33	33	same	
SPECIES_FORRETRESS	Explosion	38	38	same	
SPECIES_FORRETRESS	Iron Defense	45	45	same	
SPECIES_FORRETRESS	Gyro Ball	50	50	same	
SPECIES_FORRETRESS	Double-Edge	55	55	same	
SPECIES_FORRETRESS	Magnet Rise	62	62	same	
SPECIES_FORRETRESS	Zap Cannon	67	67	same	
SPECIES_FORRETRESS	Bide	20		dropped	leaves: works only asleep, or returns less than double
SPECIES_FRILLISH	Bubble	1	1	same	
SPECIES_FRILLISH	Night Shade	5	5	same	
SPECIES_FRILLISH	Ominous Wind	10	10	same	
SPECIES_FRILLISH	Water Pulse	15	15	same	
SPECIES_FRILLISH	Imprison	20	20	same	
SPECIES_FRILLISH	Confuse Ray	25	25	same	
SPECIES_FRILLISH	Hex	30	30	same	
SPECIES_FRILLISH	Brine	34	34	same	
SPECIES_FRILLISH	Pain Split	39	39	same	
SPECIES_FRILLISH	Destiny Bond	44	44	same	
SPECIES_FRILLISH	Shadow Ball	48	48	same	48 to 24: its nearest Kaizo lines, translated to 24; 24 to 48: Ian's ruling on five early moves, none of its nearest Kaizo lines learns it, so no Kaizo split gives it; Oxide's level stays
SPECIES_FRILLISH	Scald	55	55	same	55 to 24: its nearest Kaizo lines, translated to 24; 24 to 55: Ian's ruling on five early moves, none of its nearest Kaizo lines learns it, so no Kaizo split gives it; Oxide's level stays
SPECIES_FRILLISH	Water Spout	61	61	same	
SPECIES_FRILLISH	Recover	70	70	same	
SPECIES_FRILLISH	Absorb	1		dropped	leaves: strength 20, under 40
SPECIES_FROAKIE	Pound	1	1	same	
SPECIES_FROAKIE	Water Gun	5	5	same	
SPECIES_FROAKIE	Growl	7	7	same	
SPECIES_FROAKIE	Quick Attack	10	10	same	
SPECIES_FROAKIE	Lick	13	13	same	
SPECIES_FROAKIE	Water Pulse	14	14	same	
SPECIES_FROAKIE	Icy Wind	16	16	same	
SPECIES_FROAKIE	Faint Attack	20	20	same	
SPECIES_FROAKIE	Acrobatics	22	22	same	
SPECIES_FROAKIE	Low Kick	25	25	same	
SPECIES_FROAKIE	Fling	35	35	same	
SPECIES_FROAKIE	Waterfall	32	39	moved	32 to 39: its nearest Kaizo lines, translated to 35, and no earlier than Kaizo's level of 41 within its split
SPECIES_FROAKIE	Hydro Pump	40	40	same	
SPECIES_FROGADIER	Ice Punch	1	1	same	
SPECIES_FROGADIER	Smack Down	1	1	same	
SPECIES_FROGADIER	Mud Shot	1	1	same	
SPECIES_FROGADIER	Pound	1	1	same	
SPECIES_FROGADIER	Water Gun	5	5	same	
SPECIES_FROGADIER	Growl	7	7	same	
SPECIES_FROGADIER	Quick Attack	10	10	same	
SPECIES_FROGADIER	Lick	13	13	same	
SPECIES_FROGADIER	Water Pulse	14	14	same	
SPECIES_FROGADIER	Icy Wind	16	16	same	
SPECIES_FROGADIER	Faint Attack	20	20	same	
SPECIES_FROGADIER	Acrobatics	22	22	same	
SPECIES_FROGADIER	Low Kick	25	25	same	
SPECIES_FROGADIER	Fling	35	35	same	
SPECIES_FROGADIER	Waterfall	30	39	moved	30 to 39: its nearest Kaizo lines, translated to 35, and no earlier than Kaizo's level of 41 within its split
SPECIES_FROGADIER	Dark Pulse	40	40	same	
SPECIES_FROGADIER	Hydro Pump	45	75	moved	45 to 75: its nearest Kaizo lines, translated to 75
SPECIES_FROSLASS	Powder Snow	1	1	same	
SPECIES_FROSLASS	Leer	1	1	same	
SPECIES_FROSLASS	Double Team	1	1	same	
SPECIES_FROSLASS	Double Team	4	4	same	
SPECIES_FROSLASS	Icy Wind	13	13	same	
SPECIES_FROSLASS	Confuse Ray	19	19	same	
SPECIES_FROSLASS	Ominous Wind	22	22	same	
SPECIES_FROSLASS	Wake-Up Slap	28	28	same	
SPECIES_FROSLASS	Captivate	31	31	same	
SPECIES_FROSLASS	Ice Shard	37	37	same	
SPECIES_FROSLASS	Blizzard	51	51	same	
SPECIES_FROSLASS	Destiny Bond	59	59	same	
SPECIES_FROSLASS	Ice Beam		60	added	new at 60: Kaizo's Froslass at 77
SPECIES_FROSLASS	Phantom Force		61	added	new at 61: a move in the last splits, from Legends Z-A at 55
SPECIES_FROSLASS	Astonish	1		dropped	leaves: strength 30, under 40
SPECIES_FROSLASS	Hail	40		dropped	leaves: weather, for a species the player can own
SPECIES_FROSMOTH	Icy Wind	1	1	same	
SPECIES_FROSMOTH	Powder Snow	1	1	same	
SPECIES_FROSMOTH	Struggle Bug	1	1	same	new at 61: a move in the last splits, from Legends Z-A at 1
SPECIES_FROSMOTH	Helping Hand	1	1	same	
SPECIES_FROSMOTH	Attract	1	1	same	
SPECIES_FROSMOTH	Stun Spore	4	4	same	
SPECIES_FROSMOTH	Mist	12	12	same	
SPECIES_FROSMOTH	Defog	16	16	same	
SPECIES_FROSMOTH	FeatherDance	21	21	same	
SPECIES_FROSMOTH	Aurora Beam	24	24	same	
SPECIES_FROSMOTH	Bug Buzz	32	32	same	
SPECIES_FROSMOTH	Aurora Veil	36	36	same	
SPECIES_FROSMOTH	Blizzard	40	40	same	
SPECIES_FROSMOTH	Tailwind	44	44	same	
SPECIES_FROSMOTH	Wide Guard	48	48	same	
SPECIES_FROSMOTH	Quiver Dance	52	52	same	
SPECIES_FROSMOTH	Struggle Bug	1	61	same	new at 61: a move in the last splits, from Legends Z-A at 1
SPECIES_FROSMOTH	Infestation	8		dropped	leaves: strength 20, under 40
SPECIES_FROSMOTH	Hail	28		dropped	leaves: weather, for a species the player can own
SPECIES_FURRET	Scratch	1	1	same	
SPECIES_FURRET	Foresight	1	1	same	
SPECIES_FURRET	Defense Curl	1	1	same	
SPECIES_FURRET	Quick Attack	1	1	same	
SPECIES_FURRET	Defense Curl	4	4	same	
SPECIES_FURRET	Quick Attack	7	7	same	
SPECIES_FURRET	Fury Swipes	13	13	same	
SPECIES_FURRET	Helping Hand	17	17	same	
SPECIES_FURRET	Follow Me	21	21	same	
SPECIES_FURRET	Slam	28	28	same	
SPECIES_FURRET	Rest	32	32	same	
SPECIES_FURRET	Sucker Punch	36	36	same	
SPECIES_FURRET	Amnesia	42	42	same	
SPECIES_FURRET	Baton Pass	46	46	same	
SPECIES_FURRET	Me First	50	50	same	
SPECIES_FURRET	Hyper Voice	56	56	same	
SPECIES_FURRET	Body Slam		61	added	new at 61: a move in the last splits, from Kaizo's Furret at 28
SPECIES_GABITE	Tackle	1	1	same	
SPECIES_GABITE	Sand-Attack	1	1	same	
SPECIES_GABITE	Sand-Attack	3	3	same	
SPECIES_GABITE	Dragon Rage	7	7	same	
SPECIES_GABITE	Take Down	15	15	same	
SPECIES_GABITE	Slash	28	28	same	
SPECIES_GABITE	Dragon Claw	33	33	same	
SPECIES_GABITE	Dig	40	40	same	
SPECIES_GABITE	Dragon Rush	49	70	moved	49 to 70: Kaizo's Gabite at 88, translated to 70; an exclusive delay: Kaizo gives it to no later stage
SPECIES_GABITE	Sandstorm	13		dropped	leaves: weather, for a species the player can own
SPECIES_GABITE	Sand Tomb	19		dropped	leaves: strength 35, under 40
SPECIES_GALARIAN_ARTICUNO	Gust	1	1	same	
SPECIES_GALARIAN_ARTICUNO	Confusion	5	5	same	
SPECIES_GALARIAN_ARTICUNO	Reflect	10	10	same	
SPECIES_GALARIAN_ARTICUNO	Hypnosis	15	15	same	
SPECIES_GALARIAN_ARTICUNO	Agility	20	20	same	
SPECIES_GALARIAN_ARTICUNO	AncientPower	25	25	same	
SPECIES_GALARIAN_ARTICUNO	Tailwind	30	30	same	
SPECIES_GALARIAN_ARTICUNO	Psycho Cut	35	35	same	
SPECIES_GALARIAN_ARTICUNO	Recover	40	40	same	
SPECIES_GALARIAN_ARTICUNO	Freezing Glare	45	45	same	
SPECIES_GALARIAN_ARTICUNO	Dream Eater	50	50	same	
SPECIES_GALARIAN_ARTICUNO	Hurricane	55	55	same	
SPECIES_GALARIAN_ARTICUNO	Mind Reader	60	60	same	
SPECIES_GALARIAN_ARTICUNO	Future Sight	65	65	same	
SPECIES_GALARIAN_ARTICUNO	Trick Room	70	70	same	
SPECIES_GALARIAN_MOLTRES	Gust	1	1	same	
SPECIES_GALARIAN_MOLTRES	Leer	1	1	same	
SPECIES_GALARIAN_MOLTRES	Payback	5	5	same	
SPECIES_GALARIAN_MOLTRES	Safeguard	10	10	same	
SPECIES_GALARIAN_MOLTRES	Wing Attack	15	15	same	
SPECIES_GALARIAN_MOLTRES	Agility	20	20	same	
SPECIES_GALARIAN_MOLTRES	AncientPower	25	25	same	
SPECIES_GALARIAN_MOLTRES	Sucker Punch	30	30	same	
SPECIES_GALARIAN_MOLTRES	Air Slash	35	35	same	
SPECIES_GALARIAN_MOLTRES	After You	40	40	same	
SPECIES_GALARIAN_MOLTRES	Fiery Wrath	45	45	same	
SPECIES_GALARIAN_MOLTRES	Nasty Plot	50	50	same	
SPECIES_GALARIAN_MOLTRES	Hurricane	55	55	same	
SPECIES_GALARIAN_MOLTRES	Endure	60	60	same	
SPECIES_GALARIAN_MOLTRES	Memento	65	65	same	
SPECIES_GALARIAN_MOLTRES	Sky Attack	70		dropped	leaves: charges a turn in the open (Kaizo's lists keep no such move)
SPECIES_GALARIAN_MR_MIME	Copycat	1	1	same	
SPECIES_GALARIAN_MR_MIME	Encore	1	1	same	
SPECIES_GALARIAN_MR_MIME	Role Play	1	1	same	
SPECIES_GALARIAN_MR_MIME	Protect	1	1	same	
SPECIES_GALARIAN_MR_MIME	Recycle	1	1	same	
SPECIES_GALARIAN_MR_MIME	Mimic	1	1	same	
SPECIES_GALARIAN_MR_MIME	Light Screen	1	1	same	
SPECIES_GALARIAN_MR_MIME	Reflect	1	1	same	
SPECIES_GALARIAN_MR_MIME	Safeguard	1	1	same	
SPECIES_GALARIAN_MR_MIME	Dazzling Gleam	1	1	same	
SPECIES_GALARIAN_MR_MIME	Pound	1	1	same	
SPECIES_GALARIAN_MR_MIME	Rapid Spin	1	1	same	
SPECIES_GALARIAN_MR_MIME	Baton Pass	1	1	same	
SPECIES_GALARIAN_MR_MIME	Ice Shard	1	1	same	
SPECIES_GALARIAN_MR_MIME	Confusion	12	12	same	
SPECIES_GALARIAN_MR_MIME	Icy Wind	20	20	same	
SPECIES_GALARIAN_MR_MIME	Double Kick	24	24	same	
SPECIES_GALARIAN_MR_MIME	Psybeam	28	28	same	
SPECIES_GALARIAN_MR_MIME	Hypnosis	32	32	same	
SPECIES_GALARIAN_MR_MIME	Mirror Coat	36	36	same	
SPECIES_GALARIAN_MR_MIME	Sucker Punch	40	40	same	
SPECIES_GALARIAN_MR_MIME	Freeze-Dry	44	44	same	
SPECIES_GALARIAN_MR_MIME	Psychic	48	48	same	
SPECIES_GALARIAN_MR_MIME	Teeter Dance	52	52	same	
SPECIES_GALARIAN_MR_MIME	Misty Terrain	1		dropped	leaves: the move pool's first cut
SPECIES_GALARIAN_MR_MIME	Ally Switch	16		dropped	leaves: the move pool's first cut
SPECIES_GALARIAN_RAPIDASH	Draining Kiss		0	added	new at 0: an evolution move, the strongest Fairy attack that is not a strong move, from Oxide's whole move table, since nothing Galarian Rapidash learns in any game fits (Ian may prefer one of its own, weaker or strong); for Ian
SPECIES_GALARIAN_RAPIDASH	Psycho Cut	1	1	same	
SPECIES_GALARIAN_RAPIDASH	Psycho Cut	1	1	same	
SPECIES_GALARIAN_RAPIDASH	Megahorn	1	1	same	new at 61: a move in the last splits, from its own level 1
SPECIES_GALARIAN_RAPIDASH	Tackle	1	1	same	
SPECIES_GALARIAN_RAPIDASH	Quick Attack	1	1	same	
SPECIES_GALARIAN_RAPIDASH	Growl	1	1	same	
SPECIES_GALARIAN_RAPIDASH	Tail Whip	1	1	same	
SPECIES_GALARIAN_RAPIDASH	Confusion	1	1	same	
SPECIES_GALARIAN_RAPIDASH	Fairy Wind	15	15	same	
SPECIES_GALARIAN_RAPIDASH	Agility	20	20	same	
SPECIES_GALARIAN_RAPIDASH	Psybeam	25	25	same	
SPECIES_GALARIAN_RAPIDASH	Stomp	30	30	same	
SPECIES_GALARIAN_RAPIDASH	Heal Pulse	35	35	same	
SPECIES_GALARIAN_RAPIDASH	Take Down	43	43	same	
SPECIES_GALARIAN_RAPIDASH	Dazzling Gleam	49	49	same	
SPECIES_GALARIAN_RAPIDASH	Psychic	56	56	same	
SPECIES_GALARIAN_RAPIDASH	Megahorn	1	61	same	new at 61: a move in the last splits, from its own level 1
SPECIES_GALARIAN_RAPIDASH	Healing Wish	63	63	same	
SPECIES_GALARIAN_WEEZING	Draining Kiss		0	added	new at 0: an evolution move, the strongest Fairy attack that is not a strong move, from Oxide's whole move table, since nothing Galarian Weezing learns in any game fits (Ian may prefer one of its own, weaker or strong); for Ian
SPECIES_GALARIAN_WEEZING	Heat Wave	1	1	same	new at 61: a move in the last splits, from its own level 1
SPECIES_GALARIAN_WEEZING	Smog	1	1	same	
SPECIES_GALARIAN_WEEZING	Tackle	1	1	same	
SPECIES_GALARIAN_WEEZING	SmokeScreen	4	4	same	
SPECIES_GALARIAN_WEEZING	Grudge	7	7	same	
SPECIES_GALARIAN_WEEZING	Haze	12	12	same	
SPECIES_GALARIAN_WEEZING	Clear Smog	15	15	same	
SPECIES_GALARIAN_WEEZING	Belch	18	18	same	
SPECIES_GALARIAN_WEEZING	Payback	23	23	same	
SPECIES_GALARIAN_WEEZING	Sludge	26	26	same	
SPECIES_GALARIAN_WEEZING	Toxic	29	29	same	
SPECIES_GALARIAN_WEEZING	Selfdestruct	34	34	same	
SPECIES_GALARIAN_WEEZING	Will-O-Wisp	38	38	same	
SPECIES_GALARIAN_WEEZING	Sludge Bomb	42	42	same	
SPECIES_GALARIAN_WEEZING	Pain Split	45	45	same	
SPECIES_GALARIAN_WEEZING	Strange Steam	48	48	same	
SPECIES_GALARIAN_WEEZING	Explosion	55	55	same	
SPECIES_GALARIAN_WEEZING	Heat Wave	1	61	same	new at 61: a move in the last splits, from its own level 1
SPECIES_GALARIAN_ZAPDOS	Peck	1	1	same	
SPECIES_GALARIAN_ZAPDOS	Focus Energy	1	1	same	
SPECIES_GALARIAN_ZAPDOS	Rock Smash	5	5	same	
SPECIES_GALARIAN_ZAPDOS	Light Screen	10	10	same	
SPECIES_GALARIAN_ZAPDOS	Pluck	15	15	same	
SPECIES_GALARIAN_ZAPDOS	Agility	20	20	same	
SPECIES_GALARIAN_ZAPDOS	AncientPower	25	25	same	
SPECIES_GALARIAN_ZAPDOS	Brick Break	30	30	same	
SPECIES_GALARIAN_ZAPDOS	Drill Peck	35	35	same	
SPECIES_GALARIAN_ZAPDOS	Quick Guard	40	40	same	
SPECIES_GALARIAN_ZAPDOS	Thunderous Kick	45	45	same	
SPECIES_GALARIAN_ZAPDOS	Bulk Up	50	50	same	
SPECIES_GALARIAN_ZAPDOS	Counter	55	55	same	
SPECIES_GALARIAN_ZAPDOS	Detect	60	60	same	
SPECIES_GALARIAN_ZAPDOS	Close Combat	65	65	same	
SPECIES_GALARIAN_ZAPDOS	Reversal	70	70	same	
SPECIES_GALLADE	Leaf Blade	1	1	same	
SPECIES_GALLADE	Night Slash	1	1	same	
SPECIES_GALLADE	Leer	1	1	same	
SPECIES_GALLADE	Confusion	1	1	same	
SPECIES_GALLADE	Double Team	1	1	same	
SPECIES_GALLADE	Confusion	6	6	same	
SPECIES_GALLADE	Double Team	10	10	same	
SPECIES_GALLADE	Slash	22	22	same	
SPECIES_GALLADE	Swords Dance	25	25	same	
SPECIES_GALLADE	Psycho Cut	31	31	same	
SPECIES_GALLADE	Helping Hand	36	36	same	
SPECIES_GALLADE	Feint	39	39	same	
SPECIES_GALLADE	Future Sight		39	added	new at 39: a key move after the evolution, from Kirlia's 39
SPECIES_GALLADE	False Swipe	45	45	same	
SPECIES_GALLADE	Protect	50	50	same	
SPECIES_GALLADE	Close Combat	53	53	same	
SPECIES_GALLADE	Cross Chop		61	added	new at 61: a move in the last splits, from Kaizo's Gallade at 36
SPECIES_GALLADE	Teleport	1		dropped	leaves: the move pool's first cut
SPECIES_GALLADE	Fury Cutter	17		dropped	leaves: strength 38, under 40
SPECIES_GALVANTULA	Sticky Web	1	1	same	
SPECIES_GALVANTULA	String Shot	1	1	same	
SPECIES_GALVANTULA	Thunder Wave	7	7	same	
SPECIES_GALVANTULA	Spider Web	12	12	same	
SPECIES_GALVANTULA	Electroweb	15	15	same	
SPECIES_GALVANTULA	Bug Bite	18	18	same	
SPECIES_GALVANTULA	Gastro Acid	23	23	same	
SPECIES_GALVANTULA	Struggle Bug	26	26	same	
SPECIES_GALVANTULA	Discharge	29	29	same	
SPECIES_GALVANTULA	Signal Beam	35	35	same	
SPECIES_GALVANTULA	Sucker Punch	43	43	same	
SPECIES_GALVANTULA	Thunderbolt	48	48	same	
SPECIES_GALVANTULA	Bug Buzz	51	51	same	
SPECIES_GALVANTULA	Energy Ball	39	53	moved	39 to 53: its nearest Kaizo lines, translated to 53
SPECIES_GALVANTULA	Thunder	55	55	same	
SPECIES_GALVANTULA	Volt Switch	65	65	same	
SPECIES_GALVANTULA	Absorb	1		dropped	leaves: strength 20, under 40
SPECIES_GALVANTULA	Fury Cutter	4		dropped	leaves: strength 38, under 40
SPECIES_GARCHOMP	Fire Fang	1	1	same	
SPECIES_GARCHOMP	Tackle	1	1	same	
SPECIES_GARCHOMP	Sand-Attack	1	1	same	
SPECIES_GARCHOMP	Dragon Rage	1	1	same	
SPECIES_GARCHOMP	Dragon Rush	55	1	moved	55 to 1: an exclusive delay, Kaizo gives it only to Gabite
SPECIES_GARCHOMP	Sand-Attack	3	3	same	
SPECIES_GARCHOMP	Dragon Rage	7	7	same	
SPECIES_GARCHOMP	Take Down	15	15	same	
SPECIES_GARCHOMP	Slash	28	28	same	
SPECIES_GARCHOMP	Dragon Claw	33	33	same	
SPECIES_GARCHOMP	Dig	40	40	same	
SPECIES_GARCHOMP	Crunch	48	48	same	
SPECIES_GARCHOMP	Dual Chop		61	added	new at 61: a move in the last splits, from Omega Ruby and Alpha Sapphire at 24
SPECIES_GARCHOMP	Sandstorm	1		dropped	leaves: weather, for a species the player can own
SPECIES_GARCHOMP	Sand Tomb	19		dropped	leaves: strength 35, under 40
SPECIES_GARDEVOIR	Healing Wish	1	1	same	
SPECIES_GARDEVOIR	Growl	1	1	same	
SPECIES_GARDEVOIR	Confusion	1	1	same	
SPECIES_GARDEVOIR	Double Team	1	1	same	
SPECIES_GARDEVOIR	Confusion	6	6	same	
SPECIES_GARDEVOIR	Double Team	10	10	same	
SPECIES_GARDEVOIR	Wish	17	17	same	
SPECIES_GARDEVOIR	Magical Leaf	22	22	same	
SPECIES_GARDEVOIR	Calm Mind	25	25	same	
SPECIES_GARDEVOIR	Imprison	40	40	same	
SPECIES_GARDEVOIR	Psychic	33	44	moved	33 to 44: Kaizo's Gardevoir at 48, translated to 40, and no earlier than Kaizo's level of 48 within its split
SPECIES_GARDEVOIR	Future Sight	45	45	same	
SPECIES_GARDEVOIR	Captivate	53	53	same	
SPECIES_GARDEVOIR	Hypnosis	60	60	same	
SPECIES_GARDEVOIR	Moonblast		61	added	new at 61: a move in the last splits, from Legends Z-A at 49
SPECIES_GARDEVOIR	Dream Eater	65	65	same	
SPECIES_GARDEVOIR	Teleport	1		dropped	leaves: the move pool's first cut
SPECIES_GARGANACL	Hammer Arm	1	1	same	
SPECIES_GARGANACL	Block	1	1	same	
SPECIES_GARGANACL	Tackle	1	1	same	
SPECIES_GARGANACL	Wide Guard	1	1	same	
SPECIES_GARGANACL	Harden	1	1	same	
SPECIES_GARGANACL	Rock Blast	1	1	same	new at 61: a move in the last splits, from its own level 1
SPECIES_GARGANACL	Rock Throw	5	5	same	
SPECIES_GARGANACL	Mud Shot	7	7	same	
SPECIES_GARGANACL	Rock Tomb	10	10	same	
SPECIES_GARGANACL	Rock Polish	13	13	same	
SPECIES_GARGANACL	Headbutt	16	16	same	
SPECIES_GARGANACL	Salt Cure	24	24	same	
SPECIES_GARGANACL	Recover	30	30	same	
SPECIES_GARGANACL	Rock Slide	34	34	same	
SPECIES_GARGANACL	Stealth Rock	40	40	same	
SPECIES_GARGANACL	Heavy Slam	44	44	same	
SPECIES_GARGANACL	Earthquake	49	49	same	
SPECIES_GARGANACL	Stone Edge	54	54	same	
SPECIES_GARGANACL	Explosion	60	60	same	
SPECIES_GARGANACL	Rock Blast	1	61	same	new at 61: a move in the last splits, from its own level 1
SPECIES_GASTLY	Hypnosis	1	1	same	
SPECIES_GASTLY	Lick	1	1	same	
SPECIES_GASTLY	Spite	5	5	same	
SPECIES_GASTLY	Mean Look	8	8	same	
SPECIES_GASTLY	Curse	12	12	same	
SPECIES_GASTLY	Night Shade	15	15	same	
SPECIES_GASTLY	Confuse Ray	19	19	same	
SPECIES_GASTLY	Sucker Punch	22	22	same	
SPECIES_GASTLY	Payback	26	26	same	
SPECIES_GASTLY	Shadow Ball	29	29	same	
SPECIES_GASTLY	Dream Eater	33	33	same	
SPECIES_GASTLY	Dark Pulse	36	36	same	
SPECIES_GASTLY	Destiny Bond	40	40	same	
SPECIES_GASTLY	Nightmare	43	43	same	
SPECIES_GASTRODON	Mud-Slap	1	1	same	
SPECIES_GASTRODON	Mud Sport	1	1	same	
SPECIES_GASTRODON	Harden	1	1	same	
SPECIES_GASTRODON	Water Pulse	1	1	same	
SPECIES_GASTRODON	Mud Sport	2	2	same	
SPECIES_GASTRODON	Harden	4	4	same	
SPECIES_GASTRODON	Water Pulse	7	7	same	
SPECIES_GASTRODON	Mud Bomb	11	11	same	
SPECIES_GASTRODON	Hidden Power	16	16	same	
SPECIES_GASTRODON	Body Slam	29	29	same	
SPECIES_GASTRODON	Muddy Water	41	39	moved	41 to 39: Kaizo's Gastrodon at 47, translated to 39
SPECIES_GASTRODON	Earthquake		44	added	new at 44: Kaizo's Gastrodon at 54
SPECIES_GASTRODON	Recover	54	54	same	
SPECIES_GASTRODON	Rock Slide		61	added	new at 61: a move in the last splits, from Kaizo's Gastrodon at 22
SPECIES_GASTRODON	Rain Dance	22		dropped	leaves: weather, for a species the player can own
SPECIES_GENGAR	Hypnosis	1	1	same	
SPECIES_GENGAR	Lick	1	1	same	
SPECIES_GENGAR	Spite	1	1	same	
SPECIES_GENGAR	Spite	5	5	same	
SPECIES_GENGAR	Mean Look	8	8	same	
SPECIES_GENGAR	Curse	12	12	same	
SPECIES_GENGAR	Night Shade	15	15	same	
SPECIES_GENGAR	Confuse Ray	19	19	same	
SPECIES_GENGAR	Sucker Punch	22	22	same	
SPECIES_GENGAR	Shadow Punch	25	25	same	
SPECIES_GENGAR	Payback	28	28	same	
SPECIES_GENGAR	Shadow Ball	33	33	same	
SPECIES_GENGAR	Dream Eater	39	39	same	
SPECIES_GENGAR	Dark Pulse	44	44	same	
SPECIES_GENGAR	Destiny Bond	50	50	same	
SPECIES_GENGAR	Nightmare	55	55	same	
SPECIES_GENGAR	Sludge Bomb		61	added	new at 61: a move in the last splits, from Kaizo's Gengar at 53
SPECIES_GEODUDE	Tackle	1	1	same	
SPECIES_GEODUDE	Defense Curl	1	1	same	
SPECIES_GEODUDE	Mud Sport	4	4	same	
SPECIES_GEODUDE	Rock Polish	8	8	same	
SPECIES_GEODUDE	Rock Throw	11	11	same	
SPECIES_GEODUDE	Magnitude	15	15	same	
SPECIES_GEODUDE	Selfdestruct	18	18	same	
SPECIES_GEODUDE	Rock Blast	25	25	same	
SPECIES_GEODUDE	Explosion	32	32	same	
SPECIES_GEODUDE	Double-Edge	36	36	same	
SPECIES_GEODUDE	Earthquake	29	38	moved	29 to 39: Kaizo's Geodude at 39, translated to 34, and no earlier than Kaizo's level of 39 within its split; 39 to 38: the same-level rule (another move is at 39); its split has no free level at or above its floor, so it stays in the split a level under it
SPECIES_GEODUDE	Stone Edge	39	39	same	
SPECIES_GEODUDE	Rollout	22		dropped	leaves: strength 27, under 40
SPECIES_GIBLE	Tackle	1	1	same	
SPECIES_GIBLE	Sand-Attack	3	3	same	
SPECIES_GIBLE	Dragon Rage	7	7	same	
SPECIES_GIBLE	Take Down	15	15	same	
SPECIES_GIBLE	Slash	25	25	same	
SPECIES_GIBLE	Dragon Claw	27	27	same	
SPECIES_GIBLE	Dig	31	31	same	
SPECIES_GIBLE	Dragon Rush	37	60	moved	37 to 60: Kaizo's Gible at 77, translated to 60
SPECIES_GIBLE	Sandstorm	13		dropped	leaves: weather, for a species the player can own
SPECIES_GIBLE	Sand Tomb	19		dropped	leaves: strength 35, under 40
SPECIES_GIRAFARIG	Power Swap	1	1	same	
SPECIES_GIRAFARIG	Guard Swap	1	1	same	
SPECIES_GIRAFARIG	Tackle	1	1	same	
SPECIES_GIRAFARIG	Growl	1	1	same	
SPECIES_GIRAFARIG	Confusion	1	1	same	
SPECIES_GIRAFARIG	Odor Sleuth	5	5	same	
SPECIES_GIRAFARIG	Stomp	10	10	same	
SPECIES_GIRAFARIG	Agility	14	14	same	
SPECIES_GIRAFARIG	Psybeam	19	19	same	
SPECIES_GIRAFARIG	Baton Pass	23	23	same	
SPECIES_GIRAFARIG	Assurance	28	28	same	
SPECIES_GIRAFARIG	Double Hit	32	32	same	
SPECIES_GIRAFARIG	Psychic	37	37	same	
SPECIES_GIRAFARIG	Zen Headbutt	41	41	same	
SPECIES_GIRAFARIG	Crunch	46	46	same	
SPECIES_GIRAFARIG	Earthquake		61	added	new at 61: a move in the last splits, from Kaizo's Girafarig at 41
SPECIES_GIRAFARIG	Astonish	1		dropped	leaves: strength 30, under 40
SPECIES_GIRATINA	DragonBreath	1	1	same	
SPECIES_GIRATINA	Scary Face	1	1	same	
SPECIES_GIRATINA	Ominous Wind	10	10	same	
SPECIES_GIRATINA	AncientPower	20	20	same	
SPECIES_GIRATINA	Dragon Claw	30	30	same	
SPECIES_GIRATINA	Shadow Force	40	40	same	
SPECIES_GIRATINA	Heal Block	50	50	same	
SPECIES_GIRATINA	Earthquake		56	added	new at 56: Kaizo's Giratina at 70, no earlier than that within its split (translated to 55)
SPECIES_GIRATINA	Earth Power	60	60	same	
SPECIES_GIRATINA	Shadow Claw	80	63	moved	80 to 63: Kaizo's Giratina at 80, translated to 63
SPECIES_GIRATINA	Slash	70	70	same	
SPECIES_GIRATINA	Aura Sphere	90	90	same	
SPECIES_GLACEON	Tail Whip	1	1	same	
SPECIES_GLACEON	Tackle	1	1	same	
SPECIES_GLACEON	Helping Hand	1	1	same	
SPECIES_GLACEON	Sand-Attack	8	8	same	
SPECIES_GLACEON	Icy Wind	15	15	same	
SPECIES_GLACEON	Quick Attack	22	22	same	
SPECIES_GLACEON	Bite	29	29	same	
SPECIES_GLACEON	Ice Shard	36	36	same	
SPECIES_GLACEON	Ice Fang	43	43	same	
SPECIES_GLACEON	Last Resort	50	50	same	
SPECIES_GLACEON	Mirror Coat	57	57	same	
SPECIES_GLACEON	Blizzard	71	71	same	
SPECIES_GLACEON	Barrier	78	78	same	
SPECIES_GLACEON	Hail	64		dropped	leaves: weather, for a species the player can own
SPECIES_GLALIE	Powder Snow	1	1	same	
SPECIES_GLALIE	Leer	1	1	same	
SPECIES_GLALIE	Double Team	1	1	same	
SPECIES_GLALIE	Bite	1	1	same	
SPECIES_GLALIE	Double Team	4	4	same	
SPECIES_GLALIE	Bite	10	10	same	
SPECIES_GLALIE	Icy Wind	13	13	same	
SPECIES_GLALIE	Headbutt	19	19	same	
SPECIES_GLALIE	Protect	22	22	same	
SPECIES_GLALIE	Ice Fang	28	28	same	
SPECIES_GLALIE	Crunch	31	31	same	
SPECIES_GLALIE	Ice Beam	37	37	same	
SPECIES_GLALIE	Blizzard	51	51	same	
SPECIES_GLALIE	Sheer Cold	59	59	same	
SPECIES_GLALIE	Earthquake		61	added	new at 61: a move in the last splits, from Kaizo's Glalie at 60
SPECIES_GLALIE	Hail	40		dropped	leaves: weather, for a species the player can own
SPECIES_GLAMEOW	Fake Out	1	1	same	
SPECIES_GLAMEOW	Scratch	5	5	same	
SPECIES_GLAMEOW	Growl	8	8	same	
SPECIES_GLAMEOW	Hypnosis	13	13	same	
SPECIES_GLAMEOW	Faint Attack	17	17	same	
SPECIES_GLAMEOW	Fury Swipes	20	20	same	
SPECIES_GLAMEOW	Charm	25	25	same	
SPECIES_GLAMEOW	Assist	29	29	same	
SPECIES_GLAMEOW	Captivate	32	32	same	
SPECIES_GLAMEOW	Slash	37	37	same	
SPECIES_GLAMEOW	Sucker Punch	41	41	same	
SPECIES_GLAMEOW	Attract	45	45	same	
SPECIES_GLIGAR	Poison Sting	1	1	same	
SPECIES_GLIGAR	Sand-Attack	5	5	same	
SPECIES_GLIGAR	Harden	9	9	same	
SPECIES_GLIGAR	Knock Off	12	12	same	
SPECIES_GLIGAR	Quick Attack	16	16	same	
SPECIES_GLIGAR	Faint Attack	23	23	same	
SPECIES_GLIGAR	Screech	27	27	same	
SPECIES_GLIGAR	Slash	31	31	same	
SPECIES_GLIGAR	Swords Dance	34	34	same	
SPECIES_GLIGAR	U-turn	38	38	same	
SPECIES_GLIGAR	X-Scissor	42	42	same	
SPECIES_GLIGAR	Guillotine	45	45	same	
SPECIES_GLIGAR	Fury Cutter	20		dropped	leaves: strength 38, under 40
SPECIES_GLIMMET	Rock Throw	1	1	same	
SPECIES_GLIMMET	Harden	1	1	same	
SPECIES_GLIMMET	Smack Down	1	1	same	
SPECIES_GLIMMET	Acid Spray	7	7	same	
SPECIES_GLIMMET	AncientPower	11	11	same	
SPECIES_GLIMMET	Rock Polish	15	15	same	
SPECIES_GLIMMET	Stealth Rock	18	18	same	
SPECIES_GLIMMET	Venoshock	22	22	same	
SPECIES_GLIMMET	Selfdestruct	29	29	same	
SPECIES_GLIMMET	Rock Slide	33	33	same	
SPECIES_GLIMMET	Acid Armor	41	41	same	
SPECIES_GLIMMET	Power Gem	37	44	moved	37 to 44: its nearest Kaizo lines, translated to 41, and no earlier than Kaizo's level of 50 within its split
SPECIES_GLIMMET	Sludge Wave	46	46	same	
SPECIES_GLIMMET	Sandstorm	26		dropped	leaves: weather, for a species the player can own
SPECIES_GLIMMORA	Mortal Spin	1	1	same	
SPECIES_GLIMMORA	Smack Down	1	1	same	
SPECIES_GLIMMORA	Spiky Shield	1	1	same	
SPECIES_GLIMMORA	Toxic Spikes	1	1	same	
SPECIES_GLIMMORA	Rock Throw	1	1	same	
SPECIES_GLIMMORA	Harden	1	1	same	
SPECIES_GLIMMORA	Acid Spray	7	7	same	
SPECIES_GLIMMORA	AncientPower	11	11	same	
SPECIES_GLIMMORA	Rock Polish	15	15	same	
SPECIES_GLIMMORA	Stealth Rock	18	18	same	
SPECIES_GLIMMORA	Venoshock	22	22	same	
SPECIES_GLIMMORA	Selfdestruct	29	29	same	
SPECIES_GLIMMORA	Rock Slide	33	33	same	
SPECIES_GLIMMORA	Power Gem	39	39	same	
SPECIES_GLIMMORA	Acid Armor	44	44	same	
SPECIES_GLIMMORA	Sludge Wave	50	50	same	
SPECIES_GLIMMORA	Meteor Beam		61	added	new at 61: a move in the last splits, from Legends Z-A at 0
SPECIES_GLIMMORA	Sandstorm	26		dropped	leaves: weather, for a species the player can own
SPECIES_GLISCOR	Thunder Fang	1	1	same	
SPECIES_GLISCOR	Ice Fang	1	1	same	
SPECIES_GLISCOR	Fire Fang	1	1	same	
SPECIES_GLISCOR	Poison Jab	1	1	same	
SPECIES_GLISCOR	Sand-Attack	1	1	same	
SPECIES_GLISCOR	Harden	1	1	same	
SPECIES_GLISCOR	Knock Off	1	1	same	
SPECIES_GLISCOR	Sand-Attack	5	5	same	
SPECIES_GLISCOR	Harden	9	9	same	
SPECIES_GLISCOR	Knock Off	12	12	same	
SPECIES_GLISCOR	Quick Attack	16	16	same	
SPECIES_GLISCOR	Faint Attack	23	23	same	
SPECIES_GLISCOR	Screech	27	27	same	
SPECIES_GLISCOR	Night Slash	31	31	same	
SPECIES_GLISCOR	Swords Dance	34	34	same	
SPECIES_GLISCOR	U-turn	38	38	same	
SPECIES_GLISCOR	X-Scissor	42	42	same	
SPECIES_GLISCOR	Guillotine	45	45	same	
SPECIES_GLISCOR	Earthquake		61	added	new at 61: a move in the last splits, from Kaizo's Gliscor at 55
SPECIES_GLISCOR	Fury Cutter	20		dropped	leaves: strength 38, under 40
SPECIES_GLOOM	Sweet Scent	1	1	same	
SPECIES_GLOOM	Acid	1	1	same	
SPECIES_GLOOM	Sweet Scent	5	5	same	
SPECIES_GLOOM	Acid	9	9	same	
SPECIES_GLOOM	PoisonPowder	13	13	same	
SPECIES_GLOOM	Stun Spore	15	15	same	
SPECIES_GLOOM	Sleep Powder	17	17	same	
SPECIES_GLOOM	Mega Drain	23	23	same	
SPECIES_GLOOM	Lucky Chant	29	29	same	
SPECIES_GLOOM	Natural Gift	35	35	same	
SPECIES_GLOOM	Moonlight	41	41	same	
SPECIES_GLOOM	Giga Drain	47	47	same	
SPECIES_GLOOM	Petal Dance	53	53	same	
SPECIES_GLOOM	Absorb	1		dropped	leaves: strength 20, under 40
SPECIES_GOLBAT	Screech	1	1	same	
SPECIES_GOLBAT	Leech Life	1	1	same	
SPECIES_GOLBAT	Supersonic	1	1	same	
SPECIES_GOLBAT	Supersonic	5	5	same	
SPECIES_GOLBAT	Bite	13	13	same	
SPECIES_GOLBAT	Wing Attack	17	17	same	
SPECIES_GOLBAT	Confuse Ray	21	21	same	
SPECIES_GOLBAT	Air Cutter	27	27	same	
SPECIES_GOLBAT	Mean Look	33	33	same	
SPECIES_GOLBAT	Poison Fang	39	39	same	
SPECIES_GOLBAT	Haze	45	45	same	
SPECIES_GOLBAT	Air Slash	51	51	same	
SPECIES_GOLBAT	Brave Bird		53	added	new at 53: Kaizo's Golbat at 65
SPECIES_GOLBAT	Astonish	1		dropped	leaves: strength 30, under 40
SPECIES_GOLDEEN	Peck	1	1	same	
SPECIES_GOLDEEN	Tail Whip	1	1	same	
SPECIES_GOLDEEN	Water Sport	1	1	same	
SPECIES_GOLDEEN	Supersonic	7	7	same	
SPECIES_GOLDEEN	Horn Attack	11	11	same	
SPECIES_GOLDEEN	Water Pulse	17	17	same	
SPECIES_GOLDEEN	Flail	21	21	same	
SPECIES_GOLDEEN	Aqua Ring	27	27	same	
SPECIES_GOLDEEN	Waterfall	37	37	same	
SPECIES_GOLDEEN	Horn Drill	41	41	same	
SPECIES_GOLDEEN	Agility	47	47	same	
SPECIES_GOLDEEN	Megahorn	51	51	same	
SPECIES_GOLDEEN	Fury Attack	31		dropped	leaves: strength 45, at most half of Fantina's usual 90
SPECIES_GOLDUCK	Aqua Jet	1	1	same	
SPECIES_GOLDUCK	Water Sport	1	1	same	
SPECIES_GOLDUCK	Scratch	1	1	same	
SPECIES_GOLDUCK	Tail Whip	1	1	same	
SPECIES_GOLDUCK	Water Gun	1	1	same	
SPECIES_GOLDUCK	Tail Whip	5	5	same	
SPECIES_GOLDUCK	Water Gun	9	9	same	
SPECIES_GOLDUCK	Disable	14	14	same	
SPECIES_GOLDUCK	Confusion	18	18	same	
SPECIES_GOLDUCK	Water Pulse	22	22	same	
SPECIES_GOLDUCK	Fury Swipes	27	27	same	
SPECIES_GOLDUCK	Screech	31	31	same	
SPECIES_GOLDUCK	Psych Up	37	37	same	
SPECIES_GOLDUCK	Zen Headbutt	44	44	same	
SPECIES_GOLDUCK	Amnesia	50	50	same	
SPECIES_GOLDUCK	Hydro Pump	56	56	same	
SPECIES_GOLDUCK	Psychic		61	added	new at 61: a move in the last splits, from Kaizo's Golduck at 44
SPECIES_GOLEM	Tackle	1	1	same	
SPECIES_GOLEM	Defense Curl	1	1	same	
SPECIES_GOLEM	Mud Sport	1	1	same	
SPECIES_GOLEM	Rock Polish	1	1	same	
SPECIES_GOLEM	Mud Sport	4	4	same	
SPECIES_GOLEM	Rock Polish	8	8	same	
SPECIES_GOLEM	Rock Throw	11	11	same	
SPECIES_GOLEM	Magnitude	15	15	same	
SPECIES_GOLEM	Selfdestruct	18	18	same	
SPECIES_GOLEM	Rock Blast	27	27	same	
SPECIES_GOLEM	Earthquake	33	33	same	
SPECIES_GOLEM	Explosion	38	38	same	
SPECIES_GOLEM	Double-Edge	44	44	same	
SPECIES_GOLEM	Stone Edge	49	49	same	
SPECIES_GOLEM	Bulldoze		61	added	new at 61: a move in the last splits, from Legends Z-A at 22
SPECIES_GOLEM	Rollout	22		dropped	leaves: strength 27, under 40
SPECIES_GOODRA	Draco Meteor	1	1	same	
SPECIES_GOODRA	Breaking Swipe	1	1	same	
SPECIES_GOODRA	Weather Ball	1	1	same	
SPECIES_GOODRA	Tackle	1	1	same	
SPECIES_GOODRA	Bubble	1	1	same	
SPECIES_GOODRA	DragonBreath	5	5	same	
SPECIES_GOODRA	Life Dew	10	10	same	
SPECIES_GOODRA	Flail	16	16	same	
SPECIES_GOODRA	Water Pulse	23	23	same	
SPECIES_GOODRA	Dragon Tail	28	28	same	
SPECIES_GOODRA	Body Slam	42	42	same	
SPECIES_GOODRA	Muddy Water	48	48	same	
SPECIES_GOODRA	Aqua Tail	55	55	same	
SPECIES_GOODRA	Dragon Pulse	58	58	same	
SPECIES_GOODRA	Power Whip	61	61	same	
SPECIES_GOODRA	Outrage	66	66	same	
SPECIES_GOODRA	Infestation	34		dropped	leaves: strength 20, under 40
SPECIES_GOOMY	Tackle	1	1	same	
SPECIES_GOOMY	Bubble	1	1	same	
SPECIES_GOOMY	DragonBreath	5	5	same	
SPECIES_GOOMY	Life Dew	10	10	same	
SPECIES_GOOMY	Flail	16	16	same	
SPECIES_GOOMY	Water Pulse	23	23	same	
SPECIES_GOOMY	Dragon Tail	28	28	same	
SPECIES_GOOMY	Body Slam	41	41	same	
SPECIES_GOOMY	Dragon Pulse	54	44	moved	54 to 44: its nearest Kaizo lines, translated to 42, and no earlier than Kaizo's level of 51 within its split
SPECIES_GOOMY	Muddy Water	46	46	same	
SPECIES_GOOMY	Infestation	34		dropped	leaves: strength 20, under 40
SPECIES_GOREBYSS	Confusion	6	6	same	
SPECIES_GOREBYSS	Agility	10	10	same	
SPECIES_GOREBYSS	Water Pulse	15	15	same	
SPECIES_GOREBYSS	Amnesia	19	19	same	
SPECIES_GOREBYSS	Aqua Ring	24	24	same	
SPECIES_GOREBYSS	Captivate	28	28	same	
SPECIES_GOREBYSS	Baton Pass	33	33	same	
SPECIES_GOREBYSS	Dive	37	37	same	
SPECIES_GOREBYSS	Psychic	42	42	same	
SPECIES_GOREBYSS	Aqua Tail	46	46	same	
SPECIES_GOREBYSS	Hydro Pump	51	51	same	
SPECIES_GOREBYSS	Ice Beam		61	added	new at 61: a move in the last splits, from Kaizo's Gorebyss at 42
SPECIES_GOREBYSS	Whirlpool	1		dropped	leaves: strength 35, under 40
SPECIES_GOTHITA	Pound	1	1	same	
SPECIES_GOTHITA	Confusion	1	1	same	
SPECIES_GOTHITA	Confusion	3	3	same	
SPECIES_GOTHITA	Play Nice	5	5	same	
SPECIES_GOTHITA	Tickle	7	7	same	
SPECIES_GOTHITA	Psybeam	13	13	same	
SPECIES_GOTHITA	DoubleSlap	14	14	same	
SPECIES_GOTHITA	Fake Tears	19	19	same	
SPECIES_GOTHITA	Embargo	19	19	same	
SPECIES_GOTHITA	Psyshock	22	22	same	
SPECIES_GOTHITA	Hypnosis	24	24	same	
SPECIES_GOTHITA	Faint Attack	24	24	same	
SPECIES_GOTHITA	Charm	30	30	same	
SPECIES_GOTHITA	Psych Up	33	33	same	
SPECIES_GOTHITA	Heal Block	33	33	same	
SPECIES_GOTHITA	Flatter	34	34	same	
SPECIES_GOTHITA	Psychic	36	36	same	
SPECIES_GOTHITA	Future Sight	37	37	same	
SPECIES_GOTHITA	Magic Room	48	48	same	
SPECIES_GOTHITA	Telekinesis	40		dropped	leaves: the move pool's first cut
SPECIES_GOTHITELLE	Pound	1	1	same	
SPECIES_GOTHITELLE	Play Nice	1	1	same	
SPECIES_GOTHITELLE	Confusion	1	1	same	
SPECIES_GOTHITELLE	Tickle	1	1	same	
SPECIES_GOTHITELLE	Confusion	3	3	same	
SPECIES_GOTHITELLE	Tickle	7	7	same	
SPECIES_GOTHITELLE	Psybeam	13	13	same	
SPECIES_GOTHITELLE	DoubleSlap	14	14	same	
SPECIES_GOTHITELLE	Fake Tears	19	19	same	
SPECIES_GOTHITELLE	Embargo	19	19	same	
SPECIES_GOTHITELLE	Psyshock	22	22	same	
SPECIES_GOTHITELLE	Hypnosis	24	24	same	
SPECIES_GOTHITELLE	Faint Attack	24	24	same	
SPECIES_GOTHITELLE	Charm	33	33	same	
SPECIES_GOTHITELLE	Heal Block	34	34	same	
SPECIES_GOTHITELLE	Psych Up	35	35	same	
SPECIES_GOTHITELLE	Flatter	38	38	same	
SPECIES_GOTHITELLE	Psychic	39	39	same	
SPECIES_GOTHITELLE	Future Sight	44	44	same	
SPECIES_GOTHITELLE	Magic Room	61	61	same	
SPECIES_GOTHITELLE	Telekinesis	45		dropped	leaves: the move pool's first cut
SPECIES_GOTHORITA	Pound	1	1	same	
SPECIES_GOTHORITA	Play Nice	1	1	same	
SPECIES_GOTHORITA	Confusion	1	1	same	
SPECIES_GOTHORITA	Tickle	1	1	same	
SPECIES_GOTHORITA	Confusion	3	3	same	
SPECIES_GOTHORITA	Tickle	7	7	same	
SPECIES_GOTHORITA	Psybeam	13	13	same	
SPECIES_GOTHORITA	DoubleSlap	14	14	same	
SPECIES_GOTHORITA	Fake Tears	19	19	same	
SPECIES_GOTHORITA	Embargo	19	19	same	
SPECIES_GOTHORITA	Psyshock	22	22	same	
SPECIES_GOTHORITA	Hypnosis	24	24	same	
SPECIES_GOTHORITA	Faint Attack	24	24	same	
SPECIES_GOTHORITA	Charm	31	31	same	
SPECIES_GOTHORITA	Heal Block	34	34	same	
SPECIES_GOTHORITA	Psych Up	35	35	same	
SPECIES_GOTHORITA	Flatter	37	37	same	
SPECIES_GOTHORITA	Psychic	39	39	same	
SPECIES_GOTHORITA	Future Sight	42	42	same	
SPECIES_GOTHORITA	Magic Room	55	55	same	
SPECIES_GOTHORITA	Telekinesis	43		dropped	leaves: the move pool's first cut
SPECIES_GRANBULL	Ice Fang	1	1	same	
SPECIES_GRANBULL	Fire Fang	1	1	same	
SPECIES_GRANBULL	Thunder Fang	1	1	same	
SPECIES_GRANBULL	Tackle	1	1	same	
SPECIES_GRANBULL	Scary Face	1	1	same	
SPECIES_GRANBULL	Tail Whip	1	1	same	
SPECIES_GRANBULL	Charm	1	1	same	
SPECIES_GRANBULL	Bite	7	7	same	
SPECIES_GRANBULL	Lick	13	13	same	
SPECIES_GRANBULL	Headbutt	19	19	same	
SPECIES_GRANBULL	Roar	27	27	same	
SPECIES_GRANBULL	Take Down	43	43	same	
SPECIES_GRANBULL	Payback	51	51	same	
SPECIES_GRANBULL	Crunch	59	59	same	
SPECIES_GRANBULL	Earthquake		61	added	new at 61: a move in the last splits, from Kaizo's Granbull at 51
SPECIES_GRANBULL	Rage	35		dropped	leaves: strength 20, under 40
SPECIES_GRAPPLOCT	Octolock	1	1	same	
SPECIES_GRAPPLOCT	Octazooka	1	1	same	
SPECIES_GRAPPLOCT	Rock Smash	1	1	same	
SPECIES_GRAPPLOCT	Leer	1	1	same	
SPECIES_GRAPPLOCT	Feint	1	1	same	
SPECIES_GRAPPLOCT	Detect	15	15	same	
SPECIES_GRAPPLOCT	Bulk Up	25	25	same	
SPECIES_GRAPPLOCT	Taunt	35	35	same	
SPECIES_GRAPPLOCT	Reversal	40	40	same	
SPECIES_GRAPPLOCT	Brick Break	20	56	moved	20 to 56: its nearest Kaizo lines, translated to 56
SPECIES_GRAPPLOCT	Superpower	45	72	moved	45 to 72: its nearest Kaizo lines, translated to 72
SPECIES_GRAPPLOCT	Bind	1		dropped	leaves: strength 13, under 40
SPECIES_GRAPPLOCT	Submission	30		dropped	leaves: 80% accurate on 80 power
SPECIES_GRAPPLOCT	Topsy-Turvy	50		dropped	leaves: the move pool's first cut
SPECIES_GRAVELER	Tackle	1	1	same	
SPECIES_GRAVELER	Defense Curl	1	1	same	
SPECIES_GRAVELER	Mud Sport	1	1	same	
SPECIES_GRAVELER	Rock Polish	1	1	same	
SPECIES_GRAVELER	Mud Sport	4	4	same	
SPECIES_GRAVELER	Rock Polish	8	8	same	
SPECIES_GRAVELER	Rock Throw	11	11	same	
SPECIES_GRAVELER	Magnitude	15	15	same	
SPECIES_GRAVELER	Selfdestruct	18	18	same	
SPECIES_GRAVELER	Rock Blast	27	27	same	
SPECIES_GRAVELER	Explosion	38	38	same	
SPECIES_GRAVELER	Earthquake	33	39	moved	33 to 39: Kaizo's Graveler at 44, translated to 37, and no earlier than Kaizo's level of 44 within its split
SPECIES_GRAVELER	Double-Edge	44	44	same	
SPECIES_GRAVELER	Stone Edge	49	49	same	
SPECIES_GRAVELER	Rollout	22		dropped	leaves: strength 27, under 40
SPECIES_GRENINJA	Water Shuriken	1	1	same	
SPECIES_GRENINJA	Night Slash	1	1	same	
SPECIES_GRENINJA	Retaliate	1	1	same	
SPECIES_GRENINJA	Smack Down	1	1	same	
SPECIES_GRENINJA	Mud Shot	1	1	same	
SPECIES_GRENINJA	Mat Block	1	1	same	
SPECIES_GRENINJA	Ice Beam	1	1	same	
SPECIES_GRENINJA	Grass Knot	1	1	same	
SPECIES_GRENINJA	Spikes	1	1	same	
SPECIES_GRENINJA	Water Gun	5	5	same	
SPECIES_GRENINJA	Growl	7	7	same	
SPECIES_GRENINJA	Shadow Sneak	10	10	same	
SPECIES_GRENINJA	Quick Attack	10	10	same	
SPECIES_GRENINJA	Water Pulse	14	14	same	
SPECIES_GRENINJA	Bounce	16	16	same	
SPECIES_GRENINJA	Thief	20	20	same	
SPECIES_GRENINJA	Acrobatics	22	22	same	
SPECIES_GRENINJA	Low Kick	25	25	same	
SPECIES_GRENINJA	Waterfall	30	30	same	
SPECIES_GRENINJA	Fling	35	35	same	
SPECIES_GRENINJA	Scald	37	37	same	
SPECIES_GRENINJA	Dark Pulse	40	40	same	
SPECIES_GRENINJA	Extrasensory	43	43	same	
SPECIES_GRENINJA	Sludge Wave	47	47	same	
SPECIES_GRENINJA	Gunk Shot	51	51	same	
SPECIES_GRENINJA	Hydro Pump	55	55	same	
SPECIES_GRENINJA	Hydro Cannon	65	65	same	
SPECIES_GRIMER	Poison Gas	1	1	same	
SPECIES_GRIMER	Pound	1	1	same	
SPECIES_GRIMER	Harden	4	4	same	
SPECIES_GRIMER	Mud-Slap	7	7	same	
SPECIES_GRIMER	Disable	12	12	same	
SPECIES_GRIMER	Minimize	17	17	same	
SPECIES_GRIMER	Sludge	20	20	same	
SPECIES_GRIMER	Mud Bomb	23	23	same	
SPECIES_GRIMER	Fling	28	28	same	
SPECIES_GRIMER	Screech	33	33	same	
SPECIES_GRIMER	Sludge Bomb	36	36	same	
SPECIES_GRIMER	Acid Armor	39	39	same	
SPECIES_GRIMER	Gunk Shot	44	44	same	
SPECIES_GRIMER	Memento	49	49	same	
SPECIES_GROTLE	Tackle	1	1	same	
SPECIES_GROTLE	Withdraw	1	1	same	
SPECIES_GROTLE	Withdraw	5	5	same	
SPECIES_GROTLE	Razor Leaf	13	13	same	
SPECIES_GROTLE	Curse	17	17	same	
SPECIES_GROTLE	Bite	22	22	same	
SPECIES_GROTLE	Leech Seed	32	32	same	
SPECIES_GROTLE	Crunch	42	42	same	
SPECIES_GROTLE	Giga Drain	47	47	same	
SPECIES_GROTLE	Leaf Storm	52	52	same	
SPECIES_GROTLE	Synthesis	37	55	moved	37 to 55: Kaizo's Grotle at 70, translated to 55
SPECIES_GROTLE	Absorb	9		dropped	leaves: strength 20, under 40
SPECIES_GROTLE	Mega Drain	27		dropped	leaves: strength 40, at most half of Fantina's usual 80
SPECIES_GROUDON	Mud Shot	1	1	same	
SPECIES_GROUDON	Scary Face	5	5	same	
SPECIES_GROUDON	AncientPower	15	15	same	
SPECIES_GROUDON	Slash	20	20	same	
SPECIES_GROUDON	Bulk Up	30	30	same	
SPECIES_GROUDON	Earthquake	35	35	same	
SPECIES_GROUDON	Fire Blast	45	45	same	
SPECIES_GROUDON	Rest	50	50	same	
SPECIES_GROUDON	Fissure	60	60	same	
SPECIES_GROUDON	SolarBeam	65	65	same	
SPECIES_GROUDON	Earth Power	75	75	same	
SPECIES_GROUDON	Eruption	80	80	same	
SPECIES_GROVYLE	Pound	1	1	same	
SPECIES_GROVYLE	Leer	1	1	same	
SPECIES_GROVYLE	Quick Attack	1	1	same	
SPECIES_GROVYLE	Quick Attack	11	11	same	
SPECIES_GROVYLE	Pursuit	17	17	same	
SPECIES_GROVYLE	Screech	23	23	same	
SPECIES_GROVYLE	Agility	35	35	same	
SPECIES_GROVYLE	Slam	41	41	same	
SPECIES_GROVYLE	Detect	47	47	same	
SPECIES_GROVYLE	Leaf Blade	29	52	moved	29 to 53: Kaizo's Grovyle at 60, translated to 49, and no earlier than Kaizo's level of 60 within its split; 53 to 52: the same-level rule (another move is at 53); its split has no free level at or above its floor, so it stays in the split a level under it
SPECIES_GROVYLE	False Swipe	53	53	same	
SPECIES_GROVYLE	Leaf Storm	59	59	same	
SPECIES_GROVYLE	Absorb	1		dropped	leaves: strength 20, under 40
SPECIES_GROVYLE	Fury Cutter	16		dropped	leaves: strength 38, under 40
SPECIES_GROWLITHE	Bite	1	1	same	
SPECIES_GROWLITHE	Roar	1	1	same	
SPECIES_GROWLITHE	Ember	6	6	same	
SPECIES_GROWLITHE	Leer	9	9	same	
SPECIES_GROWLITHE	Odor Sleuth	14	14	same	
SPECIES_GROWLITHE	Helping Hand	17	17	same	
SPECIES_GROWLITHE	Flame Wheel	20	20	same	
SPECIES_GROWLITHE	Reversal	25	25	same	
SPECIES_GROWLITHE	Fire Fang	28	28	same	
SPECIES_GROWLITHE	Take Down	31	31	same	
SPECIES_GROWLITHE	Flamethrower	34	34	same	
SPECIES_GROWLITHE	Agility	39	39	same	
SPECIES_GROWLITHE	Crunch	42	42	same	
SPECIES_GROWLITHE	Heat Wave	45	45	same	
SPECIES_GROWLITHE	Flare Blitz	48	48	same	an exclusive delay: Kaizo gives it to no later stage
SPECIES_GRUBBIN	ViceGrip	1	1	same	
SPECIES_GRUBBIN	Mud-Slap	1	1	same	
SPECIES_GRUBBIN	String Shot	5	5	same	
SPECIES_GRUBBIN	Bug Bite	10	10	same	
SPECIES_GRUBBIN	Bite	15	15	same	
SPECIES_GRUBBIN	Spark	21	21	same	
SPECIES_GRUBBIN	Sticky Web	25	25	same	
SPECIES_GRUBBIN	Crunch	35	35	same	
SPECIES_GRUBBIN	X-Scissor	30	39	moved	30 to 39: its nearest Kaizo lines, translated to 38, and no earlier than Kaizo's level of 46 within its split
SPECIES_GRUBBIN	Dig	40	40	same	
SPECIES_GRUMPIG	Psywave	1	1	same	
SPECIES_GRUMPIG	Odor Sleuth	1	1	same	
SPECIES_GRUMPIG	Psybeam	1	1	same	
SPECIES_GRUMPIG	Psywave	7	7	same	
SPECIES_GRUMPIG	Odor Sleuth	10	10	same	
SPECIES_GRUMPIG	Psybeam	14	14	same	
SPECIES_GRUMPIG	Psych Up	15	15	same	
SPECIES_GRUMPIG	Confuse Ray	18	18	same	
SPECIES_GRUMPIG	Magic Coat	21	21	same	
SPECIES_GRUMPIG	Zen Headbutt	26	26	same	
SPECIES_GRUMPIG	Rest	29	29	same	
SPECIES_GRUMPIG	Payback	37	37	same	
SPECIES_GRUMPIG	Psychic	47	47	same	
SPECIES_GRUMPIG	Power Gem	55	55	same	
SPECIES_GRUMPIG	Bounce	60	60	same	
SPECIES_GRUMPIG	Splash	1		dropped	leaves: the move pool's first cut
SPECIES_GRUMPIG	Snore	29		dropped	leaves: works only asleep, or returns less than double
SPECIES_GULPIN	Pound	1	1	same	
SPECIES_GULPIN	Yawn	6	6	same	
SPECIES_GULPIN	Poison Gas	9	9	same	
SPECIES_GULPIN	Sludge	14	14	same	
SPECIES_GULPIN	Amnesia	17	17	same	
SPECIES_GULPIN	Encore	23	23	same	
SPECIES_GULPIN	Toxic	28	28	same	
SPECIES_GULPIN	Stockpile	34	34	same	
SPECIES_GULPIN	Spit Up	34	34	same	
SPECIES_GULPIN	Swallow	34	34	same	
SPECIES_GULPIN	Sludge Bomb	39	39	same	an exclusive delay: Kaizo gives it to no later stage
SPECIES_GULPIN	Gastro Acid	44	44	same	
SPECIES_GULPIN	Wring Out	49	49	same	
SPECIES_GULPIN	Gunk Shot	54	54	same	
SPECIES_GUZZLORD	Bite	1	1	same	
SPECIES_GUZZLORD	Dragon Tail	1	1	same	
SPECIES_GUZZLORD	Swallow	5	5	same	
SPECIES_GUZZLORD	Stockpile	5	5	same	
SPECIES_GUZZLORD	Knock Off	10	10	same	
SPECIES_GUZZLORD	Stomp	15	15	same	
SPECIES_GUZZLORD	StompingTantrum	20	20	same	
SPECIES_GUZZLORD	Wide Guard	25	25	same	
SPECIES_GUZZLORD	Crunch	30	30	same	
SPECIES_GUZZLORD	Body Slam	35	35	same	
SPECIES_GUZZLORD	Gastro Acid	40	40	same	
SPECIES_GUZZLORD	Hammer Arm	45	45	same	
SPECIES_GUZZLORD	Heavy Slam	50	50	same	
SPECIES_GUZZLORD	Dragon Rush	55	55	same	
SPECIES_GUZZLORD	Belch	60	60	same	
SPECIES_GUZZLORD	Thrash	65	65	same	
SPECIES_GUZZLORD	Giga Impact	70	70	same	
SPECIES_GYARADOS	Thrash	1	1	same	
SPECIES_GYARADOS	Bite	20	20	same	
SPECIES_GYARADOS	Dragon Rage	23	23	same	
SPECIES_GYARADOS	Leer	26	26	same	
SPECIES_GYARADOS	Aqua Tail	35	35	same	
SPECIES_GYARADOS	Hydro Pump	41	41	same	
SPECIES_GYARADOS	Dragon Dance	44	44	same	
SPECIES_GYARADOS	Hyper Beam	47	47	same	
SPECIES_GYARADOS	Ice Fang	32	60	moved	32 to 60: Kaizo's Gyarados at 77, translated to 60
SPECIES_GYARADOS	Aerial Ace		61	added	new at 61: a move in the last splits, from Kaizo's Gyarados at 67
SPECIES_GYARADOS	Twister	29		dropped	leaves: strength 40, at most half of Fantina's usual 90
SPECIES_GYARADOS	Rain Dance	38		dropped	leaves: weather, for a species the player can own
SPECIES_GYARADOS_M	Power Whip	1	1	same	
SPECIES_GYARADOS_M	Stone Edge	1	1	same	
SPECIES_GYARADOS_M	Iron Tail	1	1	same	
SPECIES_GYARADOS_M	Earthquake	1	1	same	
SPECIES_GYARADOS_M	Dragon Tail	1	1	same	
SPECIES_GYARADOS_M	Flail	1	1	same	
SPECIES_GYARADOS_M	Natural Gift	1	1	same	
SPECIES_GYARADOS_M	Bite	20	20	same	
SPECIES_GYARADOS_M	Dragon Rage	24	24	same	
SPECIES_GYARADOS_M	Ice Fang	28	28	same	
SPECIES_GYARADOS_M	Surf	31	31	same	
SPECIES_GYARADOS_M	Take Down	34	34	same	
SPECIES_GYARADOS_M	Crunch	38	38	same	
SPECIES_GYARADOS_M	Ice Beam	42	42	same	
SPECIES_GYARADOS_M	Hydro Pump	45	45	same	
SPECIES_GYARADOS_M	Waterfall	48	48	same	
SPECIES_GYARADOS_M	Outrage	53	53	same	
SPECIES_GYARADOS_M	Bounce	55	55	same	
SPECIES_GYARADOS_M	Thrash	60	60	same	
SPECIES_GYARADOS_M	Aqua Tail	61	61	same	
SPECIES_GYARADOS_M	Scale Shot	66	66	same	
SPECIES_HAKAMO_O	Tackle	1	1	same	
SPECIES_HAKAMO_O	Leer	5	5	same	
SPECIES_HAKAMO_O	Protect	13	13	same	
SPECIES_HAKAMO_O	Headbutt	17	17	same	
SPECIES_HAKAMO_O	Dragon Tail	21	21	same	
SPECIES_HAKAMO_O	Scary Face	25	25	same	
SPECIES_HAKAMO_O	Counter	29	29	same	
SPECIES_HAKAMO_O	Dragon Claw	33	33	same	
SPECIES_HAKAMO_O	Sky Uppercut	36	36	same	
SPECIES_HAKAMO_O	Roar	39	39	same	
SPECIES_HAKAMO_O	Noble Roar	44	44	same	
SPECIES_HAKAMO_O	Scale Shot	50	50	same	
SPECIES_HAKAMO_O	Outrage	55	55	same	
SPECIES_HAKAMO_O	Close Combat	60	56	moved	60 to 56: its nearest Kaizo lines, translated to 55, and no earlier than Kaizo's level of 70 within its split
SPECIES_HAKAMO_O	Bide	9		dropped	leaves: works only asleep, or returns less than double
SPECIES_HAPPINY	Pound	1	1	same	
SPECIES_HAPPINY	Charm	1	1	same	
SPECIES_HAPPINY	Copycat	5	5	same	
SPECIES_HAPPINY	Refresh	9	9	same	
SPECIES_HAPPINY	Sweet Kiss	12	12	same	
SPECIES_HARIYAMA	Brine	1	1	same	
SPECIES_HARIYAMA	Tackle	1	1	same	
SPECIES_HARIYAMA	Focus Energy	1	1	same	
SPECIES_HARIYAMA	Sand-Attack	1	1	same	
SPECIES_HARIYAMA	Arm Thrust	1	1	same	
SPECIES_HARIYAMA	Sand-Attack	4	4	same	
SPECIES_HARIYAMA	Arm Thrust	7	7	same	
SPECIES_HARIYAMA	Vital Throw	10	10	same	
SPECIES_HARIYAMA	Fake Out	13	13	same	
SPECIES_HARIYAMA	Whirlwind	16	16	same	
SPECIES_HARIYAMA	Knock Off	19	19	same	
SPECIES_HARIYAMA	SmellingSalt	22	22	same	
SPECIES_HARIYAMA	Belly Drum	27	27	same	
SPECIES_HARIYAMA	Force Palm	32	32	same	
SPECIES_HARIYAMA	Seismic Toss	37	37	same	
SPECIES_HARIYAMA	Wake-Up Slap	42	42	same	
SPECIES_HARIYAMA	Endure	47	47	same	
SPECIES_HARIYAMA	Reversal	57	57	same	
SPECIES_HARIYAMA	Close Combat	52	72	moved	52 to 72: Kaizo's Hariyama at 90, translated to 72
SPECIES_HAUNTER	Hypnosis	1	1	same	
SPECIES_HAUNTER	Lick	1	1	same	
SPECIES_HAUNTER	Spite	1	1	same	
SPECIES_HAUNTER	Spite	5	5	same	
SPECIES_HAUNTER	Mean Look	8	8	same	
SPECIES_HAUNTER	Curse	12	12	same	
SPECIES_HAUNTER	Night Shade	15	15	same	
SPECIES_HAUNTER	Confuse Ray	19	19	same	
SPECIES_HAUNTER	Sucker Punch	22	22	same	
SPECIES_HAUNTER	Payback	28	28	same	
SPECIES_HAUNTER	Shadow Ball	33	33	same	
SPECIES_HAUNTER	Shadow Punch	25	38	moved	25 to 39: Kaizo's Haunter at 42, translated to 36, and no earlier than Kaizo's level of 42 within its split; 39 to 38: the same-level rule (another move is at 39); its split has no free level at or above its floor, so it stays in the split a level under it
SPECIES_HAUNTER	Dream Eater	39	39	same	
SPECIES_HAUNTER	Dark Pulse	44	44	same	
SPECIES_HAUNTER	Destiny Bond	50	50	same	
SPECIES_HAUNTER	Nightmare	55	55	same	
SPECIES_HAWLUCHA	Aerial Ace	1	1	same	
SPECIES_HAWLUCHA	Karate Chop	1	1	same	
SPECIES_HAWLUCHA	Coaching	1	1	same	
SPECIES_HAWLUCHA	Feint	4	4	same	
SPECIES_HAWLUCHA	Brick Break	8	8	same	
SPECIES_HAWLUCHA	Encore	12	12	same	
SPECIES_HAWLUCHA	FeatherDance	16	16	same	
SPECIES_HAWLUCHA	Sky Drop	20	20	same	
SPECIES_HAWLUCHA	Tailwind	28	28	same	
SPECIES_HAWLUCHA	Dual Wingbeat	32	33	moved	32 to 33: its nearest Kaizo lines, translated to 33
SPECIES_HAWLUCHA	Fly	36	39	moved	36 to 39: its nearest Kaizo lines, translated to 38, and no earlier than Kaizo's level of 46 within its split
SPECIES_HAWLUCHA	Hi Jump Kick	42	42	same	
SPECIES_HAWLUCHA	Flying Press	20	44	moved	20 to 44: its nearest Kaizo lines, translated to 44
SPECIES_HAWLUCHA	Me First	48	48	same	
SPECIES_HAWLUCHA	Acrobatics	55	55	same	
SPECIES_HAWLUCHA	Close Combat	60	60	same	
SPECIES_HAWLUCHA	Brave Bird	82	82	same	
SPECIES_HAWLUCHA	Entrainment	83	83	same	
SPECIES_HAWLUCHA	Submission	24		dropped	leaves: 80% accurate on 80 power
SPECIES_HEATRAN	AncientPower	1	1	same	
SPECIES_HEATRAN	Leer	9	9	same	
SPECIES_HEATRAN	Fire Fang	17	17	same	
SPECIES_HEATRAN	Metal Sound	25	25	same	
SPECIES_HEATRAN	Crunch	33	33	same	
SPECIES_HEATRAN	Scary Face	41	41	same	
SPECIES_HEATRAN	Lava Plume	49	49	same	
SPECIES_HEATRAN	Iron Head	65	65	same	
SPECIES_HEATRAN	Earth Power	73	73	same	
SPECIES_HEATRAN	Heat Wave	81	81	same	
SPECIES_HEATRAN	Stone Edge	88	88	same	
SPECIES_HEATRAN	Magma Storm	96	96	same	
SPECIES_HEATRAN	Fire Spin	57		dropped	leaves: strength 35, under 40
SPECIES_HERACROSS	Night Slash	1	1	same	
SPECIES_HERACROSS	Tackle	1	1	same	
SPECIES_HERACROSS	Leer	1	1	same	
SPECIES_HERACROSS	Horn Attack	1	1	same	
SPECIES_HERACROSS	Endure	1	1	same	
SPECIES_HERACROSS	Fury Attack	7	7	same	
SPECIES_HERACROSS	Aerial Ace	13	13	same	
SPECIES_HERACROSS	Counter	25	25	same	
SPECIES_HERACROSS	Brick Break	19	26	moved	19 to 25: Kaizo's Heracross at 25, translated to 24, and no earlier than Kaizo's level of 25 within its split; 25 to 26: the same-level rule (another move is at 25)
SPECIES_HERACROSS	Take Down	31	31	same	
SPECIES_HERACROSS	Close Combat	37	37	same	
SPECIES_HERACROSS	Reversal	43	43	same	
SPECIES_HERACROSS	Feint	49	49	same	
SPECIES_HERACROSS	Megahorn	55	55	same	
SPECIES_HERACROSS	Cross Chop		61	added	new at 61: a move in the last splits, from Kaizo's Heracross at 49
SPECIES_HIPPOPOTAS	Tackle	1	1	same	
SPECIES_HIPPOPOTAS	Sand-Attack	1	1	same	
SPECIES_HIPPOPOTAS	Bite	7	7	same	
SPECIES_HIPPOPOTAS	Yawn	13	13	same	
SPECIES_HIPPOPOTAS	Take Down	19	19	same	
SPECIES_HIPPOPOTAS	Crunch	31	31	same	
SPECIES_HIPPOPOTAS	Earthquake	37	37	same	37 to 44: Kaizo's Hippopotas at 50, translated to 41, and no earlier than Kaizo's level of 50 within its split; 44 to 43: the same-level rule (another move is at 44); its split has no free level at or above its floor, so it stays in the split a level under it; at 43 to 37: Ian's rule that no stage goes more than one split without an attack of its own type, for Hippopotas
SPECIES_HIPPOPOTAS	Double-Edge	44	44	same	
SPECIES_HIPPOPOTAS	Fissure	50	50	same	
SPECIES_HIPPOPOTAS	Sand Tomb	25		dropped	leaves: strength 35, under 40
SPECIES_HIPPOWDON	Ice Fang	1	1	same	
SPECIES_HIPPOWDON	Fire Fang	1	1	same	
SPECIES_HIPPOWDON	Thunder Fang	1	1	same	
SPECIES_HIPPOWDON	Tackle	1	1	same	
SPECIES_HIPPOWDON	Sand-Attack	1	1	same	
SPECIES_HIPPOWDON	Bite	1	1	same	
SPECIES_HIPPOWDON	Yawn	1	1	same	
SPECIES_HIPPOWDON	Bite	7	7	same	
SPECIES_HIPPOWDON	Yawn	13	13	same	
SPECIES_HIPPOWDON	Take Down	19	19	same	
SPECIES_HIPPOWDON	Crunch	31	31	same	
SPECIES_HIPPOWDON	Double-Edge	50	50	same	
SPECIES_HIPPOWDON	Earthquake	40	53	moved	40 to 53: Kaizo's Hippowdon at 60, translated to 49, and no earlier than Kaizo's level of 60 within its split
SPECIES_HIPPOWDON	Fissure	60	60	same	
SPECIES_HIPPOWDON	High Horsepower		61	added	new at 61: a move in the last splits, from Legends Arceus at 34
SPECIES_HIPPOWDON	Sand Tomb	25		dropped	leaves: strength 35, under 40
SPECIES_HISUIAN_GOODRA	Draco Meteor	1	1	same	new at 61: a move in the last splits, from its own level 1
SPECIES_HISUIAN_GOODRA	Breaking Swipe	1	1	same	
SPECIES_HISUIAN_GOODRA	Weather Ball	1	1	same	
SPECIES_HISUIAN_GOODRA	Tackle	1	1	same	
SPECIES_HISUIAN_GOODRA	Bubble	1	1	same	
SPECIES_HISUIAN_GOODRA	DragonBreath	5	5	same	
SPECIES_HISUIAN_GOODRA	Life Dew	10	10	same	
SPECIES_HISUIAN_GOODRA	Smart Strike	16	16	same	
SPECIES_HISUIAN_GOODRA	Water Pulse	23	23	same	
SPECIES_HISUIAN_GOODRA	Dragon Tail	28	28	same	
SPECIES_HISUIAN_GOODRA	Flash Cannon	42	42	same	
SPECIES_HISUIAN_GOODRA	Muddy Water	48	48	same	
SPECIES_HISUIAN_GOODRA	Power Whip	61	56	moved	61 to 56: its nearest Kaizo lines, translated to 54, and no earlier than Kaizo's level of 68 within its split
SPECIES_HISUIAN_GOODRA	Dragon Pulse	58	58	same	
SPECIES_HISUIAN_GOODRA	Iron Tail	55	59	moved	55 to 60: its nearest Kaizo lines, translated to 57, and no earlier than Kaizo's level of 75 within its split; 60 to 59: the same-level rule (another move is at 60); its split has no free level at or above its floor, so it stays in the split a level under it
SPECIES_HISUIAN_GOODRA	Outrage	66	60	moved	66 to 60: its nearest Kaizo lines, translated to 57, and no earlier than Kaizo's level of 75 within its split
SPECIES_HISUIAN_GOODRA	Draco Meteor	1	61	same	new at 61: a move in the last splits, from its own level 1
SPECIES_HISUIAN_GOODRA	Infestation	34		dropped	leaves: strength 20, under 40
SPECIES_HISUIAN_SLIGGOO	Shelter	1	1	same	
SPECIES_HISUIAN_SLIGGOO	Shelter	1	1	same	
SPECIES_HISUIAN_SLIGGOO	Acid Armor	1	1	same	
SPECIES_HISUIAN_SLIGGOO	DragonBreath	1	1	same	
SPECIES_HISUIAN_SLIGGOO	Tackle	1	1	same	
SPECIES_HISUIAN_SLIGGOO	Water Gun	1	1	same	
SPECIES_HISUIAN_SLIGGOO	Protect	15	15	same	
SPECIES_HISUIAN_SLIGGOO	Flail	20	20	same	
SPECIES_HISUIAN_SLIGGOO	Water Pulse	25	25	same	
SPECIES_HISUIAN_SLIGGOO	Dragon Tail		28	added	new at 28: a key move after the evolution, from Goomy's 28
SPECIES_HISUIAN_SLIGGOO	Dragon Pulse	35	31	moved	35 to 31: its nearest Kaizo lines, translated to 28, and no earlier than Kaizo's level of 31 within its split
SPECIES_HISUIAN_SLIGGOO	Iron Head	49	33	moved	49 to 33: its nearest Kaizo lines, translated to 32, and no earlier than Kaizo's level of 36 within its split
SPECIES_HISUIAN_SLIGGOO	Muddy Water	56	39	moved	56 to 39: its nearest Kaizo lines, translated to 38, and no earlier than Kaizo's level of 46 within its split
SPECIES_HISUIAN_SLIGGOO	Curse	43	43	same	
SPECIES_HISUIAN_SLIGGOO	Absorb	1		dropped	leaves: strength 20, under 40
SPECIES_HISUIAN_SLIGGOO	Rain Dance	30		dropped	leaves: weather, for a species the player can own
SPECIES_HITMONCHAN	Revenge	1	1	same	
SPECIES_HITMONCHAN	Agility	6	6	same	
SPECIES_HITMONCHAN	Pursuit	11	11	same	
SPECIES_HITMONCHAN	Mach Punch	16	16	same	
SPECIES_HITMONCHAN	Bullet Punch	16	16	same	
SPECIES_HITMONCHAN	Feint	21	21	same	
SPECIES_HITMONCHAN	Vacuum Wave	26	26	same	
SPECIES_HITMONCHAN	ThunderPunch	31	31	same	
SPECIES_HITMONCHAN	Ice Punch	31	31	same	
SPECIES_HITMONCHAN	Fire Punch	31	31	same	
SPECIES_HITMONCHAN	Sky Uppercut	36	36	same	
SPECIES_HITMONCHAN	Detect	46	46	same	
SPECIES_HITMONCHAN	Counter	51	51	same	
SPECIES_HITMONCHAN	Close Combat	56	56	same	
SPECIES_HITMONCHAN	Comet Punch	1		dropped	leaves: 85% accurate on 18 power
SPECIES_HITMONCHAN	Mega Punch	41		dropped	leaves: 85% accurate on 80 power
SPECIES_HITMONLEE	Revenge	1	1	same	
SPECIES_HITMONLEE	Double Kick	1	1	same	
SPECIES_HITMONLEE	Meditate	5	5	same	
SPECIES_HITMONLEE	Rolling Kick	9	9	same	
SPECIES_HITMONLEE	Jump Kick	13	13	same	
SPECIES_HITMONLEE	Brick Break	17	17	same	
SPECIES_HITMONLEE	Focus Energy	21	21	same	
SPECIES_HITMONLEE	Feint	25	25	same	
SPECIES_HITMONLEE	Hi Jump Kick	29	29	same	
SPECIES_HITMONLEE	Mind Reader	33	33	same	
SPECIES_HITMONLEE	Foresight	37	37	same	
SPECIES_HITMONLEE	Blaze Kick	41	41	same	
SPECIES_HITMONLEE	Endure	45	45	same	
SPECIES_HITMONLEE	Mega Kick	49	49	same	
SPECIES_HITMONLEE	Close Combat	53	53	same	
SPECIES_HITMONLEE	Reversal	57	57	same	
SPECIES_HITMONTOP	Revenge	1	1	same	
SPECIES_HITMONTOP	Rolling Kick	1	1	same	
SPECIES_HITMONTOP	Focus Energy	6	6	same	
SPECIES_HITMONTOP	Pursuit	10	10	same	
SPECIES_HITMONTOP	Quick Attack	15	15	same	
SPECIES_HITMONTOP	Triple Kick	19	19	same	
SPECIES_HITMONTOP	Rapid Spin	24	24	same	
SPECIES_HITMONTOP	Counter	28	28	same	
SPECIES_HITMONTOP	Feint	33	33	same	
SPECIES_HITMONTOP	Agility	37	37	same	
SPECIES_HITMONTOP	Gyro Ball	42	42	same	
SPECIES_HITMONTOP	Detect	46	46	same	
SPECIES_HITMONTOP	Close Combat	51	51	same	
SPECIES_HITMONTOP	Endeavor	55	55	same	
SPECIES_HONCHKROW	Pursuit	1	1	same	
SPECIES_HONCHKROW	Haze	1	1	same	
SPECIES_HONCHKROW	Wing Attack	1	1	same	
SPECIES_HONCHKROW	Night Slash	45	1	moved	45 to 1: an exclusive delay, Kaizo gives it only to Murkrow
SPECIES_HONCHKROW	Dark Pulse	55	1	moved	55 to 1: an exclusive delay, Kaizo gives it only to Murkrow
SPECIES_HONCHKROW	Swagger	25	25	same	
SPECIES_HONCHKROW	Assurance		32	added	new at 32: a key move after the evolution, from Murkrow's 32
SPECIES_HONCHKROW	Faint Attack		34	added	new at 34: a key move after the evolution, from Murkrow's 35; 35 to 34: the one-level rule
SPECIES_HONCHKROW	Nasty Plot	35	35	same	
SPECIES_HONCHKROW	Brave Bird		61	added	new at 61: a move in the last splits, from Kaizo's Honchkrow at 35
SPECIES_HONCHKROW	Astonish	1		dropped	leaves: strength 30, under 40
SPECIES_HOOTHOOT	Tackle	1	1	same	
SPECIES_HOOTHOOT	Growl	1	1	same	
SPECIES_HOOTHOOT	Foresight	1	1	same	
SPECIES_HOOTHOOT	Hypnosis	5	5	same	
SPECIES_HOOTHOOT	Peck	9	9	same	
SPECIES_HOOTHOOT	Uproar	13	13	same	
SPECIES_HOOTHOOT	Reflect	17	17	same	
SPECIES_HOOTHOOT	Confusion	21	21	same	
SPECIES_HOOTHOOT	Take Down	25	25	same	
SPECIES_HOOTHOOT	Zen Headbutt	33	33	same	
SPECIES_HOOTHOOT	Extrasensory	37	37	same	
SPECIES_HOOTHOOT	Air Slash	29	38	moved	29 to 39: Kaizo's Hoothoot at 41, translated to 35, and no earlier than Kaizo's level of 41 within its split; 39 to 38: the same-level rule (another move is at 39); its split has no free level at or above its floor, so it stays in the split a level under it
SPECIES_HOOTHOOT	Hyper Voice		39	added	new at 39: Kaizo's Hoothoot at 45, no earlier than that within its split (translated to 38)
SPECIES_HOOTHOOT	Psycho Shift	41	41	same	
SPECIES_HOOTHOOT	Roost	45	45	same	
SPECIES_HOOTHOOT	Dream Eater	49	49	same	
SPECIES_HOPPIP	Leafage		1	added	new at 1: the move-pool survey's pick
SPECIES_HOPPIP	Synthesis	4	4	same	
SPECIES_HOPPIP	Tail Whip	7	7	same	
SPECIES_HOPPIP	Tackle	10	10	same	
SPECIES_HOPPIP	PoisonPowder	12	12	same	
SPECIES_HOPPIP	Stun Spore	14	14	same	
SPECIES_HOPPIP	Sleep Powder	16	16	same	
SPECIES_HOPPIP	Leech Seed	22	22	same	
SPECIES_HOPPIP	Bullet Seed	19	23	moved	19 to 22: Kaizo's Hoppip at 22, translated to 21, and no earlier than Kaizo's level of 22 within its split; an exclusive delay: Kaizo gives it to no later stage; 22 to 23: the same-level rule (another move is at 22)
SPECIES_HOPPIP	Mega Drain	25	25	same	
SPECIES_HOPPIP	Cotton Spore	28	28	same	
SPECIES_HOPPIP	U-turn	31	31	same	
SPECIES_HOPPIP	Seed Bomb		32	added	new at 31: Kaizo's Hoppip at 31, no earlier than that within its split (translated to 28); 31 to 32: the same-level rule (another move is at 31)
SPECIES_HOPPIP	Worry Seed	34	34	same	
SPECIES_HOPPIP	Giga Drain	37	37	same	
SPECIES_HOPPIP	Bounce	40	40	same	
SPECIES_HOPPIP	Memento	43	43	same	
SPECIES_HOPPIP	Splash	1		dropped	leaves: the move pool's first cut
SPECIES_HORSEA	Bubble	1	1	same	
SPECIES_HORSEA	SmokeScreen	4	4	same	
SPECIES_HORSEA	Leer	8	8	same	
SPECIES_HORSEA	Water Gun	11	11	same	
SPECIES_HORSEA	Focus Energy	14	14	same	
SPECIES_HORSEA	BubbleBeam	18	18	same	
SPECIES_HORSEA	Agility	23	23	same	
SPECIES_HORSEA	Brine	30	30	same	
SPECIES_HORSEA	Hydro Pump	35	35	same	
SPECIES_HORSEA	Dragon Dance	38	38	same	
SPECIES_HORSEA	Dragon Pulse	42	42	same	
SPECIES_HORSEA	Twister	26		dropped	leaves: strength 40, at most half of Gardenia's usual 80
SPECIES_HOUNDOOM	Thunder Fang	1	1	same	
SPECIES_HOUNDOOM	Leer	1	1	same	
SPECIES_HOUNDOOM	Ember	1	1	same	
SPECIES_HOUNDOOM	Howl	1	1	same	
SPECIES_HOUNDOOM	Smog	1	1	same	
SPECIES_HOUNDOOM	Howl	4	4	same	
SPECIES_HOUNDOOM	Smog	9	9	same	
SPECIES_HOUNDOOM	Roar	14	14	same	
SPECIES_HOUNDOOM	Bite	17	17	same	
SPECIES_HOUNDOOM	Odor Sleuth	22	22	same	
SPECIES_HOUNDOOM	Fire Fang	32	32	same	
SPECIES_HOUNDOOM	Faint Attack	38	38	same	
SPECIES_HOUNDOOM	Embargo	44	44	same	
SPECIES_HOUNDOOM	Flamethrower	48	53	moved	48 to 53: Kaizo's Houndoom at 60, translated to 49, and no earlier than Kaizo's level of 60 within its split
SPECIES_HOUNDOOM	Crunch	54	54	same	
SPECIES_HOUNDOOM	Dark Pulse		56	added	new at 56: Kaizo's Houndoom at 70, no earlier than that within its split (translated to 55)
SPECIES_HOUNDOOM	Nasty Plot	60	60	same	
SPECIES_HOUNDOOM	Will-O-Wisp		72	added	new at 72: Kaizo's Houndoom at 90
SPECIES_HOUNDOUR	Leer	1	1	same	
SPECIES_HOUNDOUR	Ember	1	1	same	
SPECIES_HOUNDOUR	Howl	4	4	same	
SPECIES_HOUNDOUR	Smog	9	9	same	
SPECIES_HOUNDOUR	Roar	14	14	same	
SPECIES_HOUNDOUR	Bite	17	17	same	
SPECIES_HOUNDOUR	Odor Sleuth	22	22	same	
SPECIES_HOUNDOUR	Fire Fang	30	30	same	
SPECIES_HOUNDOUR	Faint Attack	35	35	same	
SPECIES_HOUNDOUR	Embargo	40	40	same	
SPECIES_HOUNDOUR	Flamethrower	43	43	same	
SPECIES_HOUNDOUR	Crunch	48	48	same	
SPECIES_HOUNDOUR	Nasty Plot	53	53	same	
SPECIES_HO_OH	Whirlwind	1	1	same	
SPECIES_HO_OH	Safeguard	9	9	same	
SPECIES_HO_OH	Gust	15	15	same	
SPECIES_HO_OH	Recover	23	23	same	
SPECIES_HO_OH	Fire Blast	29	29	same	
SPECIES_HO_OH	Sunny Day	37	37	same	
SPECIES_HO_OH	Swift	43	43	same	
SPECIES_HO_OH	Natural Gift	51	51	same	
SPECIES_HO_OH	AncientPower	57	57	same	
SPECIES_HO_OH	Extrasensory	65	65	same	
SPECIES_HO_OH	Punishment	71	71	same	
SPECIES_HO_OH	Future Sight	79	79	same	
SPECIES_HO_OH	Sacred Fire	85	85	same	
SPECIES_HO_OH	Calm Mind	93	93	same	
SPECIES_HO_OH	Sky Attack	99		dropped	leaves: charges a turn in the open (Kaizo's lists keep no such move)
SPECIES_HUNTAIL	Bite	6	6	same	
SPECIES_HUNTAIL	Screech	10	10	same	
SPECIES_HUNTAIL	Water Pulse	15	15	same	
SPECIES_HUNTAIL	Scary Face	19	19	same	
SPECIES_HUNTAIL	Brine	28	28	same	
SPECIES_HUNTAIL	Ice Fang	24	32	moved	24 to 33: Kaizo's Huntail at 37, translated to 32, and no earlier than Kaizo's level of 37 within its split; 33 to 32: the same-level rule (another move is at 33); its split has no free level at or above its floor, so it stays in the split a level under it
SPECIES_HUNTAIL	Baton Pass	33	33	same	
SPECIES_HUNTAIL	Dive	37	37	same	
SPECIES_HUNTAIL	Crunch	42	42	same	
SPECIES_HUNTAIL	Aqua Tail	46	46	same	
SPECIES_HUNTAIL	Hydro Pump	51	51	same	
SPECIES_HUNTAIL	Body Slam		61	added	new at 61: a move in the last splits, from Kaizo's Huntail at 33
SPECIES_HUNTAIL	Whirlpool	1		dropped	leaves: strength 35, under 40
SPECIES_HYPNO	Nightmare	1	1	same	
SPECIES_HYPNO	Switcheroo	1	1	same	
SPECIES_HYPNO	Pound	1	1	same	
SPECIES_HYPNO	Hypnosis	1	1	same	
SPECIES_HYPNO	Disable	1	1	same	
SPECIES_HYPNO	Confusion	1	1	same	
SPECIES_HYPNO	Disable	7	7	same	
SPECIES_HYPNO	Confusion	9	9	same	
SPECIES_HYPNO	Headbutt	15	15	same	
SPECIES_HYPNO	Poison Gas	18	18	same	
SPECIES_HYPNO	Meditate	21	21	same	
SPECIES_HYPNO	Psybeam	28	28	same	
SPECIES_HYPNO	Psych Up	33	33	same	
SPECIES_HYPNO	Headbutt	38	38	same	
SPECIES_HYPNO	Swagger	45	45	same	
SPECIES_HYPNO	Psychic	50	50	same	
SPECIES_HYPNO	Nasty Plot	55	55	same	
SPECIES_HYPNO	Zen Headbutt	64	64	same	
SPECIES_HYPNO	Future Sight	69	69	same	
SPECIES_IGGLYBUFF	Sing	1	1	same	
SPECIES_IGGLYBUFF	Charm	1	1	same	
SPECIES_IGGLYBUFF	Defense Curl	5	5	same	
SPECIES_IGGLYBUFF	Pound	9	9	same	
SPECIES_IGGLYBUFF	Sweet Kiss	13	13	same	
SPECIES_IGGLYBUFF	Copycat	17	17	same	
SPECIES_ILLUMISE	Tackle	1	1	same	
SPECIES_ILLUMISE	Sweet Scent	5	5	same	
SPECIES_ILLUMISE	Charm	9	9	same	
SPECIES_ILLUMISE	Moonlight	13	13	same	
SPECIES_ILLUMISE	Quick Attack	17	17	same	
SPECIES_ILLUMISE	Wish	21	21	same	
SPECIES_ILLUMISE	Encore	25	25	same	
SPECIES_ILLUMISE	Flatter	29	29	same	
SPECIES_ILLUMISE	Helping Hand	33	33	same	
SPECIES_ILLUMISE	Zen Headbutt	37	37	same	
SPECIES_ILLUMISE	Bug Buzz	41	41	same	
SPECIES_ILLUMISE	Covet	45	45	same	
SPECIES_INCINEROAR	Close Combat	1	1	same	
SPECIES_INCINEROAR	Fake Out	1	1	same	
SPECIES_INCINEROAR	Scratch	1	1	same	
SPECIES_INCINEROAR	Ember	5	5	same	
SPECIES_INCINEROAR	Growl	7	7	same	
SPECIES_INCINEROAR	Leer	10	10	same	
SPECIES_INCINEROAR	Double Kick	16	16	same	
SPECIES_INCINEROAR	Bite	21	21	same	
SPECIES_INCINEROAR	Scary Face	25	25	same	
SPECIES_INCINEROAR	Parting Shot	45	45	same	
SPECIES_INCINEROAR	Knock Off	48	48	same	
SPECIES_INCINEROAR	Flare Blitz	55	53	moved	55 to 53: its nearest Kaizo lines, translated to 46, and no earlier than Kaizo's level of 56 within its split
SPECIES_INCINEROAR	Fire Fang	14	55	moved	14 to 56: its nearest Kaizo lines, translated to 54, and no earlier than Kaizo's level of 68 within its split; 56 to 55: the same-level rule (another move is at 56); its split has no free level at or above its floor, so it stays in the split a level under it
SPECIES_INCINEROAR	Flamethrower	40	56	moved	40 to 56: its nearest Kaizo lines, translated to 54, and no earlier than Kaizo's level of 68 within its split
SPECIES_INCINEROAR	Blaze Kick	32	59	moved	32 to 60: its nearest Kaizo lines, translated to 57, and no earlier than Kaizo's level of 75 within its split; 60 to 59: the same-level rule (another move is at 60); its split has no free level at or above its floor, so it stays in the split a level under it
SPECIES_INCINEROAR	Darkest Lariat	36	60	moved	36 to 60: its nearest Kaizo lines, translated to 57, and no earlier than Kaizo's level of 75 within its split
SPECIES_INCINEROAR	Outrage	64	64	same	
SPECIES_INCINEROAR	Fling	83	83	same	
SPECIES_INFERNAPE	Scratch	1	1	same	
SPECIES_INFERNAPE	Leer	1	1	same	
SPECIES_INFERNAPE	Ember	1	1	same	
SPECIES_INFERNAPE	Taunt	1	1	same	
SPECIES_INFERNAPE	Ember	7	7	same	
SPECIES_INFERNAPE	Taunt	9	9	same	
SPECIES_INFERNAPE	Mach Punch	14	14	same	
SPECIES_INFERNAPE	Fury Swipes	17	17	same	
SPECIES_INFERNAPE	Flame Wheel	21	21	same	
SPECIES_INFERNAPE	Feint	29	29	same	
SPECIES_INFERNAPE	Punishment	33	33	same	
SPECIES_INFERNAPE	Close Combat	41	41	same	
SPECIES_INFERNAPE	Calm Mind	53	53	same	
SPECIES_INFERNAPE	Flare Blitz	57	57	same	
SPECIES_INFERNAPE	Fire Spin	45		dropped	leaves: strength 35, under 40
SPECIES_IVYSAUR	Tackle	1	1	same	
SPECIES_IVYSAUR	Growl	1	1	same	
SPECIES_IVYSAUR	Leech Seed	1	1	same	
SPECIES_IVYSAUR	Growl	3	3	same	
SPECIES_IVYSAUR	Leech Seed	7	7	same	
SPECIES_IVYSAUR	Vine Whip	9	9	same	
SPECIES_IVYSAUR	PoisonPowder	13	13	same	
SPECIES_IVYSAUR	Sleep Powder	13	13	same	
SPECIES_IVYSAUR	Take Down	15	15	same	
SPECIES_IVYSAUR	Razor Leaf	20	20	same	
SPECIES_IVYSAUR	Sweet Scent	23	23	same	
SPECIES_IVYSAUR	Growth	28	28	same	
SPECIES_IVYSAUR	Double-Edge	31	31	same	
SPECIES_IVYSAUR	Worry Seed	36	36	same	
SPECIES_IVYSAUR	Synthesis	39	39	same	
SPECIES_IVYSAUR	SolarBeam	44	44	same	
SPECIES_JANGMO_O	Tackle	1	1	same	
SPECIES_JANGMO_O	Leer	5	5	same	
SPECIES_JANGMO_O	Protect	13	13	same	
SPECIES_JANGMO_O	Headbutt	17	17	same	
SPECIES_JANGMO_O	Dragon Tail	21	21	same	
SPECIES_JANGMO_O	Scary Face	25	25	same	
SPECIES_JANGMO_O	Counter	29	29	same	
SPECIES_JANGMO_O	Dragon Claw	33	33	same	
SPECIES_JANGMO_O	Roar	37	37	same	
SPECIES_JANGMO_O	Noble Roar	41	41	same	
SPECIES_JANGMO_O	Scale Shot	45	45	same	
SPECIES_JANGMO_O	Outrage	49	49	same	
SPECIES_JANGMO_O	Bide	9		dropped	leaves: works only asleep, or returns less than double
SPECIES_JELLICENT	Wring Out	1	1	same	
SPECIES_JELLICENT	Will-O-Wisp	1	1	same	
SPECIES_JELLICENT	Bubble	1	1	same	
SPECIES_JELLICENT	Night Shade	5	5	same	
SPECIES_JELLICENT	Ominous Wind	10	10	same	
SPECIES_JELLICENT	Water Pulse	15	15	same	
SPECIES_JELLICENT	Imprison	20	20	same	
SPECIES_JELLICENT	Confuse Ray	25	25	same	
SPECIES_JELLICENT	Hex	30	30	same	
SPECIES_JELLICENT	Brine	34	34	same	
SPECIES_JELLICENT	Pain Split	39	39	same	
SPECIES_JELLICENT	Destiny Bond	45	45	same	
SPECIES_JELLICENT	Shadow Ball	51	51	same	
SPECIES_JELLICENT	Scald	55	55	same	
SPECIES_JELLICENT	Water Spout	65	65	same	
SPECIES_JELLICENT	Recover	70	70	same	
SPECIES_JELLICENT	Absorb	1		dropped	leaves: strength 20, under 40
SPECIES_JIGGLYPUFF	Sing	1	1	same	
SPECIES_JIGGLYPUFF	Defense Curl	5	5	same	
SPECIES_JIGGLYPUFF	Pound	9	9	same	
SPECIES_JIGGLYPUFF	Disable	13	13	same	
SPECIES_JIGGLYPUFF	DoubleSlap	21	21	same	
SPECIES_JIGGLYPUFF	Rest	25	25	same	
SPECIES_JIGGLYPUFF	Body Slam	29	29	same	an exclusive delay: Kaizo gives it to no later stage
SPECIES_JIGGLYPUFF	Gyro Ball	33	33	same	
SPECIES_JIGGLYPUFF	Wake-Up Slap	37	37	same	
SPECIES_JIGGLYPUFF	Mimic	41	41	same	
SPECIES_JIGGLYPUFF	Hyper Voice	45	45	same	an exclusive delay: Kaizo gives it to no later stage
SPECIES_JIGGLYPUFF	Double-Edge	49	49	same	
SPECIES_JIGGLYPUFF	Rollout	17		dropped	leaves: strength 27, under 40
SPECIES_JIRACHI	Wish	1	1	same	
SPECIES_JIRACHI	Confusion	1	1	same	
SPECIES_JIRACHI	Rest	5	5	same	
SPECIES_JIRACHI	Swift	10	10	same	
SPECIES_JIRACHI	Helping Hand	15	15	same	
SPECIES_JIRACHI	Psychic	20	20	same	
SPECIES_JIRACHI	Refresh	25	25	same	
SPECIES_JIRACHI	Rest	30	30	same	
SPECIES_JIRACHI	Zen Headbutt	35	35	same	
SPECIES_JIRACHI	Double-Edge	40	40	same	
SPECIES_JIRACHI	Gravity	45	45	same	
SPECIES_JIRACHI	Healing Wish	50	50	same	
SPECIES_JIRACHI	Future Sight	55	55	same	
SPECIES_JIRACHI	Cosmic Power	60	60	same	
SPECIES_JIRACHI	Last Resort	65	65	same	
SPECIES_JIRACHI	Doom Desire	70	70	same	
SPECIES_JOLTEON	Tail Whip	1	1	same	
SPECIES_JOLTEON	Tackle	1	1	same	
SPECIES_JOLTEON	Helping Hand	1	1	same	
SPECIES_JOLTEON	Sand-Attack	8	8	same	
SPECIES_JOLTEON	ThunderShock	15	15	same	
SPECIES_JOLTEON	Quick Attack	22	22	same	
SPECIES_JOLTEON	Double Kick	29	29	same	
SPECIES_JOLTEON	Pin Missile	36	36	same	
SPECIES_JOLTEON	Thunder Fang	43	43	same	
SPECIES_JOLTEON	Last Resort	50	50	same	
SPECIES_JOLTEON	Thunder Wave	57	57	same	
SPECIES_JOLTEON	Agility	64	64	same	
SPECIES_JOLTEON	Thunder	71	71	same	
SPECIES_JOLTEON	Discharge	78	78	same	
SPECIES_JOLTIK	String Shot	1	1	same	
SPECIES_JOLTIK	Thunder Wave	7	7	same	
SPECIES_JOLTIK	Spider Web	12	12	same	
SPECIES_JOLTIK	Electroweb	15	15	same	
SPECIES_JOLTIK	Bug Bite	18	18	same	
SPECIES_JOLTIK	Gastro Acid	23	23	same	
SPECIES_JOLTIK	Struggle Bug	26	26	same	
SPECIES_JOLTIK	Signal Beam	34	37	moved	34 to 39: its nearest Kaizo lines, translated to 36, and no earlier than Kaizo's level of 42 within its split; 39 to 37: the same-level rule (another move is at 39); its split has no free level at or above its floor, so it stays in the split a level under it
SPECIES_JOLTIK	Discharge	29	38	moved	29 to 39: its nearest Kaizo lines, translated to 37, and no earlier than Kaizo's level of 44 within its split; 39 to 38: the same-level rule (another move is at 39); its split has no free level at or above its floor, so it stays in the split a level under it
SPECIES_JOLTIK	Bug Buzz	48	39	moved	48 to 39: its nearest Kaizo lines, translated to 38, and no earlier than Kaizo's level of 45 within its split
SPECIES_JOLTIK	Sucker Punch	40	40	same	
SPECIES_JOLTIK	Thunderbolt	45	41	moved	45 to 39: its nearest Kaizo lines, translated to 38, and no earlier than Kaizo's level of 45 within its split; 39 to 41: the same-level rule (another move is at 39)
SPECIES_JOLTIK	Energy Ball	37	44	moved	37 to 44: its nearest Kaizo lines, translated to 42, and no earlier than Kaizo's level of 52 within its split
SPECIES_JOLTIK	Absorb	1		dropped	leaves: strength 20, under 40
SPECIES_JOLTIK	Fury Cutter	4		dropped	leaves: strength 38, under 40
SPECIES_JUMPLUFF	Synthesis	1	1	same	
SPECIES_JUMPLUFF	Tail Whip	1	1	same	
SPECIES_JUMPLUFF	Tackle	1	1	same	
SPECIES_JUMPLUFF	Bullet Seed	20	1	moved	20 to 1: an exclusive delay, Kaizo gives it only to Hoppip
SPECIES_JUMPLUFF	Synthesis	4	4	same	
SPECIES_JUMPLUFF	Tail Whip	7	7	same	
SPECIES_JUMPLUFF	Tackle	10	10	same	
SPECIES_JUMPLUFF	PoisonPowder	12	12	same	
SPECIES_JUMPLUFF	Stun Spore	14	14	same	
SPECIES_JUMPLUFF	Sleep Powder	16	16	same	
SPECIES_JUMPLUFF	Leech Seed	24	24	same	
SPECIES_JUMPLUFF	Cotton Spore	32	32	same	
SPECIES_JUMPLUFF	U-turn	36	36	same	
SPECIES_JUMPLUFF	Worry Seed	40	40	same	
SPECIES_JUMPLUFF	Giga Drain	44	44	same	
SPECIES_JUMPLUFF	Memento	52	52	same	
SPECIES_JUMPLUFF	Bounce	48	53	moved	48 to 53: Kaizo's Jumpluff at 60, translated to 49, and no earlier than Kaizo's level of 60 within its split
SPECIES_JUMPLUFF	Aerial Ace		61	added	new at 61: a move in the last splits, from Kaizo's Jumpluff at 32
SPECIES_JUMPLUFF	Splash	1		dropped	leaves: the move pool's first cut
SPECIES_JUMPLUFF	Mega Drain	28		dropped	leaves: strength 40, at most half of Fantina's usual 80
SPECIES_JYNX	Pound	1	1	same	
SPECIES_JYNX	Lick	1	1	same	
SPECIES_JYNX	Lovely Kiss	1	1	same	
SPECIES_JYNX	Powder Snow	1	1	same	
SPECIES_JYNX	Lick	5	5	same	
SPECIES_JYNX	Lovely Kiss	8	8	same	
SPECIES_JYNX	Powder Snow	11	11	same	
SPECIES_JYNX	DoubleSlap	15	15	same	
SPECIES_JYNX	Ice Punch	18	18	same	
SPECIES_JYNX	Mean Look	21	21	same	
SPECIES_JYNX	Fake Tears	25	25	same	
SPECIES_JYNX	Wake-Up Slap	28	28	same	
SPECIES_JYNX	Avalanche	33	33	same	
SPECIES_JYNX	Body Slam	39	39	same	
SPECIES_JYNX	Wring Out	44	44	same	
SPECIES_JYNX	Perish Song	49	49	same	
SPECIES_JYNX	Blizzard	55	55	same	
SPECIES_JYNX	Psychic		61	added	new at 61: a move in the last splits, from Kaizo's Jynx at 44
SPECIES_KABUTO	Scratch	1	1	same	
SPECIES_KABUTO	Harden	1	1	same	
SPECIES_KABUTO	Rock Throw		6	added	new at 6: keeps the first attack's level
SPECIES_KABUTO	Leer	11	11	same	
SPECIES_KABUTO	Mud Shot	16	16	same	
SPECIES_KABUTO	Sand-Attack	21	21	same	
SPECIES_KABUTO	Endure	26	26	same	
SPECIES_KABUTO	Aqua Jet	31	31	same	
SPECIES_KABUTO	Muddy Water		32	added	new at 31: Kaizo's Kabuto at 31, no earlier than that within its split (translated to 28); 31 to 32: the same-level rule (another move is at 31)
SPECIES_KABUTO	Metal Sound	41	41	same	
SPECIES_KABUTO	AncientPower	46	46	same	
SPECIES_KABUTO	Wring Out	51	51	same	
SPECIES_KABUTO	Absorb	6		dropped	leaves: strength 20, under 40
SPECIES_KABUTO	Mega Drain	36		dropped	leaves: strength 40, at most half of Maylene's usual 92
SPECIES_KABUTOPS	Feint	1	1	same	
SPECIES_KABUTOPS	Scratch	1	1	same	
SPECIES_KABUTOPS	Harden	1	1	same	
SPECIES_KABUTOPS	Leer	1	1	same	
SPECIES_KABUTOPS	Leer	11	11	same	
SPECIES_KABUTOPS	Mud Shot	16	16	same	
SPECIES_KABUTOPS	Sand-Attack	21	21	same	
SPECIES_KABUTOPS	Endure	26	26	same	
SPECIES_KABUTOPS	Aqua Jet	31	31	same	
SPECIES_KABUTOPS	Slash	40	40	same	
SPECIES_KABUTOPS	Metal Sound	45	45	same	
SPECIES_KABUTOPS	Superpower		53	added	new at 53: Kaizo's Kabutops at 64, no earlier than that within its split (translated to 52)
SPECIES_KABUTOPS	AncientPower	54	54	same	
SPECIES_KABUTOPS	Wring Out	63	63	same	
SPECIES_KABUTOPS	Night Slash	72	72	same	
SPECIES_KABUTOPS	Absorb	1		dropped	leaves: strength 20, under 40
SPECIES_KABUTOPS	Mega Drain	36		dropped	leaves: strength 40, at most half of Maylene's usual 92
SPECIES_KADABRA	Kinesis	1	1	same	
SPECIES_KADABRA	Confusion	1	1	same	
SPECIES_KADABRA	Confusion	16	16	same	
SPECIES_KADABRA	Disable	18	18	same	
SPECIES_KADABRA	Miracle Eye	22	22	same	
SPECIES_KADABRA	Psybeam	24	24	same	
SPECIES_KADABRA	Reflect	28	28	same	
SPECIES_KADABRA	Psycho Cut	34	34	same	
SPECIES_KADABRA	Role Play	36	36	same	
SPECIES_KADABRA	Recover	30	39	moved	30 to 39: Kaizo's Kadabra at 42, translated to 36, and no earlier than Kaizo's level of 42 within its split
SPECIES_KADABRA	Psychic	40	40	same	
SPECIES_KADABRA	Future Sight	42	42	same	
SPECIES_KADABRA	Trick	46	46	same	
SPECIES_KADABRA	Teleport	1		dropped	leaves: the move pool's first cut
SPECIES_KAKUNA	Harden	1	1	same	
SPECIES_KAKUNA	Harden	7	7	same	
SPECIES_KANGASKHAN	Leer	1	1	same	
SPECIES_KANGASKHAN	Fake Out	7	7	same	
SPECIES_KANGASKHAN	Tail Whip	10	10	same	
SPECIES_KANGASKHAN	Bite	13	13	same	
SPECIES_KANGASKHAN	Dizzy Punch	25	25	same	
SPECIES_KANGASKHAN	Crunch	31	31	same	
SPECIES_KANGASKHAN	Endure	34	34	same	
SPECIES_KANGASKHAN	Outrage	37	37	same	
SPECIES_KANGASKHAN	Double Hit	43	43	same	
SPECIES_KANGASKHAN	Sucker Punch	46	46	same	
SPECIES_KANGASKHAN	Reversal	49	49	same	
SPECIES_KANGASKHAN	Comet Punch	1		dropped	leaves: 85% accurate on 18 power
SPECIES_KANGASKHAN	Mega Punch	19		dropped	leaves: 85% accurate on 80 power
SPECIES_KANGASKHAN	Rage	22		dropped	leaves: strength 20, under 40
SPECIES_KARTANA	Vacuum Wave	1	1	same	
SPECIES_KARTANA	Razor Leaf	5	5	same	
SPECIES_KARTANA	False Swipe	10	10	same	
SPECIES_KARTANA	Cut	15	15	same	
SPECIES_KARTANA	Air Cutter	20	20	same	
SPECIES_KARTANA	Aerial Ace	25	25	same	
SPECIES_KARTANA	Detect	30	30	same	
SPECIES_KARTANA	Night Slash	35	35	same	
SPECIES_KARTANA	Synthesis	40	40	same	
SPECIES_KARTANA	Laser Focus	45	45	same	
SPECIES_KARTANA	Defog	50	50	same	
SPECIES_KARTANA	Leaf Blade	55	55	same	
SPECIES_KARTANA	Sacred Sword	60	60	same	
SPECIES_KARTANA	Swords Dance	65	65	same	
SPECIES_KARTANA	Guillotine	70	70	same	
SPECIES_KARTANA	Fury Cutter	1		dropped	leaves: strength 38, under 40
SPECIES_KECLEON	Thief	1	1	same	
SPECIES_KECLEON	Tail Whip	1	1	same	
SPECIES_KECLEON	Lick	1	1	same	
SPECIES_KECLEON	Scratch	1	1	same	
SPECIES_KECLEON	Tackle		4	added	new at 4: keeps the first attack's level
SPECIES_KECLEON	Faint Attack	7	7	same	
SPECIES_KECLEON	Fury Swipes	10	10	same	
SPECIES_KECLEON	Feint	14	14	same	
SPECIES_KECLEON	Psybeam	18	18	same	
SPECIES_KECLEON	Shadow Sneak	22	22	same	
SPECIES_KECLEON	Slash	27	27	same	
SPECIES_KECLEON	Screech	32	32	same	
SPECIES_KECLEON	Substitute	37	37	same	
SPECIES_KECLEON	Sucker Punch	43	43	same	
SPECIES_KECLEON	Shadow Claw	49	49	same	
SPECIES_KECLEON	AncientPower	55	55	same	
SPECIES_KECLEON	Astonish	1		dropped	leaves: strength 30, under 40
SPECIES_KECLEON	Bind	4		dropped	leaves: strength 13, under 40
SPECIES_KINGDRA	Yawn	1	1	same	
SPECIES_KINGDRA	Bubble	1	1	same	
SPECIES_KINGDRA	SmokeScreen	1	1	same	
SPECIES_KINGDRA	Leer	1	1	same	
SPECIES_KINGDRA	Water Gun	1	1	same	
SPECIES_KINGDRA	SmokeScreen	4	4	same	
SPECIES_KINGDRA	Leer	8	8	same	
SPECIES_KINGDRA	Water Gun	11	11	same	
SPECIES_KINGDRA	Focus Energy	14	14	same	
SPECIES_KINGDRA	BubbleBeam	18	18	same	
SPECIES_KINGDRA	Agility	23	23	same	
SPECIES_KINGDRA	Twister	26	26	same	
SPECIES_KINGDRA	Brine	30	30	same	
SPECIES_KINGDRA	Hydro Pump	40	40	same	
SPECIES_KINGDRA	Dragon Dance	48	48	same	
SPECIES_KINGDRA	Dragon Pulse	57	57	same	
SPECIES_KINGDRA	Ice Beam		61	added	new at 61: a move in the last splits, from Kaizo's Kingdra at 40
SPECIES_KINGLER	Mud Sport	1	1	same	
SPECIES_KINGLER	Bubble	1	1	same	
SPECIES_KINGLER	ViceGrip	1	1	same	
SPECIES_KINGLER	ViceGrip	5	5	same	
SPECIES_KINGLER	Leer	9	9	same	
SPECIES_KINGLER	Harden	11	11	same	
SPECIES_KINGLER	BubbleBeam	15	15	same	
SPECIES_KINGLER	Mud Shot	19	19	same	
SPECIES_KINGLER	Metal Claw	21	21	same	
SPECIES_KINGLER	Stomp	25	25	same	
SPECIES_KINGLER	Protect	32	32	same	
SPECIES_KINGLER	Guillotine	37	37	same	
SPECIES_KINGLER	Slam	44	44	same	
SPECIES_KINGLER	Brine	51	51	same	
SPECIES_KINGLER	Crabhammer	56	56	same	
SPECIES_KINGLER	Superpower		61	added	new at 61: a move in the last splits, from Kaizo's Kingler at 51
SPECIES_KINGLER	Flail	63	63	same	
SPECIES_KIRLIA	Growl	1	1	same	
SPECIES_KIRLIA	Confusion	1	1	same	
SPECIES_KIRLIA	Double Team	1	1	same	
SPECIES_KIRLIA	Confusion	6	6	same	
SPECIES_KIRLIA	Double Team	10	10	same	
SPECIES_KIRLIA	Lucky Chant	17	17	same	
SPECIES_KIRLIA	Magical Leaf	22	22	same	
SPECIES_KIRLIA	Calm Mind	25	25	same	
SPECIES_KIRLIA	Imprison	36	36	same	
SPECIES_KIRLIA	Psychic	31	38	moved	31 to 39: Kaizo's Kirlia at 45, translated to 38, and no earlier than Kaizo's level of 45 within its split; 39 to 38: the same-level rule (another move is at 39); its split has no free level at or above its floor, so it stays in the split a level under it
SPECIES_KIRLIA	Future Sight	39	39	same	
SPECIES_KIRLIA	Charm	45	45	same	
SPECIES_KIRLIA	Hypnosis	50	50	same	
SPECIES_KIRLIA	Dream Eater	53	53	same	
SPECIES_KIRLIA	Teleport	1		dropped	leaves: the move pool's first cut
SPECIES_KLEAVOR	Rock Tomb	1	1	same	
SPECIES_KLEAVOR	Leer	1	1	same	
SPECIES_KLEAVOR	Bug Bite	5	5	same	
SPECIES_KLEAVOR	Wing Attack	10	10	same	
SPECIES_KLEAVOR	Rock Smash	14	14	same	
SPECIES_KLEAVOR	False Swipe	18	18	same	
SPECIES_KLEAVOR	Skitter Smack	22	22	same	
SPECIES_KLEAVOR	Aerial Ace	25	25	same	
SPECIES_KLEAVOR	Dual Wingbeat	28	28	same	
SPECIES_KLEAVOR	Rock Blast	32	32	same	
SPECIES_KLEAVOR	X-Scissor	36	36	same	
SPECIES_KLEAVOR	Superpower	40	43	moved	40 to 44: its nearest Kaizo lines, translated to 42, and no earlier than Kaizo's level of 51 within its split; 44 to 43: the same-level rule (another move is at 44); its split has no free level at or above its floor, so it stays in the split a level under it
SPECIES_KLEAVOR	Acrobatics	44	44	same	
SPECIES_KLEAVOR	Stone Edge	48	48	same	
SPECIES_KLEAVOR	Leech Life	51	51	same	
SPECIES_KLEAVOR	Close Combat	53	53	same	
SPECIES_KLEAVOR	Accelerock	55	55	same	
SPECIES_KLEAVOR	Lunge		61	added	new at 61: a move in the last splits, from Legends Z-A at 46
SPECIES_KLEFKI	Tackle	1	1	same	
SPECIES_KLEFKI	Tackle	4	4	same	
SPECIES_KLEFKI	Fairy Wind	6	6	same	
SPECIES_KLEFKI	Spikes	15	15	same	
SPECIES_KLEFKI	Metal Sound	16	16	same	
SPECIES_KLEFKI	Crafty Shield	19	19	same	
SPECIES_KLEFKI	Torment	21	21	same	
SPECIES_KLEFKI	Draining Kiss	21	21	same	
SPECIES_KLEFKI	Recycle	33	33	same	
SPECIES_KLEFKI	Imprison	33	33	same	
SPECIES_KLEFKI	Foul Play	38	39	moved	38 to 39: its nearest Kaizo lines, translated to 39
SPECIES_KLEFKI	Play Rough	41	41	same	
SPECIES_KLEFKI	Flash Cannon	36	42	moved	36 to 44: its nearest Kaizo lines, translated to 42, and no earlier than Kaizo's level of 50 within its split; 44 to 42: the same-level rule (another move is at 44); its split has no free level at or above its floor, so it stays in the split a level under it
SPECIES_KLEFKI	Mirror Shot	34	43	moved	34 to 44: its nearest Kaizo lines, translated to 42, and no earlier than Kaizo's level of 50 within its split; 44 to 43: the same-level rule (another move is at 44); its split has no free level at or above its floor, so it stays in the split a level under it
SPECIES_KLEFKI	Magic Room	44	44	same	
SPECIES_KLEFKI	Heal Block	50	50	same	
SPECIES_KLEFKI	Last Resort	52	52	same	
SPECIES_KLEFKI	Dazzling Gleam		61	added	new at 61: a move in the last splits, from Legends Z-A at 44
SPECIES_KLEFKI	Fairy Lock	1		dropped	leaves: the move pool's first cut
SPECIES_KLEFKI	Astonish	1		dropped	leaves: strength 30, under 40
SPECIES_KOFFING	Poison Gas	1	1	same	
SPECIES_KOFFING	Tackle	1	1	same	
SPECIES_KOFFING	Smog	6	6	same	
SPECIES_KOFFING	SmokeScreen	10	10	same	
SPECIES_KOFFING	Assurance	15	15	same	
SPECIES_KOFFING	Selfdestruct	19	19	same	
SPECIES_KOFFING	Sludge	24	24	same	
SPECIES_KOFFING	Sludge Bomb	42	26	moved	42 to 26: Kaizo's Koffing at 28, translated to 26
SPECIES_KOFFING	Gyro Ball	33	33	same	
SPECIES_KOFFING	Explosion	37	37	same	
SPECIES_KOFFING	Haze	28	42	moved	28 to 42: Kaizo's Koffing at 51, translated to 42
SPECIES_KOFFING	Destiny Bond	46	46	same	
SPECIES_KOFFING	Memento	51	51	same	
SPECIES_KOMMO_O	Draco Meteor	1	1	same	
SPECIES_KOMMO_O	Aura Sphere	1	1	same	
SPECIES_KOMMO_O	Reversal	1	1	same	
SPECIES_KOMMO_O	Tackle	1	1	same	
SPECIES_KOMMO_O	Leer	5	5	same	
SPECIES_KOMMO_O	Protect	13	13	same	
SPECIES_KOMMO_O	Headbutt	17	17	same	
SPECIES_KOMMO_O	Dragon Tail	21	21	same	
SPECIES_KOMMO_O	Scary Face	25	25	same	
SPECIES_KOMMO_O	Counter	29	29	same	
SPECIES_KOMMO_O	Dragon Claw	33	33	same	
SPECIES_KOMMO_O	Sky Uppercut	36	36	same	
SPECIES_KOMMO_O	Roar	39	39	same	
SPECIES_KOMMO_O	Noble Roar	44	44	same	
SPECIES_KOMMO_O	Clanging Scales	47	47	same	
SPECIES_KOMMO_O	Scale Shot	52	52	same	
SPECIES_KOMMO_O	Close Combat	65	53	moved	65 to 53: its nearest Kaizo lines, translated to 47, and no earlier than Kaizo's level of 58 within its split
SPECIES_KOMMO_O	Boomburst	58	58	same	
SPECIES_KOMMO_O	Outrage	70	70	same	
SPECIES_KOMMO_O	Drain Punch	77	77	same	
SPECIES_KOMMO_O	Bide	9		dropped	leaves: works only asleep, or returns less than double
SPECIES_KRABBY	Mud Sport	1	1	same	
SPECIES_KRABBY	Bubble	1	1	same	
SPECIES_KRABBY	ViceGrip	5	5	same	
SPECIES_KRABBY	Leer	9	9	same	
SPECIES_KRABBY	Harden	11	11	same	
SPECIES_KRABBY	BubbleBeam	15	15	same	
SPECIES_KRABBY	Mud Shot	19	19	same	
SPECIES_KRABBY	Metal Claw	21	21	same	
SPECIES_KRABBY	Stomp	25	25	same	
SPECIES_KRABBY	Protect	29	29	same	
SPECIES_KRABBY	Guillotine	31	31	same	
SPECIES_KRABBY	Slam	35	35	same	
SPECIES_KRABBY	Brine	39	39	same	
SPECIES_KRABBY	Crabhammer	41	41	same	
SPECIES_KRABBY	Flail	45	45	same	
SPECIES_KRICKETOT	Growl	1	1	same	
SPECIES_KRICKETOT	Bug Bite	16	16	same	
SPECIES_KRICKETOT	Bide	1		dropped	leaves: works only asleep, or returns less than double
SPECIES_KRICKETUNE	Growl	1	1	same	
SPECIES_KRICKETUNE	Sing	18	18	same	
SPECIES_KRICKETUNE	Focus Energy	22	22	same	
SPECIES_KRICKETUNE	Leech Life	14	23	moved	14 to 22: Kaizo's Kricketune at 22, translated to 21, and no earlier than Kaizo's level of 22 within its split; 22 to 23: the same-level rule (another move is at 22)
SPECIES_KRICKETUNE	Slash	26	26	same	
SPECIES_KRICKETUNE	X-Scissor	30	30	same	
SPECIES_KRICKETUNE	Screech	34	34	same	
SPECIES_KRICKETUNE	Taunt	38	38	same	
SPECIES_KRICKETUNE	Night Slash	42	42	same	
SPECIES_KRICKETUNE	Bug Buzz	46	46	same	
SPECIES_KRICKETUNE	Perish Song	50	50	same	
SPECIES_KRICKETUNE	Swords Dance		53	added	new at 53: Kaizo's Kricketune at 57, no earlier than that within its split (translated to 46)
SPECIES_KRICKETUNE	Brick Break		61	added	new at 61: a move in the last splits, from Kaizo's Kricketune at 46
SPECIES_KRICKETUNE	Bide	1		dropped	leaves: works only asleep, or returns less than double
SPECIES_KRICKETUNE	Fury Cutter	10		dropped	leaves: strength 38, under 40
SPECIES_KYOGRE	Water Pulse	1	1	same	
SPECIES_KYOGRE	Scary Face	5	5	same	
SPECIES_KYOGRE	AncientPower	15	15	same	
SPECIES_KYOGRE	Body Slam	20	20	same	
SPECIES_KYOGRE	Calm Mind	30	30	same	
SPECIES_KYOGRE	Ice Beam	35	35	same	
SPECIES_KYOGRE	Hydro Pump	45	45	same	
SPECIES_KYOGRE	Rest	50	50	same	
SPECIES_KYOGRE	Sheer Cold	60	60	same	
SPECIES_KYOGRE	Double-Edge	65	65	same	
SPECIES_KYOGRE	Aqua Tail	75	75	same	
SPECIES_KYOGRE	Water Spout	80	80	same	
SPECIES_LAIRON	Tackle	1	1	same	
SPECIES_LAIRON	Harden	1	1	same	
SPECIES_LAIRON	Mud-Slap	1	1	same	
SPECIES_LAIRON	Headbutt	1	1	same	
SPECIES_LAIRON	Harden	4	4	same	
SPECIES_LAIRON	Mud-Slap	8	8	same	
SPECIES_LAIRON	Headbutt	11	11	same	
SPECIES_LAIRON	Metal Claw	15	15	same	
SPECIES_LAIRON	Iron Defense	18	18	same	
SPECIES_LAIRON	Roar	22	22	same	
SPECIES_LAIRON	Take Down	25	25	same	
SPECIES_LAIRON	Iron Head	29	29	same	
SPECIES_LAIRON	Protect	34	34	same	
SPECIES_LAIRON	Metal Sound	40	40	same	
SPECIES_LAIRON	Iron Tail	45	45	same	
SPECIES_LAIRON	Double-Edge	51	51	same	
SPECIES_LAIRON	Metal Burst	56		dropped	leaves: works only asleep, or returns less than double
SPECIES_LAMPENT	Ember	1	1	same	
SPECIES_LAMPENT	Smog	3	3	same	
SPECIES_LAMPENT	Confuse Ray	6	6	same	
SPECIES_LAMPENT	Night Shade	14	14	same	
SPECIES_LAMPENT	Clear Smog	18	18	same	
SPECIES_LAMPENT	Will-O-Wisp	22	22	same	
SPECIES_LAMPENT	Flame Burst	26	26	same	
SPECIES_LAMPENT	Hex	30	30	same	
SPECIES_LAMPENT	Imprison	35	35	same	
SPECIES_LAMPENT	Memento	40	40	same	
SPECIES_LAMPENT	Mystical Fire	46	46	same	
SPECIES_LAMPENT	Pain Split	51	51	same	
SPECIES_LAMPENT	Shadow Ball	55	55	same	
SPECIES_LAMPENT	Heat Wave	65	65	same	
SPECIES_LAMPENT	Overheat	71	71	same	
SPECIES_LAMPENT	Astonish	1		dropped	leaves: strength 30, under 40
SPECIES_LAMPENT	Fire Spin	10		dropped	leaves: strength 35, under 40
SPECIES_LANTURN	Bubble	1	1	same	
SPECIES_LANTURN	Supersonic	1	1	same	
SPECIES_LANTURN	Thunder Wave	1	1	same	
SPECIES_LANTURN	Thunder Wave	6	6	same	
SPECIES_LANTURN	Flail	9	9	same	
SPECIES_LANTURN	Water Gun	12	12	same	
SPECIES_LANTURN	Confuse Ray	17	17	same	
SPECIES_LANTURN	Spark	20	20	same	
SPECIES_LANTURN	Take Down	23	23	same	
SPECIES_LANTURN	Stockpile	27	27	same	
SPECIES_LANTURN	Swallow	27	27	same	
SPECIES_LANTURN	Spit Up	27	27	same	
SPECIES_LANTURN	BubbleBeam	30	30	same	
SPECIES_LANTURN	Signal Beam	35	35	same	
SPECIES_LANTURN	Aqua Ring	47	47	same	
SPECIES_LANTURN	Hydro Pump	52	52	same	
SPECIES_LANTURN	Discharge	40	53	moved	40 to 53: Kaizo's Lanturn at 57, translated to 46, and no earlier than Kaizo's level of 57 within its split
SPECIES_LANTURN	Charge	57	57	same	
SPECIES_LANTURN	Brine		61	added	new at 61: a move in the last splits, from Kaizo's Lanturn at 30
SPECIES_LAPRAS	Sing	1	1	same	
SPECIES_LAPRAS	Growl	1	1	same	
SPECIES_LAPRAS	Water Gun	1	1	same	
SPECIES_LAPRAS	Mist	4	4	same	
SPECIES_LAPRAS	Confuse Ray	7	7	same	
SPECIES_LAPRAS	Ice Shard	10	10	same	
SPECIES_LAPRAS	Water Pulse	14	14	same	
SPECIES_LAPRAS	Body Slam	18	18	same	
SPECIES_LAPRAS	Perish Song	27	27	same	
SPECIES_LAPRAS	Brine	37	37	same	
SPECIES_LAPRAS	Ice Beam	32	39	moved	32 to 39: Kaizo's Lapras at 43, translated to 36, and no earlier than Kaizo's level of 43 within its split
SPECIES_LAPRAS	Safeguard	43	43	same	
SPECIES_LAPRAS	Hydro Pump	49	49	same	
SPECIES_LAPRAS	Sheer Cold	55	55	same	
SPECIES_LAPRAS	Drill Run		61	added	new at 61: a move in the last splits, from Kaizo's Lapras at 37
SPECIES_LAPRAS	Rain Dance	22		dropped	leaves: weather, for a species the player can own
SPECIES_LARVESTA	Ember	1	1	same	
SPECIES_LARVESTA	String Shot	1	1	same	
SPECIES_LARVESTA	Flame Charge	10	10	same	
SPECIES_LARVESTA	Struggle Bug	20	20	same	
SPECIES_LARVESTA	Flame Wheel	30	30	same	
SPECIES_LARVESTA	Bug Bite	40	40	same	
SPECIES_LARVESTA	Take Down	50	50	same	
SPECIES_LARVESTA	Acrobatics	64	64	same	
SPECIES_LARVESTA	Morning Sun	66	66	same	
SPECIES_LARVESTA	Double-Edge	72	72	same	
SPECIES_LARVESTA	Leech Life	77	77	same	
SPECIES_LARVESTA	Flare Blitz	82	82	same	
SPECIES_LARVITAR	Bite	1	1	same	
SPECIES_LARVITAR	Leer	1	1	same	
SPECIES_LARVITAR	Screech	10	10	same	
SPECIES_LARVITAR	Rock Slide	14	14	same	
SPECIES_LARVITAR	Scary Face	19	19	same	
SPECIES_LARVITAR	Thrash	23	23	same	
SPECIES_LARVITAR	Dark Pulse	28	28	same	
SPECIES_LARVITAR	Payback	32	32	same	
SPECIES_LARVITAR	Crunch	37	37	same	
SPECIES_LARVITAR	Earthquake	41	39	moved	41 to 39: Kaizo's Larvitar at 41, translated to 35, and no earlier than Kaizo's level of 41 within its split
SPECIES_LARVITAR	Stone Edge	46	46	same	
SPECIES_LARVITAR	Hyper Beam	50	50	same	
SPECIES_LARVITAR	Sandstorm	5		dropped	leaves: weather, for a species the player can own
SPECIES_LATIAS	Psywave	1	1	same	
SPECIES_LATIAS	Wish	5	5	same	
SPECIES_LATIAS	Helping Hand	10	10	same	
SPECIES_LATIAS	Safeguard	15	15	same	
SPECIES_LATIAS	DragonBreath	20	20	same	
SPECIES_LATIAS	Water Sport	25	25	same	
SPECIES_LATIAS	Refresh	30	30	same	
SPECIES_LATIAS	Mist Ball	35	35	same	
SPECIES_LATIAS	Zen Headbutt	40	40	same	
SPECIES_LATIAS	Recover	45	45	same	
SPECIES_LATIAS	Psycho Shift	50	50	same	
SPECIES_LATIAS	Charm	55	55	same	
SPECIES_LATIAS	Healing Wish	60	60	same	
SPECIES_LATIAS	Psychic	65	65	same	
SPECIES_LATIAS	Dragon Pulse	70	70	same	
SPECIES_LATIOS	Psywave	1	1	same	
SPECIES_LATIOS	Heal Block	5	5	same	
SPECIES_LATIOS	Helping Hand	10	10	same	
SPECIES_LATIOS	Safeguard	15	15	same	
SPECIES_LATIOS	DragonBreath	20	20	same	
SPECIES_LATIOS	Protect	25	25	same	
SPECIES_LATIOS	Refresh	30	30	same	
SPECIES_LATIOS	Luster Purge	35	35	same	
SPECIES_LATIOS	Zen Headbutt	40	40	same	
SPECIES_LATIOS	Recover	45	45	same	
SPECIES_LATIOS	Psycho Shift	50	50	same	
SPECIES_LATIOS	Dragon Dance	55	55	same	
SPECIES_LATIOS	Memento	60	60	same	
SPECIES_LATIOS	Psychic	65	65	same	
SPECIES_LATIOS	Dragon Pulse	70	70	same	
SPECIES_LEAFEON	Tail Whip	1	1	same	
SPECIES_LEAFEON	Tackle	1	1	same	
SPECIES_LEAFEON	Helping Hand	1	1	same	
SPECIES_LEAFEON	Sand-Attack	8	8	same	
SPECIES_LEAFEON	Razor Leaf	15	15	same	
SPECIES_LEAFEON	Quick Attack	22	22	same	
SPECIES_LEAFEON	Synthesis	29	29	same	
SPECIES_LEAFEON	Magical Leaf	36	36	same	
SPECIES_LEAFEON	Giga Drain	43	43	same	
SPECIES_LEAFEON	Last Resort	50	50	same	
SPECIES_LEAFEON	GrassWhistle	57	57	same	
SPECIES_LEAFEON	Leaf Blade	71	71	same	
SPECIES_LEAFEON	Swords Dance	78	78	same	
SPECIES_LEAFEON	Sunny Day	64		dropped	leaves: weather, for a species the player can own
SPECIES_LEAVANNY	Slash	1	1	same	new at 61: a move in the last splits, from its own level 1
SPECIES_LEAVANNY	Slash	1	1	same	new at 61: a move in the last splits, from its own level 1
SPECIES_LEAVANNY	False Swipe	1	1	same	
SPECIES_LEAVANNY	Tackle	1	1	same	
SPECIES_LEAVANNY	String Shot	1	1	same	
SPECIES_LEAVANNY	Bug Bite	1	1	same	
SPECIES_LEAVANNY	Razor Leaf	1	1	same	
SPECIES_LEAVANNY	Bug Bite	8	8	same	
SPECIES_LEAVANNY	Razor Leaf	15	15	same	
SPECIES_LEAVANNY	Struggle Bug	22	22	same	
SPECIES_LEAVANNY	Fell Stinger	29	29	same	
SPECIES_LEAVANNY	Helping Hand	32	32	same	
SPECIES_LEAVANNY	X-Scissor	39	39	same	
SPECIES_LEAVANNY	Entrainment	43	43	same	
SPECIES_LEAVANNY	Swords Dance	46	46	same	
SPECIES_LEAVANNY	Leaf Storm	50	50	same	
SPECIES_LEAVANNY	Leaf Blade	36	53	moved	36 to 53: its nearest Kaizo lines, translated to 46, and no earlier than Kaizo's level of 56 within its split
SPECIES_LEAVANNY	Slash	1	61	same	new at 61: a move in the last splits, from its own level 1
SPECIES_LEDIAN	Tackle	1	1	same	
SPECIES_LEDIAN	Supersonic	1	1	same	
SPECIES_LEDIAN	Supersonic	6	6	same	
SPECIES_LEDIAN	Light Screen	14	14	same	
SPECIES_LEDIAN	Reflect	14	14	same	
SPECIES_LEDIAN	Safeguard	14	14	same	
SPECIES_LEDIAN	Mach Punch	17	17	same	
SPECIES_LEDIAN	Baton Pass	24	24	same	
SPECIES_LEDIAN	Silver Wind	29	29	same	
SPECIES_LEDIAN	Agility	36	36	same	
SPECIES_LEDIAN	Swift	41	41	same	
SPECIES_LEDIAN	Double-Edge	48	48	same	
SPECIES_LEDIAN	Bug Buzz	53	53	same	
SPECIES_LEDIAN	Comet Punch	1		dropped	leaves: 85% accurate on 18 power
SPECIES_LEDYBA	Tackle	1	1	same	
SPECIES_LEDYBA	Supersonic	6	6	same	
SPECIES_LEDYBA	Bug Bite		9	added	new at 9: keeps the first attack's level
SPECIES_LEDYBA	Light Screen	14	14	same	
SPECIES_LEDYBA	Reflect	14	14	same	
SPECIES_LEDYBA	Safeguard	14	14	same	
SPECIES_LEDYBA	Mach Punch	17	17	same	
SPECIES_LEDYBA	Baton Pass	22	22	same	
SPECIES_LEDYBA	Silver Wind	25	25	same	
SPECIES_LEDYBA	Agility	30	30	same	
SPECIES_LEDYBA	Swift	33	33	same	
SPECIES_LEDYBA	Double-Edge	38	38	same	
SPECIES_LEDYBA	Bug Buzz	41	41	same	
SPECIES_LEDYBA	Comet Punch	9		dropped	leaves: 85% accurate on 18 power
SPECIES_LICKILICKY	Lick	1	1	same	
SPECIES_LICKILICKY	Supersonic	5	5	same	
SPECIES_LICKILICKY	Defense Curl	9	9	same	
SPECIES_LICKILICKY	Knock Off	13	13	same	
SPECIES_LICKILICKY	Stomp	21	21	same	
SPECIES_LICKILICKY	Disable	25	25	same	
SPECIES_LICKILICKY	Slam	29	29	same	
SPECIES_LICKILICKY	Me First	37	37	same	
SPECIES_LICKILICKY	Sludge Bomb		39	added	new at 39: Kaizo's Lickilicky at 41, no earlier than that within its split (translated to 35)
SPECIES_LICKILICKY	Refresh	41	41	same	
SPECIES_LICKILICKY	Power Whip	49	44	moved	49 to 44: Kaizo's Lickilicky at 49, translated to 40, and no earlier than Kaizo's level of 49 within its split
SPECIES_LICKILICKY	Screech	45	45	same	
SPECIES_LICKILICKY	Toxic		52	added	new at 53: Kaizo's Lickilicky at 60, no earlier than that within its split (translated to 49); 53 to 52: the same-level rule (another move is at 53); its split has no free level at or above its floor, so it stays in the split a level under it
SPECIES_LICKILICKY	Wring Out	53	53	same	
SPECIES_LICKILICKY	Gyro Ball	57	57	same	
SPECIES_LICKILICKY	Zen Headbutt		61	added	new at 61: a move in the last splits, from Kaizo's Lickilicky at 51
SPECIES_LICKILICKY	Wrap	17		dropped	leaves: strength 14, under 40
SPECIES_LICKILICKY	Rollout	33		dropped	leaves: strength 27, under 40
SPECIES_LICKITUNG	Lick	1	1	same	
SPECIES_LICKITUNG	Supersonic	5	5	same	
SPECIES_LICKITUNG	Defense Curl	9	9	same	
SPECIES_LICKITUNG	Knock Off	13	13	same	
SPECIES_LICKITUNG	Stomp	21	21	same	
SPECIES_LICKITUNG	Disable	25	25	same	
SPECIES_LICKITUNG	Slam	29	29	same	
SPECIES_LICKITUNG	Body Slam		30	added	new at 29: Kaizo's Lickitung at 29, no earlier than that within its split (translated to 27); 29 to 30: the same-level rule (another move is at 29)
SPECIES_LICKITUNG	Me First	37	37	same	
SPECIES_LICKITUNG	Refresh	41	41	same	
SPECIES_LICKITUNG	Power Whip	49	44	moved	49 to 44: Kaizo's Lickitung at 49, translated to 40, and no earlier than Kaizo's level of 49 within its split
SPECIES_LICKITUNG	Screech	45	45	same	
SPECIES_LICKITUNG	Wring Out	53	53	same	
SPECIES_LICKITUNG	Wrap	17		dropped	leaves: strength 14, under 40
SPECIES_LICKITUNG	Rollout	33		dropped	leaves: strength 27, under 40
SPECIES_LIEPARD	Scratch	1	1	same	
SPECIES_LIEPARD	Growl	1	1	same	
SPECIES_LIEPARD	Assist	1	1	same	
SPECIES_LIEPARD	Sand-Attack	1	1	same	
SPECIES_LIEPARD	Fake Out	1	1	same	
SPECIES_LIEPARD	Growl	3	3	same	
SPECIES_LIEPARD	Assist	6	6	same	
SPECIES_LIEPARD	Sand-Attack	10	10	same	
SPECIES_LIEPARD	Fury Swipes	12	12	same	
SPECIES_LIEPARD	Pursuit	15	15	same	
SPECIES_LIEPARD	Torment	17	17	same	
SPECIES_LIEPARD	Fake Out	22	22	same	
SPECIES_LIEPARD	Assurance	26	26	same	
SPECIES_LIEPARD	Hone Claws	27	27	same	
SPECIES_LIEPARD	Slash	34	34	same	
SPECIES_LIEPARD	Taunt	38	38	same	
SPECIES_LIEPARD	Sucker Punch	43	43	same	
SPECIES_LIEPARD	Nasty Plot	44	44	same	
SPECIES_LIEPARD	Night Slash	44	44	same	
SPECIES_LIEPARD	Snatch	47	47	same	
SPECIES_LIEPARD	Play Rough	54	54	same	
SPECIES_LIEPARD	Snarl		61	added	new at 61: a move in the last splits, from Legends Z-A at 1
SPECIES_LILEEP	Acid	8	8	same	
SPECIES_LILEEP	Ingrain	15	15	same	
SPECIES_LILEEP	Confuse Ray	22	22	same	
SPECIES_LILEEP	Amnesia	29	29	same	
SPECIES_LILEEP	Gastro Acid	36	36	same	
SPECIES_LILEEP	AncientPower	43	43	same	
SPECIES_LILEEP	Energy Ball	50	50	same	
SPECIES_LILEEP	Earth Power		53	added	new at 53: Kaizo's Lileep at 57, no earlier than that within its split (translated to 46)
SPECIES_LILEEP	Stockpile	57	57	same	
SPECIES_LILEEP	Spit Up	57	57	same	
SPECIES_LILEEP	Swallow	57	57	same	
SPECIES_LILEEP	Wring Out	64	64	same	
SPECIES_LILEEP	Astonish	1		dropped	leaves: strength 30, under 40
SPECIES_LILEEP	Constrict	1		dropped	leaves: strength 10, under 40
SPECIES_LINOONE	Switcheroo	1	1	same	
SPECIES_LINOONE	Tackle	1	1	same	
SPECIES_LINOONE	Growl	1	1	same	
SPECIES_LINOONE	Tail Whip	1	1	same	
SPECIES_LINOONE	Headbutt	1	1	same	
SPECIES_LINOONE	Tail Whip	5	5	same	
SPECIES_LINOONE	Headbutt	9	9	same	
SPECIES_LINOONE	Sand-Attack	13	13	same	
SPECIES_LINOONE	Odor Sleuth	17	17	same	
SPECIES_LINOONE	Mud Sport	23	23	same	
SPECIES_LINOONE	Fury Swipes	29	29	same	
SPECIES_LINOONE	Covet	35	35	same	
SPECIES_LINOONE	Slash	41	41	same	
SPECIES_LINOONE	Rest	47	47	same	
SPECIES_LINOONE	Belly Drum	53	53	same	
SPECIES_LINOONE	Fling	59	59	same	
SPECIES_LITTEN	Scratch	1	1	same	
SPECIES_LITTEN	Ember	5	5	same	
SPECIES_LITTEN	Growl	7	7	same	
SPECIES_LITTEN	Lick	10	10	same	
SPECIES_LITTEN	Double Kick	16	16	same	
SPECIES_LITTEN	Bite	21	21	same	
SPECIES_LITTEN	Scary Face	25	25	same	
SPECIES_LITTEN	Blaze Kick	32	32	same	
SPECIES_LITTEN	Fire Fang	14	33	moved	14 to 33: its nearest Kaizo lines, translated to 32, and no earlier than Kaizo's level of 37 within its split
SPECIES_LITTEN	Flamethrower	38	38	same	
SPECIES_LITTEN	Parting Shot	42	42	same	
SPECIES_LITTEN	Knock Off	45	45	same	
SPECIES_LITTEN	Flare Blitz	48	48	same	
SPECIES_LITTEN	Outrage	56	56	same	
SPECIES_LITWICK	Ember	1	1	same	
SPECIES_LITWICK	Smog	3	3	same	
SPECIES_LITWICK	Confuse Ray	6	6	same	
SPECIES_LITWICK	Night Shade	14	14	same	
SPECIES_LITWICK	Clear Smog	18	18	same	
SPECIES_LITWICK	Will-O-Wisp	22	22	same	
SPECIES_LITWICK	Flame Burst	26	26	same	
SPECIES_LITWICK	Hex	30	30	same	
SPECIES_LITWICK	Imprison	35	35	same	
SPECIES_LITWICK	Memento	40	40	same	
SPECIES_LITWICK	Mystical Fire	45	45	same	
SPECIES_LITWICK	Pain Split	50	50	same	
SPECIES_LITWICK	Shadow Ball	56	56	same	
SPECIES_LITWICK	Heat Wave	62	62	same	
SPECIES_LITWICK	Overheat	68	68	same	
SPECIES_LITWICK	Astonish	1		dropped	leaves: strength 30, under 40
SPECIES_LITWICK	Fire Spin	10		dropped	leaves: strength 35, under 40
SPECIES_LOMBRE	Growl	3	3	same	
SPECIES_LOMBRE	Nature Power	7	7	same	
SPECIES_LOMBRE	Fake Out	11	11	same	
SPECIES_LOMBRE	Fury Swipes	15	15	same	
SPECIES_LOMBRE	Water Sport	19	19	same	
SPECIES_LOMBRE	BubbleBeam	25	25	same	
SPECIES_LOMBRE	Zen Headbutt	31	31	same	
SPECIES_LOMBRE	Uproar	37	37	same	
SPECIES_LOMBRE	Hydro Pump	45	45	same	
SPECIES_LOMBRE	Astonish	1		dropped	leaves: strength 30, under 40
SPECIES_LOMBRE	Absorb	5		dropped	leaves: strength 20, under 40
SPECIES_LOPUNNY	Mirror Coat	1	1	same	
SPECIES_LOPUNNY	Magic Coat	1	1	same	
SPECIES_LOPUNNY	Pound	1	1	same	
SPECIES_LOPUNNY	Defense Curl	1	1	same	
SPECIES_LOPUNNY	Foresight	1	1	same	
SPECIES_LOPUNNY	Endure	6	6	same	
SPECIES_LOPUNNY	Return	13	13	same	
SPECIES_LOPUNNY	Quick Attack	16	16	same	
SPECIES_LOPUNNY	Jump Kick	23	23	same	
SPECIES_LOPUNNY	Baton Pass	26	26	same	
SPECIES_LOPUNNY	Agility	33	33	same	
SPECIES_LOPUNNY	Dizzy Punch	36	36	same	
SPECIES_LOPUNNY	Charm	43	43	same	
SPECIES_LOPUNNY	Bounce	46	46	same	
SPECIES_LOPUNNY	Healing Wish	53	53	same	
SPECIES_LOPUNNY	Play Rough		61	added	new at 61: a move in the last splits, from Legends Arceus at 31
SPECIES_LOPUNNY	Splash	1		dropped	leaves: the move pool's first cut
SPECIES_LOPUNNY_M	U-turn	1	1	same	
SPECIES_LOPUNNY_M	Triple Axel	1	1	same	
SPECIES_LOPUNNY_M	Mirror Coat	1	1	same	
SPECIES_LOPUNNY_M	Pound	1	1	same	
SPECIES_LOPUNNY_M	Foresight	1	1	same	
SPECIES_LOPUNNY_M	Baby-Doll Eyes	13	13	same	
SPECIES_LOPUNNY_M	Quick Attack	16	16	same	
SPECIES_LOPUNNY_M	Dizzy Punch	20	20	same	
SPECIES_LOPUNNY_M	Bounce	22	22	same	
SPECIES_LOPUNNY_M	Jump Kick	25	25	same	
SPECIES_LOPUNNY_M	Return	30	30	same	
SPECIES_LOPUNNY_M	Charm	34	34	same	
SPECIES_LOPUNNY_M	Fake Out	38	38	same	
SPECIES_LOPUNNY_M	Copycat	42	42	same	
SPECIES_LOPUNNY_M	Double-Edge	48	48	same	
SPECIES_LOPUNNY_M	Close Combat	55	55	same	
SPECIES_LOPUNNY_M	Hi Jump Kick	60	60	same	
SPECIES_LOPUNNY_M	Teeter Dance	66	66	same	
SPECIES_LOPUNNY_M	Last Resort	72	72	same	
SPECIES_LOPUNNY_M	Encore	83	83	same	
SPECIES_LOPUNNY_M	Splash	1		dropped	leaves: the move pool's first cut
SPECIES_LOTAD	Growl	3	3	same	
SPECIES_LOTAD	Water Gun		5	added	new at 5: keeps the first attack's level
SPECIES_LOTAD	Nature Power	7	7	same	
SPECIES_LOTAD	Mist	11	11	same	
SPECIES_LOTAD	Natural Gift	15	15	same	
SPECIES_LOTAD	Mega Drain	19	19	same	
SPECIES_LOTAD	BubbleBeam	25	25	same	
SPECIES_LOTAD	Zen Headbutt	31	31	same	
SPECIES_LOTAD	Energy Ball	45	45	same	
SPECIES_LOTAD	Astonish	1		dropped	leaves: strength 30, under 40
SPECIES_LOTAD	Absorb	5		dropped	leaves: strength 20, under 40
SPECIES_LOTAD	Rain Dance	37		dropped	leaves: weather, for a species the player can own
SPECIES_LOUDRED	Pound	1	1	same	
SPECIES_LOUDRED	Uproar	1	1	same	
SPECIES_LOUDRED	Howl	1	1	same	
SPECIES_LOUDRED	Uproar	5	5	same	
SPECIES_LOUDRED	Howl	15	15	same	
SPECIES_LOUDRED	Bite	20	20	same	
SPECIES_LOUDRED	Supersonic	23	23	same	
SPECIES_LOUDRED	Stomp	29	29	same	
SPECIES_LOUDRED	Screech	37	37	same	
SPECIES_LOUDRED	Roar	43	43	same	
SPECIES_LOUDRED	Rest	51	51	same	
SPECIES_LOUDRED	Sleep Talk	51	51	same	
SPECIES_LOUDRED	Hyper Voice	57	57	same	
SPECIES_LOUDRED	Astonish	1		dropped	leaves: strength 30, under 40
SPECIES_LUCARIO	Dark Pulse	1	1	same	
SPECIES_LUCARIO	Quick Attack	1	1	same	
SPECIES_LUCARIO	Foresight	1	1	same	
SPECIES_LUCARIO	Detect	1	1	same	
SPECIES_LUCARIO	Metal Claw	1	1	same	
SPECIES_LUCARIO	Counter	6	6	same	
SPECIES_LUCARIO	Force Palm	11	11	same	
SPECIES_LUCARIO	Feint	15	15	same	
SPECIES_LUCARIO	Bone Rush	19	19	same	
SPECIES_LUCARIO	Metal Sound	24	24	same	
SPECIES_LUCARIO	Me First	29	29	same	
SPECIES_LUCARIO	Swords Dance	33	33	same	
SPECIES_LUCARIO	Aura Sphere	37	37	same	
SPECIES_LUCARIO	Dragon Pulse	47	47	same	
SPECIES_LUCARIO	ExtremeSpeed	51	51	same	
SPECIES_LUCARIO	Close Combat	42	60	moved	42 to 60: Kaizo's Lucario at 75, translated to 57, and no earlier than Kaizo's level of 75 within its split
SPECIES_LUCARIO	Bulldoze		61	added	new at 61: a move in the last splits, from Legends Z-A at 28
SPECIES_LUDICOLO	Growl	1	1	same	
SPECIES_LUDICOLO	Mega Drain	1	1	same	
SPECIES_LUDICOLO	Nature Power	1	1	same	
SPECIES_LUDICOLO	Hydro Pump		45	added	new at 45: a key move after the evolution, from Lombre's 45
SPECIES_LUDICOLO	Energy Ball		61	added	new at 61: a move in the last splits, from a TM it learns
SPECIES_LUDICOLO	Astonish	1		dropped	leaves: strength 30, under 40
SPECIES_LUGIA	Whirlwind	1	1	same	
SPECIES_LUGIA	Safeguard	9	9	same	
SPECIES_LUGIA	Gust	15	15	same	
SPECIES_LUGIA	Recover	23	23	same	
SPECIES_LUGIA	Hydro Pump	29	29	same	
SPECIES_LUGIA	Rain Dance	37	37	same	
SPECIES_LUGIA	Swift	43	43	same	
SPECIES_LUGIA	Natural Gift	51	51	same	
SPECIES_LUGIA	AncientPower	57	57	same	
SPECIES_LUGIA	Extrasensory	65	65	same	
SPECIES_LUGIA	Punishment	71	71	same	
SPECIES_LUGIA	Aeroblast	78	78	same	
SPECIES_LUGIA	Future Sight	79	79	same	
SPECIES_LUGIA	Calm Mind	93	93	same	
SPECIES_LUGIA	Sky Attack	99		dropped	leaves: charges a turn in the open (Kaizo's lists keep no such move)
SPECIES_LUMINEON	Pound	1	1	same	
SPECIES_LUMINEON	Water Gun	1	1	same	
SPECIES_LUMINEON	Attract	1	1	same	
SPECIES_LUMINEON	Water Gun	6	6	same	
SPECIES_LUMINEON	Attract	10	10	same	
SPECIES_LUMINEON	Water Pulse	22	22	same	
SPECIES_LUMINEON	Captivate	26	26	same	
SPECIES_LUMINEON	Safeguard	29	29	same	
SPECIES_LUMINEON	Aqua Ring	35	35	same	
SPECIES_LUMINEON	U-turn	48	48	same	
SPECIES_LUMINEON	Bounce	53	53	same	
SPECIES_LUMINEON	Silver Wind	59	59	same	
SPECIES_LUMINEON	Ice Fang		61	added	new at 61: a move in the last splits, from Kaizo's Lumineon at 35
SPECIES_LUMINEON	Rain Dance	13		dropped	leaves: weather, for a species the player can own
SPECIES_LUMINEON	Gust	17		dropped	leaves: strength 40, at most half of Gardenia's usual 80
SPECIES_LUMINEON	Whirlpool	42		dropped	leaves: strength 35, under 40
SPECIES_LUNATONE	Tackle	1	1	same	
SPECIES_LUNATONE	Harden	1	1	same	
SPECIES_LUNATONE	Confusion	1	1	same	
SPECIES_LUNATONE	Rock Throw	9	9	same	
SPECIES_LUNATONE	Hypnosis	12	12	same	
SPECIES_LUNATONE	Rock Polish	20	20	same	
SPECIES_LUNATONE	Psywave	23	23	same	
SPECIES_LUNATONE	Embargo	31	31	same	
SPECIES_LUNATONE	Cosmic Power	34	34	same	
SPECIES_LUNATONE	Psychic	45	39	moved	45 to 39: Kaizo's Lunatone at 45, translated to 38, and no earlier than Kaizo's level of 45 within its split
SPECIES_LUNATONE	Heal Block	42	42	same	
SPECIES_LUNATONE	Future Sight	53	53	same	
SPECIES_LUNATONE	Explosion	56	56	same	
SPECIES_LUNATONE	Psyshock		61	added	new at 61: a move in the last splits, from Legends Z-A at 20
SPECIES_LURANTIS	Petal Blizzard	1	1	same	new at 61: a move in the last splits, from Legends Z-A at 0
SPECIES_LURANTIS	Petal Blizzard	1	1	same	new at 61: a move in the last splits, from Legends Z-A at 0
SPECIES_LURANTIS	Night Slash	1	1	same	
SPECIES_LURANTIS	SolarBeam	1	1	same	
SPECIES_LURANTIS	Dual Chop	1	1	same	
SPECIES_LURANTIS	Leafage	1	1	same	
SPECIES_LURANTIS	Razor Leaf	1	1	same	
SPECIES_LURANTIS	Growth	1	1	same	
SPECIES_LURANTIS	Ingrain	1	1	same	
SPECIES_LURANTIS	X-Scissor	1	1	same	
SPECIES_LURANTIS	Leafage	5	5	same	
SPECIES_LURANTIS	Razor Leaf	12	12	same	
SPECIES_LURANTIS	Growth	14	14	same	
SPECIES_LURANTIS	Ingrain	19	19	same	
SPECIES_LURANTIS	Slash	28	28	same	
SPECIES_LURANTIS	Sweet Scent	29	29	same	
SPECIES_LURANTIS	X-Scissor	30	30	same	
SPECIES_LURANTIS	Synthesis	32	32	same	
SPECIES_LURANTIS	Leaf Blade	34	44	moved	34 to 44: its nearest Kaizo lines, translated to 40, and no earlier than Kaizo's level of 49 within its split
SPECIES_LURANTIS	Solar Blade	55	55	same	
SPECIES_LURANTIS	Petal Blizzard	1	61	same	new at 61: a move in the last splits, from Legends Z-A at 0
SPECIES_LURANTIS	Fury Cutter	1		dropped	leaves: strength 38, under 40
SPECIES_LURANTIS	Sunny Day	52		dropped	leaves: weather, for a species the player can own
SPECIES_LUVDISC	Tackle	1	1	same	
SPECIES_LUVDISC	Charm	4	4	same	
SPECIES_LUVDISC	Water Gun	7	7	same	
SPECIES_LUVDISC	Agility	9	9	same	
SPECIES_LUVDISC	Take Down	14	14	same	
SPECIES_LUVDISC	Lucky Chant	17	17	same	
SPECIES_LUVDISC	Attract	22	22	same	
SPECIES_LUVDISC	Sweet Kiss	27	27	same	
SPECIES_LUVDISC	Water Pulse	31	31	same	
SPECIES_LUVDISC	Aqua Ring	37	37	same	
SPECIES_LUVDISC	Captivate	40	40	same	
SPECIES_LUVDISC	Flail	46	46	same	
SPECIES_LUVDISC	Safeguard	51	51	same	
SPECIES_LUXIO	Tackle	1	1	same	
SPECIES_LUXIO	Leer	1	1	same	
SPECIES_LUXIO	Discharge	48	1	moved	48 to 1: an exclusive delay, Kaizo gives it only to Shinx
SPECIES_LUXIO	Leer	5	5	same	
SPECIES_LUXIO	Charge	9	9	same	
SPECIES_LUXIO	Spark	13	13	same	
SPECIES_LUXIO	Bite	18	18	same	
SPECIES_LUXIO	Roar	23	23	same	
SPECIES_LUXIO	Swagger	28	28	same	
SPECIES_LUXIO	Thunder Fang	33	33	same	
SPECIES_LUXIO	Crunch	38	38	same	
SPECIES_LUXIO	Scary Face	43	43	same	
SPECIES_LUXRAY	Tackle	1	1	same	
SPECIES_LUXRAY	Take Down	1	1	same	
SPECIES_LUXRAY	Leer	1	1	same	
SPECIES_LUXRAY	Charge	1	1	same	
SPECIES_LUXRAY	Discharge	56	1	moved	56 to 1: an exclusive delay, Kaizo gives it only to Shinx
SPECIES_LUXRAY	Leer	5	5	same	
SPECIES_LUXRAY	Charge	9	9	same	
SPECIES_LUXRAY	Spark	13	13	same	
SPECIES_LUXRAY	Bite	18	18	same	
SPECIES_LUXRAY	Roar	23	23	same	
SPECIES_LUXRAY	Swagger	28	28	same	
SPECIES_LUXRAY	Crunch	42	42	same	
SPECIES_LUXRAY	Scary Face	49	49	same	
SPECIES_LUXRAY	Thunder Fang	35	53	moved	35 to 53: Kaizo's Luxray at 56, translated to 46, and no earlier than Kaizo's level of 56 within its split
SPECIES_LUXRAY	Double-Edge	60	60	same	
SPECIES_LUXRAY	Volt Tackle	64	64	same	
SPECIES_LUXRAY	Submission	1		dropped	leaves: 80% accurate on 80 power
SPECIES_MACHAMP	Low Kick	1	1	same	
SPECIES_MACHAMP	Leer	1	1	same	
SPECIES_MACHAMP	Focus Energy	1	1	same	
SPECIES_MACHAMP	Focus Energy	7	7	same	
SPECIES_MACHAMP	Karate Chop	10	10	same	
SPECIES_MACHAMP	Foresight	13	13	same	
SPECIES_MACHAMP	Seismic Toss	19	19	same	
SPECIES_MACHAMP	Revenge	22	22	same	
SPECIES_MACHAMP	Vital Throw	25	25	same	
SPECIES_MACHAMP	Wake-Up Slap	36	36	same	
SPECIES_MACHAMP	Cross Chop	40	43	moved	40 to 44: Kaizo's Machamp at 51, translated to 42, and no earlier than Kaizo's level of 51 within its split; 44 to 43: the same-level rule (another move is at 44); its split has no free level at or above its floor, so it stays in the split a level under it
SPECIES_MACHAMP	Scary Face	44	44	same	
SPECIES_MACHAMP	DynamicPunch	51	51	same	
SPECIES_MACHAMP	Low Sweep		61	added	new at 61: a move in the last splits, from Brilliant Diamond and Shining Pearl at 12
SPECIES_MACHAMP	Submission	32		dropped	leaves: 80% accurate on 80 power
SPECIES_MACHOKE	Low Kick	1	1	same	
SPECIES_MACHOKE	Leer	1	1	same	
SPECIES_MACHOKE	Focus Energy	1	1	same	
SPECIES_MACHOKE	Focus Energy	7	7	same	
SPECIES_MACHOKE	Karate Chop	10	10	same	
SPECIES_MACHOKE	Foresight	13	13	same	
SPECIES_MACHOKE	Seismic Toss	19	19	same	
SPECIES_MACHOKE	Revenge	22	22	same	
SPECIES_MACHOKE	Vital Throw	25	25	same	
SPECIES_MACHOKE	Wake-Up Slap	36	36	same	
SPECIES_MACHOKE	Scary Face	44	44	same	
SPECIES_MACHOKE	DynamicPunch	51	51	same	
SPECIES_MACHOKE	Cross Chop	40	53	moved	40 to 53: Kaizo's Machoke at 56, translated to 46, and no earlier than Kaizo's level of 56 within its split
SPECIES_MACHOKE	Submission	32		dropped	leaves: 80% accurate on 80 power
SPECIES_MACHOP	Low Kick	1	1	same	
SPECIES_MACHOP	Leer	1	1	same	
SPECIES_MACHOP	Focus Energy	7	7	same	
SPECIES_MACHOP	Karate Chop	10	10	same	
SPECIES_MACHOP	Foresight	13	13	same	
SPECIES_MACHOP	Seismic Toss	19	19	same	
SPECIES_MACHOP	Revenge	22	22	same	
SPECIES_MACHOP	Vital Throw	25	25	same	
SPECIES_MACHOP	Wake-Up Slap	34	34	same	
SPECIES_MACHOP	Cross Chop	37	39	moved	37 to 39: Kaizo's Machop at 46, translated to 38, and no earlier than Kaizo's level of 46 within its split
SPECIES_MACHOP	Scary Face	43	43	same	
SPECIES_MACHOP	DynamicPunch	46	46	same	
SPECIES_MACHOP	Submission	31		dropped	leaves: 80% accurate on 80 power
SPECIES_MAGBY	Smog	1	1	same	
SPECIES_MAGBY	Leer	1	1	same	
SPECIES_MAGBY	Ember	7	7	same	
SPECIES_MAGBY	SmokeScreen	10	10	same	
SPECIES_MAGBY	Faint Attack	16	16	same	
SPECIES_MAGBY	Confuse Ray	25	25	same	
SPECIES_MAGBY	Fire Punch	28	28	same	
SPECIES_MAGBY	Lava Plume	34	34	same	
SPECIES_MAGBY	Flamethrower	37	37	same	
SPECIES_MAGBY	Fire Blast	46	46	same	
SPECIES_MAGBY	Fire Spin	19		dropped	leaves: strength 35, under 40
SPECIES_MAGBY	Sunny Day	43		dropped	leaves: weather, for a species the player can own
SPECIES_MAGCARGO	Yawn	1	1	same	
SPECIES_MAGCARGO	Smog	1	1	same	
SPECIES_MAGCARGO	Ember	1	1	same	
SPECIES_MAGCARGO	Rock Throw	1	1	same	
SPECIES_MAGCARGO	Ember	8	8	same	
SPECIES_MAGCARGO	Rock Throw	11	11	same	
SPECIES_MAGCARGO	Harden	16	16	same	
SPECIES_MAGCARGO	Recover	23	23	same	
SPECIES_MAGCARGO	AncientPower	26	26	same	
SPECIES_MAGCARGO	Amnesia	31	31	same	
SPECIES_MAGCARGO	Lava Plume	40	40	same	
SPECIES_MAGCARGO	Rock Slide	45	45	same	
SPECIES_MAGCARGO	Body Slam	52	52	same	
SPECIES_MAGCARGO	Flamethrower	61	61	same	
SPECIES_MAGCARGO	Earth Power	66	66	same	
SPECIES_MAGEARNA	Gyro Ball	1	1	same	
SPECIES_MAGEARNA	Helping Hand	1	1	same	
SPECIES_MAGEARNA	Defense Curl	6	6	same	
SPECIES_MAGEARNA	Metal Claw		12	added	new at 12: keeps the first attack's level
SPECIES_MAGEARNA	Iron Defense	18	18	same	
SPECIES_MAGEARNA	Psybeam	30	30	same	
SPECIES_MAGEARNA	Aurora Beam	36	36	same	
SPECIES_MAGEARNA	Lock-On	42	42	same	
SPECIES_MAGEARNA	Shift Gear	48	48	same	
SPECIES_MAGEARNA	Trick	54	54	same	
SPECIES_MAGEARNA	Iron Head	60	60	same	
SPECIES_MAGEARNA	Aura Sphere	66	66	same	
SPECIES_MAGEARNA	Flash Cannon	72	72	same	
SPECIES_MAGEARNA	Pain Split	78	78	same	
SPECIES_MAGEARNA	Zap Cannon	84	84	same	
SPECIES_MAGEARNA	Fleur Cannon	90	90	same	
SPECIES_MAGEARNA	Rollout	12		dropped	leaves: strength 27, under 40
SPECIES_MAGEARNA	Magnetic Flux	24		dropped	leaves: the move pool's first cut
SPECIES_MAGIKARP	Tackle	15	1	moved	new at 1: the move-pool survey's pick
SPECIES_MAGIKARP	Water Gun		15	added	new at 15: keeps the first attack's level
SPECIES_MAGIKARP	Flail	30	30	same	
SPECIES_MAGIKARP	Bounce		63	added	new at 63: Kaizo's Magikarp at 80; an exclusive delay: Kaizo gives it to no later stage
SPECIES_MAGIKARP	Splash	1		dropped	leaves: the move pool's first cut
SPECIES_MAGMAR	Smog	1	1	same	
SPECIES_MAGMAR	Leer	1	1	same	
SPECIES_MAGMAR	Ember	1	1	same	
SPECIES_MAGMAR	Ember	7	7	same	
SPECIES_MAGMAR	SmokeScreen	10	10	same	
SPECIES_MAGMAR	Faint Attack	16	16	same	
SPECIES_MAGMAR	Confuse Ray	25	25	same	
SPECIES_MAGMAR	Fire Punch	28	28	same	
SPECIES_MAGMAR	Lava Plume	36	36	same	
SPECIES_MAGMAR	Flamethrower	41	41	same	
SPECIES_MAGMAR	Fire Blast	54	54	same	
SPECIES_MAGMAR	Fire Spin	19		dropped	leaves: strength 35, under 40
SPECIES_MAGMAR	Sunny Day	49		dropped	leaves: weather, for a species the player can own
SPECIES_MAGMORTAR	ThunderPunch	1	1	same	
SPECIES_MAGMORTAR	Smog	1	1	same	
SPECIES_MAGMORTAR	Leer	1	1	same	
SPECIES_MAGMORTAR	Ember	1	1	same	
SPECIES_MAGMORTAR	SmokeScreen	1	1	same	
SPECIES_MAGMORTAR	Ember	7	7	same	
SPECIES_MAGMORTAR	SmokeScreen	10	10	same	
SPECIES_MAGMORTAR	Faint Attack	16	16	same	
SPECIES_MAGMORTAR	Confuse Ray	25	25	same	
SPECIES_MAGMORTAR	Fire Punch	28	28	same	
SPECIES_MAGMORTAR	Lava Plume	37	37	same	
SPECIES_MAGMORTAR	Flamethrower	43	43	same	
SPECIES_MAGMORTAR	Fire Blast	58	60	moved	58 to 60: Kaizo's Magmortar at 77, translated to 60
SPECIES_MAGMORTAR	Hyper Beam	67	67	same	
SPECIES_MAGMORTAR	Fire Spin	19		dropped	leaves: strength 35, under 40
SPECIES_MAGMORTAR	Sunny Day	52		dropped	leaves: weather, for a species the player can own
SPECIES_MAGNEMITE	Metal Sound	1	1	same	
SPECIES_MAGNEMITE	Tackle	1	1	same	
SPECIES_MAGNEMITE	ThunderShock	6	6	same	
SPECIES_MAGNEMITE	Supersonic	11	11	same	
SPECIES_MAGNEMITE	SonicBoom	14	14	same	
SPECIES_MAGNEMITE	Thunder Wave	17	17	same	
SPECIES_MAGNEMITE	Spark	22	22	same	
SPECIES_MAGNEMITE	Lock-On	27	27	same	
SPECIES_MAGNEMITE	Magnet Bomb	30	30	same	
SPECIES_MAGNEMITE	Screech	33	33	same	
SPECIES_MAGNEMITE	Discharge	38	34	moved	38 to 33: Kaizo's Magnemite at 38, translated to 33; 33 to 34: the same-level rule (another move is at 33)
SPECIES_MAGNEMITE	Mirror Shot	43	43	same	
SPECIES_MAGNEMITE	Magnet Rise	46	46	same	
SPECIES_MAGNEMITE	Gyro Ball	49	49	same	
SPECIES_MAGNEMITE	Zap Cannon	54	54	same	
SPECIES_MAGNETON	Tri Attack	1	1	same	
SPECIES_MAGNETON	Metal Sound	1	1	same	
SPECIES_MAGNETON	Tackle	1	1	same	
SPECIES_MAGNETON	ThunderShock	1	1	same	
SPECIES_MAGNETON	Supersonic	1	1	same	
SPECIES_MAGNETON	ThunderShock	6	6	same	
SPECIES_MAGNETON	Supersonic	11	11	same	
SPECIES_MAGNETON	SonicBoom	14	14	same	
SPECIES_MAGNETON	Thunder Wave	17	17	same	
SPECIES_MAGNETON	Spark	22	22	same	
SPECIES_MAGNETON	Lock-On	27	27	same	
SPECIES_MAGNETON	Magnet Bomb	30	30	same	
SPECIES_MAGNETON	Screech	34	34	same	
SPECIES_MAGNETON	Discharge	40	39	moved	40 to 39: Kaizo's Magneton at 40, translated to 34, and no earlier than Kaizo's level of 40 within its split
SPECIES_MAGNETON	Flash Cannon		44	added	new at 44: Kaizo's Magneton at 54
SPECIES_MAGNETON	Mirror Shot	46	46	same	
SPECIES_MAGNETON	Magnet Rise	50	50	same	
SPECIES_MAGNETON	Thunderbolt		53	added	new at 53: Kaizo's Magneton at 60, no earlier than that within its split (translated to 49)
SPECIES_MAGNETON	Gyro Ball	54	54	same	
SPECIES_MAGNETON	Zap Cannon	60	60	same	
SPECIES_MAGNEZONE	Mirror Coat	1	1	same	
SPECIES_MAGNEZONE	Barrier	1	1	same	
SPECIES_MAGNEZONE	Metal Sound	1	1	same	
SPECIES_MAGNEZONE	Tackle	1	1	same	
SPECIES_MAGNEZONE	ThunderShock	1	1	same	
SPECIES_MAGNEZONE	Supersonic	1	1	same	
SPECIES_MAGNEZONE	ThunderShock	6	6	same	
SPECIES_MAGNEZONE	Supersonic	11	11	same	
SPECIES_MAGNEZONE	SonicBoom	14	14	same	
SPECIES_MAGNEZONE	Thunder Wave	17	17	same	
SPECIES_MAGNEZONE	Spark	22	22	same	
SPECIES_MAGNEZONE	Lock-On	27	27	same	
SPECIES_MAGNEZONE	Magnet Bomb	30	30	same	
SPECIES_MAGNEZONE	Screech	34	34	same	
SPECIES_MAGNEZONE	Discharge	40	40	same	40 to 34: Kaizo's Magnezone at 40, translated to 34; 34 to 40: Ian's ruling on five early moves, Kaizo's Magnezone has it below level 80, where a Kaizo player first has it, so no Kaizo split gives it; Oxide's level stays
SPECIES_MAGNEZONE	Flash Cannon		44	added	new at 44: Kaizo's Magnezone at 54
SPECIES_MAGNEZONE	Mirror Shot	46	46	same	
SPECIES_MAGNEZONE	Magnet Rise	50	50	same	
SPECIES_MAGNEZONE	Thunderbolt		53	added	new at 53: Kaizo's Magnezone at 60, no earlier than that within its split (translated to 49)
SPECIES_MAGNEZONE	Gyro Ball	54	54	same	
SPECIES_MAGNEZONE	Zap Cannon	60	60	same	
SPECIES_MAGNEZONE	Thunder		61	added	new at 61: a move in the last splits, from a TM it learns
SPECIES_MAKUHITA	Tackle	1	1	same	
SPECIES_MAKUHITA	Focus Energy	1	1	same	
SPECIES_MAKUHITA	Sand-Attack	4	4	same	
SPECIES_MAKUHITA	Arm Thrust	7	7	same	
SPECIES_MAKUHITA	Vital Throw	10	10	same	
SPECIES_MAKUHITA	Fake Out	13	13	same	
SPECIES_MAKUHITA	Whirlwind	16	16	same	
SPECIES_MAKUHITA	Knock Off	19	19	same	
SPECIES_MAKUHITA	SmellingSalt	22	22	same	
SPECIES_MAKUHITA	Belly Drum	25	25	same	
SPECIES_MAKUHITA	Force Palm	28	28	same	
SPECIES_MAKUHITA	Seismic Toss	31	31	same	
SPECIES_MAKUHITA	Wake-Up Slap	34	34	same	
SPECIES_MAKUHITA	Endure	37	37	same	
SPECIES_MAKUHITA	Reversal	43	43	same	
SPECIES_MAKUHITA	Close Combat	40	44	moved	40 to 44: Kaizo's Makuhita at 52, translated to 43, and no earlier than Kaizo's level of 52 within its split
SPECIES_MAKUHITA	Shadow Punch		53	added	new at 53: Kaizo's Makuhita at 55, no earlier than that within its split (translated to 45)
SPECIES_MAMOSWINE	AncientPower	1	1	same	
SPECIES_MAMOSWINE	Peck	1	1	same	
SPECIES_MAMOSWINE	Odor Sleuth	1	1	same	
SPECIES_MAMOSWINE	Mud Sport	1	1	same	
SPECIES_MAMOSWINE	Powder Snow	1	1	same	
SPECIES_MAMOSWINE	Ice Fang	28	1	moved	28 to 1: an exclusive delay, Kaizo gives it only to Swinub
SPECIES_MAMOSWINE	Earthquake	40	1	moved	40 to 1: an exclusive delay, Kaizo gives it only to Piloswine
SPECIES_MAMOSWINE	Mud Sport	4	4	same	
SPECIES_MAMOSWINE	Powder Snow	8	8	same	
SPECIES_MAMOSWINE	Mud-Slap	13	13	same	
SPECIES_MAMOSWINE	Endure	16	16	same	
SPECIES_MAMOSWINE	Mud Bomb	20	20	same	
SPECIES_MAMOSWINE	Take Down	32	32	same	
SPECIES_MAMOSWINE	Double Hit	33	33	same	
SPECIES_MAMOSWINE	Mist	48	48	same	
SPECIES_MAMOSWINE	Blizzard	56	56	same	
SPECIES_MAMOSWINE	Icicle Spear		61	added	new at 61: a move in the last splits, from Kaizo's Mamoswine at 65
SPECIES_MAMOSWINE	Scary Face	65	65	same	
SPECIES_MAMOSWINE	Hail	25		dropped	leaves: weather, for a species the player can own
SPECIES_MANAPHY	Tail Glow	1	1	same	
SPECIES_MANAPHY	Bubble	1	1	same	
SPECIES_MANAPHY	Water Sport	1	1	same	
SPECIES_MANAPHY	Charm	9	9	same	
SPECIES_MANAPHY	Supersonic	16	16	same	
SPECIES_MANAPHY	BubbleBeam	24	24	same	
SPECIES_MANAPHY	Acid Armor	31	31	same	
SPECIES_MANAPHY	Water Pulse	46	46	same	
SPECIES_MANAPHY	Aqua Ring	54	54	same	
SPECIES_MANAPHY	Dive	61	61	same	
SPECIES_MANAPHY	Heart Swap	76	76	same	
SPECIES_MANAPHY	Whirlpool	39		dropped	leaves: strength 35, under 40
SPECIES_MANAPHY	Rain Dance	69		dropped	leaves: weather, for a species the player can own
SPECIES_MANDIBUZZ	Bone Rush	1	1	same	
SPECIES_MANDIBUZZ	Bone Rush	1	1	same	
SPECIES_MANDIBUZZ	Toxic	1	1	same	
SPECIES_MANDIBUZZ	Gust	1	1	same	
SPECIES_MANDIBUZZ	Leer	1	1	same	
SPECIES_MANDIBUZZ	Fury Attack	1	1	same	
SPECIES_MANDIBUZZ	Pluck	1	1	same	
SPECIES_MANDIBUZZ	Flatter	1	1	same	
SPECIES_MANDIBUZZ	Whirlwind	1	1	same	
SPECIES_MANDIBUZZ	Mirror Move	1	1	same	
SPECIES_MANDIBUZZ	Brave Bird	1	1	same	
SPECIES_MANDIBUZZ	Fury Attack	5	5	same	
SPECIES_MANDIBUZZ	Pluck	10	10	same	
SPECIES_MANDIBUZZ	Flatter	19	19	same	
SPECIES_MANDIBUZZ	Faint Attack	23	23	same	
SPECIES_MANDIBUZZ	Knock Off	24	24	same	
SPECIES_MANDIBUZZ	Tailwind	26	26	same	
SPECIES_MANDIBUZZ	Punishment	28	28	same	
SPECIES_MANDIBUZZ	Iron Defense	30	30	same	
SPECIES_MANDIBUZZ	Nasty Plot	36	36	same	
SPECIES_MANDIBUZZ	Air Slash	41	41	same	
SPECIES_MANDIBUZZ	Whirlwind	45	45	same	
SPECIES_MANDIBUZZ	Dark Pulse	47	47	same	
SPECIES_MANDIBUZZ	Defog	49	49	same	
SPECIES_MANDIBUZZ	Embargo	50	50	same	
SPECIES_MANDIBUZZ	Mirror Move	70	70	same	
SPECIES_MANDIBUZZ	Attract	72	72	same	
SPECIES_MANDIBUZZ	Brave Bird	72	72	same	
SPECIES_MANDIBUZZ	Sky Attack	1		dropped	leaves: charges a turn in the open (Kaizo's lists keep no such move)
SPECIES_MANECTRIC	Fire Fang	1	1	same	
SPECIES_MANECTRIC	Tackle	1	1	same	
SPECIES_MANECTRIC	Thunder Wave	1	1	same	
SPECIES_MANECTRIC	Leer	1	1	same	
SPECIES_MANECTRIC	Howl	1	1	same	
SPECIES_MANECTRIC	Thunder Wave	4	4	same	
SPECIES_MANECTRIC	Leer	9	9	same	
SPECIES_MANECTRIC	Howl	12	12	same	
SPECIES_MANECTRIC	Quick Attack	17	17	same	
SPECIES_MANECTRIC	Spark	20	20	same	
SPECIES_MANECTRIC	Odor Sleuth	25	25	same	
SPECIES_MANECTRIC	Bite	30	30	same	
SPECIES_MANECTRIC	Thunder Fang	37	37	same	
SPECIES_MANECTRIC	Roar	42	42	same	
SPECIES_MANECTRIC	Discharge	49	49	same	
SPECIES_MANECTRIC	Charge	54	54	same	
SPECIES_MANECTRIC	Thunder	61	61	same	
SPECIES_MANKEY	Covet	1	1	same	
SPECIES_MANKEY	Scratch	1	1	same	
SPECIES_MANKEY	Low Kick	1	1	same	
SPECIES_MANKEY	Leer	1	1	same	
SPECIES_MANKEY	Focus Energy	1	1	same	
SPECIES_MANKEY	Fury Swipes	9	9	same	
SPECIES_MANKEY	Karate Chop	13	13	same	
SPECIES_MANKEY	Seismic Toss	17	17	same	
SPECIES_MANKEY	Screech	21	21	same	
SPECIES_MANKEY	Assurance	25	25	same	
SPECIES_MANKEY	Swagger	33	33	same	
SPECIES_MANKEY	Cross Chop	37	37	same	
SPECIES_MANKEY	Thrash	41	41	same	
SPECIES_MANKEY	Punishment	45	45	same	
SPECIES_MANKEY	Close Combat	49	49	same	
SPECIES_MANTINE	Psybeam	1	1	same	
SPECIES_MANTINE	Bullet Seed	1	1	same	
SPECIES_MANTINE	Signal Beam	1	1	same	
SPECIES_MANTINE	Tackle	1	1	same	
SPECIES_MANTINE	Bubble	1	1	same	
SPECIES_MANTINE	Supersonic	1	1	same	
SPECIES_MANTINE	BubbleBeam	1	1	same	
SPECIES_MANTINE	Supersonic	4	4	same	
SPECIES_MANTINE	BubbleBeam	10	10	same	
SPECIES_MANTINE	Headbutt	13	13	same	
SPECIES_MANTINE	Agility	19	19	same	
SPECIES_MANTINE	Wing Attack	22	22	same	
SPECIES_MANTINE	Water Pulse	28	28	same	
SPECIES_MANTINE	Take Down	31	31	same	
SPECIES_MANTINE	Confuse Ray	37	37	same	
SPECIES_MANTINE	Bounce	40	40	same	
SPECIES_MANTINE	Aqua Ring	46	46	same	
SPECIES_MANTINE	Hydro Pump	49	49	same	
SPECIES_MANTINE	Air Slash		61	added	new at 61: a move in the last splits, from Kaizo's Mantine at 40
SPECIES_MANTYKE	Tackle	1	1	same	
SPECIES_MANTYKE	Bubble	1	1	same	
SPECIES_MANTYKE	Supersonic	4	4	same	
SPECIES_MANTYKE	BubbleBeam	10	10	same	
SPECIES_MANTYKE	Headbutt	13	13	same	
SPECIES_MANTYKE	Agility	19	19	same	
SPECIES_MANTYKE	Wing Attack	22	22	same	
SPECIES_MANTYKE	Water Pulse	28	28	same	
SPECIES_MANTYKE	Take Down	31	31	same	
SPECIES_MANTYKE	Confuse Ray	37	37	same	
SPECIES_MANTYKE	Bounce	40	40	same	
SPECIES_MANTYKE	Aqua Ring	46	46	same	
SPECIES_MANTYKE	Hydro Pump	49	49	same	
SPECIES_MAREANIE	Poison Sting	1	1	same	
SPECIES_MAREANIE	Peck	1	1	same	
SPECIES_MAREANIE	Peck	5	5	same	
SPECIES_MAREANIE	Bite	9	9	same	
SPECIES_MAREANIE	Wide Guard	10	10	same	
SPECIES_MAREANIE	Venoshock	19	19	same	
SPECIES_MAREANIE	Toxic Spikes	22	22	same	
SPECIES_MAREANIE	Recover	26	26	same	
SPECIES_MAREANIE	Spike Cannon	29	29	same	
SPECIES_MAREANIE	Pin Missile	34	34	same	
SPECIES_MAREANIE	Toxic	36	36	same	
SPECIES_MAREANIE	Venom Drench	40	40	same	
SPECIES_MAREANIE	Liquidation	41	41	same	
SPECIES_MAREANIE	Poison Jab	41	41	same	
SPECIES_MAREEP	Tackle	1	1	same	
SPECIES_MAREEP	Growl	5	5	same	
SPECIES_MAREEP	ThunderShock	10	10	same	
SPECIES_MAREEP	Thunder Wave	14	14	same	
SPECIES_MAREEP	Cotton Spore	19	19	same	
SPECIES_MAREEP	Charge	23	23	same	
SPECIES_MAREEP	Signal Beam	32	32	same	
SPECIES_MAREEP	Discharge	28	33	moved	28 to 32: Kaizo's Mareep at 32, translated to 29, and no earlier than Kaizo's level of 32 within its split; 32 to 33: the same-level rule (another move is at 32)
SPECIES_MAREEP	Light Screen	37	37	same	
SPECIES_MAREEP	Thunderbolt		39	added	new at 39: Kaizo's Mareep at 46, no earlier than that within its split (translated to 38)
SPECIES_MAREEP	Power Gem	41	41	same	
SPECIES_MAREEP	Thunder	46	46	same	
SPECIES_MARILL	Tackle	1	1	same	
SPECIES_MARILL	Defense Curl	2	2	same	
SPECIES_MARILL	Tail Whip	7	7	same	
SPECIES_MARILL	Water Gun	10	10	same	
SPECIES_MARILL	BubbleBeam	18	18	same	
SPECIES_MARILL	Aqua Ring	23	23	same	
SPECIES_MARILL	Double-Edge	27	27	same	
SPECIES_MARILL	Aqua Tail	37	37	same	
SPECIES_MARILL	Hydro Pump	42	42	same	
SPECIES_MARILL	Rollout	15		dropped	leaves: strength 27, under 40
SPECIES_MARILL	Rain Dance	32		dropped	leaves: weather, for a species the player can own
SPECIES_MAROWAK	Growl	1	1	same	
SPECIES_MAROWAK	Tail Whip	1	1	same	
SPECIES_MAROWAK	Headbutt	1	1	same	
SPECIES_MAROWAK	Tail Whip	3	3	same	
SPECIES_MAROWAK	Headbutt	11	11	same	
SPECIES_MAROWAK	Leer	13	13	same	
SPECIES_MAROWAK	Focus Energy	17	17	same	
SPECIES_MAROWAK	Bonemerang	21	21	same	
SPECIES_MAROWAK	False Swipe	27	27	same	
SPECIES_MAROWAK	Thrash	33	33	same	
SPECIES_MAROWAK	Fling	37	37	same	
SPECIES_MAROWAK	Bone Rush	43	43	same	
SPECIES_MAROWAK	Endeavor	49	49	same	
SPECIES_MAROWAK	Double-Edge	53	53	same	
SPECIES_MAROWAK	Bone Club	1		dropped	leaves: 85% accurate on 65 power
SPECIES_MAROWAK	Rage	23		dropped	leaves: strength 20, under 40
SPECIES_MARSHTOMP	Tackle	1	1	same	
SPECIES_MARSHTOMP	Growl	1	1	same	
SPECIES_MARSHTOMP	Mud-Slap	1	1	same	
SPECIES_MARSHTOMP	Water Gun	1	1	same	
SPECIES_MARSHTOMP	Mud-Slap	6	6	same	
SPECIES_MARSHTOMP	Water Gun	10	10	same	
SPECIES_MARSHTOMP	Mud Shot	16	16	same	
SPECIES_MARSHTOMP	Foresight	20	20	same	
SPECIES_MARSHTOMP	Mud Bomb	25	25	same	
SPECIES_MARSHTOMP	Take Down	31	31	same	
SPECIES_MARSHTOMP	Muddy Water	37	37	same	
SPECIES_MARSHTOMP	Protect	42	42	same	
SPECIES_MARSHTOMP	Earthquake	46	46	same	
SPECIES_MARSHTOMP	Endeavor	53	53	same	
SPECIES_MARSHTOMP	Bide	15		dropped	leaves: works only asleep, or returns less than double
SPECIES_MASQUERAIN	Ominous Wind	1	1	same	
SPECIES_MASQUERAIN	Bubble	1	1	same	
SPECIES_MASQUERAIN	Quick Attack	1	1	same	
SPECIES_MASQUERAIN	Sweet Scent	1	1	same	
SPECIES_MASQUERAIN	Water Sport	1	1	same	
SPECIES_MASQUERAIN	Quick Attack	7	7	same	
SPECIES_MASQUERAIN	Sweet Scent	13	13	same	
SPECIES_MASQUERAIN	Water Sport	19	19	same	
SPECIES_MASQUERAIN	Gust	22	22	same	
SPECIES_MASQUERAIN	Scary Face	26	26	same	
SPECIES_MASQUERAIN	Stun Spore	33	33	same	
SPECIES_MASQUERAIN	Silver Wind	40	40	same	
SPECIES_MASQUERAIN	Air Slash	47	47	same	
SPECIES_MASQUERAIN	Whirlwind	54	54	same	
SPECIES_MASQUERAIN	Bug Buzz	61	61	same	
SPECIES_MAWILE	Fake Tears	6	6	same	
SPECIES_MAWILE	Bite	11	11	same	
SPECIES_MAWILE	Sweet Scent	16	16	same	
SPECIES_MAWILE	ViceGrip	21	21	same	
SPECIES_MAWILE	Faint Attack	26	26	same	
SPECIES_MAWILE	Baton Pass	31	31	same	
SPECIES_MAWILE	Crunch	36	36	same	
SPECIES_MAWILE	Thunder Fang		39	added	new at 39: Kaizo's Mawile at 46, no earlier than that within its split (translated to 38)
SPECIES_MAWILE	Iron Defense	41	41	same	
SPECIES_MAWILE	Ice Fang		44	added	new at 44: Kaizo's Mawile at 51, no earlier than that within its split (translated to 42)
SPECIES_MAWILE	Sucker Punch	46	46	same	
SPECIES_MAWILE	Stockpile	51	51	same	
SPECIES_MAWILE	Swallow	51	51	same	
SPECIES_MAWILE	Spit Up	51	51	same	
SPECIES_MAWILE	Iron Head	56	56	same	
SPECIES_MAWILE	Play Rough		61	added	new at 61: a move in the last splits, from Legends Z-A at 48
SPECIES_MAWILE	Astonish	1		dropped	leaves: strength 30, under 40
SPECIES_MEDICHAM	Fire Punch	1	1	same	
SPECIES_MEDICHAM	ThunderPunch	1	1	same	
SPECIES_MEDICHAM	Ice Punch	1	1	same	
SPECIES_MEDICHAM	Meditate	1	1	same	
SPECIES_MEDICHAM	Confusion	1	1	same	
SPECIES_MEDICHAM	Detect	1	1	same	
SPECIES_MEDICHAM	Meditate	4	4	same	
SPECIES_MEDICHAM	Confusion	8	8	same	
SPECIES_MEDICHAM	Detect	11	11	same	
SPECIES_MEDICHAM	Hidden Power	15	15	same	
SPECIES_MEDICHAM	Mind Reader	18	18	same	
SPECIES_MEDICHAM	Feint	22	22	same	
SPECIES_MEDICHAM	Calm Mind	25	25	same	
SPECIES_MEDICHAM	Force Palm	29	29	same	
SPECIES_MEDICHAM	Hi Jump Kick	32	32	same	
SPECIES_MEDICHAM	Psych Up	36	36	same	
SPECIES_MEDICHAM	Power Trick	42	42	same	
SPECIES_MEDICHAM	Reversal	49	49	same	
SPECIES_MEDICHAM	Recover	55	55	same	
SPECIES_MEDICHAM	Axe Kick		61	added	new at 61: a move in the last splits, from Scarlet and Violet at 53
SPECIES_MEDICHAM	Bide	1		dropped	leaves: works only asleep, or returns less than double
SPECIES_MEDITITE	Meditate	4	4	same	
SPECIES_MEDITITE	Confusion	8	8	same	
SPECIES_MEDITITE	Detect	11	11	same	
SPECIES_MEDITITE	Hidden Power	15	15	same	
SPECIES_MEDITITE	Mind Reader	18	18	same	
SPECIES_MEDITITE	Feint	22	22	same	
SPECIES_MEDITITE	Calm Mind	25	25	same	
SPECIES_MEDITITE	Force Palm	29	29	same	
SPECIES_MEDITITE	Hi Jump Kick	32	32	same	
SPECIES_MEDITITE	Psych Up	36	36	same	
SPECIES_MEDITITE	Power Trick	39	39	same	
SPECIES_MEDITITE	Reversal	43	43	same	
SPECIES_MEDITITE	Recover	46	46	same	
SPECIES_MEDITITE	Bide	1		dropped	leaves: works only asleep, or returns less than double
SPECIES_MEGANIUM	Tackle	1	1	same	
SPECIES_MEGANIUM	Growl	1	1	same	
SPECIES_MEGANIUM	Razor Leaf	1	1	same	
SPECIES_MEGANIUM	PoisonPowder	1	1	same	
SPECIES_MEGANIUM	Razor Leaf	6	6	same	
SPECIES_MEGANIUM	PoisonPowder	9	9	same	
SPECIES_MEGANIUM	Synthesis	12	12	same	
SPECIES_MEGANIUM	Reflect	18	18	same	
SPECIES_MEGANIUM	Magical Leaf	22	22	same	
SPECIES_MEGANIUM	Natural Gift	26	26	same	
SPECIES_MEGANIUM	Petal Dance	32	32	same	
SPECIES_MEGANIUM	Sweet Scent	34	34	same	
SPECIES_MEGANIUM	Light Screen	40	40	same	
SPECIES_MEGANIUM	Body Slam	46	46	same	
SPECIES_MEGANIUM	Safeguard	54	54	same	
SPECIES_MEGANIUM	Aromatherapy	60	60	same	
SPECIES_MEGANIUM	SolarBeam	66	66	same	
SPECIES_MEOWSCARADA	Copycat	1	1	same	
SPECIES_MEOWSCARADA	Triple Axel	1	1	same	
SPECIES_MEOWSCARADA	Leafage	1	1	same	
SPECIES_MEOWSCARADA	Scratch	1	1	same	
SPECIES_MEOWSCARADA	Tail Whip	1	1	same	
SPECIES_MEOWSCARADA	U-turn	1	1	same	
SPECIES_MEOWSCARADA	Bite	7	7	same	
SPECIES_MEOWSCARADA	Magical Leaf	13	13	same	
SPECIES_MEOWSCARADA	Quick Attack	15	15	same	
SPECIES_MEOWSCARADA	Seed Bomb	20	20	same	
SPECIES_MEOWSCARADA	Slash	24	24	same	
SPECIES_MEOWSCARADA	Worry Seed	29	29	same	
SPECIES_MEOWSCARADA	Night Slash	33	33	same	
SPECIES_MEOWSCARADA	Flower Trick	36	36	same	
SPECIES_MEOWSCARADA	Play Rough	47	47	same	
SPECIES_MEOWSCARADA	Knock Off	51	51	same	
SPECIES_MEOWSCARADA	Energy Ball	42	53	moved	42 to 53: its nearest Kaizo lines, translated to 53
SPECIES_MEOWSCARADA	U-turn	55	55	same	
SPECIES_MEOWSCARADA	Leaf Storm	61	61	same	
SPECIES_MEOWTH	Scratch	1	1	same	
SPECIES_MEOWTH	Growl	1	1	same	
SPECIES_MEOWTH	Bite	6	6	same	
SPECIES_MEOWTH	Fake Out	9	9	same	
SPECIES_MEOWTH	Fury Swipes	14	14	same	
SPECIES_MEOWTH	Screech	17	17	same	
SPECIES_MEOWTH	Faint Attack	22	22	same	
SPECIES_MEOWTH	Taunt	25	25	same	
SPECIES_MEOWTH	Slash	33	33	same	
SPECIES_MEOWTH	Nasty Plot	38	38	same	
SPECIES_MEOWTH	Assurance	41	41	same	
SPECIES_MEOWTH	Captivate	46	46	same	
SPECIES_MEOWTH	Night Slash	49	49	same	
SPECIES_MEOWTH	Feint	54	54	same	
SPECIES_MEOWTH	Pay Day	30		dropped	leaves: strength 40, at most half of Fantina's usual 80
SPECIES_MESPRIT	Rest	1	1	same	
SPECIES_MESPRIT	Confusion	1	1	same	
SPECIES_MESPRIT	Imprison	6	6	same	
SPECIES_MESPRIT	Protect	16	16	same	
SPECIES_MESPRIT	Swift	21	21	same	
SPECIES_MESPRIT	Lucky Chant	31	31	same	
SPECIES_MESPRIT	Future Sight	36	36	same	
SPECIES_MESPRIT	Charm	46	46	same	
SPECIES_MESPRIT	Extrasensory	51	51	same	
SPECIES_MESPRIT	Copycat	61	61	same	
SPECIES_MESPRIT	Natural Gift	66	66	same	
SPECIES_MESPRIT	Healing Wish	76	76	same	
SPECIES_METAGROSS	Magnet Rise	1	1	same	
SPECIES_METAGROSS	Take Down	1	1	same	
SPECIES_METAGROSS	Metal Claw	1	1	same	
SPECIES_METAGROSS	Confusion	1	1	same	
SPECIES_METAGROSS	Metal Claw	20	20	same	
SPECIES_METAGROSS	Confusion	20	20	same	
SPECIES_METAGROSS	Scary Face	24	24	same	
SPECIES_METAGROSS	Pursuit	28	28	same	
SPECIES_METAGROSS	Bullet Punch	32	32	same	
SPECIES_METAGROSS	Psychic	36	36	same	
SPECIES_METAGROSS	Iron Defense	40	40	same	
SPECIES_METAGROSS	Agility	44	44	same	
SPECIES_METAGROSS	Hammer Arm	45	52	moved	45 to 53: Kaizo's Metagross at 64, translated to 52, and no earlier than Kaizo's level of 64 within its split; 53 to 52: the same-level rule (another move is at 53); its split has no free level at or above its floor, so it stays in the split a level under it
SPECIES_METAGROSS	Meteor Mash	53	53	same	
SPECIES_METAGROSS	Zen Headbutt	62	62	same	
SPECIES_METAGROSS	Hyper Beam	71	71	same	
SPECIES_METANG	Magnet Rise	1	1	same	
SPECIES_METANG	Take Down	1	1	same	
SPECIES_METANG	Metal Claw	1	1	same	
SPECIES_METANG	Confusion	1	1	same	
SPECIES_METANG	Metal Claw	20	20	same	
SPECIES_METANG	Confusion	20	20	same	
SPECIES_METANG	Scary Face	24	24	same	
SPECIES_METANG	Pursuit	28	28	same	
SPECIES_METANG	Iron Head		31	added	new at 32: Kaizo's Metang at 32, no earlier than that within its split (translated to 29); 32 to 31: the same-level rule (another move is at 32); its split has no free level at or above its floor, so it stays in the split a level under it
SPECIES_METANG	Bullet Punch	32	32	same	
SPECIES_METANG	Zen Headbutt	52	33	moved	52 to 33: Kaizo's Metang at 36, translated to 32, and no earlier than Kaizo's level of 36 within its split
SPECIES_METANG	Psychic	36	36	same	
SPECIES_METANG	Iron Defense	40	40	same	
SPECIES_METANG	Agility	44	44	same	
SPECIES_METANG	Meteor Mash	48	48	same	
SPECIES_METANG	Hyper Beam	56	56	same	
SPECIES_METAPOD	Harden	1	1	same	
SPECIES_METAPOD	Harden	7	7	same	
SPECIES_MEW	Pound	1	1	same	
SPECIES_MEW	Transform	1	1	same	
SPECIES_MEW	Confusion		10	added	new at 10: keeps the first attack's level
SPECIES_MEW	Metronome	20	20	same	
SPECIES_MEW	Psychic	30	30	same	
SPECIES_MEW	Barrier	40	40	same	
SPECIES_MEW	AncientPower	50	50	same	
SPECIES_MEW	Amnesia	60	60	same	
SPECIES_MEW	Me First	70	70	same	
SPECIES_MEW	Baton Pass	80	80	same	
SPECIES_MEW	Nasty Plot	90	90	same	
SPECIES_MEW	Aura Sphere	100	100	same	
SPECIES_MEW	Mega Punch	10		dropped	leaves: 85% accurate on 80 power
SPECIES_MEWTWO	Confusion	1	1	same	
SPECIES_MEWTWO	Disable	1	1	same	
SPECIES_MEWTWO	Barrier	8	8	same	
SPECIES_MEWTWO	Swift	15	15	same	
SPECIES_MEWTWO	Future Sight	22	22	same	
SPECIES_MEWTWO	Psych Up	29	29	same	
SPECIES_MEWTWO	Miracle Eye	36	36	same	
SPECIES_MEWTWO	Mist	43	43	same	
SPECIES_MEWTWO	Psycho Cut	50	50	same	
SPECIES_MEWTWO	Amnesia	57	57	same	
SPECIES_MEWTWO	Power Swap	64	64	same	
SPECIES_MEWTWO	Guard Swap	64	64	same	
SPECIES_MEWTWO	Psychic	71	71	same	
SPECIES_MEWTWO	Me First	79	79	same	
SPECIES_MEWTWO	Recover	86	86	same	
SPECIES_MEWTWO	Safeguard	93	93	same	
SPECIES_MEWTWO	Aura Sphere	100	100	same	
SPECIES_MIENFOO	Pound	1	1	same	
SPECIES_MIENFOO	Rock Smash	5	5	same	
SPECIES_MIENFOO	Fake Out	12	12	same	
SPECIES_MIENFOO	DoubleSlap	17	17	same	
SPECIES_MIENFOO	Force Palm	20	20	same	
SPECIES_MIENFOO	Bounce	22	22	same	
SPECIES_MIENFOO	Vacuum Wave	32	32	same	
SPECIES_MIENFOO	Drain Punch	25	33	moved	25 to 32: its nearest Kaizo lines, translated to 28, and no earlier than Kaizo's level of 32 within its split; 32 to 33: the same-level rule (another move is at 32)
SPECIES_MIENFOO	Aura Sphere	38	38	same	
SPECIES_MIENFOO	Me First	40	40	same	
SPECIES_MIENFOO	Jump Kick	43	43	same	
SPECIES_MIENFOO	Dual Chop	46	46	same	
SPECIES_MIENFOO	Focus Blast	50	50	same	
SPECIES_MIENFOO	Acrobatics	54	54	same	
SPECIES_MIENFOO	Hi Jump Kick	58	58	same	
SPECIES_MIENSHAO	Pound	1	1	same	
SPECIES_MIENSHAO	Rock Smash	5	5	same	
SPECIES_MIENSHAO	Fake Out	12	12	same	
SPECIES_MIENSHAO	DoubleSlap	17	17	same	
SPECIES_MIENSHAO	Force Palm	20	20	same	
SPECIES_MIENSHAO	Bounce	22	22	same	
SPECIES_MIENSHAO	Drain Punch	25	25	same	
SPECIES_MIENSHAO	Vacuum Wave	32	32	same	
SPECIES_MIENSHAO	Aura Sphere	38	38	same	
SPECIES_MIENSHAO	Me First	40	40	same	
SPECIES_MIENSHAO	Jump Kick	45	45	same	
SPECIES_MIENSHAO	Dual Chop	48	48	same	
SPECIES_MIENSHAO	Focus Blast	51	51	same	
SPECIES_MIENSHAO	Acrobatics	55	55	same	
SPECIES_MIENSHAO	Hi Jump Kick	64	64	same	
SPECIES_MIGHTYENA	Tackle	1	1	same	
SPECIES_MIGHTYENA	Howl	1	1	same	
SPECIES_MIGHTYENA	Sand-Attack	1	1	same	
SPECIES_MIGHTYENA	Bite	1	1	same	
SPECIES_MIGHTYENA	Howl	5	5	same	
SPECIES_MIGHTYENA	Sand-Attack	9	9	same	
SPECIES_MIGHTYENA	Bite	13	13	same	
SPECIES_MIGHTYENA	Odor Sleuth	17	17	same	
SPECIES_MIGHTYENA	Roar	22	22	same	
SPECIES_MIGHTYENA	Swagger	27	27	same	
SPECIES_MIGHTYENA	Assurance	32	32	same	
SPECIES_MIGHTYENA	Crunch	34	34	same	
SPECIES_MIGHTYENA	Scary Face	37	37	same	
SPECIES_MIGHTYENA	Taunt	42	42	same	
SPECIES_MIGHTYENA	Embargo	47	47	same	
SPECIES_MIGHTYENA	Take Down	52	52	same	
SPECIES_MIGHTYENA	Thief	57	57	same	
SPECIES_MIGHTYENA	Sucker Punch	62	62	same	
SPECIES_MILOTIC	Water Gun	1	1	same	
SPECIES_MILOTIC	Water Sport	5	5	same	
SPECIES_MILOTIC	Refresh	9	9	same	
SPECIES_MILOTIC	Water Pulse	13	13	same	
SPECIES_MILOTIC	Recover	21	21	same	
SPECIES_MILOTIC	Captivate	25	25	same	
SPECIES_MILOTIC	Aqua Tail	29	29	same	
SPECIES_MILOTIC	Hydro Pump	37	37	same	
SPECIES_MILOTIC	Attract	41	41	same	
SPECIES_MILOTIC	Safeguard	45	45	same	
SPECIES_MILOTIC	Aqua Ring	49	49	same	
SPECIES_MILOTIC	Ice Beam		61	added	new at 61: a move in the last splits, from Kaizo's Milotic at 76
SPECIES_MILOTIC	Wrap	1		dropped	leaves: strength 14, under 40
SPECIES_MILOTIC	Twister	17		dropped	leaves: strength 40, at most half of Gardenia's usual 80
SPECIES_MILOTIC	Rain Dance	33		dropped	leaves: weather, for a species the player can own
SPECIES_MILTANK	Tackle	1	1	same	
SPECIES_MILTANK	Growl	3	3	same	
SPECIES_MILTANK	Defense Curl	5	5	same	
SPECIES_MILTANK	Stomp	8	8	same	
SPECIES_MILTANK	Milk Drink	11	11	same	
SPECIES_MILTANK	Body Slam	24	24	same	
SPECIES_MILTANK	Zen Headbutt	29	29	same	
SPECIES_MILTANK	Captivate	35	35	same	
SPECIES_MILTANK	Gyro Ball	41	41	same	
SPECIES_MILTANK	Heal Bell	48	48	same	
SPECIES_MILTANK	Wake-Up Slap	55	55	same	
SPECIES_MILTANK	Bide	15		dropped	leaves: works only asleep, or returns less than double
SPECIES_MILTANK	Rollout	19		dropped	leaves: strength 27, under 40
SPECIES_MIME_JR	Tickle	1	1	same	
SPECIES_MIME_JR	Barrier	1	1	same	
SPECIES_MIME_JR	Confusion	1	1	same	
SPECIES_MIME_JR	Copycat	4	4	same	
SPECIES_MIME_JR	Meditate	8	8	same	
SPECIES_MIME_JR	Encore	11	11	same	
SPECIES_MIME_JR	DoubleSlap	15	15	same	
SPECIES_MIME_JR	Mimic	18	18	same	
SPECIES_MIME_JR	Psybeam	25	25	same	
SPECIES_MIME_JR	Light Screen	22	28	moved	22 to 29: Kaizo's Mime_Jr at 32, translated to 29; 29 to 28: the same-level rule (another move is at 29)
SPECIES_MIME_JR	Substitute	29	29	same	
SPECIES_MIME_JR	Reflect	22	31	moved	22 to 32: Kaizo's Mime_Jr at 36, translated to 32; 32 to 31: the same-level rule (another move is at 32)
SPECIES_MIME_JR	Recycle	32	32	same	
SPECIES_MIME_JR	Trick	36	36	same	
SPECIES_MIME_JR	Role Play	43	43	same	
SPECIES_MIME_JR	Psychic	39	44	moved	39 to 44: Kaizo's Mime_Jr at 50, translated to 41, and no earlier than Kaizo's level of 50 within its split
SPECIES_MIME_JR	Baton Pass	46	46	same	
SPECIES_MIME_JR	Safeguard	50	50	same	
SPECIES_MINCCINO	Pound	1	1	same	
SPECIES_MINCCINO	Baby-Doll Eyes	1	1	same	
SPECIES_MINCCINO	Baby-Doll Eyes	3	3	same	
SPECIES_MINCCINO	Helping Hand	5	5	same	
SPECIES_MINCCINO	DoubleSlap	13	13	same	
SPECIES_MINCCINO	Sing	16	16	same	
SPECIES_MINCCINO	Echoed Voice	19	19	same	
SPECIES_MINCCINO	Swift	19	19	same	
SPECIES_MINCCINO	Encore	19	19	same	
SPECIES_MINCCINO	Charm	21	21	same	
SPECIES_MINCCINO	Tickle	23	23	same	
SPECIES_MINCCINO	Tail Slap	28	28	same	
SPECIES_MINCCINO	Wake-Up Slap	31	31	same	
SPECIES_MINCCINO	After You	37	37	same	
SPECIES_MINCCINO	Slam	38	38	same	
SPECIES_MINCCINO	Captivate	39	39	same	
SPECIES_MINCCINO	Hyper Voice	43	43	same	
SPECIES_MINCCINO	Last Resort	46	46	same	
SPECIES_MINUN	Growl	1	1	same	
SPECIES_MINUN	Thunder Wave	3	3	same	
SPECIES_MINUN	Quick Attack	7	7	same	
SPECIES_MINUN	Helping Hand	10	10	same	
SPECIES_MINUN	Spark	15	15	same	
SPECIES_MINUN	Encore	17	17	same	
SPECIES_MINUN	Charm	21	21	same	
SPECIES_MINUN	Copycat	24	24	same	
SPECIES_MINUN	Swift	29	29	same	
SPECIES_MINUN	Fake Tears	31	31	same	
SPECIES_MINUN	Charge	35	35	same	
SPECIES_MINUN	Thunder	38	38	same	
SPECIES_MINUN	Baton Pass	42	42	same	
SPECIES_MINUN	Thunderbolt		43	added	new at 44: Kaizo's Minun at 48, no earlier than that within its split (translated to 40); 44 to 43: the same-level rule (another move is at 44); its split has no free level at or above its floor, so it stays in the split a level under it
SPECIES_MINUN	Agility	44	44	same	
SPECIES_MINUN	Trump Card	48	48	same	
SPECIES_MINUN	Nasty Plot	51	51	same	
SPECIES_MINUN	Discharge		61	added	new at 61: a move in the last splits, from Kaizo's Minun at 42
SPECIES_MISDREAVUS	Growl	1	1	same	
SPECIES_MISDREAVUS	Psywave	1	1	same	
SPECIES_MISDREAVUS	Spite	5	5	same	
SPECIES_MISDREAVUS	Shadow Sneak		10	added	new at 10: keeps the first attack's level
SPECIES_MISDREAVUS	Confuse Ray	14	14	same	
SPECIES_MISDREAVUS	Mean Look	19	19	same	
SPECIES_MISDREAVUS	Psybeam	23	23	same	
SPECIES_MISDREAVUS	Payback	32	32	same	
SPECIES_MISDREAVUS	Pain Split	28	35	moved	28 to 35: Kaizo's Misdreavus at 41, translated to 35
SPECIES_MISDREAVUS	Shadow Ball	37	37	same	
SPECIES_MISDREAVUS	Perish Song	41	41	same	
SPECIES_MISDREAVUS	Grudge	46	46	same	
SPECIES_MISDREAVUS	Power Gem	50	50	same	
SPECIES_MISDREAVUS	Astonish	10		dropped	leaves: strength 30, under 40
SPECIES_MISMAGIUS	Lucky Chant	1	1	same	
SPECIES_MISMAGIUS	Magical Leaf	1	1	same	
SPECIES_MISMAGIUS	Growl	1	1	same	
SPECIES_MISMAGIUS	Psywave	1	1	same	
SPECIES_MISMAGIUS	Spite	1	1	same	
SPECIES_MISMAGIUS	Shadow Ball		37	added	new at 37: a key move after the evolution, from Misdreavus's 37
SPECIES_MISMAGIUS	Hex		61	added	new at 61: a move in the last splits, from Legends Arceus at 18
SPECIES_MISMAGIUS	Astonish	1		dropped	leaves: strength 30, under 40
SPECIES_MOLTRES	Wing Attack	1	1	same	
SPECIES_MOLTRES	Ember	1	1	same	
SPECIES_MOLTRES	Agility	15	15	same	
SPECIES_MOLTRES	Endure	22	22	same	
SPECIES_MOLTRES	AncientPower	29	29	same	
SPECIES_MOLTRES	Flamethrower	36	36	same	
SPECIES_MOLTRES	Safeguard	43	43	same	
SPECIES_MOLTRES	Air Slash	50	50	same	
SPECIES_MOLTRES	Heat Wave	64	64	same	
SPECIES_MOLTRES	Roost	57	69	moved	57 to 69: Kaizo's Moltres at 85, translated to 69
SPECIES_MOLTRES	SolarBeam	71	71	same	
SPECIES_MOLTRES	Fire Spin	8		dropped	leaves: strength 35, under 40
SPECIES_MOLTRES	Sky Attack	78		dropped	leaves: charges a turn in the open (Kaizo's lists keep no such move)
SPECIES_MOLTRES	Sunny Day	85		dropped	leaves: weather, for a species the player can own
SPECIES_MONFERNO	Scratch	1	1	same	
SPECIES_MONFERNO	Leer	1	1	same	
SPECIES_MONFERNO	Ember	1	1	same	
SPECIES_MONFERNO	Ember	7	7	same	
SPECIES_MONFERNO	Taunt	9	9	same	
SPECIES_MONFERNO	Mach Punch	14	14	same	
SPECIES_MONFERNO	Fury Swipes	16	16	same	
SPECIES_MONFERNO	Flame Wheel	19	19	same	
SPECIES_MONFERNO	Feint	26	26	same	
SPECIES_MONFERNO	Torment	29	29	same	
SPECIES_MONFERNO	Close Combat	36	36	same	
SPECIES_MONFERNO	Slack Off	46	46	same	
SPECIES_MONFERNO	Flare Blitz	49	49	same	
SPECIES_MONFERNO	Fire Spin	39		dropped	leaves: strength 35, under 40
SPECIES_MOTHIM	Tackle	1	1	same	
SPECIES_MOTHIM	Protect	10	10	same	
SPECIES_MOTHIM	Bug Bite	15	15	same	
SPECIES_MOTHIM	Hidden Power	20	20	same	
SPECIES_MOTHIM	Confusion	23	23	same	
SPECIES_MOTHIM	Gust	26	26	same	
SPECIES_MOTHIM	PoisonPowder	29	29	same	
SPECIES_MOTHIM	Psybeam	32	32	same	
SPECIES_MOTHIM	Camouflage	35	35	same	
SPECIES_MOTHIM	Silver Wind	38	38	same	
SPECIES_MOTHIM	Air Slash	41	41	same	
SPECIES_MOTHIM	Psychic	44	44	same	
SPECIES_MOTHIM	Bug Buzz	47	47	same	
SPECIES_MOTHIM	Aerial Ace		61	added	new at 61: a move in the last splits, from Kaizo's Mothim at 29
SPECIES_MR_MIME	Magical Leaf	1	1	same	
SPECIES_MR_MIME	Power Swap	1	1	same	
SPECIES_MR_MIME	Guard Swap	1	1	same	
SPECIES_MR_MIME	Barrier	1	1	same	
SPECIES_MR_MIME	Confusion	1	1	same	
SPECIES_MR_MIME	Copycat	4	4	same	
SPECIES_MR_MIME	Meditate	8	8	same	
SPECIES_MR_MIME	Encore	11	11	same	
SPECIES_MR_MIME	DoubleSlap	15	15	same	
SPECIES_MR_MIME	Mimic	18	18	same	
SPECIES_MR_MIME	Light Screen	22	22	same	
SPECIES_MR_MIME	Reflect	22	22	same	
SPECIES_MR_MIME	Psybeam	25	25	same	
SPECIES_MR_MIME	Substitute	29	29	same	
SPECIES_MR_MIME	Recycle	32	32	same	
SPECIES_MR_MIME	Trick	36	36	same	
SPECIES_MR_MIME	Role Play	43	43	same	
SPECIES_MR_MIME	Psychic	39	44	moved	39 to 44: Kaizo's Mr_Mime at 50, translated to 41, and no earlier than Kaizo's level of 50 within its split
SPECIES_MR_MIME	Baton Pass	46	46	same	
SPECIES_MR_MIME	Safeguard	50	50	same	
SPECIES_MR_MIME	Dazzling Gleam		61	added	new at 61: a move in the last splits, from Legends Z-A at 44
SPECIES_MR_RIME	Fake Tears	1	1	same	
SPECIES_MR_RIME	Slack Off	1	1	same	
SPECIES_MR_RIME	After You	1	1	same	
SPECIES_MR_RIME	Block	1	1	same	
SPECIES_MR_RIME	Copycat	1	1	same	
SPECIES_MR_RIME	Encore	1	1	same	
SPECIES_MR_RIME	Role Play	1	1	same	
SPECIES_MR_RIME	Protect	1	1	same	
SPECIES_MR_RIME	Recycle	1	1	same	
SPECIES_MR_RIME	Mimic	1	1	same	
SPECIES_MR_RIME	Light Screen	1	1	same	
SPECIES_MR_RIME	Reflect	1	1	same	
SPECIES_MR_RIME	Safeguard	1	1	same	
SPECIES_MR_RIME	Dazzling Gleam	1	1	same	new at 61: a move in the last splits, from Legends Z-A at 44
SPECIES_MR_RIME	Pound	1	1	same	
SPECIES_MR_RIME	Rapid Spin	1	1	same	
SPECIES_MR_RIME	Baton Pass	1	1	same	
SPECIES_MR_RIME	Ice Shard	1	1	same	
SPECIES_MR_RIME	Confusion	12	12	same	
SPECIES_MR_RIME	Icy Wind	20	20	same	
SPECIES_MR_RIME	Double Kick	24	24	same	
SPECIES_MR_RIME	Psybeam	28	28	same	
SPECIES_MR_RIME	Hypnosis	32	32	same	
SPECIES_MR_RIME	Mirror Coat	36	36	same	
SPECIES_MR_RIME	Sucker Punch	40	40	same	
SPECIES_MR_RIME	Freeze-Dry	44	44	same	
SPECIES_MR_RIME	Psychic	48	48	same	
SPECIES_MR_RIME	Teeter Dance	52	52	same	
SPECIES_MR_RIME	Dazzling Gleam	1	61	same	new at 61: a move in the last splits, from Legends Z-A at 44
SPECIES_MR_RIME	Misty Terrain	1		dropped	leaves: the move pool's first cut
SPECIES_MR_RIME	Ally Switch	16		dropped	leaves: the move pool's first cut
SPECIES_MUDKIP	Tackle	1	1	same	
SPECIES_MUDKIP	Growl	1	1	same	
SPECIES_MUDKIP	Mud-Slap	6	6	same	
SPECIES_MUDKIP	Water Gun	10	10	same	
SPECIES_MUDKIP	Foresight	19	19	same	
SPECIES_MUDKIP	Mud Sport	24	24	same	
SPECIES_MUDKIP	Take Down	28	28	same	
SPECIES_MUDKIP	Protect	37	37	same	
SPECIES_MUDKIP	Hydro Pump	42	42	same	
SPECIES_MUDKIP	Endeavor	46	46	same	
SPECIES_MUDKIP	Bide	15		dropped	leaves: works only asleep, or returns less than double
SPECIES_MUDKIP	Whirlpool	33		dropped	leaves: strength 35, under 40
SPECIES_MUK	Poison Gas	1	1	same	
SPECIES_MUK	Pound	1	1	same	
SPECIES_MUK	Harden	1	1	same	
SPECIES_MUK	Mud-Slap	1	1	same	
SPECIES_MUK	Harden	4	4	same	
SPECIES_MUK	Mud-Slap	7	7	same	
SPECIES_MUK	Disable	12	12	same	
SPECIES_MUK	Minimize	17	17	same	
SPECIES_MUK	Sludge	20	20	same	
SPECIES_MUK	Mud Bomb	23	23	same	
SPECIES_MUK	Fling	28	28	same	
SPECIES_MUK	Screech	33	33	same	
SPECIES_MUK	Sludge Bomb	36	36	same	
SPECIES_MUK	Acid Armor	44	44	same	
SPECIES_MUK	Gunk Shot	54	54	same	
SPECIES_MUK	Memento	65	65	same	
SPECIES_MUNCHLAX	Metronome	1	1	same	
SPECIES_MUNCHLAX	Odor Sleuth	1	1	same	
SPECIES_MUNCHLAX	Tackle	1	1	same	
SPECIES_MUNCHLAX	Defense Curl	4	4	same	
SPECIES_MUNCHLAX	Amnesia	9	9	same	
SPECIES_MUNCHLAX	Lick	12	12	same	
SPECIES_MUNCHLAX	Recycle	17	17	same	
SPECIES_MUNCHLAX	Screech	20	20	same	
SPECIES_MUNCHLAX	Stockpile	25	25	same	
SPECIES_MUNCHLAX	Swallow	28	28	same	
SPECIES_MUNCHLAX	Body Slam	33	33	same	
SPECIES_MUNCHLAX	Fling	36	36	same	
SPECIES_MUNCHLAX	Natural Gift	44	44	same	
SPECIES_MUNCHLAX	Last Resort	49	49	same	
SPECIES_MUNCHLAX	Rollout	41		dropped	leaves: strength 27, under 40
SPECIES_MURKROW	Peck	1	1	same	
SPECIES_MURKROW	Pursuit	5	5	same	
SPECIES_MURKROW	Haze	11	11	same	
SPECIES_MURKROW	Wing Attack	15	15	same	
SPECIES_MURKROW	Night Shade	21	21	same	
SPECIES_MURKROW	Taunt	31	31	same	
SPECIES_MURKROW	Assurance	25	32	moved	25 to 31: Kaizo's Murkrow at 31, translated to 28, and no earlier than Kaizo's level of 31 within its split; an exclusive delay: Kaizo gives it to no later stage; 31 to 32: the same-level rule (another move is at 31)
SPECIES_MURKROW	Faint Attack	35	35	same	
SPECIES_MURKROW	Mean Look	41	41	same	
SPECIES_MURKROW	Dark Pulse		44	added	new at 44: Kaizo's Murkrow at 50, no earlier than that within its split (translated to 41); an exclusive delay: Kaizo gives it to no later stage
SPECIES_MURKROW	Sucker Punch	45	45	same	
SPECIES_MURKROW	Astonish	1		dropped	leaves: strength 30, under 40
SPECIES_NACLI	Tackle	1	1	same	
SPECIES_NACLI	Harden	1	1	same	
SPECIES_NACLI	Rock Throw	5	5	same	
SPECIES_NACLI	Mud Shot	7	7	same	
SPECIES_NACLI	Smack Down	10	10	same	
SPECIES_NACLI	Rock Polish	13	13	same	
SPECIES_NACLI	Headbutt	16	16	same	
SPECIES_NACLI	Iron Defense	20	20	same	
SPECIES_NACLI	Recover	25	25	same	
SPECIES_NACLI	Rock Slide	30	30	same	
SPECIES_NACLI	Stone Edge	45	32	moved	45 to 33: its nearest Kaizo lines, translated to 30, and no earlier than Kaizo's level of 33 within its split; 33 to 32: the same-level rule (another move is at 33); its split has no free level at or above its floor, so it stays in the split a level under it
SPECIES_NACLI	Stealth Rock	33	33	same	
SPECIES_NACLI	Heavy Slam	35	35	same	
SPECIES_NACLI	Earthquake	40	40	same	
SPECIES_NACLSTACK	Salt Cure	1	1	same	
SPECIES_NACLSTACK	Tackle	1	1	same	
SPECIES_NACLSTACK	Harden	1	1	same	
SPECIES_NACLSTACK	Rock Throw	5	5	same	
SPECIES_NACLSTACK	Mud Shot	7	7	same	
SPECIES_NACLSTACK	Smack Down	10	10	same	
SPECIES_NACLSTACK	Rock Polish	13	13	same	
SPECIES_NACLSTACK	Headbutt	16	16	same	
SPECIES_NACLSTACK	Iron Defense	20	20	same	
SPECIES_NACLSTACK	Recover	30	30	same	
SPECIES_NACLSTACK	Rock Slide	34	34	same	
SPECIES_NACLSTACK	Stealth Rock	38	38	same	
SPECIES_NACLSTACK	Heavy Slam	41	41	same	
SPECIES_NACLSTACK	Stone Edge	51	51	same	
SPECIES_NACLSTACK	Earthquake	45	53	moved	45 to 53: its nearest Kaizo lines, translated to 48, and no earlier than Kaizo's level of 58 within its split
SPECIES_NAGANADEL	Air Cutter	1	1	same	
SPECIES_NAGANADEL	Air Cutter	1	1	same	
SPECIES_NAGANADEL	Air Slash	1	1	same	
SPECIES_NAGANADEL	Dragon Pulse	1	1	same	
SPECIES_NAGANADEL	Peck	1	1	same	
SPECIES_NAGANADEL	Growl	1	1	same	
SPECIES_NAGANADEL	Helping Hand	1	1	same	
SPECIES_NAGANADEL	Acid	1	1	same	
SPECIES_NAGANADEL	Fury Attack	7	7	same	
SPECIES_NAGANADEL	Fell Stinger	14	14	same	
SPECIES_NAGANADEL	Charm	21	21	same	
SPECIES_NAGANADEL	Venoshock	28	28	same	
SPECIES_NAGANADEL	Venom Drench	35	35	same	
SPECIES_NAGANADEL	Nasty Plot	42	42	same	
SPECIES_NAGANADEL	Poison Jab	49	49	same	
SPECIES_NAGANADEL	Gastro Acid	56	56	same	
SPECIES_NAGANADEL	Toxic	63	63	same	
SPECIES_NAGANADEL	Dragon Rush	70	70	same	
SPECIES_NATU	Peck	1	1	same	
SPECIES_NATU	Leer	1	1	same	
SPECIES_NATU	Night Shade	6	6	same	
SPECIES_NATU	Lucky Chant	12	12	same	
SPECIES_NATU	Miracle Eye	17	17	same	
SPECIES_NATU	Me First	20	20	same	
SPECIES_NATU	Confuse Ray	23	23	same	
SPECIES_NATU	Wish	28	28	same	
SPECIES_NATU	Psycho Shift	33	33	same	
SPECIES_NATU	Future Sight	36	36	same	
SPECIES_NATU	Ominous Wind	39	39	same	
SPECIES_NATU	Power Swap	44	44	same	
SPECIES_NATU	Guard Swap	44	44	same	
SPECIES_NATU	Psychic	47	47	same	
SPECIES_NATU	Teleport	9		dropped	leaves: the move pool's first cut
SPECIES_NIDOKING	Peck	1	1	same	
SPECIES_NIDOKING	Focus Energy	1	1	same	
SPECIES_NIDOKING	Double Kick	1	1	same	
SPECIES_NIDOKING	Poison Sting	1	1	same	
SPECIES_NIDOKING	Earth Power	43	1	moved	43 to 1: an exclusive delay, Kaizo gives it only to Nidorino
SPECIES_NIDOKING	Thrash	23	23	same	
SPECIES_NIDOKING	Poison Jab		43	added	new at 43: a key move after the evolution, from Nidorino's 43
SPECIES_NIDOKING	Earthquake		53	added	new at 53: Kaizo's Nidoking at 58, no earlier than that within its split (translated to 47)
SPECIES_NIDOKING	Megahorn	58	58	same	
SPECIES_NIDOKING	Sludge Wave		61	added	new at 61: a move in the last splits, from Brilliant Diamond and Shining Pearl at 1
SPECIES_NIDOQUEEN	Scratch	1	1	same	
SPECIES_NIDOQUEEN	Tail Whip	1	1	same	
SPECIES_NIDOQUEEN	Double Kick	1	1	same	
SPECIES_NIDOQUEEN	Poison Sting	1	1	same	
SPECIES_NIDOQUEEN	Body Slam	23	1	moved	23 to 1: an exclusive delay, Kaizo gives it only to Nidorina
SPECIES_NIDOQUEEN	Earth Power	43	1	moved	43 to 1: an exclusive delay, Kaizo gives it only to Nidorina
SPECIES_NIDOQUEEN	Earthquake		53	added	new at 53: Kaizo's Nidoqueen at 58, no earlier than that within its split (translated to 47)
SPECIES_NIDOQUEEN	Superpower	58	58	same	
SPECIES_NIDOQUEEN	Sludge Wave		61	added	new at 61: a move in the last splits, from Brilliant Diamond and Shining Pearl at 1
SPECIES_NIDORAN_F	Growl	1	1	same	
SPECIES_NIDORAN_F	Scratch	1	1	same	
SPECIES_NIDORAN_F	Tail Whip	7	7	same	
SPECIES_NIDORAN_F	Double Kick	9	9	same	
SPECIES_NIDORAN_F	Poison Sting	13	13	same	
SPECIES_NIDORAN_F	Fury Swipes	19	19	same	
SPECIES_NIDORAN_F	Bite	21	21	same	
SPECIES_NIDORAN_F	Helping Hand	25	25	same	
SPECIES_NIDORAN_F	Toxic Spikes	31	31	same	
SPECIES_NIDORAN_F	Toxic		32	added	new at 33: Kaizo's Nidoran_F at 33, no earlier than that within its split (translated to 30); an exclusive delay: Kaizo gives it to no later stage; 33 to 32: the same-level rule (another move is at 33); its split has no free level at or above its floor, so it stays in the split a level under it
SPECIES_NIDORAN_F	Flatter	33	33	same	
SPECIES_NIDORAN_F	Crunch	37	37	same	
SPECIES_NIDORAN_F	Captivate	43	43	same	
SPECIES_NIDORAN_F	Poison Fang	45	45	same	
SPECIES_NIDORAN_M	Leer	1	1	same	
SPECIES_NIDORAN_M	Peck	1	1	same	
SPECIES_NIDORAN_M	Focus Energy	7	7	same	
SPECIES_NIDORAN_M	Double Kick	9	9	same	
SPECIES_NIDORAN_M	Poison Sting	13	13	same	
SPECIES_NIDORAN_M	Fury Attack	19	19	same	
SPECIES_NIDORAN_M	Horn Attack	21	21	same	
SPECIES_NIDORAN_M	Helping Hand	25	25	same	
SPECIES_NIDORAN_M	Toxic Spikes	31	31	same	
SPECIES_NIDORAN_M	Flatter	33	33	same	
SPECIES_NIDORAN_M	Poison Jab	37	37	same	
SPECIES_NIDORAN_M	Captivate	43	43	same	
SPECIES_NIDORAN_M	Horn Drill	45	45	same	
SPECIES_NIDORINA	Growl	1	1	same	
SPECIES_NIDORINA	Scratch	1	1	same	
SPECIES_NIDORINA	Tail Whip	7	7	same	
SPECIES_NIDORINA	Double Kick	9	9	same	
SPECIES_NIDORINA	Poison Sting	13	13	same	
SPECIES_NIDORINA	Fury Swipes	20	20	same	
SPECIES_NIDORINA	Bite	23	23	same	
SPECIES_NIDORINA	Helping Hand	28	28	same	
SPECIES_NIDORINA	Toxic Spikes	35	35	same	
SPECIES_NIDORINA	Flatter	38	38	same	
SPECIES_NIDORINA	Crunch	43	43	same	
SPECIES_NIDORINA	Captivate	50	50	same	
SPECIES_NIDORINA	Poison Fang	58	58	same	
SPECIES_NIDORINO	Leer	1	1	same	
SPECIES_NIDORINO	Peck	1	1	same	
SPECIES_NIDORINO	Focus Energy	7	7	same	
SPECIES_NIDORINO	Double Kick	9	9	same	
SPECIES_NIDORINO	Poison Sting	13	13	same	
SPECIES_NIDORINO	Fury Attack	20	20	same	
SPECIES_NIDORINO	Horn Attack	23	23	same	
SPECIES_NIDORINO	Helping Hand	28	28	same	
SPECIES_NIDORINO	Toxic Spikes	35	35	same	
SPECIES_NIDORINO	Flatter	38	38	same	
SPECIES_NIDORINO	Poison Jab	43	43	same	
SPECIES_NIDORINO	Captivate	50	50	same	
SPECIES_NIDORINO	Horn Drill	58	58	same	
SPECIES_NIHILEGO	Pound	1	1	same	
SPECIES_NIHILEGO	Acid	5	5	same	
SPECIES_NIHILEGO	Tickle	10	10	same	
SPECIES_NIHILEGO	Acid Spray	15	15	same	
SPECIES_NIHILEGO	Clear Smog	20	20	same	
SPECIES_NIHILEGO	Power Split	25	25	same	
SPECIES_NIHILEGO	Guard Split	25	25	same	
SPECIES_NIHILEGO	Venoshock	30	30	same	
SPECIES_NIHILEGO	Headbutt	35	35	same	
SPECIES_NIHILEGO	Toxic Spikes	40	40	same	
SPECIES_NIHILEGO	Venom Drench	45	45	same	
SPECIES_NIHILEGO	Power Gem	50	50	same	
SPECIES_NIHILEGO	Stealth Rock	55	55	same	
SPECIES_NIHILEGO	Mirror Coat	60	60	same	
SPECIES_NIHILEGO	Wonder Room	65	65	same	
SPECIES_NIHILEGO	Head Smash	70	70	same	
SPECIES_NIHILEGO	Wrap	1		dropped	leaves: strength 14, under 40
SPECIES_NINCADA	Scratch	1	1	same	
SPECIES_NINCADA	Harden	1	1	same	
SPECIES_NINCADA	Leech Life	5	5	same	
SPECIES_NINCADA	Sand-Attack	9	9	same	
SPECIES_NINCADA	Fury Swipes	14	14	same	
SPECIES_NINCADA	Mind Reader	19	19	same	
SPECIES_NINCADA	False Swipe	25	25	same	
SPECIES_NINCADA	Mud-Slap	31	31	same	
SPECIES_NINCADA	Metal Claw	38	38	same	
SPECIES_NINCADA	Dig	45	45	same	
SPECIES_NINETALES	Nasty Plot	1	1	same	
SPECIES_NINETALES	Ember	1	1	same	
SPECIES_NINETALES	Quick Attack	1	1	same	
SPECIES_NINETALES	Confuse Ray	1	1	same	
SPECIES_NINETALES	Safeguard	1	1	same	
SPECIES_NINETALES	Flare Blitz	40	40	same	
SPECIES_NINETALES	Fire Blast		47	added	new at 47: a key move after the evolution, from Vulpix's 47
SPECIES_NINETALES	Flamethrower		61	added	new at 61: a move in the last splits, from Kaizo's Ninetales at 40
SPECIES_NINJASK	Bug Bite	1	1	same	
SPECIES_NINJASK	Scratch	1	1	same	
SPECIES_NINJASK	Harden	1	1	same	
SPECIES_NINJASK	Leech Life	1	1	same	
SPECIES_NINJASK	Sand-Attack	1	1	same	
SPECIES_NINJASK	Leech Life	5	5	same	
SPECIES_NINJASK	Sand-Attack	9	9	same	
SPECIES_NINJASK	Fury Swipes	14	14	same	
SPECIES_NINJASK	Mind Reader	19	19	same	
SPECIES_NINJASK	Double Team	20	20	same	
SPECIES_NINJASK	Screech	20	20	same	
SPECIES_NINJASK	Swords Dance	25	25	same	
SPECIES_NINJASK	Slash	31	31	same	
SPECIES_NINJASK	Agility	38	38	same	
SPECIES_NINJASK	Baton Pass	45	45	same	
SPECIES_NINJASK	X-Scissor	52	52	same	
SPECIES_NINJASK	Fury Cutter	20		dropped	leaves: strength 38, under 40
SPECIES_NOCTOWL	Tackle	1	1	same	
SPECIES_NOCTOWL	Growl	1	1	same	
SPECIES_NOCTOWL	Foresight	1	1	same	
SPECIES_NOCTOWL	Hypnosis	1	1	same	
SPECIES_NOCTOWL	Hypnosis	5	5	same	
SPECIES_NOCTOWL	Peck	9	9	same	
SPECIES_NOCTOWL	Uproar	13	13	same	
SPECIES_NOCTOWL	Reflect	17	17	same	
SPECIES_NOCTOWL	Confusion	22	22	same	
SPECIES_NOCTOWL	Take Down	27	27	same	
SPECIES_NOCTOWL	Zen Headbutt	37	37	same	
SPECIES_NOCTOWL	Air Slash	32	39	moved	32 to 39: Kaizo's Noctowl at 47, translated to 39
SPECIES_NOCTOWL	Extrasensory	42	42	same	
SPECIES_NOCTOWL	Hyper Voice		44	added	new at 44: Kaizo's Noctowl at 52, no earlier than that within its split (translated to 43)
SPECIES_NOCTOWL	Psycho Shift	47	47	same	
SPECIES_NOCTOWL	Roost	52	52	same	
SPECIES_NOCTOWL	Dream Eater	57	57	same	
SPECIES_NOCTOWL	Moonblast		61	added	new at 61: a move in the last splits, from Legends Z-A at 43
SPECIES_NOCTOWL	Sky Attack	1		dropped	leaves: charges a turn in the open (Kaizo's lists keep no such move)
SPECIES_NOSEPASS	Tackle	1	1	same	
SPECIES_NOSEPASS	Harden	7	7	same	
SPECIES_NOSEPASS	Rock Throw	13	13	same	
SPECIES_NOSEPASS	Block	19	19	same	
SPECIES_NOSEPASS	Thunder Wave	25	25	same	
SPECIES_NOSEPASS	Rock Slide	31	31	same	
SPECIES_NOSEPASS	Rest	43	43	same	
SPECIES_NOSEPASS	Power Gem	49	49	same	
SPECIES_NOSEPASS	Discharge	55	55	same	
SPECIES_NOSEPASS	Stone Edge	61	61	same	
SPECIES_NOSEPASS	Zap Cannon	67	67	same	
SPECIES_NOSEPASS	Lock-On	73	73	same	
SPECIES_NOSEPASS	Earth Power	79	79	same	an exclusive delay: Kaizo gives it to no later stage
SPECIES_NOSEPASS	Sandstorm	37		dropped	leaves: weather, for a species the player can own
SPECIES_NUMEL	Growl	1	1	same	
SPECIES_NUMEL	Tackle	1	1	same	
SPECIES_NUMEL	Ember	5	5	same	
SPECIES_NUMEL	Magnitude	11	11	same	
SPECIES_NUMEL	Focus Energy	15	15	same	
SPECIES_NUMEL	Take Down	21	21	same	
SPECIES_NUMEL	Amnesia	25	25	same	
SPECIES_NUMEL	Lava Plume	31	31	same	
SPECIES_NUMEL	Earth Power	35	35	same	
SPECIES_NUMEL	Earthquake	41	41	same	
SPECIES_NUMEL	Flamethrower	45	45	same	
SPECIES_NUMEL	Double-Edge	51	51	same	
SPECIES_NUZLEAF	Razor Leaf	1	1	same	
SPECIES_NUZLEAF	Pound	1	1	same	
SPECIES_NUZLEAF	Harden	3	3	same	
SPECIES_NUZLEAF	Growth	7	7	same	
SPECIES_NUZLEAF	Nature Power	13	13	same	
SPECIES_NUZLEAF	Fake Out	19	19	same	
SPECIES_NUZLEAF	Torment	25	25	same	
SPECIES_NUZLEAF	Faint Attack	31	31	same	
SPECIES_NUZLEAF	Swagger	43	43	same	
SPECIES_NUZLEAF	Extrasensory	49	49	same	
SPECIES_NUZLEAF	Razor Wind	37		dropped	leaves: charges a turn in the open (Kaizo's lists keep no such move)
SPECIES_OCTILLERY	Gunk Shot	1	1	same	new at 61: a move in the last splits, from its own level 1
SPECIES_OCTILLERY	Rock Blast	1	1	same	
SPECIES_OCTILLERY	Water Gun	1	1	same	
SPECIES_OCTILLERY	Psybeam	1	1	same	
SPECIES_OCTILLERY	Aurora Beam	1	1	same	
SPECIES_OCTILLERY	Psybeam	10	10	same	
SPECIES_OCTILLERY	Aurora Beam	14	14	same	
SPECIES_OCTILLERY	BubbleBeam	19	19	same	
SPECIES_OCTILLERY	Focus Energy	23	23	same	
SPECIES_OCTILLERY	Octazooka	25	25	same	
SPECIES_OCTILLERY	Bullet Seed	29	29	same	
SPECIES_OCTILLERY	Wring Out	36	36	same	
SPECIES_OCTILLERY	Signal Beam	42	42	same	
SPECIES_OCTILLERY	Ice Beam	48	48	same	
SPECIES_OCTILLERY	Hyper Beam	55	55	same	
SPECIES_OCTILLERY	Gunk Shot	1	61	same	new at 61: a move in the last splits, from its own level 1
SPECIES_OCTILLERY	Constrict	1		dropped	leaves: strength 10, under 40
SPECIES_ODDISH	Sweet Scent	5	5	same	
SPECIES_ODDISH	Acid	9	9	same	
SPECIES_ODDISH	PoisonPowder	13	13	same	
SPECIES_ODDISH	Stun Spore	15	15	same	
SPECIES_ODDISH	Sleep Powder	17	17	same	
SPECIES_ODDISH	Mega Drain	21	21	same	
SPECIES_ODDISH	Lucky Chant	25	25	same	
SPECIES_ODDISH	Natural Gift	29	29	same	
SPECIES_ODDISH	Moonlight	33	33	same	
SPECIES_ODDISH	Giga Drain	37	37	same	
SPECIES_ODDISH	Petal Dance	41	41	same	
SPECIES_ODDISH	Absorb	1		dropped	leaves: strength 20, under 40
SPECIES_OMANYTE	Withdraw	1	1	same	
SPECIES_OMANYTE	Bite	7	7	same	
SPECIES_OMANYTE	Water Gun	10	10	same	
SPECIES_OMANYTE	Leer	19	19	same	
SPECIES_OMANYTE	Mud Shot	25	25	same	
SPECIES_OMANYTE	Brine	28	28	same	
SPECIES_OMANYTE	Protect	34	34	same	
SPECIES_OMANYTE	AncientPower	37	37	same	
SPECIES_OMANYTE	Tickle	43	43	same	
SPECIES_OMANYTE	Earth Power		44	added	new at 44: Kaizo's Omanyte at 53, no earlier than that within its split (translated to 43)
SPECIES_OMANYTE	Rock Blast	46	46	same	
SPECIES_OMANYTE	Hydro Pump	52	52	same	
SPECIES_OMANYTE	Ice Beam		53	added	new at 53: Kaizo's Omanyte at 56, no earlier than that within its split (translated to 46)
SPECIES_OMANYTE	Constrict	1		dropped	leaves: strength 10, under 40
SPECIES_OMANYTE	Rollout	16		dropped	leaves: strength 27, under 40
SPECIES_OMASTAR	Withdraw	1	1	same	
SPECIES_OMASTAR	Bite	1	1	same	
SPECIES_OMASTAR	Bite	7	7	same	
SPECIES_OMASTAR	Water Gun	10	10	same	
SPECIES_OMASTAR	Leer	19	19	same	
SPECIES_OMASTAR	Mud Shot	25	25	same	
SPECIES_OMASTAR	Brine	28	28	same	
SPECIES_OMASTAR	Protect	34	34	same	
SPECIES_OMASTAR	AncientPower	37	37	same	
SPECIES_OMASTAR	Spike Cannon	40	40	same	
SPECIES_OMASTAR	Tickle	48	48	same	
SPECIES_OMASTAR	Earth Power		55	added	new at 56: Kaizo's Omastar at 68, no earlier than that within its split (translated to 54); 56 to 55: the same-level rule (another move is at 56); its split has no free level at or above its floor, so it stays in the split a level under it
SPECIES_OMASTAR	Rock Blast	56	56	same	
SPECIES_OMASTAR	Ice Beam		60	added	new at 60: Kaizo's Omastar at 76, no earlier than that within its split (translated to 58)
SPECIES_OMASTAR	Hydro Pump	67	67	same	
SPECIES_OMASTAR	Constrict	1		dropped	leaves: strength 10, under 40
SPECIES_OMASTAR	Rollout	16		dropped	leaves: strength 27, under 40
SPECIES_ONIX	Mud Sport	1	1	same	
SPECIES_ONIX	Tackle	1	1	same	
SPECIES_ONIX	Harden	1	1	same	
SPECIES_ONIX	Screech	6	6	same	
SPECIES_ONIX	Rock Throw	9	9	same	
SPECIES_ONIX	Rock Tomb	17	17	same	
SPECIES_ONIX	Slam	25	25	same	
SPECIES_ONIX	Rock Polish	30	30	same	
SPECIES_ONIX	DragonBreath	33	33	same	
SPECIES_ONIX	Curse	38	38	same	
SPECIES_ONIX	Iron Tail	41	41	same	
SPECIES_ONIX	Double-Edge	49	49	same	
SPECIES_ONIX	Stone Edge	54	54	same	
SPECIES_ONIX	Bind	1		dropped	leaves: strength 13, under 40
SPECIES_ONIX	Rage	14		dropped	leaves: strength 20, under 40
SPECIES_ONIX	Sandstorm	22		dropped	leaves: weather, for a species the player can own
SPECIES_ONIX	Sand Tomb	46		dropped	leaves: strength 35, under 40
SPECIES_ORBEETLE	Reflect	1	1	same	
SPECIES_ORBEETLE	Light Screen	1	1	same	
SPECIES_ORBEETLE	Confusion	1	1	same	
SPECIES_ORBEETLE	Struggle Bug	4	4	same	
SPECIES_ORBEETLE	Confuse Ray	8	8	same	
SPECIES_ORBEETLE	Bug Bite	12	12	same	
SPECIES_ORBEETLE	Psybeam	16	16	same	
SPECIES_ORBEETLE	Hypnosis	20	20	same	
SPECIES_ORBEETLE	Silver Wind	24	24	same	
SPECIES_ORBEETLE	Mirror Coat	28	28	same	
SPECIES_ORBEETLE	After You	44	44	same	
SPECIES_ORBEETLE	Psychic	48	48	same	
SPECIES_ORBEETLE	Bug Buzz	32	52	moved	32 to 53: its nearest Kaizo lines, translated to 46, and no earlier than Kaizo's level of 57 within its split; 53 to 52: the same-level rule (another move is at 53); its split has no free level at or above its floor, so it stays in the split a level under it
SPECIES_ORBEETLE	Psyshock	36	53	moved	36 to 53: its nearest Kaizo lines, translated to 46, and no earlier than Kaizo's level of 57 within its split
SPECIES_ORBEETLE	U-turn	60	60	same	
SPECIES_ORBEETLE	Future Sight	61	61	same	
SPECIES_ORBEETLE	Infestation	40		dropped	leaves: strength 20, under 40
SPECIES_PACHIRISU	Growl	1	1	same	
SPECIES_PACHIRISU	Quick Attack	5	5	same	
SPECIES_PACHIRISU	Charm	9	9	same	
SPECIES_PACHIRISU	Spark	13	13	same	
SPECIES_PACHIRISU	Endure	17	17	same	
SPECIES_PACHIRISU	Swift	21	21	same	
SPECIES_PACHIRISU	Sweet Kiss	25	25	same	
SPECIES_PACHIRISU	Discharge	29	29	same	
SPECIES_PACHIRISU	Thunder Fang		32	added	new at 33: Kaizo's Pachirisu at 35, no earlier than that within its split (translated to 31); 33 to 32: the same-level rule (another move is at 33); its split has no free level at or above its floor, so it stays in the split a level under it
SPECIES_PACHIRISU	Super Fang	33	33	same	
SPECIES_PACHIRISU	Last Resort	37	37	same	
SPECIES_PACHIRISU	Thunder		61	added	new at 61: a move in the last splits, from Kaizo's Pachirisu at 55
SPECIES_PACHIRISU	Bide	1		dropped	leaves: works only asleep, or returns less than double
SPECIES_PALKIA	DragonBreath	1	1	same	
SPECIES_PALKIA	Scary Face	1	1	same	
SPECIES_PALKIA	Water Pulse	10	10	same	
SPECIES_PALKIA	AncientPower	20	20	same	
SPECIES_PALKIA	Dragon Claw	30	30	same	
SPECIES_PALKIA	Spacial Rend	40	40	same	
SPECIES_PALKIA	Heal Block	50	50	same	
SPECIES_PALKIA	Earth Power	60	60	same	
SPECIES_PALKIA	Slash	70	70	same	
SPECIES_PALKIA	Aqua Tail	80	80	same	
SPECIES_PALKIA	Aura Sphere	90	90	same	
SPECIES_PALOSSAND	Harden	1	1	same	
SPECIES_PALOSSAND	Sand-Attack	1	1	same	
SPECIES_PALOSSAND	Sand-Attack	14	14	same	
SPECIES_PALOSSAND	Mega Drain	16	16	same	
SPECIES_PALOSSAND	Bulldoze	24	24	same	
SPECIES_PALOSSAND	Hypnosis	28	28	same	
SPECIES_PALOSSAND	Giga Drain	35	35	same	
SPECIES_PALOSSAND	Iron Defense	36	36	same	
SPECIES_PALOSSAND	Shadow Ball	44	44	same	
SPECIES_PALOSSAND	Earth Power	50	50	same	
SPECIES_PALOSSAND	Shore Up	57	57	same	
SPECIES_PALOSSAND	Absorb	1		dropped	leaves: strength 20, under 40
SPECIES_PALOSSAND	Astonish	1		dropped	leaves: strength 30, under 40
SPECIES_PALOSSAND	Sand Tomb	1		dropped	leaves: strength 35, under 40
SPECIES_PALOSSAND	Sandstorm	64		dropped	leaves: weather, for a species the player can own
SPECIES_PARAS	Scratch	1	1	same	
SPECIES_PARAS	Stun Spore	6	6	same	
SPECIES_PARAS	PoisonPowder	6	6	same	
SPECIES_PARAS	Leech Life	11	11	same	
SPECIES_PARAS	Spore	17	17	same	
SPECIES_PARAS	Slash	22	22	same	
SPECIES_PARAS	Growth	27	27	same	
SPECIES_PARAS	Giga Drain	33	33	same	
SPECIES_PARAS	Aromatherapy	38	38	same	
SPECIES_PARAS	X-Scissor	43	43	same	
SPECIES_PARASECT	Cross Poison	1	1	same	
SPECIES_PARASECT	Scratch	1	1	same	
SPECIES_PARASECT	Stun Spore	1	1	same	
SPECIES_PARASECT	PoisonPowder	1	1	same	
SPECIES_PARASECT	Leech Life	1	1	same	
SPECIES_PARASECT	Stun Spore	6	6	same	
SPECIES_PARASECT	PoisonPowder	6	6	same	
SPECIES_PARASECT	Leech Life	11	11	same	
SPECIES_PARASECT	Spore	17	17	same	
SPECIES_PARASECT	Slash	22	22	same	
SPECIES_PARASECT	Growth	30	30	same	
SPECIES_PARASECT	Giga Drain	39	39	same	
SPECIES_PARASECT	Aromatherapy	47	47	same	
SPECIES_PARASECT	X-Scissor	55	55	same	
SPECIES_PAWMI	Scratch	1	1	same	
SPECIES_PAWMI	Growl	1	1	same	
SPECIES_PAWMI	ThunderShock	3	3	same	
SPECIES_PAWMI	Quick Attack	6	6	same	
SPECIES_PAWMI	Nuzzle	12	12	same	
SPECIES_PAWMI	Bite	19	19	same	
SPECIES_PAWMI	Spark	23	23	same	
SPECIES_PAWMI	Arm Thrust	25	25	same	
SPECIES_PAWMI	Play Rough	29	29	same	
SPECIES_PAWMI	Super Fang	33	33	same	
SPECIES_PAWMI	Entrainment	35	35	same	
SPECIES_PAWMI	Wild Charge	40	40	same	
SPECIES_PAWMO	Scratch	1	1	same	
SPECIES_PAWMO	Growl	1	1	same	
SPECIES_PAWMO	ThunderShock	3	3	same	
SPECIES_PAWMO	Quick Attack	6	6	same	
SPECIES_PAWMO	Nuzzle	12	12	same	
SPECIES_PAWMO	Bite	19	19	same	
SPECIES_PAWMO	Spark	23	23	same	
SPECIES_PAWMO	Arm Thrust	25	25	same	
SPECIES_PAWMO	Play Rough	29	29	same	
SPECIES_PAWMO	Super Fang	33	33	same	
SPECIES_PAWMO	Entrainment	35	35	same	
SPECIES_PAWMO	Wild Charge	40	40	same	
SPECIES_PAWMOT	Fake Out	1	1	same	
SPECIES_PAWMOT	Knock Off	1	1	same	
SPECIES_PAWMOT	Scratch	1	1	same	
SPECIES_PAWMOT	Growl	1	1	same	
SPECIES_PAWMOT	ThunderShock	3	3	same	
SPECIES_PAWMOT	Quick Attack	6	6	same	
SPECIES_PAWMOT	Nuzzle	12	12	same	
SPECIES_PAWMOT	Bite	19	19	same	
SPECIES_PAWMOT	Spark	23	23	same	
SPECIES_PAWMOT	Arm Thrust	25	25	same	
SPECIES_PAWMOT	Play Rough	29	29	same	
SPECIES_PAWMOT	Super Fang	33	33	same	
SPECIES_PAWMOT	Entrainment	39	39	same	
SPECIES_PAWMOT	Mach Punch	55	55	same	
SPECIES_PAWMOT	Close Combat	49	56	moved	49 to 56: its nearest Kaizo lines, translated to 55, and no earlier than Kaizo's level of 70 within its split
SPECIES_PAWMOT	Wild Charge	44	57	moved	44 to 56: its nearest Kaizo lines, translated to 55, and no earlier than Kaizo's level of 70 within its split; 56 to 57: the same-level rule (another move is at 56)
SPECIES_PAWMOT	Double Shock	61	61	same	
SPECIES_PELIPPER	Growl	1	1	same	
SPECIES_PELIPPER	Water Gun	1	1	same	
SPECIES_PELIPPER	Water Sport	1	1	same	
SPECIES_PELIPPER	Wing Attack	1	1	same	
SPECIES_PELIPPER	Supersonic	6	6	same	
SPECIES_PELIPPER	Wing Attack	11	11	same	
SPECIES_PELIPPER	Mist	16	16	same	
SPECIES_PELIPPER	Water Pulse	19	19	same	
SPECIES_PELIPPER	Payback	24	24	same	
SPECIES_PELIPPER	Protect	25	25	same	
SPECIES_PELIPPER	Stockpile	38	38	same	
SPECIES_PELIPPER	Swallow	38	38	same	
SPECIES_PELIPPER	Spit Up	38	38	same	
SPECIES_PELIPPER	Fling	43	43	same	
SPECIES_PELIPPER	Tailwind	50	50	same	
SPECIES_PELIPPER	Roost	31	53	moved	31 to 53: Kaizo's Pelipper at 55, translated to 45, and no earlier than Kaizo's level of 55 within its split
SPECIES_PELIPPER	Hydro Pump	57	57	same	
SPECIES_PELIPPER	Air Slash		61	added	new at 61: a move in the last splits, from Kaizo's Pelipper at 38
SPECIES_PERSIAN	Switcheroo	1	1	same	
SPECIES_PERSIAN	Scratch	1	1	same	
SPECIES_PERSIAN	Growl	1	1	same	
SPECIES_PERSIAN	Bite	1	1	same	
SPECIES_PERSIAN	Fake Out	1	1	same	
SPECIES_PERSIAN	Bite	6	6	same	
SPECIES_PERSIAN	Fake Out	9	9	same	
SPECIES_PERSIAN	Fury Swipes	14	14	same	
SPECIES_PERSIAN	Screech	17	17	same	
SPECIES_PERSIAN	Faint Attack	22	22	same	
SPECIES_PERSIAN	Taunt	25	25	same	
SPECIES_PERSIAN	Power Gem	32	32	same	
SPECIES_PERSIAN	Slash	37	37	same	
SPECIES_PERSIAN	Nasty Plot	44	44	same	
SPECIES_PERSIAN	Assurance	49	49	same	
SPECIES_PERSIAN	Captivate	56	56	same	
SPECIES_PERSIAN	Night Slash	61	61	same	
SPECIES_PERSIAN	Feint	68	68	same	
SPECIES_PHANPY	Odor Sleuth	1	1	same	
SPECIES_PHANPY	Tackle	1	1	same	
SPECIES_PHANPY	Growl	1	1	same	
SPECIES_PHANPY	Defense Curl	1	1	same	
SPECIES_PHANPY	Flail	6	6	same	
SPECIES_PHANPY	Take Down	10	10	same	
SPECIES_PHANPY	Natural Gift	19	19	same	
SPECIES_PHANPY	Slam	24	24	same	
SPECIES_PHANPY	Endure	28	28	same	
SPECIES_PHANPY	Charm	33	33	same	
SPECIES_PHANPY	Last Resort	37	37	same	
SPECIES_PHANPY	Double-Edge	42	42	same	
SPECIES_PHANPY	Rollout	15		dropped	leaves: strength 27, under 40
SPECIES_PHEROMOSA	Feint	1	1	same	
SPECIES_PHEROMOSA	Rapid Spin	1	1	same	
SPECIES_PHEROMOSA	Leer	5	5	same	
SPECIES_PHEROMOSA	Quick Guard	10	10	same	
SPECIES_PHEROMOSA	Bug Bite	15	15	same	
SPECIES_PHEROMOSA	Low Kick	20	20	same	
SPECIES_PHEROMOSA	Double Kick	25	25	same	
SPECIES_PHEROMOSA	Hi Jump Kick	70	26	moved	70 to 26: its nearest Kaizo lines, translated to 26
SPECIES_PHEROMOSA	Triple Kick	30	30	same	
SPECIES_PHEROMOSA	Stomp	35	35	same	
SPECIES_PHEROMOSA	Agility	40	40	same	
SPECIES_PHEROMOSA	Bug Buzz	60	44	moved	60 to 44: its nearest Kaizo lines, translated to 42, and no earlier than Kaizo's level of 51 within its split
SPECIES_PHEROMOSA	Bounce	50	50	same	
SPECIES_PHEROMOSA	Lunge	45	53	moved	45 to 53: its nearest Kaizo lines, translated to 53
SPECIES_PHEROMOSA	Quiver Dance	65	65	same	
SPECIES_PHEROMOSA	Speed Swap	55		dropped	leaves: the move pool's first cut
SPECIES_PHIONE	Bubble	1	1	same	
SPECIES_PHIONE	Water Sport	1	1	same	
SPECIES_PHIONE	Charm	9	9	same	
SPECIES_PHIONE	Supersonic	16	16	same	
SPECIES_PHIONE	BubbleBeam	24	24	same	
SPECIES_PHIONE	Acid Armor	31	31	same	
SPECIES_PHIONE	Water Pulse	46	46	same	
SPECIES_PHIONE	Aqua Ring	54	54	same	
SPECIES_PHIONE	Dive	61	61	same	
SPECIES_PHIONE	Rain Dance	69	69	same	
SPECIES_PHIONE	Whirlpool	39		dropped	leaves: strength 35, under 40
SPECIES_PICHU	ThunderShock	1	1	same	
SPECIES_PICHU	Charm	1	1	same	
SPECIES_PICHU	Tail Whip	5	5	same	
SPECIES_PICHU	Thunder Wave	10	10	same	
SPECIES_PICHU	Sweet Kiss	13	13	same	
SPECIES_PICHU	Nasty Plot	18	18	same	
SPECIES_PIDGEOT	Tackle	1	1	same	
SPECIES_PIDGEOT	Sand-Attack	1	1	same	
SPECIES_PIDGEOT	Gust	1	1	same	
SPECIES_PIDGEOT	Quick Attack	1	1	same	
SPECIES_PIDGEOT	Sand-Attack	5	5	same	
SPECIES_PIDGEOT	Gust	9	9	same	
SPECIES_PIDGEOT	Quick Attack	13	13	same	
SPECIES_PIDGEOT	Whirlwind	17	17	same	
SPECIES_PIDGEOT	FeatherDance	27	27	same	
SPECIES_PIDGEOT	Agility	32	32	same	
SPECIES_PIDGEOT	Wing Attack	38	38	same	
SPECIES_PIDGEOT	Roost	44	44	same	
SPECIES_PIDGEOT	Tailwind	50	50	same	
SPECIES_PIDGEOT	Mirror Move	56	56	same	
SPECIES_PIDGEOT	Air Slash	62	62	same	
SPECIES_PIDGEOT	Twister	22		dropped	leaves: strength 40, at most half of Gardenia's usual 80
SPECIES_PIDGEOTTO	Tackle	1	1	same	
SPECIES_PIDGEOTTO	Sand-Attack	1	1	same	
SPECIES_PIDGEOTTO	Gust	1	1	same	
SPECIES_PIDGEOTTO	Sand-Attack	5	5	same	
SPECIES_PIDGEOTTO	Gust	9	9	same	
SPECIES_PIDGEOTTO	Quick Attack	13	13	same	
SPECIES_PIDGEOTTO	Whirlwind	17	17	same	
SPECIES_PIDGEOTTO	FeatherDance	27	27	same	
SPECIES_PIDGEOTTO	Agility	32	32	same	
SPECIES_PIDGEOTTO	Wing Attack	37	37	same	
SPECIES_PIDGEOTTO	Roost	42	42	same	
SPECIES_PIDGEOTTO	Tailwind	47	47	same	
SPECIES_PIDGEOTTO	Mirror Move	52	52	same	
SPECIES_PIDGEOTTO	Air Slash	57	57	same	
SPECIES_PIDGEOTTO	Twister	22		dropped	leaves: strength 40, at most half of Gardenia's usual 80
SPECIES_PIDGEY	Tackle	1	1	same	
SPECIES_PIDGEY	Sand-Attack	5	5	same	
SPECIES_PIDGEY	Gust	9	9	same	
SPECIES_PIDGEY	Quick Attack	13	13	same	
SPECIES_PIDGEY	Whirlwind	17	17	same	
SPECIES_PIDGEY	FeatherDance	25	25	same	
SPECIES_PIDGEY	Agility	29	29	same	
SPECIES_PIDGEY	Wing Attack	33	33	same	
SPECIES_PIDGEY	Roost	37	37	same	
SPECIES_PIDGEY	Tailwind	41	41	same	
SPECIES_PIDGEY	Mirror Move	45	45	same	
SPECIES_PIDGEY	Air Slash	49	49	same	
SPECIES_PIDGEY	Twister	21		dropped	leaves: strength 40, at most half of Gardenia's usual 80
SPECIES_PIKACHU	ThunderShock	1	1	same	
SPECIES_PIKACHU	Growl	1	1	same	
SPECIES_PIKACHU	Tail Whip	5	5	same	
SPECIES_PIKACHU	Thunder Wave	10	10	same	
SPECIES_PIKACHU	Quick Attack	13	13	same	
SPECIES_PIKACHU	Double Team	18	18	same	
SPECIES_PIKACHU	Slam	21	21	same	
SPECIES_PIKACHU	Feint	29	29	same	
SPECIES_PIKACHU	Thunderbolt	26	30	moved	26 to 29: Kaizo's Pikachu at 29, translated to 27, and no earlier than Kaizo's level of 29 within its split; 29 to 30: the same-level rule (another move is at 29)
SPECIES_PIKACHU	Agility	34	34	same	
SPECIES_PIKACHU	Discharge	37	37	same	
SPECIES_PIKACHU	Light Screen	42	42	same	
SPECIES_PIKACHU	Thunder	45	45	same	
SPECIES_PIKIPEK	Peck	1	1	same	
SPECIES_PIKIPEK	Growl	3	3	same	
SPECIES_PIKIPEK	Echoed Voice	7	7	same	
SPECIES_PIKIPEK	Rock Smash	9	9	same	
SPECIES_PIKIPEK	Supersonic	13	13	same	
SPECIES_PIKIPEK	Pluck	15	15	same	
SPECIES_PIKIPEK	Roost	19	19	same	
SPECIES_PIKIPEK	Fury Attack	21	21	same	
SPECIES_PIKIPEK	Screech	25	25	same	
SPECIES_PIKIPEK	Drill Peck	27	27	same	
SPECIES_PIKIPEK	Bullet Seed	31	31	same	
SPECIES_PIKIPEK	FeatherDance	33	33	same	
SPECIES_PIKIPEK	Hyper Voice	37	39	moved	37 to 39: its nearest Kaizo lines, translated to 38, and no earlier than Kaizo's level of 46 within its split
SPECIES_PILOSWINE	AncientPower	1	1	same	
SPECIES_PILOSWINE	Peck	1	1	same	
SPECIES_PILOSWINE	Odor Sleuth	1	1	same	
SPECIES_PILOSWINE	Mud Sport	1	1	same	
SPECIES_PILOSWINE	Powder Snow	1	1	same	
SPECIES_PILOSWINE	Ice Fang	28	1	moved	28 to 1: an exclusive delay, Kaizo gives it only to Swinub
SPECIES_PILOSWINE	Mud Sport	4	4	same	
SPECIES_PILOSWINE	Powder Snow	8	8	same	
SPECIES_PILOSWINE	Mud-Slap	13	13	same	
SPECIES_PILOSWINE	Endure	16	16	same	
SPECIES_PILOSWINE	Mud Bomb	20	20	same	
SPECIES_PILOSWINE	Icy Wind	25	25	same	
SPECIES_PILOSWINE	Take Down	32	32	same	
SPECIES_PILOSWINE	Mist	48	48	same	
SPECIES_PILOSWINE	Earthquake	40	53	moved	40 to 53: Kaizo's Piloswine at 56, translated to 46, and no earlier than Kaizo's level of 56 within its split; an exclusive delay: Kaizo gives it to no later stage
SPECIES_PILOSWINE	Blizzard	56	56	same	
SPECIES_PILOSWINE	Amnesia	65	65	same	
SPECIES_PILOSWINE	Fury Attack	33		dropped	leaves: strength 45, at most half of Fantina's usual 90
SPECIES_PINECO	Tackle	1	1	same	
SPECIES_PINECO	Protect	1	1	same	
SPECIES_PINECO	Selfdestruct	6	6	same	
SPECIES_PINECO	Bug Bite	9	9	same	
SPECIES_PINECO	Take Down	12	12	same	
SPECIES_PINECO	Rapid Spin	17	17	same	
SPECIES_PINECO	Natural Gift	23	23	same	
SPECIES_PINECO	Spikes	28	28	same	
SPECIES_PINECO	Payback	31	31	same	
SPECIES_PINECO	Explosion	34	34	same	
SPECIES_PINECO	Iron Defense	39	39	same	
SPECIES_PINECO	Gyro Ball	42	42	same	
SPECIES_PINECO	Double-Edge	45	45	same	
SPECIES_PINECO	Bide	20		dropped	leaves: works only asleep, or returns less than double
SPECIES_PINSIR	ViceGrip	1	1	same	
SPECIES_PINSIR	Focus Energy	1	1	same	
SPECIES_PINSIR	Bug Bite		4	added	new at 4: keeps the first attack's level
SPECIES_PINSIR	Seismic Toss	8	8	same	
SPECIES_PINSIR	Harden	13	13	same	
SPECIES_PINSIR	Revenge	18	18	same	
SPECIES_PINSIR	Brick Break	21	21	same	
SPECIES_PINSIR	Vital Throw	25	25	same	
SPECIES_PINSIR	X-Scissor	30	30	same	
SPECIES_PINSIR	Thrash	35	35	same	
SPECIES_PINSIR	Swords Dance	38	38	same	
SPECIES_PINSIR	Guillotine	47	47	same	
SPECIES_PINSIR	Superpower	52	52	same	
SPECIES_PINSIR	Bind	4		dropped	leaves: strength 13, under 40
SPECIES_PINSIR	Submission	42		dropped	leaves: 80% accurate on 80 power
SPECIES_PIPLUP	Pound	1	1	same	
SPECIES_PIPLUP	Growl	4	4	same	
SPECIES_PIPLUP	Bubble	8	8	same	
SPECIES_PIPLUP	Water Sport	11	11	same	
SPECIES_PIPLUP	Peck	15	15	same	
SPECIES_PIPLUP	BubbleBeam	18	18	same	
SPECIES_PIPLUP	Fury Attack	25	25	same	
SPECIES_PIPLUP	Brine	29	29	same	
SPECIES_PIPLUP	Mist	36	36	same	
SPECIES_PIPLUP	Drill Peck	39	39	same	
SPECIES_PIPLUP	Hydro Pump	43	43	same	
SPECIES_PIPLUP	Bide	22		dropped	leaves: works only asleep, or returns less than double
SPECIES_PIPLUP	Whirlpool	32		dropped	leaves: strength 35, under 40
SPECIES_PLUSLE	Growl	1	1	same	
SPECIES_PLUSLE	Thunder Wave	3	3	same	
SPECIES_PLUSLE	Quick Attack	7	7	same	
SPECIES_PLUSLE	Helping Hand	10	10	same	
SPECIES_PLUSLE	Spark	15	15	same	
SPECIES_PLUSLE	Encore	17	17	same	
SPECIES_PLUSLE	Fake Tears	21	21	same	
SPECIES_PLUSLE	Copycat	24	24	same	
SPECIES_PLUSLE	Swift	29	29	same	
SPECIES_PLUSLE	Fake Tears	31	31	same	
SPECIES_PLUSLE	Charge	35	35	same	
SPECIES_PLUSLE	Thunder	38	38	same	
SPECIES_PLUSLE	Baton Pass	42	42	same	
SPECIES_PLUSLE	Thunderbolt		43	added	new at 44: Kaizo's Plusle at 48, no earlier than that within its split (translated to 40); 44 to 43: the same-level rule (another move is at 44); its split has no free level at or above its floor, so it stays in the split a level under it
SPECIES_PLUSLE	Agility	44	44	same	
SPECIES_PLUSLE	Last Resort	48	48	same	
SPECIES_PLUSLE	Nasty Plot	51	51	same	
SPECIES_PLUSLE	Discharge		61	added	new at 61: a move in the last splits, from Kaizo's Plusle at 42
SPECIES_POIPOLE	Dragon Pulse	1	1	same	
SPECIES_POIPOLE	Peck	1	1	same	
SPECIES_POIPOLE	Growl	1	1	same	
SPECIES_POIPOLE	Helping Hand	1	1	same	
SPECIES_POIPOLE	Acid	1	1	same	
SPECIES_POIPOLE	Fury Attack	7	7	same	
SPECIES_POIPOLE	Fell Stinger	14	14	same	
SPECIES_POIPOLE	Charm	21	21	same	
SPECIES_POIPOLE	Venoshock	28	28	same	
SPECIES_POIPOLE	Venom Drench	35	35	same	
SPECIES_POIPOLE	Nasty Plot	42	42	same	
SPECIES_POIPOLE	Poison Jab	49	49	same	
SPECIES_POIPOLE	Gastro Acid	56	56	same	
SPECIES_POIPOLE	Toxic	63	63	same	
SPECIES_POLITOED	BubbleBeam	1	1	same	new at 61: a move in the last splits, from its own level 1
SPECIES_POLITOED	Hypnosis	1	1	same	
SPECIES_POLITOED	DoubleSlap	1	1	same	
SPECIES_POLITOED	Perish Song	1	1	same	
SPECIES_POLITOED	Swagger	27	27	same	
SPECIES_POLITOED	Bounce	37	37	same	
SPECIES_POLITOED	Hyper Voice	48	48	same	
SPECIES_POLITOED	Hydro Pump		49	added	new at 49: a key move after the evolution, from Poliwhirl's 48; 48 to 49: the one-level rule
SPECIES_POLITOED	BubbleBeam	1	61	same	new at 61: a move in the last splits, from its own level 1
SPECIES_POLIWAG	Water Sport	1	1	same	
SPECIES_POLIWAG	Bubble	5	5	same	
SPECIES_POLIWAG	Hypnosis	8	8	same	
SPECIES_POLIWAG	Water Gun	11	11	same	
SPECIES_POLIWAG	DoubleSlap	15	15	same	
SPECIES_POLIWAG	Body Slam	21	21	same	
SPECIES_POLIWAG	BubbleBeam	25	25	same	
SPECIES_POLIWAG	Mud Shot	28	28	same	
SPECIES_POLIWAG	Belly Drum	31	31	same	
SPECIES_POLIWAG	Wake-Up Slap	35	35	same	
SPECIES_POLIWAG	Hydro Pump	38	38	same	
SPECIES_POLIWAG	Mud Bomb	41	41	same	
SPECIES_POLIWAG	Rain Dance	18		dropped	leaves: weather, for a species the player can own
SPECIES_POLIWHIRL	Water Sport	1	1	same	
SPECIES_POLIWHIRL	Bubble	1	1	same	
SPECIES_POLIWHIRL	Hypnosis	1	1	same	
SPECIES_POLIWHIRL	Bubble	5	5	same	
SPECIES_POLIWHIRL	Hypnosis	8	8	same	
SPECIES_POLIWHIRL	Water Gun	11	11	same	
SPECIES_POLIWHIRL	DoubleSlap	15	15	same	
SPECIES_POLIWHIRL	Body Slam	21	21	same	
SPECIES_POLIWHIRL	BubbleBeam	27	27	same	
SPECIES_POLIWHIRL	Mud Shot	32	32	same	
SPECIES_POLIWHIRL	Belly Drum	37	37	same	
SPECIES_POLIWHIRL	Wake-Up Slap	43	43	same	
SPECIES_POLIWHIRL	Hydro Pump	48	48	same	
SPECIES_POLIWHIRL	Mud Bomb	53	53	same	
SPECIES_POLIWHIRL	Rain Dance	18		dropped	leaves: weather, for a species the player can own
SPECIES_POLIWRATH	BubbleBeam	1	1	same	
SPECIES_POLIWRATH	Hypnosis	1	1	same	
SPECIES_POLIWRATH	DoubleSlap	1	1	same	
SPECIES_POLIWRATH	DynamicPunch	43	43	same	
SPECIES_POLIWRATH	Mind Reader	53	53	same	
SPECIES_POLIWRATH	Ice Punch		61	added	new at 61: a move in the last splits, from Kaizo's Poliwrath at 43
SPECIES_POLIWRATH	Submission	1		dropped	leaves: 80% accurate on 80 power
SPECIES_POLTEAGEIST	Teatime	1	1	same	
SPECIES_POLTEAGEIST	Strength Sap	1	1	same	
SPECIES_POLTEAGEIST	Withdraw	1	1	same	
SPECIES_POLTEAGEIST	Mega Drain	1	1	same	
SPECIES_POLTEAGEIST	Protect	18	18	same	
SPECIES_POLTEAGEIST	Sucker Punch	24	24	same	
SPECIES_POLTEAGEIST	Aromatherapy	30	30	same	
SPECIES_POLTEAGEIST	Giga Drain	36	36	same	
SPECIES_POLTEAGEIST	Nasty Plot	42	42	same	
SPECIES_POLTEAGEIST	Memento	54	54	same	
SPECIES_POLTEAGEIST	Shell Smash	60	60	same	
SPECIES_POLTEAGEIST	Shadow Ball	48	65	moved	48 to 65: its nearest Kaizo lines, translated to 61, and no earlier than Kaizo's level of 78 within its split
SPECIES_POLTEAGEIST	Curse	66	66	same	
SPECIES_POLTEAGEIST	Astonish	1		dropped	leaves: strength 30, under 40
SPECIES_POLTEAGEIST	Aromatic Mist	1		dropped	leaves: the move pool's first cut
SPECIES_PONYTA	Growl	1	1	same	
SPECIES_PONYTA	Tackle	1	1	same	
SPECIES_PONYTA	Tail Whip	6	6	same	
SPECIES_PONYTA	Ember	10	10	same	
SPECIES_PONYTA	Flame Wheel	15	15	same	
SPECIES_PONYTA	Stomp	19	19	same	
SPECIES_PONYTA	Take Down	28	28	same	
SPECIES_PONYTA	Agility	33	33	same	
SPECIES_PONYTA	Fire Blast	37	37	same	
SPECIES_PONYTA	Bounce	42	42	same	
SPECIES_PONYTA	Flare Blitz	46	46	same	
SPECIES_PONYTA	Fire Spin	24		dropped	leaves: strength 35, under 40
SPECIES_POOCHYENA	Tackle	1	1	same	
SPECIES_POOCHYENA	Howl	5	5	same	
SPECIES_POOCHYENA	Sand-Attack	9	9	same	
SPECIES_POOCHYENA	Bite	13	13	same	
SPECIES_POOCHYENA	Odor Sleuth	17	17	same	
SPECIES_POOCHYENA	Roar	21	21	same	
SPECIES_POOCHYENA	Swagger	25	25	same	
SPECIES_POOCHYENA	Assurance	29	29	same	
SPECIES_POOCHYENA	Crunch	31	31	same	
SPECIES_POOCHYENA	Scary Face	33	33	same	
SPECIES_POOCHYENA	Taunt	37	37	same	
SPECIES_POOCHYENA	Embargo	41	41	same	
SPECIES_POOCHYENA	Take Down	45	45	same	
SPECIES_POOCHYENA	Sucker Punch	49	49	same	
SPECIES_POPPLIO	Pound	1	1	same	
SPECIES_POPPLIO	Water Gun	1	1	same	
SPECIES_POPPLIO	Disarming Voice	4	4	same	
SPECIES_POPPLIO	Baby-Doll Eyes	7	7	same	
SPECIES_POPPLIO	Life Dew	10	10	same	
SPECIES_POPPLIO	Aqua Jet	14	14	same	
SPECIES_POPPLIO	Icy Wind	18	18	same	
SPECIES_POPPLIO	Encore	22	22	same	
SPECIES_POPPLIO	Sing	26	26	same	
SPECIES_POPPLIO	Scald	31	33	moved	31 to 33: its nearest Kaizo lines, translated to 33
SPECIES_POPPLIO	Draining Kiss	36	36	same	
SPECIES_POPPLIO	Perish Song	41	41	same	
SPECIES_POPPLIO	Hyper Voice	46	46	same	
SPECIES_POPPLIO	Flip Turn	51	51	same	
SPECIES_POPPLIO	Moonblast	57	57	same	
SPECIES_POPPLIO	Hydro Pump	63	63	same	
SPECIES_PORYGON	Conversion 2	1	1	same	
SPECIES_PORYGON	Tackle	1	1	same	
SPECIES_PORYGON	Conversion	1	1	same	
SPECIES_PORYGON	Sharpen	1	1	same	
SPECIES_PORYGON	Psybeam	7	7	same	
SPECIES_PORYGON	Agility	12	12	same	
SPECIES_PORYGON	Recover	18	18	same	
SPECIES_PORYGON	Magnet Rise	23	23	same	
SPECIES_PORYGON	Signal Beam	29	29	same	
SPECIES_PORYGON	Recycle	34	34	same	
SPECIES_PORYGON	Discharge	40	40	same	
SPECIES_PORYGON	Lock-On	45	45	same	
SPECIES_PORYGON	Tri Attack	51	51	same	
SPECIES_PORYGON	Magic Coat	56	56	same	
SPECIES_PORYGON	Zap Cannon	62	62	same	
SPECIES_PORYGON2	Conversion 2	1	1	same	
SPECIES_PORYGON2	Tackle	1	1	same	
SPECIES_PORYGON2	Conversion	1	1	same	
SPECIES_PORYGON2	Defense Curl	1	1	same	
SPECIES_PORYGON2	Psybeam	7	7	same	
SPECIES_PORYGON2	Agility	12	12	same	
SPECIES_PORYGON2	Recover	18	18	same	
SPECIES_PORYGON2	Magnet Rise	23	23	same	
SPECIES_PORYGON2	Signal Beam	29	29	same	
SPECIES_PORYGON2	Recycle	34	34	same	
SPECIES_PORYGON2	Discharge	40	40	same	
SPECIES_PORYGON2	Lock-On	45	45	same	
SPECIES_PORYGON2	Tri Attack	51	51	same	
SPECIES_PORYGON2	Magic Coat	56	56	same	
SPECIES_PORYGON2	Zap Cannon	62	62	same	
SPECIES_PORYGON2	Hyper Beam	67	67	same	
SPECIES_PORYGON_Z	Trick Room	1	1	same	
SPECIES_PORYGON_Z	Conversion 2	1	1	same	
SPECIES_PORYGON_Z	Tackle	1	1	same	
SPECIES_PORYGON_Z	Conversion	1	1	same	
SPECIES_PORYGON_Z	Nasty Plot	1	1	same	
SPECIES_PORYGON_Z	Psybeam	7	7	same	
SPECIES_PORYGON_Z	Agility	12	12	same	
SPECIES_PORYGON_Z	Recover	18	18	same	
SPECIES_PORYGON_Z	Magnet Rise	23	23	same	
SPECIES_PORYGON_Z	Signal Beam	29	29	same	
SPECIES_PORYGON_Z	Embargo	34	34	same	
SPECIES_PORYGON_Z	Discharge	40	40	same	
SPECIES_PORYGON_Z	Lock-On	45	45	same	
SPECIES_PORYGON_Z	Tri Attack	51	51	same	
SPECIES_PORYGON_Z	Magic Coat	56	56	same	
SPECIES_PORYGON_Z	Zap Cannon	62	62	same	
SPECIES_PORYGON_Z	Hyper Beam	67	67	same	
SPECIES_PRIMARINA	Pound	1	1	same	
SPECIES_PRIMARINA	Water Gun	1	1	same	
SPECIES_PRIMARINA	Disarming Voice	4	4	same	
SPECIES_PRIMARINA	Baby-Doll Eyes	7	7	same	
SPECIES_PRIMARINA	Life Dew	10	10	same	
SPECIES_PRIMARINA	Aqua Jet	14	14	same	
SPECIES_PRIMARINA	Icy Wind	19	19	same	
SPECIES_PRIMARINA	Encore	24	24	same	
SPECIES_PRIMARINA	Sing	28	28	same	
SPECIES_PRIMARINA	Draining Kiss	40	40	same	
SPECIES_PRIMARINA	Perish Song	46	46	same	
SPECIES_PRIMARINA	Hyper Voice	51	51	same	
SPECIES_PRIMARINA	Sparkling Aria	36	53	moved	36 to 53: its nearest Kaizo lines, translated to 52, and no earlier than Kaizo's level of 64 within its split
SPECIES_PRIMARINA	Flip Turn	56	56	same	
SPECIES_PRIMARINA	Moonblast	64	64	same	
SPECIES_PRIMARINA	Hydro Pump	70	70	same	
SPECIES_PRIMEAPE	Fling	1	1	same	
SPECIES_PRIMEAPE	Scratch	1	1	same	
SPECIES_PRIMEAPE	Low Kick	1	1	same	
SPECIES_PRIMEAPE	Leer	1	1	same	
SPECIES_PRIMEAPE	Focus Energy	1	1	same	
SPECIES_PRIMEAPE	Fury Swipes	9	9	same	
SPECIES_PRIMEAPE	Karate Chop	13	13	same	
SPECIES_PRIMEAPE	Seismic Toss	17	17	same	
SPECIES_PRIMEAPE	Screech	21	21	same	
SPECIES_PRIMEAPE	Assurance	25	25	same	
SPECIES_PRIMEAPE	Swagger	35	35	same	
SPECIES_PRIMEAPE	Cross Chop	41	41	same	
SPECIES_PRIMEAPE	Thrash	47	47	same	
SPECIES_PRIMEAPE	Punishment	53	53	same	
SPECIES_PRIMEAPE	Close Combat	59	59	same	
SPECIES_PRIMEAPE	Rage	28		dropped	leaves: strength 20, under 40
SPECIES_PRINPLUP	Tackle	1	1	same	
SPECIES_PRINPLUP	Growl	1	1	same	
SPECIES_PRINPLUP	Growl	4	4	same	
SPECIES_PRINPLUP	Bubble	8	8	same	
SPECIES_PRINPLUP	Water Sport	11	11	same	
SPECIES_PRINPLUP	Peck	15	15	same	
SPECIES_PRINPLUP	Metal Claw	16	16	same	
SPECIES_PRINPLUP	BubbleBeam	19	19	same	
SPECIES_PRINPLUP	Brine	33	33	same	
SPECIES_PRINPLUP	Mist	42	42	same	
SPECIES_PRINPLUP	Drill Peck	46	46	same	
SPECIES_PRINPLUP	Hydro Pump	51	51	same	
SPECIES_PRINPLUP	Bide	24		dropped	leaves: works only asleep, or returns less than double
SPECIES_PRINPLUP	Fury Attack	28		dropped	leaves: strength 45, at most half of Fantina's usual 90
SPECIES_PRINPLUP	Whirlpool	37		dropped	leaves: strength 35, under 40
SPECIES_PROBOPASS	Magnet Rise	1	1	same	
SPECIES_PROBOPASS	Gravity	1	1	same	
SPECIES_PROBOPASS	Tackle	1	1	same	
SPECIES_PROBOPASS	Iron Defense	1	1	same	
SPECIES_PROBOPASS	Magnet Bomb	1	1	same	
SPECIES_PROBOPASS	Block	1	1	same	
SPECIES_PROBOPASS	Earth Power	79	1	moved	79 to 1: an exclusive delay, Kaizo gives it only to Nosepass
SPECIES_PROBOPASS	Iron Defense	7	7	same	
SPECIES_PROBOPASS	Magnet Bomb	13	13	same	
SPECIES_PROBOPASS	Block	19	19	same	
SPECIES_PROBOPASS	Thunder Wave	25	25	same	
SPECIES_PROBOPASS	Rock Slide	31	31	same	
SPECIES_PROBOPASS	Rest	43	43	same	
SPECIES_PROBOPASS	Power Gem	49	49	same	
SPECIES_PROBOPASS	Discharge	55	55	same	
SPECIES_PROBOPASS	Stone Edge	61	61	same	
SPECIES_PROBOPASS	Zap Cannon	67	67	same	
SPECIES_PROBOPASS	Lock-On	73	73	same	
SPECIES_PROBOPASS	Sandstorm	37		dropped	leaves: weather, for a species the player can own
SPECIES_PSYDUCK	Water Sport	1	1	same	
SPECIES_PSYDUCK	Scratch	1	1	same	
SPECIES_PSYDUCK	Tail Whip	5	5	same	
SPECIES_PSYDUCK	Water Gun	9	9	same	
SPECIES_PSYDUCK	Disable	14	14	same	
SPECIES_PSYDUCK	Confusion	18	18	same	
SPECIES_PSYDUCK	Water Pulse	22	22	same	
SPECIES_PSYDUCK	Fury Swipes	27	27	same	
SPECIES_PSYDUCK	Screech	31	31	same	
SPECIES_PSYDUCK	Psych Up	35	35	same	
SPECIES_PSYDUCK	Zen Headbutt	40	40	same	
SPECIES_PSYDUCK	Amnesia	44	44	same	
SPECIES_PSYDUCK	Hydro Pump	48	48	same	
SPECIES_PUPITAR	Bite	1	1	same	
SPECIES_PUPITAR	Leer	1	1	same	
SPECIES_PUPITAR	Screech	1	1	same	
SPECIES_PUPITAR	Screech	10	10	same	
SPECIES_PUPITAR	Rock Slide	14	14	same	
SPECIES_PUPITAR	Scary Face	19	19	same	
SPECIES_PUPITAR	Thrash	23	23	same	
SPECIES_PUPITAR	Dark Pulse	28	28	same	
SPECIES_PUPITAR	Payback	34	34	same	
SPECIES_PUPITAR	Earthquake	47	39	moved	47 to 39: Kaizo's Pupitar at 47, translated to 39
SPECIES_PUPITAR	Crunch	41	41	same	
SPECIES_PUPITAR	Stone Edge	54	54	same	
SPECIES_PUPITAR	Hyper Beam	60	60	same	
SPECIES_PUPITAR	Sandstorm	1		dropped	leaves: weather, for a species the player can own
SPECIES_PURRLOIN	Scratch	1	1	same	
SPECIES_PURRLOIN	Growl	1	1	same	
SPECIES_PURRLOIN	Growl	3	3	same	
SPECIES_PURRLOIN	Sand-Attack	6	6	same	
SPECIES_PURRLOIN	Assist	6	6	same	
SPECIES_PURRLOIN	Fake Out	12	12	same	
SPECIES_PURRLOIN	Fury Swipes	12	12	same	
SPECIES_PURRLOIN	Pursuit	15	15	same	
SPECIES_PURRLOIN	Torment	17	17	same	
SPECIES_PURRLOIN	Assurance	24	24	same	
SPECIES_PURRLOIN	Hone Claws	24	24	same	
SPECIES_PURRLOIN	Slash	30	30	same	
SPECIES_PURRLOIN	Captivate	33	33	same	
SPECIES_PURRLOIN	Sucker Punch	36	36	same	
SPECIES_PURRLOIN	Nasty Plot	36	36	same	
SPECIES_PURRLOIN	Night Slash	36	36	same	
SPECIES_PURRLOIN	Snatch	39	39	same	
SPECIES_PURRLOIN	Play Rough	44	44	same	
SPECIES_PURUGLY	Fake Out	1	1	same	
SPECIES_PURUGLY	Scratch	1	1	same	
SPECIES_PURUGLY	Growl	1	1	same	
SPECIES_PURUGLY	Scratch	5	5	same	
SPECIES_PURUGLY	Growl	8	8	same	
SPECIES_PURUGLY	Hypnosis	13	13	same	
SPECIES_PURUGLY	Faint Attack	17	17	same	
SPECIES_PURUGLY	Fury Swipes	20	20	same	
SPECIES_PURUGLY	Charm	25	25	same	
SPECIES_PURUGLY	Assist	29	29	same	
SPECIES_PURUGLY	Captivate	32	32	same	
SPECIES_PURUGLY	Slash	37	37	same	
SPECIES_PURUGLY	Swagger	38	38	same	
SPECIES_PURUGLY	Body Slam	45	45	same	
SPECIES_PURUGLY	Attract	53	53	same	
SPECIES_PURUGLY	Shadow Claw		61	added	new at 61: a move in the last splits, from Kaizo's Purugly at 45
SPECIES_QUAGSIRE	Water Gun	1	1	same	
SPECIES_QUAGSIRE	Tail Whip	1	1	same	
SPECIES_QUAGSIRE	Mud Sport	1	1	same	
SPECIES_QUAGSIRE	Mud Sport	5	5	same	
SPECIES_QUAGSIRE	Mud Shot	9	9	same	
SPECIES_QUAGSIRE	Slam	15	15	same	
SPECIES_QUAGSIRE	Mud Bomb	19	19	same	
SPECIES_QUAGSIRE	Amnesia	24	24	same	
SPECIES_QUAGSIRE	Yawn	31	31	same	
SPECIES_QUAGSIRE	Earthquake	36	44	moved	36 to 44: Kaizo's Quagsire at 53, translated to 43, and no earlier than Kaizo's level of 53 within its split
SPECIES_QUAGSIRE	Mist	48	48	same	
SPECIES_QUAGSIRE	Haze	48	48	same	
SPECIES_QUAGSIRE	Muddy Water	53	53	same	
SPECIES_QUAGSIRE	Ice Punch		61	added	new at 61: a move in the last splits, from Kaizo's Quagsire at 45
SPECIES_QUAGSIRE	Rain Dance	41		dropped	leaves: weather, for a species the player can own
SPECIES_QUILAVA	Tackle	1	1	same	
SPECIES_QUILAVA	Leer	1	1	same	
SPECIES_QUILAVA	SmokeScreen	1	1	same	
SPECIES_QUILAVA	SmokeScreen	4	4	same	
SPECIES_QUILAVA	Ember	10	10	same	
SPECIES_QUILAVA	Quick Attack	13	13	same	
SPECIES_QUILAVA	Flame Wheel	20	20	same	
SPECIES_QUILAVA	Defense Curl	24	24	same	
SPECIES_QUILAVA	Swift	31	31	same	
SPECIES_QUILAVA	Lava Plume	35	35	same	
SPECIES_QUILAVA	Flamethrower	42	42	same	
SPECIES_QUILAVA	Double-Edge	53	53	same	
SPECIES_QUILAVA	Eruption	57	57	same	
SPECIES_QUILAVA	Rollout	46		dropped	leaves: strength 27, under 40
SPECIES_QWILFISH	Spikes	1	1	same	
SPECIES_QWILFISH	Tackle	1	1	same	
SPECIES_QWILFISH	Poison Sting	1	1	same	
SPECIES_QWILFISH	Harden	9	9	same	
SPECIES_QWILFISH	Minimize	9	9	same	
SPECIES_QWILFISH	Water Gun	13	13	same	
SPECIES_QWILFISH	Toxic Spikes	21	21	same	
SPECIES_QWILFISH	Stockpile	25	25	same	
SPECIES_QWILFISH	Spit Up	25	25	same	
SPECIES_QWILFISH	Revenge	29	29	same	
SPECIES_QWILFISH	Brine	33	33	same	
SPECIES_QWILFISH	Pin Missile	37	37	same	
SPECIES_QWILFISH	Take Down	41	41	same	
SPECIES_QWILFISH	Aqua Tail	45	45	same	
SPECIES_QWILFISH	Poison Jab	49	49	same	
SPECIES_QWILFISH	Destiny Bond	53	53	same	
SPECIES_QWILFISH	Hydro Pump	57	57	same	
SPECIES_QWILFISH	Dive		61	added	new at 61: a move in the last splits, from Kaizo's Qwilfish at 49
SPECIES_QWILFISH	Rollout	17		dropped	leaves: strength 27, under 40
SPECIES_RABOOT	Ember	1	1	same	
SPECIES_RABOOT	Growl	1	1	same	
SPECIES_RABOOT	Quick Attack	6	6	same	
SPECIES_RABOOT	Sand-Attack	11	11	same	
SPECIES_RABOOT	Double Kick	14	14	same	
SPECIES_RABOOT	Headbutt	21	21	same	
SPECIES_RABOOT	Blaze Kick	28	28	same	
SPECIES_RABOOT	Super Fang	32	32	same	
SPECIES_RABOOT	Jump Kick	38	38	same	
SPECIES_RABOOT	Double-Edge	44	44	same	
SPECIES_RABOOT	Flare Blitz	52	56	moved	52 to 56: its nearest Kaizo lines, translated to 54, and no earlier than Kaizo's level of 68 within its split
SPECIES_RAICHU	ThunderShock	1	1	same	
SPECIES_RAICHU	Tail Whip	1	1	same	
SPECIES_RAICHU	Quick Attack	1	1	same	
SPECIES_RAICHU	Thunderbolt	1	1	same	new at 61: a move in the last splits, from its own level 1
SPECIES_RAICHU	Thunder		45	added	new at 45: a key move after the evolution, from Pikachu's 45
SPECIES_RAICHU	Thunderbolt	1	61	same	new at 61: a move in the last splits, from its own level 1
SPECIES_RAIKOU	Bite	1	1	same	
SPECIES_RAIKOU	Leer	1	1	same	
SPECIES_RAIKOU	ThunderShock	8	8	same	
SPECIES_RAIKOU	Roar	15	15	same	
SPECIES_RAIKOU	Quick Attack	22	22	same	
SPECIES_RAIKOU	Spark	29	29	same	
SPECIES_RAIKOU	Reflect	36	36	same	
SPECIES_RAIKOU	Crunch	43	43	same	
SPECIES_RAIKOU	Thunder Fang	50	50	same	
SPECIES_RAIKOU	Discharge	57	57	same	
SPECIES_RAIKOU	Extrasensory	64	64	same	
SPECIES_RAIKOU	Rain Dance	71	71	same	
SPECIES_RAIKOU	Calm Mind	78	78	same	
SPECIES_RAIKOU	Thunder	85	85	same	
SPECIES_RALTS	Growl	1	1	same	
SPECIES_RALTS	Confusion	6	6	same	
SPECIES_RALTS	Double Team	10	10	same	
SPECIES_RALTS	Lucky Chant	17	17	same	
SPECIES_RALTS	Magical Leaf	21	21	same	
SPECIES_RALTS	Calm Mind	23	23	same	
SPECIES_RALTS	Fire Punch		26	added	new at 26: Kaizo's Ralts at 28; an exclusive delay: Kaizo gives it to no later stage
SPECIES_RALTS	Zen Headbutt		31	added	new at 32: Kaizo's Ralts at 32, no earlier than that within its split (translated to 29); 32 to 31: the same-level rule (another move is at 32); its split has no free level at or above its floor, so it stays in the split a level under it
SPECIES_RALTS	Imprison	32	32	same	
SPECIES_RALTS	Thunderbolt		33	added	new at 33: Kaizo's Ralts at 34, no earlier than that within its split (translated to 30)
SPECIES_RALTS	Future Sight	34	34	same	
SPECIES_RALTS	Psychic	28	38	moved	28 to 39: Kaizo's Ralts at 39, translated to 34, and no earlier than Kaizo's level of 39 within its split; 39 to 38: the same-level rule (another move is at 39); its split has no free level at or above its floor, so it stays in the split a level under it
SPECIES_RALTS	Charm	39	39	same	
SPECIES_RALTS	Hypnosis	43	43	same	
SPECIES_RALTS	Dream Eater	45	45	same	
SPECIES_RALTS	Teleport	12		dropped	leaves: the move pool's first cut
SPECIES_RAMPARDOS	Headbutt	1	1	same	
SPECIES_RAMPARDOS	Leer	1	1	same	
SPECIES_RAMPARDOS	Focus Energy	6	6	same	
SPECIES_RAMPARDOS	Pursuit	10	10	same	
SPECIES_RAMPARDOS	Take Down	15	15	same	
SPECIES_RAMPARDOS	Scary Face	19	19	same	
SPECIES_RAMPARDOS	Assurance	24	24	same	
SPECIES_RAMPARDOS	AncientPower	28	28	same	
SPECIES_RAMPARDOS	Endeavor	30	30	same	
SPECIES_RAMPARDOS	Zen Headbutt	36	36	same	
SPECIES_RAMPARDOS	Screech	43	43	same	
SPECIES_RAMPARDOS	Head Smash	52	52	same	
SPECIES_RAMPARDOS	Revenge		61	added	new at 61: a move in the last splits, from Kaizo's Rampardos at 36
SPECIES_RAPIDASH	Poison Jab	1	1	same	
SPECIES_RAPIDASH	Megahorn	1	1	same	
SPECIES_RAPIDASH	Growl	1	1	same	
SPECIES_RAPIDASH	Quick Attack	1	1	same	
SPECIES_RAPIDASH	Tail Whip	1	1	same	
SPECIES_RAPIDASH	Ember	1	1	same	
SPECIES_RAPIDASH	Tail Whip	6	6	same	
SPECIES_RAPIDASH	Ember	10	10	same	
SPECIES_RAPIDASH	Flame Wheel	15	15	same	
SPECIES_RAPIDASH	Stomp	19	19	same	
SPECIES_RAPIDASH	Take Down	28	28	same	
SPECIES_RAPIDASH	Agility	33	33	same	
SPECIES_RAPIDASH	Fire Blast	37	37	same	
SPECIES_RAPIDASH	Bounce	47	47	same	
SPECIES_RAPIDASH	Flare Blitz	56	56	same	
SPECIES_RAPIDASH	Inferno		61	added	new at 61: a move in the last splits, from Legends Z-A at 49
SPECIES_RAPIDASH	Fire Spin	24		dropped	leaves: strength 35, under 40
SPECIES_RAPIDASH	Fury Attack	40		dropped	leaves: strength 45, at most half of Wake's usual 95
SPECIES_RATICATE	Swords Dance	1	1	same	
SPECIES_RATICATE	Tackle	1	1	same	
SPECIES_RATICATE	Tail Whip	1	1	same	
SPECIES_RATICATE	Quick Attack	1	1	same	
SPECIES_RATICATE	Focus Energy	1	1	same	
SPECIES_RATICATE	Quick Attack	4	4	same	
SPECIES_RATICATE	Focus Energy	7	7	same	
SPECIES_RATICATE	Bite	10	10	same	
SPECIES_RATICATE	Pursuit	13	13	same	
SPECIES_RATICATE	Hyper Fang	16	16	same	
SPECIES_RATICATE	Sucker Punch	19	19	same	
SPECIES_RATICATE	Scary Face	20	20	same	
SPECIES_RATICATE	Crunch	24	24	same	
SPECIES_RATICATE	Assurance	29	29	same	
SPECIES_RATICATE	Super Fang	34	34	same	
SPECIES_RATICATE	Double-Edge	39	39	same	
SPECIES_RATICATE	Endeavor	44	44	same	
SPECIES_RATTATA	Tackle	1	1	same	
SPECIES_RATTATA	Tail Whip	1	1	same	
SPECIES_RATTATA	Quick Attack	4	4	same	
SPECIES_RATTATA	Focus Energy	7	7	same	
SPECIES_RATTATA	Bite	10	10	same	
SPECIES_RATTATA	Pursuit	13	13	same	
SPECIES_RATTATA	Hyper Fang	16	16	same	
SPECIES_RATTATA	Sucker Punch	19	19	same	
SPECIES_RATTATA	Crunch	22	22	same	
SPECIES_RATTATA	Assurance	25	25	same	
SPECIES_RATTATA	Super Fang	28	28	same	
SPECIES_RATTATA	Double-Edge	31	31	same	
SPECIES_RATTATA	Endeavor	34	34	same	
SPECIES_RAYQUAZA	Twister	1	1	same	
SPECIES_RAYQUAZA	Scary Face	5	5	same	
SPECIES_RAYQUAZA	AncientPower	15	15	same	
SPECIES_RAYQUAZA	Dragon Claw	20	20	same	
SPECIES_RAYQUAZA	Dragon Dance	30	30	same	
SPECIES_RAYQUAZA	Crunch	35	35	same	
SPECIES_RAYQUAZA	Fly	45	45	same	
SPECIES_RAYQUAZA	Rest	50	50	same	
SPECIES_RAYQUAZA	ExtremeSpeed	60	60	same	
SPECIES_RAYQUAZA	Hyper Beam	65	65	same	
SPECIES_RAYQUAZA	Dragon Pulse	75	75	same	
SPECIES_RAYQUAZA	Outrage	80	80	same	
SPECIES_REGICE	Explosion	1	1	same	
SPECIES_REGICE	Stomp	1	1	same	
SPECIES_REGICE	Icy Wind	9	9	same	
SPECIES_REGICE	Curse	17	17	same	
SPECIES_REGICE	Superpower	25	25	same	
SPECIES_REGICE	AncientPower	33	33	same	
SPECIES_REGICE	Amnesia	41	41	same	
SPECIES_REGICE	Blizzard		53	added	new at 53: Kaizo's Regice at 57, no earlier than that within its split (translated to 46)
SPECIES_REGICE	Thunderbolt		56	added	new at 56: Kaizo's Regice at 73
SPECIES_REGICE	Lock-On	57	57	same	
SPECIES_REGICE	Zap Cannon	65	65	same	
SPECIES_REGICE	Ice Beam	73	73	same	
SPECIES_REGICE	Hammer Arm	81	81	same	
SPECIES_REGICE	Hyper Beam	89	89	same	
SPECIES_REGICE	Charge Beam	49		dropped	leaves: strength 50, at most half of Byron's usual 100
SPECIES_REGIGIGAS	Fire Punch	1	1	same	
SPECIES_REGIGIGAS	Ice Punch	1	1	same	
SPECIES_REGIGIGAS	ThunderPunch	1	1	same	
SPECIES_REGIGIGAS	Dizzy Punch	1	1	same	
SPECIES_REGIGIGAS	Knock Off	1	1	same	
SPECIES_REGIGIGAS	Confuse Ray	1	1	same	
SPECIES_REGIGIGAS	Foresight	1	1	same	
SPECIES_REGIGIGAS	Revenge	25	25	same	
SPECIES_REGIGIGAS	Zen Headbutt	50	50	same	
SPECIES_REGIGIGAS	Crush Grip	75	75	same	
SPECIES_REGIGIGAS	Giga Impact	100	100	same	
SPECIES_REGIROCK	Explosion	1	1	same	
SPECIES_REGIROCK	Stomp	1	1	same	
SPECIES_REGIROCK	Rock Throw	9	9	same	
SPECIES_REGIROCK	Curse	17	17	same	
SPECIES_REGIROCK	Rock Blast		32	added	new at 33: Kaizo's Regirock at 33, no earlier than that within its split (translated to 30); 33 to 32: the same-level rule (another move is at 33); its split has no free level at or above its floor, so it stays in the split a level under it
SPECIES_REGIROCK	AncientPower	33	33	same	
SPECIES_REGIROCK	Iron Defense	41	41	same	
SPECIES_REGIROCK	Earthquake		56	added	new at 56: Kaizo's Regirock at 73
SPECIES_REGIROCK	Lock-On	57	57	same	
SPECIES_REGIROCK	Superpower	25	64	moved	25 to 64: Kaizo's Regirock at 81, translated to 64
SPECIES_REGIROCK	Zap Cannon	65	65	same	
SPECIES_REGIROCK	Stone Edge	73	73	same	
SPECIES_REGIROCK	Hammer Arm	81	81	same	
SPECIES_REGIROCK	Hyper Beam	89	89	same	
SPECIES_REGIROCK	Charge Beam	49		dropped	leaves: strength 50, at most half of Byron's usual 100
SPECIES_REGISTEEL	Explosion	1	1	same	
SPECIES_REGISTEEL	Stomp	1	1	same	
SPECIES_REGISTEEL	Metal Claw	9	9	same	
SPECIES_REGISTEEL	Curse	17	17	same	
SPECIES_REGISTEEL	AncientPower	33	33	same	
SPECIES_REGISTEEL	Iron Head	73	39	moved	73 to 39: Kaizo's Registeel at 41, translated to 35, and no earlier than Kaizo's level of 41 within its split
SPECIES_REGISTEEL	Iron Defense	41	41	same	
SPECIES_REGISTEEL	Amnesia	41	41	same	
SPECIES_REGISTEEL	Hammer Arm	81	53	moved	81 to 53: Kaizo's Registeel at 57, translated to 46, and no earlier than Kaizo's level of 57 within its split
SPECIES_REGISTEEL	Lock-On	57	57	same	
SPECIES_REGISTEEL	Superpower	25	64	moved	25 to 64: Kaizo's Registeel at 81, translated to 64
SPECIES_REGISTEEL	Zap Cannon	65	65	same	
SPECIES_REGISTEEL	Flash Cannon	73	73	same	
SPECIES_REGISTEEL	Hyper Beam	89	89	same	
SPECIES_REGISTEEL	Charge Beam	49		dropped	leaves: strength 50, at most half of Byron's usual 100
SPECIES_RELICANTH	Tackle	1	1	same	
SPECIES_RELICANTH	Harden	1	1	same	
SPECIES_RELICANTH	Water Gun	8	8	same	
SPECIES_RELICANTH	Rock Tomb	15	15	same	
SPECIES_RELICANTH	Yawn	22	22	same	
SPECIES_RELICANTH	Take Down	29	29	same	
SPECIES_RELICANTH	Mud Sport	36	36	same	
SPECIES_RELICANTH	Dive	57	39	moved	57 to 39: Kaizo's Relicanth at 43, translated to 36, and no earlier than Kaizo's level of 43 within its split
SPECIES_RELICANTH	AncientPower	43	43	same	
SPECIES_RELICANTH	Double-Edge	50	50	same	
SPECIES_RELICANTH	Earthquake		53	added	new at 53: Kaizo's Relicanth at 64, no earlier than that within its split (translated to 52)
SPECIES_RELICANTH	Rest	64	64	same	
SPECIES_RELICANTH	Hydro Pump	71	71	same	
SPECIES_RELICANTH	Head Smash	78	78	same	
SPECIES_REMORAID	Water Gun	1	1	same	
SPECIES_REMORAID	Lock-On	6	6	same	
SPECIES_REMORAID	Psybeam	10	10	same	
SPECIES_REMORAID	Aurora Beam	14	14	same	
SPECIES_REMORAID	BubbleBeam	19	19	same	
SPECIES_REMORAID	Focus Energy	23	23	same	
SPECIES_REMORAID	Bullet Seed	27	27	same	
SPECIES_REMORAID	Water Pulse	32	32	same	
SPECIES_REMORAID	Signal Beam	36	36	same	
SPECIES_REMORAID	Ice Beam	40	40	same	
SPECIES_REMORAID	Hyper Beam	45	45	same	
SPECIES_RHYDON	Horn Attack	1	1	same	
SPECIES_RHYDON	Tail Whip	1	1	same	
SPECIES_RHYDON	Stomp	1	1	same	
SPECIES_RHYDON	Fury Attack	1	1	same	
SPECIES_RHYDON	Stomp	9	9	same	
SPECIES_RHYDON	Fury Attack	13	13	same	
SPECIES_RHYDON	Scary Face	21	21	same	
SPECIES_RHYDON	Rock Blast	25	25	same	
SPECIES_RHYDON	Take Down	33	33	same	
SPECIES_RHYDON	Horn Drill	37	37	same	
SPECIES_RHYDON	Hammer Arm	42	42	same	
SPECIES_RHYDON	Stone Edge	45	45	same	
SPECIES_RHYDON	Megahorn	57	57	same	
SPECIES_RHYDON	Earthquake	49	60	moved	49 to 60: Kaizo's Rhydon at 75, translated to 57, and no earlier than Kaizo's level of 75 within its split
SPECIES_RHYHORN	Horn Attack	1	1	same	
SPECIES_RHYHORN	Tail Whip	1	1	same	
SPECIES_RHYHORN	Stomp	9	9	same	
SPECIES_RHYHORN	Fury Attack	13	13	same	
SPECIES_RHYHORN	Scary Face	21	21	same	
SPECIES_RHYHORN	Rock Blast	25	25	same	
SPECIES_RHYHORN	Take Down	33	33	same	
SPECIES_RHYHORN	Horn Drill	37	37	same	
SPECIES_RHYHORN	Stone Edge	45	45	same	
SPECIES_RHYHORN	Earthquake	49	53	moved	49 to 53: Kaizo's Rhyhorn at 65, translated to 53
SPECIES_RHYHORN	Megahorn	57	57	same	
SPECIES_RHYPERIOR	Poison Jab	1	1	same	
SPECIES_RHYPERIOR	Horn Attack	1	1	same	
SPECIES_RHYPERIOR	Tail Whip	1	1	same	
SPECIES_RHYPERIOR	Stomp	1	1	same	
SPECIES_RHYPERIOR	Fury Attack	1	1	same	
SPECIES_RHYPERIOR	Stomp	9	9	same	
SPECIES_RHYPERIOR	Fury Attack	13	13	same	
SPECIES_RHYPERIOR	Scary Face	21	21	same	
SPECIES_RHYPERIOR	Rock Blast	25	25	same	
SPECIES_RHYPERIOR	Take Down	33	33	same	
SPECIES_RHYPERIOR	Horn Drill	37	37	same	
SPECIES_RHYPERIOR	Hammer Arm	42	42	same	
SPECIES_RHYPERIOR	Stone Edge	45	45	same	
SPECIES_RHYPERIOR	Megahorn	57	56	moved	57 to 56: Kaizo's Rhyperior at 69, translated to 54, and no earlier than Kaizo's level of 69 within its split
SPECIES_RHYPERIOR	Earthquake	49	60	moved	49 to 60: Kaizo's Rhyperior at 77, translated to 60
SPECIES_RHYPERIOR	Rock Wrecker	61	61	same	
SPECIES_RIOLU	Quick Attack	1	1	same	
SPECIES_RIOLU	Foresight	1	1	same	
SPECIES_RIOLU	Endure	1	1	same	
SPECIES_RIOLU	Counter	6	6	same	
SPECIES_RIOLU	ThunderPunch		7	added	new at 6: Kaizo's Riolu at 6; 6 to 7: the same-level rule (another move is at 6)
SPECIES_RIOLU	Force Palm	11	11	same	
SPECIES_RIOLU	Feint	15	15	same	
SPECIES_RIOLU	Reversal	19	19	same	
SPECIES_RIOLU	Screech	24	24	same	
SPECIES_RIOLU	Copycat	29	29	same	
SPECIES_RIOLU	Ice Punch		30	added	new at 29: Kaizo's Riolu at 29, no earlier than that within its split (translated to 27); 29 to 30: the same-level rule (another move is at 29)
SPECIES_ROOKIDEE	Peck	1	1	same	
SPECIES_ROOKIDEE	Leer	1	1	same	
SPECIES_ROOKIDEE	Fury Attack	4	4	same	
SPECIES_ROOKIDEE	Sand-Attack	12	12	same	
SPECIES_ROOKIDEE	Pluck	15	15	same	
SPECIES_ROOKIDEE	Scary Face	20	20	same	
SPECIES_ROOKIDEE	Drill Peck	24	26	moved	24 to 26: its nearest Kaizo lines, translated to 25, and no earlier than Kaizo's level of 27 within its split
SPECIES_ROOKIDEE	FeatherDance	30	30	same	
SPECIES_ROOKIDEE	Revenge	34	34	same	
SPECIES_ROOKIDEE	Defog	40	40	same	
SPECIES_ROOKIDEE	Brave Bird	44	44	same	
SPECIES_ROOKIDEE	Roost	50	50	same	
SPECIES_ROSELIA	Growth	4	4	same	
SPECIES_ROSELIA	Poison Sting	7	7	same	
SPECIES_ROSELIA	Stun Spore	10	10	same	
SPECIES_ROSELIA	Mega Drain	13	13	same	
SPECIES_ROSELIA	Leech Seed	16	16	same	
SPECIES_ROSELIA	Magical Leaf	19	19	same	
SPECIES_ROSELIA	GrassWhistle	22	22	same	
SPECIES_ROSELIA	Giga Drain	25	25	same	
SPECIES_ROSELIA	Toxic Spikes	28	28	same	
SPECIES_ROSELIA	Sweet Scent	31	31	same	
SPECIES_ROSELIA	Ingrain	34	34	same	
SPECIES_ROSELIA	Toxic	37	37	same	
SPECIES_ROSELIA	Petal Dance	40	40	same	
SPECIES_ROSELIA	Synthesis	46	46	same	
SPECIES_ROSELIA	Aromatherapy	43	53	moved	43 to 53: Kaizo's Roselia at 65, translated to 53
SPECIES_ROSELIA	Absorb	1		dropped	leaves: strength 20, under 40
SPECIES_ROSERADE	Weather Ball	1	1	same	
SPECIES_ROSERADE	Poison Sting	1	1	same	
SPECIES_ROSERADE	Mega Drain	1	1	same	
SPECIES_ROSERADE	Magical Leaf	1	1	same	
SPECIES_ROSERADE	Sweet Scent	1	1	same	
SPECIES_ROSERADE	Venoshock		61	added	new at 61: a move in the last splits, from Legends Arceus at 25
SPECIES_ROTOM	Trick	1	1	same	
SPECIES_ROTOM	Thunder Wave	1	1	same	
SPECIES_ROTOM	ThunderShock	1	1	same	
SPECIES_ROTOM	Confuse Ray	1	1	same	
SPECIES_ROTOM	Uproar	8	8	same	
SPECIES_ROTOM	Double Team	15	15	same	
SPECIES_ROTOM	Shock Wave	22	22	same	
SPECIES_ROTOM	Ominous Wind	29	29	same	
SPECIES_ROTOM	Substitute	36	36	same	
SPECIES_ROTOM	Charge	43	43	same	
SPECIES_ROTOM	Discharge	50	50	same	
SPECIES_ROTOM	Dark Pulse		61	added	new at 61: a move in the last splits, from Kaizo's Rotom at 29
SPECIES_ROTOM	Astonish	1		dropped	leaves: strength 30, under 40
SPECIES_ROWLET	Tackle	1	1	same	
SPECIES_ROWLET	Leafage	1	1	same	
SPECIES_ROWLET	Growl	4	4	same	
SPECIES_ROWLET	Peck	8	8	same	
SPECIES_ROWLET	Razor Leaf	15	15	same	
SPECIES_ROWLET	Pluck	18	18	same	
SPECIES_ROWLET	Ominous Wind	22	22	same	
SPECIES_ROWLET	Synthesis	25	25	same	
SPECIES_ROWLET	Seed Bomb	30	30	same	
SPECIES_ROWLET	Sucker Punch	33	33	same	
SPECIES_ROWLET	FeatherDance	36	36	same	
SPECIES_ROWLET	Roost	40	40	same	
SPECIES_ROWLET	Leaf Blade	44	44	same	
SPECIES_ROWLET	Brave Bird	48	48	same	
SPECIES_ROWLET	Leaf Storm	52	52	same	
SPECIES_ROWLET	Astonish	12		dropped	leaves: strength 30, under 40
SPECIES_RUNERIGUS	Shadow Claw	1	1	same	
SPECIES_RUNERIGUS	Scary Face	1	1	same	
SPECIES_RUNERIGUS	Protect	1	1	same	
SPECIES_RUNERIGUS	Haze	1	1	same	
SPECIES_RUNERIGUS	Night Shade	1	1	same	
SPECIES_RUNERIGUS	Disable	12	12	same	
SPECIES_RUNERIGUS	Brutal Swing	16	16	same	
SPECIES_RUNERIGUS	Crafty Shield	20	20	same	
SPECIES_RUNERIGUS	Hex	24	24	same	
SPECIES_RUNERIGUS	Mean Look	28	28	same	
SPECIES_RUNERIGUS	Slam	32	32	same	
SPECIES_RUNERIGUS	Curse	38	38	same	
SPECIES_RUNERIGUS	Shadow Ball	44	44	same	
SPECIES_RUNERIGUS	Earthquake	50	50	same	
SPECIES_RUNERIGUS	Power Split	56	56	same	
SPECIES_RUNERIGUS	Guard Split	56	56	same	
SPECIES_RUNERIGUS	Phantom Force		61	added	new at 61: a move in the last splits, from Legends Z-A at 46
SPECIES_RUNERIGUS	Destiny Bond	62	62	same	
SPECIES_RUNERIGUS	Astonish	1		dropped	leaves: strength 30, under 40
SPECIES_SABLEYE	Leer	1	1	same	
SPECIES_SABLEYE	Scratch	1	1	same	
SPECIES_SABLEYE	Foresight	4	4	same	
SPECIES_SABLEYE	Night Shade	8	8	same	
SPECIES_SABLEYE	Bite		11	added	new at 11: keeps the first attack's level
SPECIES_SABLEYE	Fury Swipes	15	15	same	
SPECIES_SABLEYE	Fake Out	18	18	same	
SPECIES_SABLEYE	Detect	22	22	same	
SPECIES_SABLEYE	Shadow Sneak	25	25	same	
SPECIES_SABLEYE	Knock Off	29	29	same	
SPECIES_SABLEYE	Faint Attack	32	32	same	
SPECIES_SABLEYE	Punishment	36	36	same	
SPECIES_SABLEYE	Shadow Claw	39	39	same	
SPECIES_SABLEYE	Power Gem	43	43	same	
SPECIES_SABLEYE	Confuse Ray	46	46	same	
SPECIES_SABLEYE	Zen Headbutt	50	50	same	
SPECIES_SABLEYE	Shadow Ball	53	53	same	
SPECIES_SABLEYE	Mean Look	57	57	same	
SPECIES_SABLEYE	Astonish	11		dropped	leaves: strength 30, under 40
SPECIES_SALAMENCE	Fire Fang	1	1	same	
SPECIES_SALAMENCE	Thunder Fang	1	1	same	
SPECIES_SALAMENCE	Bite	1	1	same	
SPECIES_SALAMENCE	Leer	1	1	same	
SPECIES_SALAMENCE	Headbutt	1	1	same	
SPECIES_SALAMENCE	Bite	5	5	same	
SPECIES_SALAMENCE	Leer	10	10	same	
SPECIES_SALAMENCE	Headbutt	16	16	same	
SPECIES_SALAMENCE	Focus Energy	20	20	same	
SPECIES_SALAMENCE	Protect	30	30	same	
SPECIES_SALAMENCE	DragonBreath	32	32	same	
SPECIES_SALAMENCE	Zen Headbutt	37	37	same	
SPECIES_SALAMENCE	Scary Face	43	43	same	
SPECIES_SALAMENCE	Fly	50	50	same	
SPECIES_SALAMENCE	Crunch	53	53	same	
SPECIES_SALAMENCE	Dragon Claw	61	61	same	
SPECIES_SALAMENCE	Double-Edge	70	70	same	
SPECIES_SALAMENCE	Rage	1		dropped	leaves: strength 20, under 40
SPECIES_SALAMENCE	Ember	25		dropped	leaves: strength 40, at most half of Gardenia's usual 80
SPECIES_SALANDIT	Scratch	1	1	same	
SPECIES_SALANDIT	Smog	1	1	same	
SPECIES_SALANDIT	Ember	5	5	same	
SPECIES_SALANDIT	Sweet Scent	8	8	same	
SPECIES_SALANDIT	Venom Drench	13	13	same	
SPECIES_SALANDIT	Dragon Rage	21	21	same	
SPECIES_SALANDIT	Toxic	24	24	same	
SPECIES_SALANDIT	Flame Burst	17	26	moved	17 to 26: its nearest Kaizo lines, translated to 26
SPECIES_SALANDIT	Venoshock	29	29	same	
SPECIES_SALANDIT	Flamethrower	34	38	moved	34 to 39: its nearest Kaizo lines, translated to 38, and no earlier than Kaizo's level of 45 within its split; 39 to 38: the same-level rule (another move is at 39); its split has no free level at or above its floor, so it stays in the split a level under it
SPECIES_SALANDIT	Sludge Bomb	40	39	moved	40 to 39: its nearest Kaizo lines, translated to 38, and no earlier than Kaizo's level of 45 within its split
SPECIES_SALANDIT	Dragon Pulse	48	48	same	
SPECIES_SALAZZLE	Encore	1	1	same	
SPECIES_SALAZZLE	Torment	1	1	same	
SPECIES_SALAZZLE	Swagger	1	1	same	
SPECIES_SALAZZLE	Smog	1	1	same	
SPECIES_SALAZZLE	Ember	5	5	same	
SPECIES_SALAZZLE	Sweet Scent	8	8	same	
SPECIES_SALAZZLE	Venom Drench	13	13	same	
SPECIES_SALAZZLE	Flame Burst	17	17	same	
SPECIES_SALAZZLE	Dragon Rage	21	21	same	
SPECIES_SALAZZLE	Toxic	24	24	same	
SPECIES_SALAZZLE	Venoshock	29	29	same	
SPECIES_SALAZZLE	Dragon Pulse	50	53	moved	50 to 53: its nearest Kaizo lines, translated to 53
SPECIES_SALAZZLE	Flamethrower	36	54	moved	36 to 56: its nearest Kaizo lines, translated to 54, and no earlier than Kaizo's level of 68 within its split; 56 to 54: the same-level rule (another move is at 56); its split has no free level at or above its floor, so it stays in the split a level under it
SPECIES_SALAZZLE	Fire Blast	55	55	same	
SPECIES_SALAZZLE	Sludge Bomb	42	56	moved	42 to 56: its nearest Kaizo lines, translated to 54, and no earlier than Kaizo's level of 68 within its split
SPECIES_SALAZZLE	Incinerate		61	added	new at 61: a move in the last splits, from Legends Z-A at 30
SPECIES_SANDSHREW	Scratch	1	1	same	
SPECIES_SANDSHREW	Defense Curl	3	3	same	
SPECIES_SANDSHREW	Sand-Attack	7	7	same	
SPECIES_SANDSHREW	Poison Sting	9	9	same	
SPECIES_SANDSHREW	Rapid Spin	13	13	same	
SPECIES_SANDSHREW	Swift	15	15	same	
SPECIES_SANDSHREW	Fury Swipes	19	19	same	
SPECIES_SANDSHREW	Slash	31	31	same	
SPECIES_SANDSHREW	Gyro Ball	33	33	same	
SPECIES_SANDSHREW	Sandstorm	37	37	same	
SPECIES_SANDSHREW	Rollout	21		dropped	leaves: strength 27, under 40
SPECIES_SANDSHREW	Fury Cutter	25		dropped	leaves: strength 38, under 40
SPECIES_SANDSHREW	Sand Tomb	27		dropped	leaves: strength 35, under 40
SPECIES_SANDSLASH	Scratch	1	1	same	
SPECIES_SANDSLASH	Defense Curl	1	1	same	
SPECIES_SANDSLASH	Sand-Attack	1	1	same	
SPECIES_SANDSLASH	Defense Curl	3	3	same	
SPECIES_SANDSLASH	Sand-Attack	7	7	same	
SPECIES_SANDSLASH	Poison Sting	9	9	same	
SPECIES_SANDSLASH	Rapid Spin	13	13	same	
SPECIES_SANDSLASH	Swift	15	15	same	
SPECIES_SANDSLASH	Fury Swipes	19	19	same	
SPECIES_SANDSLASH	Crush Claw	22	22	same	
SPECIES_SANDSLASH	Slash	40	40	same	
SPECIES_SANDSLASH	Gyro Ball	45	45	same	
SPECIES_SANDSLASH	Sandstorm	52	52	same	
SPECIES_SANDSLASH	Rollout	21		dropped	leaves: strength 27, under 40
SPECIES_SANDSLASH	Fury Cutter	28		dropped	leaves: strength 38, under 40
SPECIES_SANDSLASH	Sand Tomb	33		dropped	leaves: strength 35, under 40
SPECIES_SANDYGAST	Harden	1	1	same	
SPECIES_SANDYGAST	Shadow Sneak		5	added	new at 5: keeps the first attack's level
SPECIES_SANDYGAST	Sand-Attack	14	14	same	
SPECIES_SANDYGAST	Mega Drain	16	16	same	
SPECIES_SANDYGAST	Bulldoze	24	24	same	
SPECIES_SANDYGAST	Hypnosis	28	28	same	
SPECIES_SANDYGAST	Earth Power	47	32	moved	47 to 32: its nearest Kaizo lines, translated to 29, and no earlier than Kaizo's level of 32 within its split
SPECIES_SANDYGAST	Giga Drain	35	35	same	
SPECIES_SANDYGAST	Iron Defense	36	36	same	
SPECIES_SANDYGAST	Shadow Ball	43	39	moved	43 to 39: its nearest Kaizo lines, translated to 38, and no earlier than Kaizo's level of 44 within its split
SPECIES_SANDYGAST	Shore Up	52	52	same	
SPECIES_SANDYGAST	Absorb	1		dropped	leaves: strength 20, under 40
SPECIES_SANDYGAST	Astonish	5		dropped	leaves: strength 30, under 40
SPECIES_SANDYGAST	Sand Tomb	11		dropped	leaves: strength 35, under 40
SPECIES_SANDYGAST	Sandstorm	57		dropped	leaves: weather, for a species the player can own
SPECIES_SCEPTILE	Night Slash	1	1	same	
SPECIES_SCEPTILE	Pound	1	1	same	
SPECIES_SCEPTILE	Leer	1	1	same	
SPECIES_SCEPTILE	Quick Attack	1	1	same	
SPECIES_SCEPTILE	Quick Attack	11	11	same	
SPECIES_SCEPTILE	X-Scissor	16	16	same	
SPECIES_SCEPTILE	Pursuit	17	17	same	
SPECIES_SCEPTILE	Screech	23	23	same	
SPECIES_SCEPTILE	Leaf Blade	29	29	same	
SPECIES_SCEPTILE	Agility	35	35	same	
SPECIES_SCEPTILE	Slam	43	43	same	
SPECIES_SCEPTILE	Detect	51	51	same	
SPECIES_SCEPTILE	False Swipe	59	59	same	
SPECIES_SCEPTILE	Leaf Storm	67	67	same	
SPECIES_SCEPTILE	Absorb	1		dropped	leaves: strength 20, under 40
SPECIES_SCIZOR	Bullet Punch	1	1	same	
SPECIES_SCIZOR	Quick Attack	1	1	same	
SPECIES_SCIZOR	Leer	1	1	same	
SPECIES_SCIZOR	Focus Energy	5	5	same	
SPECIES_SCIZOR	Pursuit	9	9	same	
SPECIES_SCIZOR	False Swipe	13	13	same	
SPECIES_SCIZOR	Agility	17	17	same	
SPECIES_SCIZOR	Metal Claw	21	21	same	
SPECIES_SCIZOR	Slash	29	29	same	
SPECIES_SCIZOR	Iron Defense	37	37	same	
SPECIES_SCIZOR	Night Slash	45	45	same	
SPECIES_SCIZOR	Double Hit	49	49	same	
SPECIES_SCIZOR	X-Scissor	41	52	moved	41 to 53: Kaizo's Scizor at 57, translated to 46, and no earlier than Kaizo's level of 57 within its split; 53 to 52: the same-level rule (another move is at 53); its split has no free level at or above its floor, so it stays in the split a level under it
SPECIES_SCIZOR	Iron Head	53	53	same	
SPECIES_SCIZOR	Swords Dance	57	57	same	
SPECIES_SCIZOR	Feint	61	61	same	
SPECIES_SCIZOR	Fury Cutter	25		dropped	leaves: strength 38, under 40
SPECIES_SCIZOR	Razor Wind	33		dropped	leaves: charges a turn in the open (Kaizo's lists keep no such move)
SPECIES_SCORBUNNY	Ember	1	1	same	
SPECIES_SCORBUNNY	Growl	1	1	same	
SPECIES_SCORBUNNY	Quick Attack	6	6	same	
SPECIES_SCORBUNNY	Sand-Attack	11	11	same	
SPECIES_SCORBUNNY	Double Kick	14	14	same	
SPECIES_SCORBUNNY	Headbutt	20	20	same	
SPECIES_SCORBUNNY	Super Fang	29	29	same	
SPECIES_SCORBUNNY	Blaze Kick	26	33	moved	26 to 33: its nearest Kaizo lines, translated to 31, and no earlier than Kaizo's level of 35 within its split
SPECIES_SCORBUNNY	Jump Kick	34	34	same	
SPECIES_SCORBUNNY	Flare Blitz	45	45	same	
SPECIES_SCORBUNNY	Double-Edge	39	53	moved	39 to 53: its nearest Kaizo lines, translated to 48, and no earlier than Kaizo's level of 59 within its split
SPECIES_SCYTHER	Vacuum Wave	1	1	same	
SPECIES_SCYTHER	Quick Attack	1	1	same	
SPECIES_SCYTHER	Leer	1	1	same	
SPECIES_SCYTHER	Focus Energy	5	5	same	
SPECIES_SCYTHER	Pursuit	9	9	same	
SPECIES_SCYTHER	False Swipe	13	13	same	
SPECIES_SCYTHER	Agility	17	17	same	
SPECIES_SCYTHER	Wing Attack	21	21	same	
SPECIES_SCYTHER	Slash	29	29	same	
SPECIES_SCYTHER	Double Team	37	37	same	
SPECIES_SCYTHER	Night Slash	45	45	same	
SPECIES_SCYTHER	Double Hit	49	49	same	
SPECIES_SCYTHER	X-Scissor	41	52	moved	41 to 53: Kaizo's Scyther at 57, translated to 46, and no earlier than Kaizo's level of 57 within its split; 53 to 52: the same-level rule (another move is at 53); its split has no free level at or above its floor, so it stays in the split a level under it
SPECIES_SCYTHER	Air Slash	53	53	same	
SPECIES_SCYTHER	Swords Dance	57	57	same	
SPECIES_SCYTHER	Feint	61	61	same	
SPECIES_SCYTHER	Fury Cutter	25		dropped	leaves: strength 38, under 40
SPECIES_SCYTHER	Razor Wind	33		dropped	leaves: charges a turn in the open (Kaizo's lists keep no such move)
SPECIES_SEADRA	Bubble	1	1	same	
SPECIES_SEADRA	SmokeScreen	1	1	same	
SPECIES_SEADRA	Leer	1	1	same	
SPECIES_SEADRA	Water Gun	1	1	same	
SPECIES_SEADRA	SmokeScreen	4	4	same	
SPECIES_SEADRA	Leer	8	8	same	
SPECIES_SEADRA	Water Gun	11	11	same	
SPECIES_SEADRA	Focus Energy	14	14	same	
SPECIES_SEADRA	BubbleBeam	18	18	same	
SPECIES_SEADRA	Agility	23	23	same	
SPECIES_SEADRA	Brine	30	30	same	
SPECIES_SEADRA	Hydro Pump	40	40	same	
SPECIES_SEADRA	Dragon Dance	48	48	same	
SPECIES_SEADRA	Dragon Pulse	57	57	same	
SPECIES_SEADRA	Twister	26		dropped	leaves: strength 40, at most half of Gardenia's usual 80
SPECIES_SEAKING	Poison Jab	1	1	same	
SPECIES_SEAKING	Peck	1	1	same	
SPECIES_SEAKING	Tail Whip	1	1	same	
SPECIES_SEAKING	Water Sport	1	1	same	
SPECIES_SEAKING	Supersonic	1	1	same	
SPECIES_SEAKING	Supersonic	7	7	same	
SPECIES_SEAKING	Horn Attack	11	11	same	
SPECIES_SEAKING	Water Pulse	17	17	same	
SPECIES_SEAKING	Flail	21	21	same	
SPECIES_SEAKING	Aqua Ring	27	27	same	
SPECIES_SEAKING	Waterfall	40	40	same	
SPECIES_SEAKING	Horn Drill	47	47	same	
SPECIES_SEAKING	Agility	56	56	same	
SPECIES_SEAKING	Megahorn	63	63	same	
SPECIES_SEAKING	Fury Attack	31		dropped	leaves: strength 45, at most half of Fantina's usual 90
SPECIES_SEALEO	Powder Snow	1	1	same	
SPECIES_SEALEO	Growl	1	1	same	
SPECIES_SEALEO	Water Gun	1	1	same	
SPECIES_SEALEO	Encore	1	1	same	
SPECIES_SEALEO	Encore	7	7	same	
SPECIES_SEALEO	Body Slam	19	19	same	
SPECIES_SEALEO	Aurora Beam	25	25	same	
SPECIES_SEALEO	Swagger	32	32	same	
SPECIES_SEALEO	Rest	39	39	same	
SPECIES_SEALEO	Blizzard	47	47	same	
SPECIES_SEALEO	Sheer Cold	55	55	same	
SPECIES_SEALEO	Ice Ball	13		dropped	leaves: strength 27, under 40
SPECIES_SEALEO	Hail	31		dropped	leaves: weather, for a species the player can own
SPECIES_SEALEO	Snore	39		dropped	leaves: works only asleep, or returns less than double
SPECIES_SEEDOT	Harden	3	3	same	
SPECIES_SEEDOT	Growth	7	7	same	
SPECIES_SEEDOT	Nature Power	13	13	same	
SPECIES_SEEDOT	Synthesis	21	21	same	
SPECIES_SEEDOT	Explosion	43	43	same	
SPECIES_SEEDOT	Bide	1		dropped	leaves: works only asleep, or returns less than double
SPECIES_SEEDOT	Sunny Day	31		dropped	leaves: weather, for a species the player can own
SPECIES_SEEL	Headbutt	1	1	same	
SPECIES_SEEL	Growl	3	3	same	
SPECIES_SEEL	Water Sport	7	7	same	
SPECIES_SEEL	Icy Wind	11	11	same	
SPECIES_SEEL	Encore	13	13	same	
SPECIES_SEEL	Ice Shard	17	17	same	
SPECIES_SEEL	Rest	21	21	same	
SPECIES_SEEL	Aqua Ring	23	23	same	
SPECIES_SEEL	Aurora Beam	27	27	same	
SPECIES_SEEL	Aqua Jet	31	31	same	
SPECIES_SEEL	Brine	33	33	same	
SPECIES_SEEL	Take Down	37	37	same	
SPECIES_SEEL	Dive	41	41	same	
SPECIES_SEEL	Aqua Tail	43	43	same	
SPECIES_SEEL	Ice Beam	47	44	moved	47 to 44: Kaizo's Seel at 48, translated to 40, and no earlier than Kaizo's level of 48 within its split
SPECIES_SEEL	Safeguard	51	51	same	
SPECIES_SENTRET	Scratch	1	1	same	
SPECIES_SENTRET	Foresight	1	1	same	
SPECIES_SENTRET	Defense Curl	4	4	same	
SPECIES_SENTRET	Quick Attack	7	7	same	
SPECIES_SENTRET	Fury Swipes	13	13	same	
SPECIES_SENTRET	Helping Hand	16	16	same	
SPECIES_SENTRET	Follow Me	19	19	same	
SPECIES_SENTRET	Slam	25	25	same	
SPECIES_SENTRET	Rest	28	28	same	
SPECIES_SENTRET	Sucker Punch	31	31	same	
SPECIES_SENTRET	Hyper Voice	47	33	moved	47 to 33: Kaizo's Sentret at 36, translated to 32, and no earlier than Kaizo's level of 36 within its split
SPECIES_SENTRET	Amnesia	36	36	same	
SPECIES_SENTRET	Baton Pass	39	39	same	
SPECIES_SENTRET	Me First	42	42	same	
SPECIES_SERPERIOR	Reflect	1	1	same	
SPECIES_SERPERIOR	Light Screen	1	1	same	
SPECIES_SERPERIOR	Tackle	1	1	same	
SPECIES_SERPERIOR	Vine Whip	1	1	same	
SPECIES_SERPERIOR	Leer	5	5	same	
SPECIES_SERPERIOR	Hold Back	14	14	same	
SPECIES_SERPERIOR	Magical Leaf	19	19	same	
SPECIES_SERPERIOR	Mega Drain	24	24	same	
SPECIES_SERPERIOR	Worry Seed	27	27	same	
SPECIES_SERPERIOR	Grass Knot	30	30	same	
SPECIES_SERPERIOR	Wring Out	36	36	same	
SPECIES_SERPERIOR	Giga Drain	40	40	same	
SPECIES_SERPERIOR	Glare	48	48	same	
SPECIES_SERPERIOR	Synthesis	51	51	same	
SPECIES_SERPERIOR	Leaf Storm	55	55	same	
SPECIES_SERPERIOR	Leaf Blade	46	56	moved	46 to 56: its nearest Kaizo lines, translated to 55, and no earlier than Kaizo's level of 70 within its split
SPECIES_SERPERIOR	Coil		61	added	new at 61: a move in the last splits, from Legends Z-A at 38
SPECIES_SERPERIOR	Wrap	10		dropped	leaves: strength 14, under 40
SPECIES_SERVINE	Tackle	1	1	same	
SPECIES_SERVINE	Vine Whip	1	1	same	
SPECIES_SERVINE	Leer	5	5	same	
SPECIES_SERVINE	Hold Back	14	14	same	
SPECIES_SERVINE	Magical Leaf	19	19	same	
SPECIES_SERVINE	Mega Drain	24	24	same	
SPECIES_SERVINE	Worry Seed	27	27	same	
SPECIES_SERVINE	Grass Knot	30	30	same	
SPECIES_SERVINE	Wring Out	36	36	same	
SPECIES_SERVINE	Giga Drain	40	40	same	
SPECIES_SERVINE	Leaf Blade	43	43	same	
SPECIES_SERVINE	Glare	48	48	same	
SPECIES_SERVINE	Synthesis	50	50	same	
SPECIES_SERVINE	Leaf Storm	54	54	same	
SPECIES_SERVINE	Wrap	10		dropped	leaves: strength 14, under 40
SPECIES_SEVIPER	Lick	7	7	same	
SPECIES_SEVIPER	Bite	10	10	same	
SPECIES_SEVIPER	Poison Tail	16	16	same	
SPECIES_SEVIPER	Screech	19	19	same	
SPECIES_SEVIPER	Glare	25	25	same	
SPECIES_SEVIPER	Crunch	28	28	same	
SPECIES_SEVIPER	Poison Fang	34	34	same	
SPECIES_SEVIPER	Swagger	37	37	same	
SPECIES_SEVIPER	Haze	43	43	same	
SPECIES_SEVIPER	Night Slash	46	46	same	
SPECIES_SEVIPER	Poison Jab	52	52	same	
SPECIES_SEVIPER	Wring Out	55	55	same	
SPECIES_SEVIPER	Wrap	1		dropped	leaves: strength 14, under 40
SPECIES_SEWADDLE	Tackle	1	1	same	
SPECIES_SEWADDLE	String Shot	1	1	same	
SPECIES_SEWADDLE	Bug Bite	8	8	same	
SPECIES_SEWADDLE	Razor Leaf	12	12	same	
SPECIES_SEWADDLE	Struggle Bug	22	22	same	
SPECIES_SEWADDLE	Endure	29	29	same	
SPECIES_SEWADDLE	Sticky Web	31	31	same	
SPECIES_SEWADDLE	Flail	43	43	same	
SPECIES_SEWADDLE	Bug Buzz	36	44	moved	36 to 44: its nearest Kaizo lines, translated to 40, and no earlier than Kaizo's level of 48 within its split
SPECIES_SHARPEDO	Feint	1	1	same	
SPECIES_SHARPEDO	Leer	1	1	same	
SPECIES_SHARPEDO	Bite	1	1	same	
SPECIES_SHARPEDO	Focus Energy	1	1	same	
SPECIES_SHARPEDO	Ice Fang	16	1	moved	16 to 1: an exclusive delay, Kaizo gives it only to Carvanha
SPECIES_SHARPEDO	Focus Energy	8	8	same	
SPECIES_SHARPEDO	Scary Face	11	11	same	
SPECIES_SHARPEDO	Screech	18	18	same	
SPECIES_SHARPEDO	Swagger	21	21	same	
SPECIES_SHARPEDO	Assurance	26	26	same	
SPECIES_SHARPEDO	Crunch	28	28	same	
SPECIES_SHARPEDO	Slash	30	30	same	
SPECIES_SHARPEDO	Aqua Jet	34	34	same	
SPECIES_SHARPEDO	Taunt	40	40	same	
SPECIES_SHARPEDO	Agility	45	45	same	
SPECIES_SHARPEDO	Night Slash	56	56	same	
SPECIES_SHARPEDO	Water Pulse		61	added	new at 61: a move in the last splits, from Kaizo's Sharpedo at 34
SPECIES_SHARPEDO	Rage	1		dropped	leaves: strength 20, under 40
SPECIES_SHARPEDO	Skull Bash	50		dropped	leaves: charges a turn in the open (Kaizo's lists keep no such move)
SPECIES_SHAYMIN	Growth	1	1	same	
SPECIES_SHAYMIN	Magical Leaf	10	10	same	
SPECIES_SHAYMIN	Leech Seed	19	19	same	
SPECIES_SHAYMIN	Synthesis	28	28	same	
SPECIES_SHAYMIN	Sweet Scent	37	37	same	
SPECIES_SHAYMIN	Natural Gift	46	46	same	
SPECIES_SHAYMIN	Worry Seed	55	55	same	
SPECIES_SHAYMIN	Energy Ball	73	73	same	
SPECIES_SHAYMIN	Aromatherapy	64	78	moved	64 to 78: Kaizo's Shaymin at 100, translated to 78
SPECIES_SHAYMIN	Sweet Kiss	82	82	same	
SPECIES_SHAYMIN	Healing Wish	91	91	same	
SPECIES_SHAYMIN	Seed Flare	100	100	same	
SPECIES_SHEDINJA	Scratch	1	1	same	
SPECIES_SHEDINJA	Harden	1	1	same	
SPECIES_SHEDINJA	Leech Life	5	5	same	
SPECIES_SHEDINJA	Sand-Attack	9	9	same	
SPECIES_SHEDINJA	Fury Swipes	14	14	same	
SPECIES_SHEDINJA	Mind Reader	19	19	same	
SPECIES_SHEDINJA	Spite	25	25	same	
SPECIES_SHEDINJA	Confuse Ray	31	31	same	
SPECIES_SHEDINJA	Shadow Sneak	38	38	same	
SPECIES_SHEDINJA	Grudge	45	45	same	
SPECIES_SHEDINJA	Heal Block	52	52	same	
SPECIES_SHEDINJA	Shadow Ball	59	59	same	
SPECIES_SHELGON	Bite	1	1	same	
SPECIES_SHELGON	Leer	1	1	same	
SPECIES_SHELGON	Headbutt	1	1	same	
SPECIES_SHELGON	Bite	5	5	same	
SPECIES_SHELGON	Leer	10	10	same	
SPECIES_SHELGON	Headbutt	16	16	same	
SPECIES_SHELGON	Focus Energy	20	20	same	
SPECIES_SHELGON	Protect	30	30	same	
SPECIES_SHELGON	DragonBreath	32	32	same	
SPECIES_SHELGON	Zen Headbutt	37	37	same	
SPECIES_SHELGON	Scary Face	43	43	same	
SPECIES_SHELGON	Crunch	50	50	same	
SPECIES_SHELGON	Dragon Claw	55	55	same	
SPECIES_SHELGON	Double-Edge	61	61	same	
SPECIES_SHELGON	Rage	1		dropped	leaves: strength 20, under 40
SPECIES_SHELGON	Ember	25		dropped	leaves: strength 40, at most half of Gardenia's usual 80
SPECIES_SHELLDER	Tackle	1	1	same	
SPECIES_SHELLDER	Withdraw	4	4	same	
SPECIES_SHELLDER	Supersonic	8	8	same	
SPECIES_SHELLDER	Icicle Spear	13	13	same	
SPECIES_SHELLDER	Protect	16	16	same	
SPECIES_SHELLDER	Leer	20	20	same	
SPECIES_SHELLDER	Ice Shard	28	28	same	
SPECIES_SHELLDER	Aurora Beam	32	32	same	
SPECIES_SHELLDER	Iron Defense	40	40	same	
SPECIES_SHELLDER	Brine	44	44	same	
SPECIES_SHELLDER	Ice Beam	49	49	same	
SPECIES_SHELLDER	Clamp	25		dropped	leaves: strength 30, under 40
SPECIES_SHELLDER	Whirlpool	37		dropped	leaves: strength 35, under 40
SPECIES_SHELLOS	Mud-Slap	1	1	same	
SPECIES_SHELLOS	Mud Sport	2	2	same	
SPECIES_SHELLOS	Harden	4	4	same	
SPECIES_SHELLOS	Water Pulse	7	7	same	
SPECIES_SHELLOS	Mud Bomb	11	11	same	
SPECIES_SHELLOS	Hidden Power	16	16	same	
SPECIES_SHELLOS	Body Slam	29	29	same	
SPECIES_SHELLOS	Muddy Water	37	37	same	
SPECIES_SHELLOS	Recover	46	46	same	
SPECIES_SHELLOS	Rain Dance	22		dropped	leaves: weather, for a species the player can own
SPECIES_SHIELDON	Tackle	1	1	same	
SPECIES_SHIELDON	Protect	1	1	same	
SPECIES_SHIELDON	Taunt	6	6	same	
SPECIES_SHIELDON	Metal Sound	10	10	same	
SPECIES_SHIELDON	Take Down	15	15	same	
SPECIES_SHIELDON	Iron Defense	19	19	same	
SPECIES_SHIELDON	Swagger	24	24	same	
SPECIES_SHIELDON	AncientPower	28	28	same	
SPECIES_SHIELDON	Endure	33	33	same	
SPECIES_SHIELDON	Earthquake		34	added	new at 33: Kaizo's Shieldon at 38; 33 to 34: the same-level rule (another move is at 33)
SPECIES_SHIELDON	Iron Head	43	39	moved	43 to 39: Kaizo's Shieldon at 45, translated to 38, and no earlier than Kaizo's level of 45 within its split
SPECIES_SHIELDON	Metal Burst	37		dropped	leaves: works only asleep, or returns less than double
SPECIES_SHIFTRY	Faint Attack	1	1	same	new at 31: a key move after the evolution, from Nuzleaf's 31
SPECIES_SHIFTRY	Whirlwind	1	1	same	
SPECIES_SHIFTRY	Nasty Plot	1	1	same	
SPECIES_SHIFTRY	Razor Leaf	1	1	same	
SPECIES_SHIFTRY	Faint Attack	1	31	same	new at 31: a key move after the evolution, from Nuzleaf's 31
SPECIES_SHIFTRY	Leaf Storm	49	49	same	
SPECIES_SHIFTRY	Leaf Blade		61	added	new at 61: a move in the last splits, from Kaizo's Shiftry at 55
SPECIES_SHINX	Tackle	1	1	same	
SPECIES_SHINX	Leer	5	5	same	
SPECIES_SHINX	Charge	9	9	same	
SPECIES_SHINX	Spark	13	13	same	
SPECIES_SHINX	Bite	17	17	same	
SPECIES_SHINX	Roar	21	21	same	
SPECIES_SHINX	Swagger	25	25	same	
SPECIES_SHINX	Thunder Fang	29	32	moved	29 to 33: Kaizo's Shinx at 37, translated to 32, and no earlier than Kaizo's level of 37 within its split; 33 to 32: the same-level rule (another move is at 33); its split has no free level at or above its floor, so it stays in the split a level under it
SPECIES_SHINX	Crunch	33	33	same	
SPECIES_SHINX	Scary Face	37	37	same	
SPECIES_SHINX	Discharge	41	41	same	an exclusive delay: Kaizo gives it to no later stage
SPECIES_SHROOMISH	Tackle	5	5	same	
SPECIES_SHROOMISH	Stun Spore	9	9	same	
SPECIES_SHROOMISH	Leech Seed	13	13	same	
SPECIES_SHROOMISH	Mega Drain	17	17	same	
SPECIES_SHROOMISH	Headbutt	21	21	same	
SPECIES_SHROOMISH	PoisonPowder	25	25	same	
SPECIES_SHROOMISH	Worry Seed	29	29	same	
SPECIES_SHROOMISH	Growth	33	33	same	
SPECIES_SHROOMISH	Giga Drain	37	37	same	
SPECIES_SHROOMISH	Seed Bomb	41	53	moved	41 to 53: Kaizo's Shroomish at 61, translated to 50, and no earlier than Kaizo's level of 61 within its split
SPECIES_SHROOMISH	Spore	45	78	moved	45 to 78: Kaizo's Shroomish at 100, translated to 78; an exclusive delay: Kaizo gives it to no later stage
SPECIES_SHROOMISH	Absorb	1		dropped	leaves: strength 20, under 40
SPECIES_SHUCKLE	Withdraw	1	1	same	
SPECIES_SHUCKLE	Encore	9	9	same	
SPECIES_SHUCKLE	Safeguard	14	14	same	
SPECIES_SHUCKLE	Rest	27	27	same	
SPECIES_SHUCKLE	Gastro Acid	35	35	same	
SPECIES_SHUCKLE	Bug Bite	40	40	same	
SPECIES_SHUCKLE	Power Trick	48	48	same	
SPECIES_SHUCKLE	Constrict	1		dropped	leaves: strength 10, under 40
SPECIES_SHUCKLE	Bide	1		dropped	leaves: works only asleep, or returns less than double
SPECIES_SHUCKLE	Wrap	22		dropped	leaves: strength 14, under 40
SPECIES_SHUPPET	Knock Off	1	1	same	
SPECIES_SHUPPET	Screech	5	5	same	
SPECIES_SHUPPET	Night Shade	8	8	same	
SPECIES_SHUPPET	Curse	13	13	same	
SPECIES_SHUPPET	Spite	16	16	same	
SPECIES_SHUPPET	Shadow Sneak	20	20	same	
SPECIES_SHUPPET	Will-O-Wisp	23	23	same	
SPECIES_SHUPPET	Faint Attack	28	28	same	
SPECIES_SHUPPET	Shadow Ball	31	31	same	
SPECIES_SHUPPET	Sucker Punch	35	35	same	
SPECIES_SHUPPET	Embargo	38	38	same	
SPECIES_SHUPPET	Snatch	43	43	same	
SPECIES_SHUPPET	Grudge	46	46	same	
SPECIES_SHUPPET	Trick	50	50	same	
SPECIES_SILCOON	Harden	1	1	same	
SPECIES_SILCOON	Harden	7	7	same	
SPECIES_SINISTCHA	Matcha Gotcha	1	1	same	new at 65: a key move after the evolution, from its own level 1, at Kaizo's level for it or its nearest lines'; 61 to 65: no earlier than Kaizo's level for like moves (78)
SPECIES_SINISTCHA	Stun Spore	1	1	same	
SPECIES_SINISTCHA	Withdraw	1	1	same	
SPECIES_SINISTCHA	Life Dew	12	12	same	
SPECIES_SINISTCHA	Protect		18	added	new at 18: a key move after the evolution, from Sinistea's 18
SPECIES_SINISTCHA	Mega Drain	24	24	same	
SPECIES_SINISTCHA	Hex	30	30	same	
SPECIES_SINISTCHA	Rage Powder	36	36	same	
SPECIES_SINISTCHA	Strength Sap	42	42	same	
SPECIES_SINISTCHA	Foul Play	18	53	moved	18 to 53: its nearest Kaizo lines, translated to 52, and no earlier than Kaizo's level of 64 within its split
SPECIES_SINISTCHA	Memento	54	54	same	
SPECIES_SINISTCHA	Leaf Storm	60	60	same	
SPECIES_SINISTCHA	Shadow Ball	48	65	moved	48 to 65: its nearest Kaizo lines, translated to 61, and no earlier than Kaizo's level of 78 within its split
SPECIES_SINISTCHA	Matcha Gotcha	1	65	same	new at 65: a key move after the evolution, from its own level 1, at Kaizo's level for it or its nearest lines'; 61 to 65: no earlier than Kaizo's level for like moves (78)
SPECIES_SINISTCHA	Astonish	1		dropped	leaves: strength 30, under 40
SPECIES_SINISTCHA	Absorb	6		dropped	leaves: strength 20, under 40
SPECIES_SINISTEA	Withdraw	1	1	same	
SPECIES_SINISTEA	Mega Drain	12	12	same	
SPECIES_SINISTEA	Protect	18	18	same	
SPECIES_SINISTEA	Sucker Punch	24	24	same	
SPECIES_SINISTEA	Aromatherapy	30	30	same	
SPECIES_SINISTEA	Shadow Ball	48	33	moved	48 to 33: its nearest Kaizo lines, translated to 33
SPECIES_SINISTEA	Giga Drain	36	36	same	
SPECIES_SINISTEA	Nasty Plot	42	42	same	
SPECIES_SINISTEA	Memento	54	54	same	
SPECIES_SINISTEA	Shell Smash	60	60	same	
SPECIES_SINISTEA	Astonish	1		dropped	leaves: strength 30, under 40
SPECIES_SINISTEA	Aromatic Mist	6		dropped	leaves: the move pool's first cut
SPECIES_SKARMORY	Leer	1	1	same	
SPECIES_SKARMORY	Peck	1	1	same	
SPECIES_SKARMORY	Sand-Attack	6	6	same	
SPECIES_SKARMORY	Swift	9	9	same	
SPECIES_SKARMORY	Agility	12	12	same	
SPECIES_SKARMORY	Fury Attack	17	17	same	
SPECIES_SKARMORY	Feint	20	20	same	
SPECIES_SKARMORY	Air Cutter	23	23	same	
SPECIES_SKARMORY	Spikes	28	28	same	
SPECIES_SKARMORY	Metal Sound	31	31	same	
SPECIES_SKARMORY	Steel Wing	34	34	same	
SPECIES_SKARMORY	Air Slash	39	39	same	
SPECIES_SKARMORY	Slash	42	42	same	
SPECIES_SKARMORY	Night Slash	45	45	same	
SPECIES_SKARMORY	Drill Run		61	added	new at 61: a move in the last splits, from Legends Z-A at 38
SPECIES_SKIPLOOM	Synthesis	1	1	same	
SPECIES_SKIPLOOM	Tail Whip	1	1	same	
SPECIES_SKIPLOOM	Tackle	1	1	same	
SPECIES_SKIPLOOM	Bullet Seed	20	1	moved	20 to 1: an exclusive delay, Kaizo gives it only to Hoppip
SPECIES_SKIPLOOM	Synthesis	4	4	same	
SPECIES_SKIPLOOM	Tail Whip	7	7	same	
SPECIES_SKIPLOOM	Tackle	10	10	same	
SPECIES_SKIPLOOM	PoisonPowder	12	12	same	
SPECIES_SKIPLOOM	Stun Spore	14	14	same	
SPECIES_SKIPLOOM	Sleep Powder	16	16	same	
SPECIES_SKIPLOOM	Leech Seed	24	24	same	
SPECIES_SKIPLOOM	Cotton Spore	32	32	same	
SPECIES_SKIPLOOM	U-turn	36	36	same	
SPECIES_SKIPLOOM	Worry Seed	40	40	same	
SPECIES_SKIPLOOM	Giga Drain	44	44	same	
SPECIES_SKIPLOOM	Bounce	48	48	same	
SPECIES_SKIPLOOM	Memento	52	52	same	
SPECIES_SKIPLOOM	Splash	1		dropped	leaves: the move pool's first cut
SPECIES_SKIPLOOM	Mega Drain	28		dropped	leaves: strength 40, at most half of Fantina's usual 80
SPECIES_SKITTY	Fake Out	1	1	same	
SPECIES_SKITTY	Growl	1	1	same	
SPECIES_SKITTY	Tail Whip	1	1	same	
SPECIES_SKITTY	Tackle	1	1	same	
SPECIES_SKITTY	Foresight	4	4	same	
SPECIES_SKITTY	Attract	8	8	same	
SPECIES_SKITTY	Sing	11	11	same	
SPECIES_SKITTY	DoubleSlap	15	15	same	
SPECIES_SKITTY	Copycat	18	18	same	
SPECIES_SKITTY	Assist	22	22	same	
SPECIES_SKITTY	Charm	25	25	same	
SPECIES_SKITTY	Faint Attack	29	29	same	
SPECIES_SKITTY	Wake-Up Slap	32	32	same	
SPECIES_SKITTY	Covet	36	36	same	
SPECIES_SKITTY	Heal Bell	39	39	same	
SPECIES_SKITTY	Double-Edge	42	42	same	
SPECIES_SKITTY	Captivate	46	46	same	
SPECIES_SKORUPI	Bite	1	1	same	
SPECIES_SKORUPI	Poison Sting	1	1	same	
SPECIES_SKORUPI	Leer	1	1	same	
SPECIES_SKORUPI	Knock Off	6	6	same	
SPECIES_SKORUPI	Pin Missile	12	12	same	
SPECIES_SKORUPI	Acupressure	17	17	same	
SPECIES_SKORUPI	Scary Face	23	23	same	
SPECIES_SKORUPI	Toxic Spikes	28	28	same	
SPECIES_SKORUPI	Bug Bite	34	34	same	
SPECIES_SKORUPI	Poison Fang	39	39	same	
SPECIES_SKORUPI	Crunch	45	45	same	
SPECIES_SKORUPI	Cross Poison	50	50	same	
SPECIES_SKUNTANK	Scratch	1	1	same	
SPECIES_SKUNTANK	Focus Energy	1	1	same	
SPECIES_SKUNTANK	Poison Gas	1	1	same	
SPECIES_SKUNTANK	Poison Gas	4	4	same	
SPECIES_SKUNTANK	Screech	7	7	same	
SPECIES_SKUNTANK	Fury Swipes	10	10	same	
SPECIES_SKUNTANK	SmokeScreen	14	14	same	
SPECIES_SKUNTANK	Feint	18	18	same	
SPECIES_SKUNTANK	Slash	22	22	same	
SPECIES_SKUNTANK	Toxic	27	27	same	
SPECIES_SKUNTANK	Night Slash	32	32	same	
SPECIES_SKUNTANK	Flamethrower	34	39	moved	34 to 39: Kaizo's Skuntank at 42, translated to 36, and no earlier than Kaizo's level of 42 within its split
SPECIES_SKUNTANK	Memento	42	42	same	
SPECIES_SKUNTANK	Explosion	52	52	same	
SPECIES_SKUNTANK	Venoshock		61	added	new at 61: a move in the last splits, from Legends Z-A at 21
SPECIES_SLAKING	Scratch	1	1	same	
SPECIES_SLAKING	Yawn	1	1	same	
SPECIES_SLAKING	Encore	1	1	same	
SPECIES_SLAKING	Slack Off	1	1	same	
SPECIES_SLAKING	Encore	7	7	same	
SPECIES_SLAKING	Slack Off	13	13	same	
SPECIES_SLAKING	Faint Attack	19	19	same	
SPECIES_SLAKING	Amnesia	25	25	same	
SPECIES_SLAKING	Covet	31	31	same	
SPECIES_SLAKING	Swagger	36	36	same	
SPECIES_SLAKING	Counter	37	37	same	
SPECIES_SLAKING	Flail	43	43	same	
SPECIES_SLAKING	Fling	49	49	same	
SPECIES_SLAKING	Punishment	55	55	same	
SPECIES_SLAKING	Hammer Arm	61	61	same	
SPECIES_SLAKOTH	Scratch	1	1	same	
SPECIES_SLAKOTH	Yawn	1	1	same	
SPECIES_SLAKOTH	Encore	7	7	same	
SPECIES_SLAKOTH	Slack Off	13	13	same	
SPECIES_SLAKOTH	Faint Attack	19	19	same	
SPECIES_SLAKOTH	Amnesia	25	25	same	
SPECIES_SLAKOTH	Covet	31	31	same	
SPECIES_SLAKOTH	Counter	37	37	same	
SPECIES_SLAKOTH	Flail	43	43	same	
SPECIES_SLIGGOO	Tackle	1	1	same	
SPECIES_SLIGGOO	Bubble	1	1	same	
SPECIES_SLIGGOO	DragonBreath	5	5	same	
SPECIES_SLIGGOO	Life Dew	10	10	same	
SPECIES_SLIGGOO	Flail	16	16	same	
SPECIES_SLIGGOO	Water Pulse	23	23	same	
SPECIES_SLIGGOO	Dragon Tail	28	28	same	
SPECIES_SLIGGOO	Body Slam	42	42	same	
SPECIES_SLIGGOO	Dragon Pulse	55	55	same	
SPECIES_SLIGGOO	Muddy Water	48	60	moved	48 to 60: its nearest Kaizo lines, translated to 58, and no earlier than Kaizo's level of 76 within its split
SPECIES_SLIGGOO	Infestation	34		dropped	leaves: strength 20, under 40
SPECIES_SLOWBRO	Curse	1	1	same	
SPECIES_SLOWBRO	Yawn	1	1	same	
SPECIES_SLOWBRO	Tackle	1	1	same	
SPECIES_SLOWBRO	Growl	1	1	same	
SPECIES_SLOWBRO	Growl	6	6	same	
SPECIES_SLOWBRO	Water Gun	11	11	same	
SPECIES_SLOWBRO	Confusion	15	15	same	
SPECIES_SLOWBRO	Disable	20	20	same	
SPECIES_SLOWBRO	Headbutt	25	25	same	
SPECIES_SLOWBRO	Water Pulse	29	29	same	
SPECIES_SLOWBRO	Zen Headbutt	34	34	same	
SPECIES_SLOWBRO	Withdraw	37	37	same	
SPECIES_SLOWBRO	Psychic	54	44	moved	54 to 44: Kaizo's Slowbro at 54, translated to 44
SPECIES_SLOWBRO	Amnesia	47	47	same	
SPECIES_SLOWBRO	Psych Up	67	67	same	
SPECIES_SLOWBRO	Slack Off	41	76	moved	41 to 76: Kaizo's Slowbro at 97, translated to 76
SPECIES_SLOWBRO	Rain Dance	61		dropped	leaves: weather, for a species the player can own
SPECIES_SLOWKING	Power Gem	1	1	same	
SPECIES_SLOWKING	Hidden Power	1	1	same	
SPECIES_SLOWKING	Curse	1	1	same	new at 61: a move in the last splits, from its own level 1
SPECIES_SLOWKING	Yawn	1	1	same	
SPECIES_SLOWKING	Tackle	1	1	same	
SPECIES_SLOWKING	Growl	6	6	same	
SPECIES_SLOWKING	Water Gun	11	11	same	
SPECIES_SLOWKING	Confusion	15	15	same	
SPECIES_SLOWKING	Disable	20	20	same	
SPECIES_SLOWKING	Headbutt	25	25	same	
SPECIES_SLOWKING	Water Pulse	29	29	same	
SPECIES_SLOWKING	Zen Headbutt	34	34	same	
SPECIES_SLOWKING	Nasty Plot	39	39	same	
SPECIES_SLOWKING	Swagger	43	43	same	
SPECIES_SLOWKING	Psychic	48	44	moved	48 to 44: Kaizo's Slowking at 48, translated to 40, and no earlier than Kaizo's level of 48 within its split
SPECIES_SLOWKING	Slack Off		52	added	new at 53: Kaizo's Slowking at 57, no earlier than that within its split (translated to 46); 53 to 52: the same-level rule (another move is at 53); its split has no free level at or above its floor, so it stays in the split a level under it
SPECIES_SLOWKING	Trump Card	53	53	same	
SPECIES_SLOWKING	Psych Up	57	57	same	
SPECIES_SLOWKING	Curse	1	61	same	new at 61: a move in the last splits, from its own level 1
SPECIES_SLOWPOKE	Curse	1	1	same	
SPECIES_SLOWPOKE	Yawn	1	1	same	
SPECIES_SLOWPOKE	Tackle	1	1	same	
SPECIES_SLOWPOKE	Growl	6	6	same	
SPECIES_SLOWPOKE	Water Gun	11	11	same	
SPECIES_SLOWPOKE	Confusion	15	15	same	
SPECIES_SLOWPOKE	Disable	20	20	same	
SPECIES_SLOWPOKE	Headbutt	25	25	same	
SPECIES_SLOWPOKE	Body Slam		26	added	new at 25: Kaizo's Slowpoke at 25, no earlier than that within its split (translated to 24); 25 to 26: the same-level rule (another move is at 25)
SPECIES_SLOWPOKE	Water Pulse	29	29	same	
SPECIES_SLOWPOKE	Zen Headbutt	34	30	moved	34 to 29: Kaizo's Slowpoke at 29, translated to 27, and no earlier than Kaizo's level of 29 within its split; 29 to 30: the same-level rule (another move is at 29)
SPECIES_SLOWPOKE	Dive		33	added	new at 33: Kaizo's Slowpoke at 34, no earlier than that within its split (translated to 30)
SPECIES_SLOWPOKE	Amnesia	43	43	same	
SPECIES_SLOWPOKE	Psychic	48	44	moved	48 to 44: Kaizo's Slowpoke at 48, translated to 40, and no earlier than Kaizo's level of 48 within its split
SPECIES_SLOWPOKE	Slack Off	39	53	moved	39 to 53: Kaizo's Slowpoke at 57, translated to 46, and no earlier than Kaizo's level of 57 within its split
SPECIES_SLOWPOKE	Psych Up	57	57	same	
SPECIES_SLOWPOKE	Rain Dance	53		dropped	leaves: weather, for a species the player can own
SPECIES_SLUGMA	Yawn	1	1	same	
SPECIES_SLUGMA	Smog	1	1	same	
SPECIES_SLUGMA	Ember	8	8	same	
SPECIES_SLUGMA	Rock Throw	11	11	same	
SPECIES_SLUGMA	Harden	16	16	same	
SPECIES_SLUGMA	Recover	23	23	same	
SPECIES_SLUGMA	AncientPower	26	26	same	
SPECIES_SLUGMA	Amnesia	31	31	same	
SPECIES_SLUGMA	Lava Plume	38	38	same	
SPECIES_SLUGMA	Rock Slide	41	41	same	
SPECIES_SLUGMA	Body Slam	46	46	same	
SPECIES_SLUGMA	Flamethrower	53	53	same	
SPECIES_SLUGMA	Earth Power	56	56	same	
SPECIES_SMEARGLE	Sketch	1	1	same	
SPECIES_SMEARGLE	Sketch	11	11	same	
SPECIES_SMEARGLE	Sketch	21	21	same	
SPECIES_SMEARGLE	Sketch	31	31	same	
SPECIES_SMEARGLE	Sketch	41	41	same	
SPECIES_SMEARGLE	Sketch	51	51	same	
SPECIES_SMEARGLE	Sketch	61	61	same	
SPECIES_SMEARGLE	Sketch	71	71	same	
SPECIES_SMEARGLE	Sketch	81	81	same	
SPECIES_SMEARGLE	Sketch	91	91	same	
SPECIES_SMOLIV	Tackle	1	1	same	
SPECIES_SMOLIV	Sweet Scent	1	1	same	
SPECIES_SMOLIV	Leafage		5	added	new at 5: keeps the first attack's level
SPECIES_SMOLIV	Growth	7	7	same	
SPECIES_SMOLIV	Razor Leaf	10	10	same	
SPECIES_SMOLIV	Helping Hand	13	13	same	
SPECIES_SMOLIV	Flail	16	16	same	
SPECIES_SMOLIV	Mega Drain	20	20	same	
SPECIES_SMOLIV	Energy Ball	30	30	same	
SPECIES_SMOLIV	Leech Seed	34	34	same	
SPECIES_SMOLIV	Terrain Pulse	38	38	same	
SPECIES_SMOLIV	Seed Bomb	27	44	moved	27 to 44: its nearest Kaizo lines, translated to 40, and no earlier than Kaizo's level of 49 within its split
SPECIES_SMOLIV	Absorb	5		dropped	leaves: strength 20, under 40
SPECIES_SMOLIV	Grassy Terrain	23		dropped	leaves: the move pool's first cut
SPECIES_SMOOCHUM	Pound	1	1	same	
SPECIES_SMOOCHUM	Lick	5	5	same	
SPECIES_SMOOCHUM	Sweet Kiss	8	8	same	
SPECIES_SMOOCHUM	Powder Snow	11	11	same	
SPECIES_SMOOCHUM	Confusion	15	15	same	
SPECIES_SMOOCHUM	Sing	18	18	same	
SPECIES_SMOOCHUM	Mean Look	21	21	same	
SPECIES_SMOOCHUM	Fake Tears	25	25	same	
SPECIES_SMOOCHUM	Lucky Chant	28	28	same	
SPECIES_SMOOCHUM	Avalanche	31	31	same	
SPECIES_SMOOCHUM	Psychic	35	35	same	
SPECIES_SMOOCHUM	Copycat	38	38	same	
SPECIES_SMOOCHUM	Perish Song	41	41	same	
SPECIES_SMOOCHUM	Blizzard	45	45	same	
SPECIES_SNEASEL	Scratch	1	1	same	
SPECIES_SNEASEL	Leer	1	1	same	
SPECIES_SNEASEL	Taunt	1	1	same	
SPECIES_SNEASEL	Quick Attack	8	8	same	
SPECIES_SNEASEL	Screech	10	10	same	
SPECIES_SNEASEL	Faint Attack	14	14	same	
SPECIES_SNEASEL	Fury Swipes	21	21	same	
SPECIES_SNEASEL	Agility	24	24	same	
SPECIES_SNEASEL	Icy Wind	28	28	same	
SPECIES_SNEASEL	Slash	35	35	same	
SPECIES_SNEASEL	Ice Shard	49	49	same	
SPECIES_SNEASEL	Metal Claw	42		dropped	leaves: strength 48, at most half of Wake's usual 95
SPECIES_SNIVY	Tackle	1	1	same	
SPECIES_SNIVY	Vine Whip	1	1	same	
SPECIES_SNIVY	Leer	5	5	same	
SPECIES_SNIVY	Leafage		10	added	new at 10: keeps the first attack's level
SPECIES_SNIVY	Hold Back	14	14	same	
SPECIES_SNIVY	Magical Leaf	18	18	same	
SPECIES_SNIVY	Mega Drain	22	22	same	
SPECIES_SNIVY	Worry Seed	25	25	same	
SPECIES_SNIVY	Grass Knot	28	28	same	
SPECIES_SNIVY	Wring Out	32	32	same	
SPECIES_SNIVY	Giga Drain	36	36	same	
SPECIES_SNIVY	Leaf Blade	40	40	same	
SPECIES_SNIVY	Glare	48	48	same	
SPECIES_SNIVY	Synthesis	50	50	same	
SPECIES_SNIVY	Leaf Storm	54	54	same	
SPECIES_SNIVY	Wrap	10		dropped	leaves: strength 14, under 40
SPECIES_SNOM	Powder Snow	1	1	same	
SPECIES_SNOM	Struggle Bug	1	1	same	
SPECIES_SNORLAX	Tackle	1	1	same	
SPECIES_SNORLAX	Defense Curl	4	4	same	
SPECIES_SNORLAX	Amnesia	9	9	same	
SPECIES_SNORLAX	Lick	12	12	same	
SPECIES_SNORLAX	Belly Drum	17	17	same	
SPECIES_SNORLAX	Yawn	20	20	same	
SPECIES_SNORLAX	Rest	25	25	same	
SPECIES_SNORLAX	Sleep Talk	28	28	same	
SPECIES_SNORLAX	Body Slam	33	33	same	
SPECIES_SNORLAX	Block	36	36	same	
SPECIES_SNORLAX	Crunch	44	44	same	
SPECIES_SNORLAX	Giga Impact	49	49	same	
SPECIES_SNORLAX	Earthquake		68	added	new at 68: a move in the last splits, from Kaizo's Snorlax at 84
SPECIES_SNORLAX	Snore	28		dropped	leaves: works only asleep, or returns less than double
SPECIES_SNORLAX	Rollout	41		dropped	leaves: strength 27, under 40
SPECIES_SNORUNT	Powder Snow	1	1	same	
SPECIES_SNORUNT	Leer	1	1	same	
SPECIES_SNORUNT	Double Team	4	4	same	
SPECIES_SNORUNT	Bite	10	10	same	
SPECIES_SNORUNT	Icy Wind	13	13	same	
SPECIES_SNORUNT	Headbutt	19	19	same	
SPECIES_SNORUNT	Protect	22	22	same	
SPECIES_SNORUNT	Ice Fang	28	28	same	
SPECIES_SNORUNT	Crunch	31	31	same	
SPECIES_SNORUNT	Ice Shard	37	37	same	
SPECIES_SNORUNT	Blizzard	46	46	same	
SPECIES_SNORUNT	Hail	40		dropped	leaves: weather, for a species the player can own
SPECIES_SNOVER	Powder Snow	1	1	same	
SPECIES_SNOVER	Leer	1	1	same	
SPECIES_SNOVER	Razor Leaf	5	5	same	
SPECIES_SNOVER	Icy Wind	9	9	same	
SPECIES_SNOVER	GrassWhistle	13	13	same	
SPECIES_SNOVER	Swagger	17	17	same	
SPECIES_SNOVER	Mist	21	21	same	
SPECIES_SNOVER	Ice Shard	26	26	same	
SPECIES_SNOVER	Ingrain	31	31	same	
SPECIES_SNOVER	Wood Hammer	36	39	moved	36 to 39: Kaizo's Snover at 46, translated to 38, and no earlier than Kaizo's level of 46 within its split
SPECIES_SNOVER	Blizzard	41	41	same	
SPECIES_SNOVER	Sheer Cold	46	46	same	
SPECIES_SNUBBULL	Ice Fang	1	1	same	
SPECIES_SNUBBULL	Fire Fang	1	1	same	
SPECIES_SNUBBULL	Thunder Fang	1	1	same	
SPECIES_SNUBBULL	Tackle	1	1	same	
SPECIES_SNUBBULL	Scary Face	1	1	same	
SPECIES_SNUBBULL	Tail Whip	1	1	same	
SPECIES_SNUBBULL	Charm	1	1	same	
SPECIES_SNUBBULL	Bite	7	7	same	
SPECIES_SNUBBULL	Lick	13	13	same	
SPECIES_SNUBBULL	Headbutt	19	19	same	
SPECIES_SNUBBULL	Roar	25	25	same	
SPECIES_SNUBBULL	Take Down	37	37	same	
SPECIES_SNUBBULL	Payback	43	43	same	
SPECIES_SNUBBULL	Crunch	49	49	same	
SPECIES_SNUBBULL	Rage	31		dropped	leaves: strength 20, under 40
SPECIES_SOLROCK	Tackle	1	1	same	
SPECIES_SOLROCK	Harden	1	1	same	
SPECIES_SOLROCK	Confusion	1	1	same	
SPECIES_SOLROCK	Rock Throw	9	9	same	
SPECIES_SOLROCK	Rock Polish	20	20	same	
SPECIES_SOLROCK	Psywave	23	23	same	
SPECIES_SOLROCK	Embargo	31	31	same	
SPECIES_SOLROCK	Cosmic Power	34	34	same	
SPECIES_SOLROCK	Zen Headbutt		38	added	new at 39: Kaizo's Solrock at 42, no earlier than that within its split (translated to 36); 39 to 38: the same-level rule (another move is at 39); its split has no free level at or above its floor, so it stays in the split a level under it
SPECIES_SOLROCK	Earthquake		39	added	new at 39: Kaizo's Solrock at 45, no earlier than that within its split (translated to 38)
SPECIES_SOLROCK	Heal Block	42	42	same	
SPECIES_SOLROCK	Rock Slide	45	45	same	
SPECIES_SOLROCK	SolarBeam	53	53	same	
SPECIES_SOLROCK	Explosion	56	56	same	
SPECIES_SOLROCK	Stone Edge		61	added	new at 61: a move in the last splits, from a TM it learns
SPECIES_SOLROCK	Fire Spin	12		dropped	leaves: strength 35, under 40
SPECIES_SPEAROW	Peck	1	1	same	
SPECIES_SPEAROW	Growl	1	1	same	
SPECIES_SPEAROW	Leer	5	5	same	
SPECIES_SPEAROW	Fury Attack	9	9	same	
SPECIES_SPEAROW	Pursuit	13	13	same	
SPECIES_SPEAROW	Aerial Ace	17	17	same	
SPECIES_SPEAROW	Mirror Move	21	21	same	
SPECIES_SPEAROW	Agility	25	25	same	
SPECIES_SPEAROW	Assurance	29	29	same	
SPECIES_SPEAROW	Roost	33	33	same	
SPECIES_SPEAROW	Drill Peck	37	37	same	
SPECIES_SPHEAL	Defense Curl	1	1	same	
SPECIES_SPHEAL	Powder Snow	1	1	same	
SPECIES_SPHEAL	Growl	1	1	same	
SPECIES_SPHEAL	Water Gun	1	1	same	
SPECIES_SPHEAL	Body Slam	19	19	same	
SPECIES_SPHEAL	Aurora Beam	25	25	same	
SPECIES_SPHEAL	Encore	7	31	moved	7 to 31: Kaizo's Spheal at 31, translated to 28, and no earlier than Kaizo's level of 31 within its split
SPECIES_SPHEAL	Rest	37	37	same	
SPECIES_SPHEAL	Blizzard	43	43	same	
SPECIES_SPHEAL	Sheer Cold	49	49	same	
SPECIES_SPHEAL	Ice Ball	13		dropped	leaves: strength 27, under 40
SPECIES_SPHEAL	Hail	31		dropped	leaves: weather, for a species the player can own
SPECIES_SPHEAL	Snore	37		dropped	leaves: works only asleep, or returns less than double
SPECIES_SPINARAK	Poison Sting	1	1	same	
SPECIES_SPINARAK	String Shot	1	1	same	
SPECIES_SPINARAK	Scary Face	5	5	same	
SPECIES_SPINARAK	Bug Bite		8	added	new at 8: keeps the first attack's level
SPECIES_SPINARAK	Leech Life	12	12	same	
SPECIES_SPINARAK	Night Shade	15	15	same	
SPECIES_SPINARAK	Shadow Sneak	19	19	same	
SPECIES_SPINARAK	Fury Swipes	22	22	same	
SPECIES_SPINARAK	Sucker Punch	26	26	same	
SPECIES_SPINARAK	Spider Web	29	29	same	
SPECIES_SPINARAK	Agility	33	33	same	
SPECIES_SPINARAK	Pin Missile	36	36	same	
SPECIES_SPINARAK	Psychic	40	40	same	
SPECIES_SPINARAK	Poison Jab	43	43	same	
SPECIES_SPINARAK	Constrict	8		dropped	leaves: strength 10, under 40
SPECIES_SPINDA	Tackle	1	1	same	
SPECIES_SPINDA	Uproar	5	5	same	
SPECIES_SPINDA	Copycat	10	10	same	
SPECIES_SPINDA	Faint Attack	14	14	same	
SPECIES_SPINDA	Psybeam	19	19	same	
SPECIES_SPINDA	Hypnosis	23	23	same	
SPECIES_SPINDA	Dizzy Punch	28	28	same	
SPECIES_SPINDA	Sucker Punch	32	32	same	
SPECIES_SPINDA	Teeter Dance	37	37	same	
SPECIES_SPINDA	Psych Up	41	41	same	
SPECIES_SPINDA	Double-Edge	46	46	same	
SPECIES_SPINDA	Flail	50	50	same	
SPECIES_SPINDA	Thrash	55	55	same	
SPECIES_SPIRITOMB	Curse	1	1	same	
SPECIES_SPIRITOMB	Pursuit	1	1	same	
SPECIES_SPIRITOMB	Confuse Ray	1	1	same	
SPECIES_SPIRITOMB	Spite	1	1	same	
SPECIES_SPIRITOMB	Shadow Sneak	1	1	same	
SPECIES_SPIRITOMB	Faint Attack	7	7	same	
SPECIES_SPIRITOMB	Hypnosis	13	13	same	
SPECIES_SPIRITOMB	Dream Eater	19	19	same	
SPECIES_SPIRITOMB	Ominous Wind	25	25	same	
SPECIES_SPIRITOMB	Sucker Punch	31	31	same	
SPECIES_SPIRITOMB	Nasty Plot	37	37	same	
SPECIES_SPIRITOMB	Dark Pulse	49	38	moved	49 to 32: Kaizo's Spiritomb at 37, translated to 32; 32 to 37: Ian's ruling on five early moves, Kaizo gives it in its Fantina split, and no earlier than Kaizo's level of 37; 37 to 38: the same-level rule (another move is at 37)
SPECIES_SPIRITOMB	Memento	43	43	same	
SPECIES_SPIRITOMB	Earth Power		44	added	new at 44: Kaizo's Spiritomb at 49, no earlier than that within its split (translated to 40)
SPECIES_SPIRITOMB	Hex		61	added	new at 61: a move in the last splits, from Legends Z-A at 25
SPECIES_SPOINK	Psywave	7	7	same	
SPECIES_SPOINK	Odor Sleuth	10	10	same	
SPECIES_SPOINK	Psybeam	14	14	same	
SPECIES_SPOINK	Psych Up	15	15	same	
SPECIES_SPOINK	Confuse Ray	18	18	same	
SPECIES_SPOINK	Magic Coat	21	21	same	
SPECIES_SPOINK	Zen Headbutt	26	26	same	
SPECIES_SPOINK	Rest	29	29	same	
SPECIES_SPOINK	Payback	34	34	same	
SPECIES_SPOINK	Psychic	41	41	same	
SPECIES_SPOINK	Power Gem	46	46	same	
SPECIES_SPOINK	Bounce	48	48	same	
SPECIES_SPOINK	Splash	1		dropped	leaves: the move pool's first cut
SPECIES_SPOINK	Snore	29		dropped	leaves: works only asleep, or returns less than double
SPECIES_SPRIGATITO	Leafage	1	1	same	
SPECIES_SPRIGATITO	Scratch	1	1	same	
SPECIES_SPRIGATITO	Tail Whip	1	1	same	
SPECIES_SPRIGATITO	Bite	7	7	same	
SPECIES_SPRIGATITO	Magical Leaf	13	13	same	
SPECIES_SPRIGATITO	Quick Attack	15	15	same	
SPECIES_SPRIGATITO	Seed Bomb	18	18	same	
SPECIES_SPRIGATITO	Slash	21	21	same	
SPECIES_SPRIGATITO	Worry Seed	26	26	same	
SPECIES_SPRIGATITO	Energy Ball	34	34	same	
SPECIES_SPRIGATITO	Play Rough	40	40	same	
SPECIES_SPRIGATITO	Leaf Storm	46	46	same	
SPECIES_SQUIRTLE	Tackle	1	1	same	
SPECIES_SQUIRTLE	Tail Whip	4	4	same	
SPECIES_SQUIRTLE	Bubble	7	7	same	
SPECIES_SQUIRTLE	Withdraw	10	10	same	
SPECIES_SQUIRTLE	Water Gun	13	13	same	
SPECIES_SQUIRTLE	Bite	16	16	same	
SPECIES_SQUIRTLE	Rapid Spin	19	19	same	
SPECIES_SQUIRTLE	Protect	22	22	same	
SPECIES_SQUIRTLE	Water Pulse	25	25	same	
SPECIES_SQUIRTLE	Aqua Tail	28	28	same	
SPECIES_SQUIRTLE	Iron Defense	34	34	same	
SPECIES_SQUIRTLE	Hydro Pump	40	40	same	
SPECIES_SQUIRTLE	Skull Bash	31		dropped	leaves: charges a turn in the open (Kaizo's lists keep no such move)
SPECIES_SQUIRTLE	Rain Dance	37		dropped	leaves: weather, for a species the player can own
SPECIES_STAKATAKA	Tackle	1	1	same	
SPECIES_STAKATAKA	Harden	1	1	same	
SPECIES_STAKATAKA	Rock Throw	5	5	same	
SPECIES_STAKATAKA	Protect	10	10	same	
SPECIES_STAKATAKA	Stomp	15	15	same	
SPECIES_STAKATAKA	Block	20	20	same	
SPECIES_STAKATAKA	Rock Slide	25	25	same	
SPECIES_STAKATAKA	Wide Guard	30	30	same	
SPECIES_STAKATAKA	Autotomize	35	35	same	
SPECIES_STAKATAKA	Rock Blast	40	40	same	
SPECIES_STAKATAKA	Magnet Rise	45	45	same	
SPECIES_STAKATAKA	Iron Defense	50	50	same	
SPECIES_STAKATAKA	Iron Head	55	55	same	
SPECIES_STAKATAKA	Take Down	60	60	same	
SPECIES_STAKATAKA	Stealth Rock	65	65	same	
SPECIES_STAKATAKA	Double-Edge	70	70	same	
SPECIES_STANTLER	Tackle	1	1	same	
SPECIES_STANTLER	Leer	3	3	same	
SPECIES_STANTLER	Hypnosis	10	10	same	
SPECIES_STANTLER	Stomp	13	13	same	
SPECIES_STANTLER	Sand-Attack	16	16	same	
SPECIES_STANTLER	Take Down	21	21	same	
SPECIES_STANTLER	Confuse Ray	23	23	same	
SPECIES_STANTLER	Calm Mind	27	27	same	
SPECIES_STANTLER	Role Play	33	33	same	
SPECIES_STANTLER	Zen Headbutt	38	38	same	
SPECIES_STANTLER	Imprison	43	43	same	
SPECIES_STANTLER	Captivate	49	49	same	
SPECIES_STANTLER	Me First	53	53	same	
SPECIES_STANTLER	Astonish	7		dropped	leaves: strength 30, under 40
SPECIES_STARAPTOR	Tackle	1	1	same	
SPECIES_STARAPTOR	Growl	1	1	same	
SPECIES_STARAPTOR	Quick Attack	1	1	same	
SPECIES_STARAPTOR	Wing Attack	1	1	same	
SPECIES_STARAPTOR	Quick Attack	5	5	same	
SPECIES_STARAPTOR	Wing Attack	9	9	same	
SPECIES_STARAPTOR	Double Team	13	13	same	
SPECIES_STARAPTOR	Endeavor	18	18	same	
SPECIES_STARAPTOR	Whirlwind	23	23	same	
SPECIES_STARAPTOR	Aerial Ace	28	28	same	
SPECIES_STARAPTOR	Take Down	33	33	same	
SPECIES_STARAPTOR	Agility	41	41	same	
SPECIES_STARAPTOR	Close Combat	34	53	moved	34 to 53: Kaizo's Staraptor at 65, translated to 53
SPECIES_STARAPTOR	Brave Bird	49	56	moved	49 to 56: Kaizo's Staraptor at 70, translated to 55, and no earlier than Kaizo's level of 70 within its split
SPECIES_STARAPTOR	Fly		61	added	new at 61: a move in the last splits, from a TM it learns
SPECIES_STARAVIA	Tackle	1	1	same	
SPECIES_STARAVIA	Growl	1	1	same	
SPECIES_STARAVIA	Quick Attack	1	1	same	
SPECIES_STARAVIA	Quick Attack	5	5	same	
SPECIES_STARAVIA	Wing Attack	9	9	same	
SPECIES_STARAVIA	Double Team	13	13	same	
SPECIES_STARAVIA	Endeavor	18	18	same	
SPECIES_STARAVIA	Whirlwind	23	23	same	
SPECIES_STARAVIA	Aerial Ace	28	28	same	
SPECIES_STARAVIA	Take Down	33	33	same	
SPECIES_STARAVIA	Agility	38	38	same	
SPECIES_STARAVIA	Brave Bird	43	53	moved	43 to 53: Kaizo's Staravia at 60, translated to 49, and no earlier than Kaizo's level of 60 within its split
SPECIES_STARLY	Tackle	1	1	same	
SPECIES_STARLY	Growl	1	1	same	
SPECIES_STARLY	Quick Attack	5	5	same	
SPECIES_STARLY	Wing Attack	9	9	same	
SPECIES_STARLY	Double Team	13	13	same	
SPECIES_STARLY	Endeavor	17	17	same	
SPECIES_STARLY	Whirlwind	21	21	same	
SPECIES_STARLY	Aerial Ace	25	25	same	
SPECIES_STARLY	Take Down	29	29	same	
SPECIES_STARLY	Agility	33	33	same	
SPECIES_STARLY	Brave Bird	37	44	moved	37 to 44: Kaizo's Starly at 50, translated to 41, and no earlier than Kaizo's level of 50 within its split
SPECIES_STARMIE	Water Gun	1	1	same	
SPECIES_STARMIE	Rapid Spin	1	1	same	
SPECIES_STARMIE	Recover	1	1	same	
SPECIES_STARMIE	Swift	1	1	same	
SPECIES_STARMIE	Confuse Ray	28	28	same	
SPECIES_STARMIE	Light Screen		42	added	new at 42: a key move after the evolution, from Staryu's 42
SPECIES_STARMIE	Hydro Pump		60	added	new at 60: a key move after the evolution, from Staryu's 55; 55 to 60: no earlier than Kaizo's level for like moves (77)
SPECIES_STARMIE	Liquidation		61	added	new at 61: a move in the last splits, from Legends Z-A at 42
SPECIES_STARYU	Tackle	1	1	same	
SPECIES_STARYU	Harden	1	1	same	
SPECIES_STARYU	Water Gun	6	6	same	
SPECIES_STARYU	Rapid Spin	10	10	same	
SPECIES_STARYU	Camouflage	19	19	same	
SPECIES_STARYU	Swift	24	24	same	
SPECIES_STARYU	BubbleBeam	28	28	same	
SPECIES_STARYU	Minimize	33	33	same	
SPECIES_STARYU	Gyro Ball	37	37	same	
SPECIES_STARYU	Light Screen	42	42	same	
SPECIES_STARYU	Recover	15	44	moved	15 to 44: Kaizo's Staryu at 51, translated to 42, and no earlier than Kaizo's level of 51 within its split; an exclusive delay: Kaizo gives it to no later stage
SPECIES_STARYU	Power Gem	46	46	same	
SPECIES_STARYU	Cosmic Power	51	51	same	
SPECIES_STARYU	Hydro Pump	55	55	same	
SPECIES_STEELIX	Thunder Fang	1	1	same	
SPECIES_STEELIX	Ice Fang	1	1	same	
SPECIES_STEELIX	Fire Fang	1	1	same	
SPECIES_STEELIX	Mud Sport	1	1	same	
SPECIES_STEELIX	Tackle	1	1	same	
SPECIES_STEELIX	Harden	1	1	same	
SPECIES_STEELIX	Screech	6	6	same	
SPECIES_STEELIX	Rock Throw	9	9	same	
SPECIES_STEELIX	Rock Tomb	17	17	same	
SPECIES_STEELIX	Slam	25	25	same	
SPECIES_STEELIX	Rock Polish	30	30	same	
SPECIES_STEELIX	DragonBreath	33	33	same	
SPECIES_STEELIX	Curse	38	38	same	
SPECIES_STEELIX	Iron Tail	41	41	same	
SPECIES_STEELIX	Crunch	46	46	same	
SPECIES_STEELIX	Double-Edge	49	49	same	
SPECIES_STEELIX	Stone Edge	54	54	same	
SPECIES_STEELIX	Earthquake		61	added	new at 61: a move in the last splits, from Kaizo's Steelix at 54
SPECIES_STEELIX	Bind	1		dropped	leaves: strength 13, under 40
SPECIES_STEELIX	Rage	14		dropped	leaves: strength 20, under 40
SPECIES_STEELIX	Sandstorm	22		dropped	leaves: weather, for a species the player can own
SPECIES_STEENEE	DoubleSlap	1	1	same	
SPECIES_STEENEE	Play Nice	5	5	same	
SPECIES_STEENEE	Rapid Spin	9	9	same	
SPECIES_STEENEE	Razor Leaf	12	12	same	
SPECIES_STEENEE	Sweet Scent	17	17	same	
SPECIES_STEENEE	Magical Leaf	21	21	same	
SPECIES_STEENEE	Teeter Dance	23	23	same	
SPECIES_STEENEE	Stomp	25	25	same	
SPECIES_STEENEE	Aromatherapy	38	38	same	
SPECIES_STEENEE	Leaf Storm	44	53	moved	44 to 53: its nearest Kaizo lines, translated to 46, and no earlier than Kaizo's level of 57 within its split
SPECIES_STEENEE	Aromatic Mist	32		dropped	leaves: the move pool's first cut
SPECIES_STUNKY	Scratch	1	1	same	
SPECIES_STUNKY	Focus Energy	1	1	same	
SPECIES_STUNKY	Poison Gas	4	4	same	
SPECIES_STUNKY	Screech	7	7	same	
SPECIES_STUNKY	Fury Swipes	10	10	same	
SPECIES_STUNKY	SmokeScreen	14	14	same	
SPECIES_STUNKY	Feint	18	18	same	
SPECIES_STUNKY	Slash	22	22	same	
SPECIES_STUNKY	Toxic	27	27	same	
SPECIES_STUNKY	Night Slash	32	32	same	
SPECIES_STUNKY	Memento	38	38	same	
SPECIES_STUNKY	Explosion	44	44	same	
SPECIES_SUDOWOODO	Wood Hammer	1	1	same	new at 61: a move in the last splits, from Kaizo's Sudowoodo at 49
SPECIES_SUDOWOODO	Copycat	1	1	same	
SPECIES_SUDOWOODO	Flail	1	1	same	
SPECIES_SUDOWOODO	Low Kick	1	1	same	
SPECIES_SUDOWOODO	Rock Throw	1	1	same	
SPECIES_SUDOWOODO	Flail	6	6	same	
SPECIES_SUDOWOODO	Low Kick	9	9	same	
SPECIES_SUDOWOODO	Rock Throw	14	14	same	
SPECIES_SUDOWOODO	Mimic	17	17	same	
SPECIES_SUDOWOODO	Block	22	22	same	
SPECIES_SUDOWOODO	Faint Attack	25	25	same	
SPECIES_SUDOWOODO	Rock Tomb	30	30	same	
SPECIES_SUDOWOODO	Rock Slide	33	33	same	
SPECIES_SUDOWOODO	Slam	38	38	same	
SPECIES_SUDOWOODO	Earthquake		39	added	new at 39: Kaizo's Sudowoodo at 41, no earlier than that within its split (translated to 35)
SPECIES_SUDOWOODO	Hammer Arm	49	40	moved	49 to 39: Kaizo's Sudowoodo at 46, translated to 38, and no earlier than Kaizo's level of 46 within its split; 39 to 40: the same-level rule (another move is at 39)
SPECIES_SUDOWOODO	Sucker Punch	41	41	same	
SPECIES_SUDOWOODO	Double-Edge	46	46	same	
SPECIES_SUDOWOODO	Wood Hammer	1	61	same	new at 61: a move in the last splits, from Kaizo's Sudowoodo at 49
SPECIES_SUICUNE	Bite	1	1	same	
SPECIES_SUICUNE	Leer	1	1	same	
SPECIES_SUICUNE	Ice Fang	50	1	moved	50 to 1: Kaizo's Suicune at 1, translated to 1
SPECIES_SUICUNE	BubbleBeam	8	8	same	
SPECIES_SUICUNE	Aurora Beam	29	29	same	
SPECIES_SUICUNE	Mist	36	36	same	
SPECIES_SUICUNE	Mirror Coat	43	43	same	
SPECIES_SUICUNE	Tailwind	57	57	same	
SPECIES_SUICUNE	Extrasensory	64	64	same	
SPECIES_SUICUNE	Ice Beam		65	added	new at 65: Kaizo's Suicune at 78, no earlier than that within its split (translated to 61)
SPECIES_SUICUNE	Hydro Pump	71	71	same	
SPECIES_SUICUNE	Calm Mind	78	78	same	
SPECIES_SUICUNE	Blizzard	85	85	same	
SPECIES_SUICUNE	Rain Dance	15		dropped	leaves: weather, for a species the player can own
SPECIES_SUICUNE	Gust	22		dropped	leaves: strength 40, at most half of Gardenia's usual 80
SPECIES_SUNFLORA	Pound	1	1	same	
SPECIES_SUNFLORA	Growth	1	1	same	
SPECIES_SUNFLORA	Mega Drain	5	5	same	
SPECIES_SUNFLORA	Ingrain	9	9	same	
SPECIES_SUNFLORA	GrassWhistle	13	13	same	
SPECIES_SUNFLORA	Leech Seed	17	17	same	
SPECIES_SUNFLORA	Bullet Seed	21	21	same	
SPECIES_SUNFLORA	Worry Seed	25	25	same	
SPECIES_SUNFLORA	Razor Leaf	29	29	same	
SPECIES_SUNFLORA	Petal Dance	33	33	same	
SPECIES_SUNFLORA	Sunny Day	37	37	same	
SPECIES_SUNFLORA	SolarBeam	41	41	same	
SPECIES_SUNFLORA	Leaf Storm	43	43	same	
SPECIES_SUNFLORA	Absorb	1		dropped	leaves: strength 20, under 40
SPECIES_SUNKERN	Growth	1	1	same	
SPECIES_SUNKERN	Mega Drain	5	5	same	
SPECIES_SUNKERN	Ingrain	9	9	same	
SPECIES_SUNKERN	GrassWhistle	13	13	same	
SPECIES_SUNKERN	Leech Seed	17	17	same	
SPECIES_SUNKERN	Endeavor	21	21	same	
SPECIES_SUNKERN	Worry Seed	25	25	same	
SPECIES_SUNKERN	Razor Leaf	29	29	same	
SPECIES_SUNKERN	Synthesis	33	33	same	
SPECIES_SUNKERN	Sunny Day	37	37	same	
SPECIES_SUNKERN	Giga Drain	41	41	same	
SPECIES_SUNKERN	Seed Bomb	45	45	same	
SPECIES_SUNKERN	Absorb	1		dropped	leaves: strength 20, under 40
SPECIES_SURSKIT	Bubble	1	1	same	
SPECIES_SURSKIT	Quick Attack	7	7	same	
SPECIES_SURSKIT	Sweet Scent	13	13	same	
SPECIES_SURSKIT	Water Sport	19	19	same	
SPECIES_SURSKIT	BubbleBeam	25	25	same	
SPECIES_SURSKIT	Agility	31	31	same	
SPECIES_SURSKIT	Mist	37	37	same	
SPECIES_SURSKIT	Haze	37	37	same	
SPECIES_SURSKIT	Baton Pass	43	43	same	
SPECIES_SWABLU	Peck	1	1	same	
SPECIES_SWABLU	Growl	1	1	same	
SPECIES_SWABLU	Tackle		5	added	new at 5: keeps the first attack's level
SPECIES_SWABLU	Sing	9	9	same	
SPECIES_SWABLU	Fury Attack	13	13	same	
SPECIES_SWABLU	Safeguard	18	18	same	
SPECIES_SWABLU	Mist	23	23	same	
SPECIES_SWABLU	Take Down	28	28	same	
SPECIES_SWABLU	Natural Gift	32	32	same	
SPECIES_SWABLU	Mirror Move	36	36	same	
SPECIES_SWABLU	Refresh	40	40	same	
SPECIES_SWABLU	Air Slash		44	added	new at 44: Kaizo's Swablu at 50, no earlier than that within its split (translated to 41); an exclusive delay: Kaizo gives it to no later stage
SPECIES_SWABLU	Dragon Pulse	45	45	same	
SPECIES_SWABLU	Perish Song	50	50	same	
SPECIES_SWABLU	Astonish	5		dropped	leaves: strength 30, under 40
SPECIES_SWADLOON	Protect	1	1	same	
SPECIES_SWADLOON	Protect	1	1	same	
SPECIES_SWADLOON	GrassWhistle	1	1	same	
SPECIES_SWADLOON	Tackle	1	1	same	
SPECIES_SWADLOON	String Shot	1	1	same	
SPECIES_SWADLOON	Bug Bite	1	1	same	
SPECIES_SWADLOON	Razor Leaf	1	1	same	
SPECIES_SWALOT	Pound	1	1	same	
SPECIES_SWALOT	Yawn	1	1	same	
SPECIES_SWALOT	Poison Gas	1	1	same	
SPECIES_SWALOT	Sludge	1	1	same	
SPECIES_SWALOT	Yawn	6	6	same	
SPECIES_SWALOT	Poison Gas	9	9	same	
SPECIES_SWALOT	Sludge	14	14	same	
SPECIES_SWALOT	Amnesia	17	17	same	
SPECIES_SWALOT	Encore	23	23	same	
SPECIES_SWALOT	Body Slam	26	26	same	
SPECIES_SWALOT	Toxic	30	30	same	
SPECIES_SWALOT	Stockpile	38	38	same	
SPECIES_SWALOT	Spit Up	38	38	same	
SPECIES_SWALOT	Swallow	38	38	same	
SPECIES_SWALOT	Sludge Bomb	45	45	same	
SPECIES_SWALOT	Gastro Acid	52	52	same	
SPECIES_SWALOT	Wring Out	59	59	same	
SPECIES_SWALOT	Gunk Shot	66	66	same	
SPECIES_SWAMPERT	Tackle	1	1	same	
SPECIES_SWAMPERT	Growl	1	1	same	
SPECIES_SWAMPERT	Mud-Slap	1	1	same	
SPECIES_SWAMPERT	Water Gun	1	1	same	
SPECIES_SWAMPERT	Mud-Slap	6	6	same	
SPECIES_SWAMPERT	Water Gun	10	10	same	
SPECIES_SWAMPERT	Mud Shot	16	16	same	
SPECIES_SWAMPERT	Foresight	20	20	same	
SPECIES_SWAMPERT	Mud Bomb	25	25	same	
SPECIES_SWAMPERT	Take Down	31	31	same	
SPECIES_SWAMPERT	Muddy Water	39	39	same	
SPECIES_SWAMPERT	Protect	46	46	same	
SPECIES_SWAMPERT	Earthquake	52	56	moved	52 to 56: Kaizo's Swampert at 68, translated to 54, and no earlier than Kaizo's level of 68 within its split
SPECIES_SWAMPERT	Endeavor	61	61	same	
SPECIES_SWAMPERT	Hammer Arm	69	69	same	
SPECIES_SWAMPERT	Bide	15		dropped	leaves: works only asleep, or returns less than double
SPECIES_SWELLOW	Pluck	1	1	same	
SPECIES_SWELLOW	Peck	1	1	same	
SPECIES_SWELLOW	Growl	1	1	same	
SPECIES_SWELLOW	Focus Energy	1	1	same	
SPECIES_SWELLOW	Quick Attack	1	1	same	
SPECIES_SWELLOW	Focus Energy	4	4	same	
SPECIES_SWELLOW	Quick Attack	8	8	same	
SPECIES_SWELLOW	Wing Attack	13	13	same	
SPECIES_SWELLOW	Double Team	19	19	same	
SPECIES_SWELLOW	Endeavor	28	28	same	
SPECIES_SWELLOW	Aerial Ace	38	38	same	
SPECIES_SWELLOW	Agility	49	49	same	
SPECIES_SWELLOW	Air Slash	61	61	same	
SPECIES_SWINUB	Tackle	1	1	same	
SPECIES_SWINUB	Odor Sleuth	1	1	same	
SPECIES_SWINUB	Mud Sport	4	4	same	
SPECIES_SWINUB	Powder Snow	8	8	same	
SPECIES_SWINUB	Mud-Slap	13	13	same	
SPECIES_SWINUB	Endure	16	16	same	
SPECIES_SWINUB	Mud Bomb	20	20	same	
SPECIES_SWINUB	Icy Wind	25	25	same	
SPECIES_SWINUB	Ice Shard	28	28	same	
SPECIES_SWINUB	Take Down	32	32	same	
SPECIES_SWINUB	Earthquake	37	37	same	
SPECIES_SWINUB	Mist	40	40	same	
SPECIES_SWINUB	Blizzard	44	44	same	
SPECIES_SWINUB	Amnesia	49	49	same	
SPECIES_SYLVEON	Disarming Voice	1	1	same	
SPECIES_SYLVEON	Disarming Voice	1	1	same	
SPECIES_SYLVEON	Covet	1	1	same	
SPECIES_SYLVEON	Bite	1	1	same	
SPECIES_SYLVEON	Copycat	1	1	same	
SPECIES_SYLVEON	Baton Pass	1	1	same	
SPECIES_SYLVEON	Take Down	1	1	same	
SPECIES_SYLVEON	Charm	1	1	same	
SPECIES_SYLVEON	Double-Edge	1	1	same	
SPECIES_SYLVEON	Helping Hand	1	1	same	
SPECIES_SYLVEON	Tackle	1	1	same	
SPECIES_SYLVEON	Growl	1	1	same	
SPECIES_SYLVEON	Tail Whip	1	1	same	
SPECIES_SYLVEON	Fairy Wind	1	1	same	
SPECIES_SYLVEON	Fairy Wind	1	1	same	
SPECIES_SYLVEON	Sand-Attack	5	5	same	
SPECIES_SYLVEON	Quick Attack	11	11	same	
SPECIES_SYLVEON	Baby-Doll Eyes	12	12	same	
SPECIES_SYLVEON	Swift	18	18	same	
SPECIES_SYLVEON	Draining Kiss	25	25	same	
SPECIES_SYLVEON	Light Screen	28	28	same	
SPECIES_SYLVEON	Skill Swap	33	33	same	
SPECIES_SYLVEON	Moonblast	43	43	same	
SPECIES_SYLVEON	Psych Up	45	45	same	
SPECIES_SYLVEON	Last Resort	48	48	same	
SPECIES_SYLVEON	Dazzling Gleam		61	added	new at 61: a move in the last splits, from Legends Z-A at 35
SPECIES_SYLVEON	Misty Terrain	32		dropped	leaves: the move pool's first cut
SPECIES_TAILLOW	Peck	1	1	same	
SPECIES_TAILLOW	Growl	1	1	same	
SPECIES_TAILLOW	Focus Energy	4	4	same	
SPECIES_TAILLOW	Quick Attack	8	8	same	
SPECIES_TAILLOW	Wing Attack	13	13	same	
SPECIES_TAILLOW	Double Team	19	19	same	
SPECIES_TAILLOW	Endeavor	26	26	same	
SPECIES_TAILLOW	Aerial Ace	34	34	same	
SPECIES_TAILLOW	Agility	43	43	same	
SPECIES_TAILLOW	Air Slash	53	53	same	
SPECIES_TALONFLAME	Tackle	1	1	same	
SPECIES_TALONFLAME	Growl	1	1	same	
SPECIES_TALONFLAME	Quick Attack	6	6	same	
SPECIES_TALONFLAME	Aerial Ace	12	12	same	
SPECIES_TALONFLAME	Flame Charge	17	17	same	
SPECIES_TALONFLAME	Roost	22	22	same	
SPECIES_TALONFLAME	Will-O-Wisp	27	27	same	
SPECIES_TALONFLAME	Natural Gift	31	31	same	
SPECIES_TALONFLAME	Acrobatics	38	38	same	
SPECIES_TALONFLAME	Me First	42	42	same	
SPECIES_TALONFLAME	Tailwind	46	46	same	
SPECIES_TALONFLAME	Flare Blitz	51	64	moved	51 to 65: its nearest Kaizo lines, translated to 61, and no earlier than Kaizo's level of 78 within its split; 65 to 64: the same-level rule (another move is at 65); its split has no free level at or above its floor, so it stays in the split a level under it
SPECIES_TALONFLAME	Brave Bird	55	65	moved	55 to 65: its nearest Kaizo lines, translated to 61, and no earlier than Kaizo's level of 78 within its split
SPECIES_TANGELA	Ingrain	1	1	same	
SPECIES_TANGELA	Sleep Powder	5	5	same	
SPECIES_TANGELA	Leafage		8	added	new at 8: keeps the first attack's level
SPECIES_TANGELA	Growth	12	12	same	
SPECIES_TANGELA	PoisonPowder	15	15	same	
SPECIES_TANGELA	Vine Whip	19	19	same	
SPECIES_TANGELA	Mega Drain	26	26	same	
SPECIES_TANGELA	Stun Spore	29	29	same	
SPECIES_TANGELA	AncientPower	33	33	same	
SPECIES_TANGELA	Knock Off	36	36	same	
SPECIES_TANGELA	Natural Gift	40	40	same	
SPECIES_TANGELA	Slam	43	43	same	
SPECIES_TANGELA	Tickle	47	47	same	
SPECIES_TANGELA	Wring Out	50	50	same	
SPECIES_TANGELA	Power Whip	54	54	same	
SPECIES_TANGELA	Constrict	1		dropped	leaves: strength 10, under 40
SPECIES_TANGELA	Absorb	8		dropped	leaves: strength 20, under 40
SPECIES_TANGELA	Bind	22		dropped	leaves: strength 13, under 40
SPECIES_TANGROWTH	Ingrain	1	1	same	
SPECIES_TANGROWTH	Sleep Powder	5	5	same	
SPECIES_TANGROWTH	Growth	12	12	same	
SPECIES_TANGROWTH	PoisonPowder	15	15	same	
SPECIES_TANGROWTH	Vine Whip	19	19	same	
SPECIES_TANGROWTH	Mega Drain	26	26	same	
SPECIES_TANGROWTH	Stun Spore	29	29	same	
SPECIES_TANGROWTH	AncientPower	33	33	same	
SPECIES_TANGROWTH	Knock Off	36	36	same	
SPECIES_TANGROWTH	Natural Gift	40	40	same	
SPECIES_TANGROWTH	Slam	43	43	same	
SPECIES_TANGROWTH	Tickle	47	47	same	
SPECIES_TANGROWTH	Wring Out	50	50	same	
SPECIES_TANGROWTH	Power Whip	54	54	same	
SPECIES_TANGROWTH	Block	57	57	same	
SPECIES_TANGROWTH	Energy Ball		61	added	new at 61: a move in the last splits, from a TM it learns
SPECIES_TANGROWTH	Constrict	1		dropped	leaves: strength 10, under 40
SPECIES_TANGROWTH	Absorb	8		dropped	leaves: strength 20, under 40
SPECIES_TANGROWTH	Bind	22		dropped	leaves: strength 13, under 40
SPECIES_TAPU_BULU	Leafage	1	1	same	
SPECIES_TAPU_BULU	Rock Smash	1	1	same	
SPECIES_TAPU_BULU	Withdraw	5	5	same	
SPECIES_TAPU_BULU	Disable	10	10	same	
SPECIES_TAPU_BULU	Leech Seed	15	15	same	
SPECIES_TAPU_BULU	Mega Drain	20	20	same	
SPECIES_TAPU_BULU	Whirlwind	25	25	same	
SPECIES_TAPU_BULU	Horn Attack	30	30	same	
SPECIES_TAPU_BULU	Scary Face	35	35	same	
SPECIES_TAPU_BULU	Horn Leech	40	40	same	
SPECIES_TAPU_BULU	Zen Headbutt	45	45	same	
SPECIES_TAPU_BULU	Mean Look	50	50	same	
SPECIES_TAPU_BULU	Nature’sMadness	55	55	same	
SPECIES_TAPU_BULU	Wood Hammer	60	60	same	
SPECIES_TAPU_BULU	Megahorn	65	65	same	
SPECIES_TAPU_BULU	Skull Bash	70		dropped	leaves: charges a turn in the open (Kaizo's lists keep no such move)
SPECIES_TAPU_BULU	Grassy Terrain	75		dropped	leaves: the move pool's first cut
SPECIES_TAPU_FINI	Disarming Voice	1	1	same	
SPECIES_TAPU_FINI	Water Gun	1	1	same	
SPECIES_TAPU_FINI	Withdraw	5	5	same	
SPECIES_TAPU_FINI	Mist	10	10	same	
SPECIES_TAPU_FINI	Haze	10	10	same	
SPECIES_TAPU_FINI	Aqua Ring	15	15	same	
SPECIES_TAPU_FINI	Water Pulse	20	20	same	
SPECIES_TAPU_FINI	Brine	25	25	same	
SPECIES_TAPU_FINI	Defog	30	30	same	
SPECIES_TAPU_FINI	Heal Pulse	35	35	same	
SPECIES_TAPU_FINI	Surf	40	40	same	
SPECIES_TAPU_FINI	Muddy Water	45	45	same	
SPECIES_TAPU_FINI	Mean Look	50	50	same	
SPECIES_TAPU_FINI	Nature’sMadness	55	55	same	
SPECIES_TAPU_FINI	Moonblast	60	60	same	
SPECIES_TAPU_FINI	Hydro Pump	65	65	same	
SPECIES_TAPU_FINI	Soak	70	70	same	
SPECIES_TAPU_FINI	Misty Terrain	75		dropped	leaves: the move pool's first cut
SPECIES_TAPU_KOKO	Quick Attack	1	1	same	
SPECIES_TAPU_KOKO	ThunderShock	1	1	same	
SPECIES_TAPU_KOKO	Withdraw	5	5	same	
SPECIES_TAPU_KOKO	Fairy Wind	10	10	same	
SPECIES_TAPU_KOKO	False Swipe	15	15	same	
SPECIES_TAPU_KOKO	Spark	20	20	same	
SPECIES_TAPU_KOKO	Shock Wave	25	25	same	
SPECIES_TAPU_KOKO	Charge	30	30	same	
SPECIES_TAPU_KOKO	Agility	35	35	same	
SPECIES_TAPU_KOKO	Screech	40	40	same	
SPECIES_TAPU_KOKO	Discharge	45	45	same	
SPECIES_TAPU_KOKO	Mean Look	50	50	same	
SPECIES_TAPU_KOKO	Nature’sMadness	55	55	same	
SPECIES_TAPU_KOKO	Wild Charge	60	60	same	
SPECIES_TAPU_KOKO	Brave Bird	65	65	same	
SPECIES_TAPU_KOKO	Power Swap	70	70	same	
SPECIES_TAPU_KOKO	ElectricTerrain	75		dropped	leaves: the move pool's first cut
SPECIES_TAPU_LELE	Confusion	1	1	same	
SPECIES_TAPU_LELE	Withdraw	5	5	same	
SPECIES_TAPU_LELE	Aromatherapy	10	10	same	
SPECIES_TAPU_LELE	Draining Kiss	15	15	same	
SPECIES_TAPU_LELE	Psybeam	20	20	same	
SPECIES_TAPU_LELE	Flatter	25	25	same	
SPECIES_TAPU_LELE	Sweet Scent	35	35	same	
SPECIES_TAPU_LELE	Extrasensory	40	40	same	
SPECIES_TAPU_LELE	Psyshock	45	45	same	
SPECIES_TAPU_LELE	Mean Look	50	50	same	
SPECIES_TAPU_LELE	Nature’sMadness	55	55	same	
SPECIES_TAPU_LELE	Moonblast	60	60	same	
SPECIES_TAPU_LELE	Tickle	65	65	same	
SPECIES_TAPU_LELE	Skill Swap	70	70	same	
SPECIES_TAPU_LELE	Astonish	1		dropped	leaves: strength 30, under 40
SPECIES_TAPU_LELE	Aromatic Mist	30		dropped	leaves: the move pool's first cut
SPECIES_TAPU_LELE	Psychic Terrain	75		dropped	leaves: the move pool's first cut
SPECIES_TAUROS	Tackle	1	1	same	
SPECIES_TAUROS	Tail Whip	3	3	same	
SPECIES_TAUROS	Horn Attack	8	8	same	
SPECIES_TAUROS	Scary Face	11	11	same	
SPECIES_TAUROS	Pursuit	15	15	same	
SPECIES_TAUROS	Rest	19	19	same	
SPECIES_TAUROS	Payback	24	24	same	
SPECIES_TAUROS	Zen Headbutt	29	29	same	
SPECIES_TAUROS	Take Down	35	35	same	
SPECIES_TAUROS	Swagger	41	41	same	
SPECIES_TAUROS	Thrash	48	48	same	
SPECIES_TAUROS	Giga Impact	55	55	same	
SPECIES_TAUROS	Rage	5		dropped	leaves: strength 20, under 40
SPECIES_TEDDIURSA	Covet	1	1	same	
SPECIES_TEDDIURSA	Scratch	1	1	same	
SPECIES_TEDDIURSA	Leer	1	1	same	
SPECIES_TEDDIURSA	Lick	1	1	same	
SPECIES_TEDDIURSA	Fake Tears	1	1	same	
SPECIES_TEDDIURSA	Fury Swipes	8	8	same	
SPECIES_TEDDIURSA	Faint Attack	15	15	same	
SPECIES_TEDDIURSA	Sweet Scent	22	22	same	
SPECIES_TEDDIURSA	Slash	29	29	same	
SPECIES_TEDDIURSA	Charm	36	36	same	
SPECIES_TEDDIURSA	Rest	43	43	same	
SPECIES_TEDDIURSA	Thrash	50	50	same	
SPECIES_TEDDIURSA	Fling	57	57	same	
SPECIES_TEDDIURSA	Snore	43		dropped	leaves: works only asleep, or returns less than double
SPECIES_TENTACOOL	Poison Sting	1	1	same	
SPECIES_TENTACOOL	Supersonic	5	5	same	
SPECIES_TENTACOOL	Water Gun		8	added	new at 8: keeps the first attack's level
SPECIES_TENTACOOL	Acid	12	12	same	
SPECIES_TENTACOOL	Toxic Spikes	15	15	same	
SPECIES_TENTACOOL	BubbleBeam	19	19	same	
SPECIES_TENTACOOL	Barrier	26	26	same	
SPECIES_TENTACOOL	Water Pulse	29	29	same	
SPECIES_TENTACOOL	Poison Jab	33	33	same	
SPECIES_TENTACOOL	Screech	36	36	same	
SPECIES_TENTACOOL	Toxic		39	added	new at 39: Kaizo's Tentacool at 43, no earlier than that within its split (translated to 36)
SPECIES_TENTACOOL	Hydro Pump	40	40	same	
SPECIES_TENTACOOL	Wring Out	43	43	same	
SPECIES_TENTACOOL	Constrict	8		dropped	leaves: strength 10, under 40
SPECIES_TENTACOOL	Wrap	22		dropped	leaves: strength 14, under 40
SPECIES_TENTACRUEL	Poison Sting	1	1	same	
SPECIES_TENTACRUEL	Supersonic	1	1	same	
SPECIES_TENTACRUEL	Supersonic	5	5	same	
SPECIES_TENTACRUEL	Acid	12	12	same	
SPECIES_TENTACRUEL	Toxic Spikes	15	15	same	
SPECIES_TENTACRUEL	BubbleBeam	19	19	same	
SPECIES_TENTACRUEL	Barrier	26	26	same	
SPECIES_TENTACRUEL	Water Pulse	29	29	same	
SPECIES_TENTACRUEL	Poison Jab	36	36	same	
SPECIES_TENTACRUEL	Screech	42	42	same	
SPECIES_TENTACRUEL	Toxic		44	added	new at 44: Kaizo's Tentacruel at 49, no earlier than that within its split (translated to 40)
SPECIES_TENTACRUEL	Hydro Pump	49	49	same	
SPECIES_TENTACRUEL	Wring Out	55	55	same	
SPECIES_TENTACRUEL	Sludge Bomb		61	added	new at 61: a move in the last splits, from Kaizo's Tentacruel at 36
SPECIES_TENTACRUEL	Constrict	1		dropped	leaves: strength 10, under 40
SPECIES_TENTACRUEL	Wrap	22		dropped	leaves: strength 14, under 40
SPECIES_TOGEDEMARU	Steel Roller	1	1	same	
SPECIES_TOGEDEMARU	U-turn	1	1	same	new at 61: a move in the last splits, from its own level 1
SPECIES_TOGEDEMARU	Tickle	1	1	same	
SPECIES_TOGEDEMARU	Nuzzle	1	1	same	
SPECIES_TOGEDEMARU	Metal Claw	5	5	same	
SPECIES_TOGEDEMARU	Twineedle	8	8	same	
SPECIES_TOGEDEMARU	Fake Out	12	12	same	
SPECIES_TOGEDEMARU	Spark	17	17	same	
SPECIES_TOGEDEMARU	Pin Missile	21	21	same	
SPECIES_TOGEDEMARU	Eerie Impulse	24	24	same	
SPECIES_TOGEDEMARU	Smart Strike	26	26	same	
SPECIES_TOGEDEMARU	Super Fang	29	29	same	
SPECIES_TOGEDEMARU	Zing Zap	34	34	same	
SPECIES_TOGEDEMARU	Iron Head	38	38	same	
SPECIES_TOGEDEMARU	Electroweb	42	42	same	
SPECIES_TOGEDEMARU	Wild Charge	48	48	same	
SPECIES_TOGEDEMARU	Spiky Shield	55	55	same	
SPECIES_TOGEDEMARU	U-turn	1	61	same	new at 61: a move in the last splits, from its own level 1
SPECIES_TOGEKISS	ExtremeSpeed	1	1	same	
SPECIES_TOGEKISS	Aura Sphere	1	1	same	
SPECIES_TOGEKISS	Air Slash	1	1	same	
SPECIES_TOGEKISS	Moonblast		61	added	new at 61: a move in the last splits, from Legends Arceus at 43
SPECIES_TOGEKISS	Sky Attack	1		dropped	leaves: charges a turn in the open (Kaizo's lists keep no such move)
SPECIES_TOGEPI	Growl	1	1	same	
SPECIES_TOGEPI	Charm	1	1	same	
SPECIES_TOGEPI	Metronome	6	6	same	
SPECIES_TOGEPI	Sweet Kiss	10	10	same	
SPECIES_TOGEPI	Yawn	15	15	same	
SPECIES_TOGEPI	Encore	19	19	same	
SPECIES_TOGEPI	Follow Me	24	24	same	
SPECIES_TOGEPI	Wish	28	28	same	
SPECIES_TOGEPI	AncientPower	33	33	same	
SPECIES_TOGEPI	Safeguard	37	37	same	
SPECIES_TOGEPI	Baton Pass	42	42	same	
SPECIES_TOGEPI	Double-Edge	46	46	same	
SPECIES_TOGEPI	Last Resort	51	51	same	
SPECIES_TOGETIC	Magical Leaf	1	1	same	
SPECIES_TOGETIC	Growl	1	1	same	
SPECIES_TOGETIC	Charm	1	1	same	
SPECIES_TOGETIC	Metronome	1	1	same	
SPECIES_TOGETIC	Sweet Kiss	1	1	same	
SPECIES_TOGETIC	Metronome	6	6	same	
SPECIES_TOGETIC	Sweet Kiss	10	10	same	
SPECIES_TOGETIC	Yawn	15	15	same	
SPECIES_TOGETIC	Encore	19	19	same	
SPECIES_TOGETIC	Follow Me	24	24	same	
SPECIES_TOGETIC	Wish	28	28	same	
SPECIES_TOGETIC	AncientPower	33	33	same	
SPECIES_TOGETIC	Safeguard	37	37	same	
SPECIES_TOGETIC	Baton Pass	42	42	same	
SPECIES_TOGETIC	Double-Edge	46	46	same	
SPECIES_TOGETIC	Last Resort	51	51	same	
SPECIES_TORCHIC	Scratch	1	1	same	
SPECIES_TORCHIC	Growl	1	1	same	
SPECIES_TORCHIC	Focus Energy	7	7	same	
SPECIES_TORCHIC	Ember	10	10	same	
SPECIES_TORCHIC	Peck	16	16	same	
SPECIES_TORCHIC	Sand-Attack	19	19	same	
SPECIES_TORCHIC	Quick Attack	28	28	same	
SPECIES_TORCHIC	Slash	34	34	same	
SPECIES_TORCHIC	Mirror Move	37	37	same	
SPECIES_TORCHIC	Flamethrower	43	43	same	
SPECIES_TORCHIC	Fire Spin	25		dropped	leaves: strength 35, under 40
SPECIES_TORKOAL	Ember	1	1	same	
SPECIES_TORKOAL	Smog	4	4	same	
SPECIES_TORKOAL	Withdraw	7	7	same	
SPECIES_TORKOAL	Curse	12	12	same	
SPECIES_TORKOAL	SmokeScreen	20	20	same	
SPECIES_TORKOAL	Rapid Spin	23	23	same	
SPECIES_TORKOAL	Flamethrower	28	28	same	
SPECIES_TORKOAL	Body Slam	33	33	same	
SPECIES_TORKOAL	Protect	36	36	same	
SPECIES_TORKOAL	Lava Plume	39	39	same	
SPECIES_TORKOAL	Iron Defense	44	44	same	
SPECIES_TORKOAL	Amnesia	49	49	same	
SPECIES_TORKOAL	Flail	52	52	same	
SPECIES_TORKOAL	Heat Wave	55	55	same	
SPECIES_TORKOAL	Fire Spin	17		dropped	leaves: strength 35, under 40
SPECIES_TORRACAT	Scratch	1	1	same	
SPECIES_TORRACAT	Ember	5	5	same	
SPECIES_TORRACAT	Growl	7	7	same	
SPECIES_TORRACAT	Lick	10	10	same	
SPECIES_TORRACAT	Double Kick	16	16	same	
SPECIES_TORRACAT	Bite	21	21	same	
SPECIES_TORRACAT	Scary Face	25	25	same	
SPECIES_TORRACAT	Blaze Kick	32	32	same	
SPECIES_TORRACAT	Flamethrower	38	38	same	
SPECIES_TORRACAT	Fire Fang	14	39	moved	14 to 39: its nearest Kaizo lines, translated to 38, and no earlier than Kaizo's level of 46 within its split
SPECIES_TORRACAT	Parting Shot	42	42	same	
SPECIES_TORRACAT	Knock Off	45	45	same	
SPECIES_TORRACAT	Flare Blitz	48	48	same	
SPECIES_TORRACAT	Outrage	56	56	same	
SPECIES_TORTERRA	Wood Hammer	1	1	same	new at 61: a move in the last splits, from Kaizo's Torterra at 45
SPECIES_TORTERRA	Tackle	1	1	same	
SPECIES_TORTERRA	Withdraw	1	1	same	
SPECIES_TORTERRA	Razor Leaf	1	1	same	
SPECIES_TORTERRA	Withdraw	5	5	same	
SPECIES_TORTERRA	Razor Leaf	13	13	same	
SPECIES_TORTERRA	Curse	17	17	same	
SPECIES_TORTERRA	Bite	22	22	same	
SPECIES_TORTERRA	Earthquake	32	32	same	
SPECIES_TORTERRA	Leech Seed	33	33	same	
SPECIES_TORTERRA	Synthesis	39	39	same	
SPECIES_TORTERRA	Crunch	45	45	same	
SPECIES_TORTERRA	Giga Drain	51	51	same	
SPECIES_TORTERRA	Leaf Storm	57	57	same	
SPECIES_TORTERRA	Wood Hammer	1	61	same	new at 61: a move in the last splits, from Kaizo's Torterra at 45
SPECIES_TORTERRA	Absorb	1		dropped	leaves: strength 20, under 40
SPECIES_TORTERRA	Mega Drain	27		dropped	leaves: strength 40, at most half of Fantina's usual 80
SPECIES_TOTODILE	Scratch	1	1	same	
SPECIES_TOTODILE	Leer	1	1	same	
SPECIES_TOTODILE	Water Gun	6	6	same	
SPECIES_TOTODILE	Bite	13	13	same	
SPECIES_TOTODILE	Scary Face	15	15	same	
SPECIES_TOTODILE	Flail	22	22	same	
SPECIES_TOTODILE	Dive		26	added	new at 26: Kaizo's Totodile at 27, no earlier than that within its split (translated to 25); an exclusive delay: Kaizo gives it to no later stage
SPECIES_TOTODILE	Crunch	27	27	same	
SPECIES_TOTODILE	Slash	29	29	same	
SPECIES_TOTODILE	Ice Fang	20	33	moved	20 to 33: Kaizo's Totodile at 34, translated to 30, and no earlier than Kaizo's level of 34 within its split
SPECIES_TOTODILE	Screech	34	34	same	
SPECIES_TOTODILE	Thrash	36	36	same	
SPECIES_TOTODILE	Superpower	43	39	moved	43 to 39: Kaizo's Totodile at 43, translated to 36, and no earlier than Kaizo's level of 43 within its split
SPECIES_TOTODILE	Aqua Tail	41	41	same	
SPECIES_TOTODILE	Hydro Pump	48	48	same	
SPECIES_TOTODILE	Rage	8		dropped	leaves: strength 20, under 40
SPECIES_TOUCANNON	Beak Blast	1	1	same	
SPECIES_TOUCANNON	Growl	1	1	same	
SPECIES_TOUCANNON	Peck	1	1	same	
SPECIES_TOUCANNON	Rock Smash	1	1	same	
SPECIES_TOUCANNON	Rock Blast	1	1	same	new at 61: a move in the last splits, from its own level 1
SPECIES_TOUCANNON	Echoed Voice	1	1	same	
SPECIES_TOUCANNON	Supersonic	13	13	same	
SPECIES_TOUCANNON	Pluck	16	16	same	
SPECIES_TOUCANNON	Roost	21	21	same	
SPECIES_TOUCANNON	Fury Attack	24	24	same	
SPECIES_TOUCANNON	Screech	30	30	same	
SPECIES_TOUCANNON	Bullet Seed	40	40	same	
SPECIES_TOUCANNON	FeatherDance	44	44	same	
SPECIES_TOUCANNON	Drill Peck	34	53	moved	34 to 53: its nearest Kaizo lines, translated to 50, and no earlier than Kaizo's level of 63 within its split
SPECIES_TOUCANNON	Hyper Voice	50	56	moved	50 to 56: its nearest Kaizo lines, translated to 54, and no earlier than Kaizo's level of 68 within its split
SPECIES_TOUCANNON	Rock Blast	1	61	same	new at 61: a move in the last splits, from its own level 1
SPECIES_TOXAPEX	Baneful Bunker	1	1	same	
SPECIES_TOXAPEX	Baneful Bunker	1	1	same	
SPECIES_TOXAPEX	Poison Sting	1	1	same	
SPECIES_TOXAPEX	Peck	1	1	same	
SPECIES_TOXAPEX	Bite	1	1	same	
SPECIES_TOXAPEX	Wide Guard	1	1	same	
SPECIES_TOXAPEX	Toxic Spikes	1	1	same	
SPECIES_TOXAPEX	Peck	5	5	same	
SPECIES_TOXAPEX	Bite	9	9	same	
SPECIES_TOXAPEX	Wide Guard	17	17	same	
SPECIES_TOXAPEX	Venoshock	19	19	same	
SPECIES_TOXAPEX	Toxic Spikes	22	22	same	
SPECIES_TOXAPEX	Recover	26	26	same	
SPECIES_TOXAPEX	Spike Cannon	29	29	same	
SPECIES_TOXAPEX	Pin Missile	37	37	same	
SPECIES_TOXAPEX	Toxic	39	39	same	
SPECIES_TOXAPEX	Venom Drench	42	42	same	
SPECIES_TOXAPEX	Poison Jab	43	43	same	
SPECIES_TOXAPEX	Liquidation	45	45	same	
SPECIES_TOXICROAK	Mud-Slap	1	1	same	
SPECIES_TOXICROAK	Poison Sting	1	1	same	
SPECIES_TOXICROAK	Mud-Slap	3	3	same	
SPECIES_TOXICROAK	Poison Sting	8	8	same	
SPECIES_TOXICROAK	Taunt	10	10	same	
SPECIES_TOXICROAK	Pursuit	15	15	same	
SPECIES_TOXICROAK	Faint Attack	17	17	same	
SPECIES_TOXICROAK	Revenge	22	22	same	
SPECIES_TOXICROAK	Swagger	24	24	same	
SPECIES_TOXICROAK	Mud Bomb	29	29	same	
SPECIES_TOXICROAK	Sucker Punch	31	31	same	
SPECIES_TOXICROAK	Nasty Plot	36	36	same	
SPECIES_TOXICROAK	Poison Jab	41	41	same	
SPECIES_TOXICROAK	Sludge Bomb	49	49	same	
SPECIES_TOXICROAK	Flatter	54	54	same	
SPECIES_TOXICROAK	Venoshock		61	added	new at 61: a move in the last splits, from Legends Z-A at 20
SPECIES_TOXICROAK	Astonish	1		dropped	leaves: strength 30, under 40
SPECIES_TRAPINCH	Bite	1	1	same	
SPECIES_TRAPINCH	Sand-Attack	9	9	same	
SPECIES_TRAPINCH	Faint Attack	17	17	same	
SPECIES_TRAPINCH	Crunch	33	33	same	
SPECIES_TRAPINCH	Dig	41	41	same	
SPECIES_TRAPINCH	Earthquake	73	53	moved	73 to 53: Kaizo's Trapinch at 65, translated to 53
SPECIES_TRAPINCH	Fire Fang		56	added	new at 56: Kaizo's Trapinch at 73; an exclusive delay: Kaizo gives it to no later stage
SPECIES_TRAPINCH	Hyper Beam	57	57	same	
SPECIES_TRAPINCH	Earth Power	65	65	same	
SPECIES_TRAPINCH	Superpower		71	added	new at 71: Kaizo's Trapinch at 89; an exclusive delay: Kaizo gives it to no later stage
SPECIES_TRAPINCH	Feint	81	81	same	
SPECIES_TRAPINCH	Fissure	89	89	same	
SPECIES_TRAPINCH	Sand Tomb	25		dropped	leaves: strength 35, under 40
SPECIES_TRAPINCH	Sandstorm	49		dropped	leaves: weather, for a species the player can own
SPECIES_TREECKO	Pound	1	1	same	
SPECIES_TREECKO	Leer	1	1	same	
SPECIES_TREECKO	Leafage		6	added	new at 6: keeps the first attack's level
SPECIES_TREECKO	Quick Attack	11	11	same	
SPECIES_TREECKO	Pursuit	16	16	same	
SPECIES_TREECKO	Screech	21	21	same	
SPECIES_TREECKO	Mega Drain	26	26	same	
SPECIES_TREECKO	Agility	31	31	same	
SPECIES_TREECKO	Slam	36	36	same	
SPECIES_TREECKO	Detect	41	41	same	
SPECIES_TREECKO	Giga Drain	46	46	same	
SPECIES_TREECKO	Energy Ball	51	51	same	
SPECIES_TREECKO	Absorb	6		dropped	leaves: strength 20, under 40
SPECIES_TROPIUS	Leer	1	1	same	
SPECIES_TROPIUS	Gust	1	1	same	
SPECIES_TROPIUS	Growth	7	7	same	
SPECIES_TROPIUS	Razor Leaf	11	11	same	
SPECIES_TROPIUS	Stomp	17	17	same	
SPECIES_TROPIUS	Sweet Scent	21	21	same	
SPECIES_TROPIUS	Whirlwind	27	27	same	
SPECIES_TROPIUS	Magical Leaf	31	31	same	
SPECIES_TROPIUS	Body Slam	37	37	same	
SPECIES_TROPIUS	Synthesis	41	41	same	
SPECIES_TROPIUS	Air Slash	47	47	same	
SPECIES_TROPIUS	SolarBeam	51	51	same	
SPECIES_TROPIUS	Natural Gift	57	57	same	
SPECIES_TROPIUS	Leaf Storm	61	61	same	
SPECIES_TRUMBEAK	Echoed Voice	1	1	same	
SPECIES_TRUMBEAK	Growl	1	1	same	
SPECIES_TRUMBEAK	Peck	1	1	same	
SPECIES_TRUMBEAK	Rock Smash	1	1	same	
SPECIES_TRUMBEAK	Rock Blast	1	1	same	
SPECIES_TRUMBEAK	Supersonic	13	13	same	
SPECIES_TRUMBEAK	Pluck	16	16	same	
SPECIES_TRUMBEAK	Roost	21	21	same	
SPECIES_TRUMBEAK	Fury Attack	24	24	same	
SPECIES_TRUMBEAK	Screech	29	29	same	
SPECIES_TRUMBEAK	Drill Peck	32	32	same	
SPECIES_TRUMBEAK	Bullet Seed	37	37	same	
SPECIES_TRUMBEAK	FeatherDance	40	40	same	
SPECIES_TRUMBEAK	Hyper Voice	45	45	same	
SPECIES_TSAREENA	Punishment	1	1	same	
SPECIES_TSAREENA	Triple Axel	1	1	same	new at 61: a move in the last splits, from its own level 1
SPECIES_TSAREENA	DoubleSlap	1	1	same	
SPECIES_TSAREENA	Trop Kick	1	1	same	
SPECIES_TSAREENA	Swagger	5	5	same	
SPECIES_TSAREENA	Rapid Spin	9	9	same	
SPECIES_TSAREENA	Razor Leaf	12	12	same	
SPECIES_TSAREENA	Sweet Scent	17	17	same	
SPECIES_TSAREENA	Magical Leaf	21	21	same	
SPECIES_TSAREENA	Teeter Dance	23	23	same	
SPECIES_TSAREENA	Trop Kick	25	25	same	
SPECIES_TSAREENA	Low Sweep	32	32	same	
SPECIES_TSAREENA	Aromatherapy	38	38	same	
SPECIES_TSAREENA	Power Whip	48	48	same	
SPECIES_TSAREENA	Hi Jump Kick	55	55	same	
SPECIES_TSAREENA	Leaf Storm	44	60	moved	44 to 60: its nearest Kaizo lines, translated to 60
SPECIES_TSAREENA	Triple Axel	1	61	same	new at 61: a move in the last splits, from its own level 1
SPECIES_TURTONATOR	Head Smash	1	1	same	
SPECIES_TURTONATOR	Body Press	1	1	same	
SPECIES_TURTONATOR	Ember	1	1	same	
SPECIES_TURTONATOR	Smog	6	6	same	
SPECIES_TURTONATOR	Flail	11	11	same	
SPECIES_TURTONATOR	Endure	16	16	same	
SPECIES_TURTONATOR	Incinerate	20	20	same	
SPECIES_TURTONATOR	Dragon Tail	24	24	same	
SPECIES_TURTONATOR	Rapid Spin	28	28	same	
SPECIES_TURTONATOR	Body Slam	33	33	same	
SPECIES_TURTONATOR	Flamethrower	38	38	same	
SPECIES_TURTONATOR	Dragon Pulse	43	43	same	
SPECIES_TURTONATOR	Explosion	55	55	same	
SPECIES_TURTONATOR	Overheat	61	61	same	
SPECIES_TURTONATOR	Draco Meteor	66	66	same	
SPECIES_TURTONATOR	Fire Spin	47		dropped	leaves: strength 35, under 40
SPECIES_TURTWIG	Tackle	1	1	same	
SPECIES_TURTWIG	Withdraw	5	5	same	
SPECIES_TURTWIG	Leafage		9	added	new at 9: keeps the first attack's level
SPECIES_TURTWIG	Razor Leaf	13	13	same	
SPECIES_TURTWIG	Curse	17	17	same	
SPECIES_TURTWIG	Bite	21	21	same	
SPECIES_TURTWIG	Mega Drain	25	25	same	
SPECIES_TURTWIG	Leech Seed	29	29	same	
SPECIES_TURTWIG	Crunch	37	37	same	
SPECIES_TURTWIG	Giga Drain	41	41	same	
SPECIES_TURTWIG	Synthesis	33	44	moved	33 to 44: Kaizo's Turtwig at 54, translated to 44
SPECIES_TURTWIG	Leaf Storm	45	45	same	
SPECIES_TURTWIG	Absorb	9		dropped	leaves: strength 20, under 40
SPECIES_TYPHLOSION	Gyro Ball	1	1	same	
SPECIES_TYPHLOSION	Tackle	1	1	same	
SPECIES_TYPHLOSION	Leer	1	1	same	
SPECIES_TYPHLOSION	SmokeScreen	1	1	same	
SPECIES_TYPHLOSION	Ember	1	1	same	
SPECIES_TYPHLOSION	SmokeScreen	4	4	same	
SPECIES_TYPHLOSION	Ember	10	10	same	
SPECIES_TYPHLOSION	Quick Attack	13	13	same	
SPECIES_TYPHLOSION	Flame Wheel	20	20	same	
SPECIES_TYPHLOSION	Defense Curl	24	24	same	
SPECIES_TYPHLOSION	Swift	31	31	same	
SPECIES_TYPHLOSION	Lava Plume	35	35	same	
SPECIES_TYPHLOSION	Flamethrower	42	42	same	
SPECIES_TYPHLOSION	Double-Edge	53	53	same	
SPECIES_TYPHLOSION	Eruption	57	57	same	
SPECIES_TYPHLOSION	Rollout	46		dropped	leaves: strength 27, under 40
SPECIES_TYRANITAR	Thunder Fang	1	1	same	
SPECIES_TYRANITAR	Ice Fang	1	1	same	
SPECIES_TYRANITAR	Fire Fang	1	1	same	
SPECIES_TYRANITAR	Bite	1	1	same	
SPECIES_TYRANITAR	Leer	1	1	same	
SPECIES_TYRANITAR	Screech	1	1	same	
SPECIES_TYRANITAR	Screech	10	10	same	
SPECIES_TYRANITAR	Rock Slide	14	14	same	
SPECIES_TYRANITAR	Scary Face	19	19	same	
SPECIES_TYRANITAR	Thrash	23	23	same	
SPECIES_TYRANITAR	Dark Pulse	28	28	same	
SPECIES_TYRANITAR	Payback	34	34	same	
SPECIES_TYRANITAR	Crunch	41	41	same	
SPECIES_TYRANITAR	Earthquake	47	47	same	
SPECIES_TYRANITAR	Stone Edge	54	54	same	
SPECIES_TYRANITAR	Hyper Beam	70	70	same	
SPECIES_TYRANITAR	Sandstorm	1		dropped	leaves: weather, for a species the player can own
SPECIES_TYROGUE	Tackle	1	1	same	
SPECIES_TYROGUE	Helping Hand	1	1	same	
SPECIES_TYROGUE	Fake Out	1	1	same	
SPECIES_TYROGUE	Foresight	1	1	same	
SPECIES_UMBREON	Tail Whip	1	1	same	
SPECIES_UMBREON	Tackle	1	1	same	
SPECIES_UMBREON	Helping Hand	1	1	same	
SPECIES_UMBREON	Sand-Attack	8	8	same	
SPECIES_UMBREON	Pursuit	15	15	same	
SPECIES_UMBREON	Quick Attack	22	22	same	
SPECIES_UMBREON	Bite		28	added	new at 28: a key move after the evolution, from Eevee's 29; 29 to 28: the one-level rule
SPECIES_UMBREON	Confuse Ray	29	29	same	
SPECIES_UMBREON	Body Slam		30	added	new at 29: Kaizo's Umbreon at 29, no earlier than that within its split (translated to 27); 29 to 30: the same-level rule (another move is at 29)
SPECIES_UMBREON	Faint Attack	36	36	same	
SPECIES_UMBREON	Assurance	43	39	moved	43 to 39: Kaizo's Umbreon at 43, translated to 36, and no earlier than Kaizo's level of 43 within its split
SPECIES_UMBREON	Last Resort	50	50	same	
SPECIES_UMBREON	Mean Look	57	57	same	
SPECIES_UMBREON	Screech	64	64	same	
SPECIES_UMBREON	Moonlight	71	71	same	
SPECIES_UMBREON	Guard Swap	78	78	same	
SPECIES_UNOWN	Hidden Power	1	1	same	
SPECIES_URSARING	Covet	1	1	same	
SPECIES_URSARING	Scratch	1	1	same	
SPECIES_URSARING	Leer	1	1	same	
SPECIES_URSARING	Lick	1	1	same	
SPECIES_URSARING	Fake Tears	1	1	same	
SPECIES_URSARING	Fury Swipes	8	8	same	
SPECIES_URSARING	Faint Attack	15	15	same	
SPECIES_URSARING	Sweet Scent	22	22	same	
SPECIES_URSARING	Slash	29	29	same	
SPECIES_URSARING	Scary Face	38	38	same	
SPECIES_URSARING	Rest	47	47	same	
SPECIES_URSARING	Thrash	58	58	same	
SPECIES_URSARING	Hammer Arm	67	67	same	
SPECIES_URSARING	Snore	49		dropped	leaves: works only asleep, or returns less than double
SPECIES_UXIE	Rest	1	1	same	
SPECIES_UXIE	Confusion	1	1	same	
SPECIES_UXIE	Imprison	6	6	same	
SPECIES_UXIE	Endure	16	16	same	
SPECIES_UXIE	Swift	21	21	same	
SPECIES_UXIE	Yawn	31	31	same	
SPECIES_UXIE	Future Sight	36	36	same	
SPECIES_UXIE	Amnesia	46	46	same	
SPECIES_UXIE	Extrasensory	51	51	same	
SPECIES_UXIE	Flail	61	61	same	
SPECIES_UXIE	Natural Gift	66	66	same	
SPECIES_UXIE	Memento	76	76	same	
SPECIES_VAPOREON	Tail Whip	1	1	same	
SPECIES_VAPOREON	Tackle	1	1	same	
SPECIES_VAPOREON	Helping Hand	1	1	same	
SPECIES_VAPOREON	Sand-Attack	8	8	same	
SPECIES_VAPOREON	Water Gun	15	15	same	
SPECIES_VAPOREON	Quick Attack	22	22	same	
SPECIES_VAPOREON	Bite	29	29	same	
SPECIES_VAPOREON	Aurora Beam	36	36	same	
SPECIES_VAPOREON	Aqua Ring	43	43	same	
SPECIES_VAPOREON	Last Resort	50	50	same	
SPECIES_VAPOREON	Haze	57	57	same	
SPECIES_VAPOREON	Acid Armor	64	64	same	
SPECIES_VAPOREON	Hydro Pump	71	71	same	
SPECIES_VAPOREON	Muddy Water	78	78	same	
SPECIES_VENOMOTH	Silver Wind	1	1	same	
SPECIES_VENOMOTH	Tackle	1	1	same	
SPECIES_VENOMOTH	Disable	1	1	same	
SPECIES_VENOMOTH	Foresight	1	1	same	
SPECIES_VENOMOTH	Supersonic	1	1	same	
SPECIES_VENOMOTH	Supersonic	5	5	same	
SPECIES_VENOMOTH	Confusion	11	11	same	
SPECIES_VENOMOTH	PoisonPowder	13	13	same	
SPECIES_VENOMOTH	Leech Life	17	17	same	
SPECIES_VENOMOTH	Stun Spore	23	23	same	
SPECIES_VENOMOTH	Psybeam	25	25	same	
SPECIES_VENOMOTH	Sleep Powder	29	29	same	
SPECIES_VENOMOTH	Signal Beam	37	37	same	
SPECIES_VENOMOTH	Zen Headbutt	41	41	same	
SPECIES_VENOMOTH	Poison Fang	47	47	same	
SPECIES_VENOMOTH	Psychic	55	55	same	
SPECIES_VENOMOTH	Bug Buzz	59	59	same	
SPECIES_VENOMOTH	Gust	31		dropped	leaves: strength 40, at most half of Fantina's usual 90
SPECIES_VENONAT	Tackle	1	1	same	
SPECIES_VENONAT	Disable	1	1	same	
SPECIES_VENONAT	Foresight	1	1	same	
SPECIES_VENONAT	Supersonic	5	5	same	
SPECIES_VENONAT	Confusion	11	11	same	
SPECIES_VENONAT	PoisonPowder	13	13	same	
SPECIES_VENONAT	Leech Life	17	17	same	
SPECIES_VENONAT	Stun Spore	23	23	same	
SPECIES_VENONAT	Psybeam	25	25	same	
SPECIES_VENONAT	Sleep Powder	29	29	same	
SPECIES_VENONAT	Signal Beam	35	35	same	
SPECIES_VENONAT	Zen Headbutt	37	37	same	
SPECIES_VENONAT	Poison Fang	41	41	same	
SPECIES_VENONAT	Psychic	47	47	same	
SPECIES_VENUSAUR	Tackle	1	1	same	
SPECIES_VENUSAUR	Growl	1	1	same	
SPECIES_VENUSAUR	Leech Seed	1	1	same	
SPECIES_VENUSAUR	Vine Whip	1	1	same	
SPECIES_VENUSAUR	Growl	3	3	same	
SPECIES_VENUSAUR	Leech Seed	7	7	same	
SPECIES_VENUSAUR	Vine Whip	9	9	same	
SPECIES_VENUSAUR	PoisonPowder	13	13	same	
SPECIES_VENUSAUR	Sleep Powder	13	13	same	
SPECIES_VENUSAUR	Take Down	15	15	same	
SPECIES_VENUSAUR	Razor Leaf	20	20	same	
SPECIES_VENUSAUR	Sweet Scent	23	23	same	
SPECIES_VENUSAUR	Growth	28	28	same	
SPECIES_VENUSAUR	Double-Edge	31	31	same	
SPECIES_VENUSAUR	Petal Dance	32	32	same	
SPECIES_VENUSAUR	Worry Seed	39	39	same	
SPECIES_VENUSAUR	Synthesis	45	45	same	
SPECIES_VENUSAUR	SolarBeam	53	53	same	
SPECIES_VESPIQUEN	Sweet Scent	1	1	same	
SPECIES_VESPIQUEN	Gust	1	1	same	
SPECIES_VESPIQUEN	Poison Sting	3	3	same	
SPECIES_VESPIQUEN	Confuse Ray	7	7	same	
SPECIES_VESPIQUEN	Defend Order	13	13	same	
SPECIES_VESPIQUEN	Pursuit	15	15	same	
SPECIES_VESPIQUEN	Fury Swipes	19	19	same	
SPECIES_VESPIQUEN	Power Gem	21	21	same	
SPECIES_VESPIQUEN	Heal Order	25	25	same	
SPECIES_VESPIQUEN	Toxic	27	27	same	
SPECIES_VESPIQUEN	Slash	31	31	same	
SPECIES_VESPIQUEN	Captivate	33	33	same	
SPECIES_VESPIQUEN	Swagger	39	39	same	
SPECIES_VESPIQUEN	Attack Order	37	40	moved	37 to 39: Kaizo's Vespiquen at 47, translated to 39; 39 to 40: the same-level rule (another move is at 39)
SPECIES_VESPIQUEN	Destiny Bond	43	43	same	
SPECIES_VESPIQUEN	Bug Buzz		61	added	new at 61: a move in the last splits, from Kaizo's Vespiquen at 37
SPECIES_VESPIQUEN	Fury Cutter	9		dropped	leaves: strength 38, under 40
SPECIES_VIBRAVA	SonicBoom	1	1	same	
SPECIES_VIBRAVA	Sand-Attack	1	1	same	
SPECIES_VIBRAVA	Faint Attack	1	1	same	
SPECIES_VIBRAVA	Sand-Attack	9	9	same	
SPECIES_VIBRAVA	Faint Attack	17	17	same	
SPECIES_VIBRAVA	Supersonic	33	33	same	
SPECIES_VIBRAVA	DragonBreath	35	35	same	
SPECIES_VIBRAVA	Screech	41	41	same	
SPECIES_VIBRAVA	Hyper Beam	57	57	same	
SPECIES_VIBRAVA	Sand Tomb	1		dropped	leaves: strength 35, under 40
SPECIES_VIBRAVA	Sandstorm	49		dropped	leaves: weather, for a species the player can own
SPECIES_VICTREEBEL	Stockpile	1	1	same	
SPECIES_VICTREEBEL	Swallow	1	1	same	
SPECIES_VICTREEBEL	Spit Up	1	1	same	
SPECIES_VICTREEBEL	Vine Whip	1	1	same	
SPECIES_VICTREEBEL	Sleep Powder	1	1	same	
SPECIES_VICTREEBEL	Sweet Scent	1	1	same	
SPECIES_VICTREEBEL	Razor Leaf	1	1	same	
SPECIES_VICTREEBEL	Leaf Storm	47	47	same	
SPECIES_VICTREEBEL	Leaf Blade	47	47	same	
SPECIES_VIGOROTH	Scratch	1	1	same	
SPECIES_VIGOROTH	Focus Energy	1	1	same	
SPECIES_VIGOROTH	Encore	1	1	same	
SPECIES_VIGOROTH	Uproar	1	1	same	
SPECIES_VIGOROTH	Encore	7	7	same	
SPECIES_VIGOROTH	Uproar	13	13	same	
SPECIES_VIGOROTH	Fury Swipes	19	19	same	
SPECIES_VIGOROTH	Endure	25	25	same	
SPECIES_VIGOROTH	Slash	31	31	same	
SPECIES_VIGOROTH	Counter	37	37	same	
SPECIES_VIGOROTH	Focus Punch	43	43	same	
SPECIES_VIGOROTH	Reversal	49	49	same	
SPECIES_VIKAVOLT	Sticky Web	1	1	same	
SPECIES_VIKAVOLT	ViceGrip	1	1	same	
SPECIES_VIKAVOLT	X-Scissor	1	1	same	new at 53: a key move after the evolution, from Charjabug's 53
SPECIES_VIKAVOLT	Bug Bite	1	1	same	
SPECIES_VIKAVOLT	Crunch	1	1	same	
SPECIES_VIKAVOLT	Thunderbolt	1	1	same	
SPECIES_VIKAVOLT	Bite	15	15	same	
SPECIES_VIKAVOLT	Spark	23	23	same	
SPECIES_VIKAVOLT	Crunch	29	29	same	
SPECIES_VIKAVOLT	Signal Beam	36	33	moved	36 to 33: its nearest Kaizo lines, translated to 32, and no earlier than Kaizo's level of 37 within its split
SPECIES_VIKAVOLT	Discharge	48	34	moved	48 to 32: its nearest Kaizo lines, translated to 32; 32 to 34: Ian's ruling on five early moves, its nearest Kaizo lines get it in their Fantina split, and no earlier than Kaizo's level of 34
SPECIES_VIKAVOLT	Bug Buzz	55	53	moved	55 to 53: its nearest Kaizo lines, translated to 52, and no earlier than Kaizo's level of 64 within its split
SPECIES_VIKAVOLT	X-Scissor	1	53	same	new at 53: a key move after the evolution, from Charjabug's 53
SPECIES_VIKAVOLT	Thunderbolt	65	65	same	
SPECIES_VIKAVOLT	Zap Cannon	66	66	same	
SPECIES_VILEPLUME	Mega Drain	1	1	same	
SPECIES_VILEPLUME	Aromatherapy	1	1	same	
SPECIES_VILEPLUME	Stun Spore	1	1	same	
SPECIES_VILEPLUME	PoisonPowder	1	1	same	
SPECIES_VILEPLUME	Petal Dance	53	53	same	
SPECIES_VILEPLUME	SolarBeam	65	65	same	
SPECIES_VOLBEAT	Flash	1	1	same	
SPECIES_VOLBEAT	Tackle	1	1	same	
SPECIES_VOLBEAT	Double Team	5	5	same	
SPECIES_VOLBEAT	Confuse Ray	9	9	same	
SPECIES_VOLBEAT	Moonlight	13	13	same	
SPECIES_VOLBEAT	Quick Attack	17	17	same	
SPECIES_VOLBEAT	Tail Glow	21	21	same	
SPECIES_VOLBEAT	Signal Beam	25	25	same	
SPECIES_VOLBEAT	Protect	29	29	same	
SPECIES_VOLBEAT	Helping Hand	33	33	same	
SPECIES_VOLBEAT	Zen Headbutt	37	37	same	
SPECIES_VOLBEAT	Bug Buzz	41	41	same	
SPECIES_VOLBEAT	Double-Edge	45	45	same	
SPECIES_VOLCARONA	Ember	1	1	same	
SPECIES_VOLCARONA	String Shot	1	1	same	
SPECIES_VOLCARONA	Flame Charge	6	6	same	
SPECIES_VOLCARONA	Struggle Bug	10	10	same	
SPECIES_VOLCARONA	Mystical Fire	20	20	same	
SPECIES_VOLCARONA	U-turn	30	30	same	
SPECIES_VOLCARONA	Rage Powder	50	50	same	
SPECIES_VOLCARONA	Flamethrower	60	60	same	
SPECIES_VOLCARONA	Bug Buzz	61	61	same	
SPECIES_VOLCARONA	Whirlwind	64	64	same	
SPECIES_VOLCARONA	Overheat	65	65	same	
SPECIES_VOLCARONA	Heat Wave	66	66	same	
SPECIES_VOLCARONA	Pollen Puff	72	72	same	
SPECIES_VOLCARONA	Roost	77	77	same	
SPECIES_VOLCARONA	Fiery Dance	82	82	same	
SPECIES_VOLCARONA	Fire Spin	40		dropped	leaves: strength 35, under 40
SPECIES_VOLTORB	Charge	1	1	same	
SPECIES_VOLTORB	Tackle	5	5	same	
SPECIES_VOLTORB	SonicBoom	8	8	same	
SPECIES_VOLTORB	Spark	12	12	same	
SPECIES_VOLTORB	Screech	19	19	same	
SPECIES_VOLTORB	Light Screen	22	22	same	
SPECIES_VOLTORB	Charge Beam	26	26	same	
SPECIES_VOLTORB	Selfdestruct	29	29	same	
SPECIES_VOLTORB	Swift	33	33	same	
SPECIES_VOLTORB	Magnet Rise	36	36	same	
SPECIES_VOLTORB	Gyro Ball	40	40	same	
SPECIES_VOLTORB	Explosion	43	43	same	
SPECIES_VOLTORB	Mirror Coat	47	47	same	
SPECIES_VOLTORB	Rollout	15		dropped	leaves: strength 27, under 40
SPECIES_VULLABY	Gust	1	1	same	
SPECIES_VULLABY	Leer	1	1	same	
SPECIES_VULLABY	Fury Attack	5	5	same	
SPECIES_VULLABY	Pluck	11	11	same	
SPECIES_VULLABY	Flatter	12	12	same	
SPECIES_VULLABY	Faint Attack	23	23	same	
SPECIES_VULLABY	Knock Off	24	24	same	
SPECIES_VULLABY	Tailwind	26	26	same	
SPECIES_VULLABY	Punishment	28	28	same	
SPECIES_VULLABY	Iron Defense	30	30	same	
SPECIES_VULLABY	Nasty Plot	35	35	same	
SPECIES_VULLABY	Air Slash	41	41	same	
SPECIES_VULLABY	Whirlwind	44	44	same	
SPECIES_VULLABY	Defog	46	46	same	
SPECIES_VULLABY	Dark Pulse	47	47	same	
SPECIES_VULLABY	Embargo	50	50	same	
SPECIES_VULLABY	Mirror Move	64	64	same	
SPECIES_VULLABY	Brave Bird	65	65	same	
SPECIES_VULLABY	Attract	66	66	same	
SPECIES_VULPIX	Ember	1	1	same	
SPECIES_VULPIX	Tail Whip	4	4	same	
SPECIES_VULPIX	Roar	7	7	same	
SPECIES_VULPIX	Quick Attack	11	11	same	
SPECIES_VULPIX	Confuse Ray	17	17	same	
SPECIES_VULPIX	Imprison	21	21	same	
SPECIES_VULPIX	Flamethrower	24	24	same	
SPECIES_VULPIX	Will-O-Wisp	14	26	moved	14 to 26: Kaizo's Vulpix at 27, translated to 25, and no earlier than Kaizo's level of 27 within its split
SPECIES_VULPIX	Safeguard	27	27	same	
SPECIES_VULPIX	Payback	31	31	same	
SPECIES_VULPIX	Captivate	37	37	same	
SPECIES_VULPIX	Flare Blitz	40	40	same	
SPECIES_VULPIX	Grudge	41	41	same	
SPECIES_VULPIX	Extrasensory	44	44	same	
SPECIES_VULPIX	Fire Blast	47	47	same	
SPECIES_VULPIX	Fire Spin	34		dropped	leaves: strength 35, under 40
SPECIES_WAILMER	Water Gun	7	1	moved	new at 1: the move-pool survey's pick
SPECIES_WAILMER	Growl	4	4	same	
SPECIES_WAILMER	Water Pulse	21	21	same	
SPECIES_WAILMER	Mist	24	24	same	
SPECIES_WAILMER	Rest	27	27	same	
SPECIES_WAILMER	Brine	31	31	same	
SPECIES_WAILMER	Amnesia	37	37	same	
SPECIES_WAILMER	Dive	41	41	same	
SPECIES_WAILMER	Bounce	44	44	same	
SPECIES_WAILMER	Hydro Pump	47	47	same	
SPECIES_WAILMER	Water Spout	34	78	moved	34 to 78: Kaizo's Wailmer at 100, translated to 78; an exclusive delay: Kaizo gives it to no later stage
SPECIES_WAILMER	Splash	1		dropped	leaves: the move pool's first cut
SPECIES_WAILMER	Rollout	11		dropped	leaves: strength 27, under 40
SPECIES_WAILMER	Whirlpool	14		dropped	leaves: strength 35, under 40
SPECIES_WAILMER	Astonish	17		dropped	leaves: strength 30, under 40
SPECIES_WAILORD	Growl	1	1	same	
SPECIES_WAILORD	Water Gun	1	1	same	
SPECIES_WAILORD	Water Spout	34	1	moved	34 to 1: an exclusive delay, Kaizo gives it only to Wailmer
SPECIES_WAILORD	Growl	4	4	same	
SPECIES_WAILORD	Water Gun	7	7	same	
SPECIES_WAILORD	Water Pulse	21	21	same	
SPECIES_WAILORD	Mist	24	24	same	
SPECIES_WAILORD	Rest	27	27	same	
SPECIES_WAILORD	Brine	31	31	same	
SPECIES_WAILORD	Amnesia	37	37	same	
SPECIES_WAILORD	Dive	46	46	same	
SPECIES_WAILORD	Bounce	54	54	same	
SPECIES_WAILORD	Hydro Pump	62	62	same	
SPECIES_WAILORD	Splash	1		dropped	leaves: the move pool's first cut
SPECIES_WAILORD	Rollout	1		dropped	leaves: strength 27, under 40
SPECIES_WAILORD	Whirlpool	14		dropped	leaves: strength 35, under 40
SPECIES_WAILORD	Astonish	17		dropped	leaves: strength 30, under 40
SPECIES_WALREIN	Crunch	1	1	same	
SPECIES_WALREIN	Powder Snow	1	1	same	
SPECIES_WALREIN	Growl	1	1	same	
SPECIES_WALREIN	Water Gun	1	1	same	
SPECIES_WALREIN	Encore	1	1	same	
SPECIES_WALREIN	Encore	7	7	same	
SPECIES_WALREIN	Body Slam	19	19	same	
SPECIES_WALREIN	Aurora Beam	25	25	same	
SPECIES_WALREIN	Swagger	32	32	same	
SPECIES_WALREIN	Rest	39	39	same	
SPECIES_WALREIN	Ice Fang	44	44	same	
SPECIES_WALREIN	Blizzard	52	52	same	
SPECIES_WALREIN	Liquidation		61	added	new at 61: a move in the last splits, from Legends Arceus at 25
SPECIES_WALREIN	Sheer Cold	65	65	same	
SPECIES_WALREIN	Ice Ball	13		dropped	leaves: strength 27, under 40
SPECIES_WALREIN	Hail	31		dropped	leaves: weather, for a species the player can own
SPECIES_WALREIN	Snore	39		dropped	leaves: works only asleep, or returns less than double
SPECIES_WARTORTLE	Tackle	1	1	same	
SPECIES_WARTORTLE	Tail Whip	1	1	same	
SPECIES_WARTORTLE	Bubble	1	1	same	
SPECIES_WARTORTLE	Tail Whip	4	4	same	
SPECIES_WARTORTLE	Bubble	7	7	same	
SPECIES_WARTORTLE	Withdraw	10	10	same	
SPECIES_WARTORTLE	Water Gun	13	13	same	
SPECIES_WARTORTLE	Bite	16	16	same	
SPECIES_WARTORTLE	Rapid Spin	20	20	same	
SPECIES_WARTORTLE	Protect	24	24	same	
SPECIES_WARTORTLE	Water Pulse	28	28	same	
SPECIES_WARTORTLE	Aqua Tail	32	32	same	
SPECIES_WARTORTLE	Iron Defense	40	40	same	
SPECIES_WARTORTLE	Hydro Pump	48	48	same	
SPECIES_WARTORTLE	Skull Bash	36		dropped	leaves: charges a turn in the open (Kaizo's lists keep no such move)
SPECIES_WARTORTLE	Rain Dance	44		dropped	leaves: weather, for a species the player can own
SPECIES_WEAVILE	Embargo	1	1	same	
SPECIES_WEAVILE	Revenge	1	1	same	
SPECIES_WEAVILE	Assurance	1	1	same	new at 61: a move in the last splits, from its own level 1
SPECIES_WEAVILE	Scratch	1	1	same	
SPECIES_WEAVILE	Leer	1	1	same	
SPECIES_WEAVILE	Taunt	1	1	same	
SPECIES_WEAVILE	Quick Attack	1	1	same	
SPECIES_WEAVILE	Quick Attack	8	8	same	
SPECIES_WEAVILE	Screech	10	10	same	
SPECIES_WEAVILE	Faint Attack	14	14	same	
SPECIES_WEAVILE	Fury Swipes	21	21	same	
SPECIES_WEAVILE	Nasty Plot	24	24	same	
SPECIES_WEAVILE	Icy Wind	28	28	same	
SPECIES_WEAVILE	Night Slash	35	35	same	
SPECIES_WEAVILE	Fling	38	38	same	
SPECIES_WEAVILE	Dark Pulse	49	49	same	
SPECIES_WEAVILE	Assurance	1	61	same	new at 61: a move in the last splits, from its own level 1
SPECIES_WEAVILE	Metal Claw	42		dropped	leaves: strength 48, at most half of Wake's usual 95
SPECIES_WEEDLE	Poison Sting	1	1	same	
SPECIES_WEEDLE	String Shot	1	1	same	
SPECIES_WEEDLE	Bug Bite	15	15	same	
SPECIES_WEEPINBELL	Vine Whip	1	1	same	
SPECIES_WEEPINBELL	Growth	1	1	same	
SPECIES_WEEPINBELL	Growth	7	7	same	
SPECIES_WEEPINBELL	Sleep Powder	13	13	same	
SPECIES_WEEPINBELL	PoisonPowder	15	15	same	
SPECIES_WEEPINBELL	Stun Spore	17	17	same	
SPECIES_WEEPINBELL	Acid	23	23	same	
SPECIES_WEEPINBELL	Knock Off	27	27	same	
SPECIES_WEEPINBELL	Sweet Scent	29	29	same	
SPECIES_WEEPINBELL	Gastro Acid	35	35	same	
SPECIES_WEEPINBELL	Razor Leaf	39	39	same	
SPECIES_WEEPINBELL	Slam	41	41	same	
SPECIES_WEEPINBELL	Wring Out	47	47	same	
SPECIES_WEEPINBELL	Wrap	1		dropped	leaves: strength 14, under 40
SPECIES_WEEZING	Poison Gas	1	1	same	
SPECIES_WEEZING	Tackle	1	1	same	
SPECIES_WEEZING	Smog	1	1	same	
SPECIES_WEEZING	SmokeScreen	1	1	same	
SPECIES_WEEZING	Smog	6	6	same	
SPECIES_WEEZING	SmokeScreen	10	10	same	
SPECIES_WEEZING	Assurance	15	15	same	
SPECIES_WEEZING	Selfdestruct	19	19	same	
SPECIES_WEEZING	Sludge	24	24	same	
SPECIES_WEEZING	Haze	28	28	same	
SPECIES_WEEZING	Double Hit	33	33	same	
SPECIES_WEEZING	Explosion	40	40	same	
SPECIES_WEEZING	Sludge Bomb	48	48	same	
SPECIES_WEEZING	Destiny Bond	55	55	same	
SPECIES_WEEZING	Thunder		61	added	new at 61: a move in the last splits, from a TM it learns
SPECIES_WEEZING	Memento	63	63	same	
SPECIES_WHISCASH	Zen Headbutt	1	1	same	new at 61: a move in the last splits, from its own level 1
SPECIES_WHISCASH	Tickle	1	1	same	
SPECIES_WHISCASH	Mud-Slap	1	1	same	
SPECIES_WHISCASH	Mud Sport	1	1	same	
SPECIES_WHISCASH	Water Sport	1	1	same	
SPECIES_WHISCASH	Mud Sport	6	6	same	
SPECIES_WHISCASH	Water Sport	6	6	same	
SPECIES_WHISCASH	Water Gun	10	10	same	
SPECIES_WHISCASH	Mud Bomb	14	14	same	
SPECIES_WHISCASH	Amnesia	18	18	same	
SPECIES_WHISCASH	Water Pulse	22	22	same	
SPECIES_WHISCASH	Magnitude	26	26	same	
SPECIES_WHISCASH	Rest	33	33	same	
SPECIES_WHISCASH	Aqua Tail	39	39	same	
SPECIES_WHISCASH	Earthquake	45	45	same	
SPECIES_WHISCASH	Future Sight	51	51	same	
SPECIES_WHISCASH	Fissure	57	57	same	
SPECIES_WHISCASH	Zen Headbutt	1	61	same	new at 61: a move in the last splits, from its own level 1
SPECIES_WHISCASH	Snore	33		dropped	leaves: works only asleep, or returns less than double
SPECIES_WHISMUR	Pound	1	1	same	
SPECIES_WHISMUR	Uproar	5	5	same	
SPECIES_WHISMUR	Howl	15	15	same	
SPECIES_WHISMUR	Supersonic	21	21	same	
SPECIES_WHISMUR	Stomp	25	25	same	
SPECIES_WHISMUR	Screech	31	31	same	
SPECIES_WHISMUR	Roar	35	35	same	
SPECIES_WHISMUR	Rest	41	41	same	
SPECIES_WHISMUR	Sleep Talk	41	41	same	
SPECIES_WHISMUR	Hyper Voice	45	45	same	
SPECIES_WHISMUR	Astonish	11		dropped	leaves: strength 30, under 40
SPECIES_WIGGLYTUFF	Sing	1	1	same	
SPECIES_WIGGLYTUFF	Disable	1	1	same	
SPECIES_WIGGLYTUFF	Defense Curl	1	1	same	
SPECIES_WIGGLYTUFF	DoubleSlap	1	1	same	
SPECIES_WINGULL	Growl	1	1	same	
SPECIES_WINGULL	Water Gun	1	1	same	
SPECIES_WINGULL	Supersonic	6	6	same	
SPECIES_WINGULL	Wing Attack	11	11	same	
SPECIES_WINGULL	Mist	16	16	same	
SPECIES_WINGULL	Water Pulse	19	19	same	
SPECIES_WINGULL	Quick Attack	24	24	same	
SPECIES_WINGULL	Roost	29	29	same	
SPECIES_WINGULL	Pursuit	34	34	same	
SPECIES_WINGULL	Agility	37	37	same	
SPECIES_WINGULL	Aerial Ace	42	42	same	
SPECIES_WINGULL	Air Slash	47	47	same	
SPECIES_WOBBUFFET	Counter	1	1	same	
SPECIES_WOBBUFFET	Mirror Coat	1	1	same	
SPECIES_WOBBUFFET	Safeguard	1	1	same	
SPECIES_WOBBUFFET	Destiny Bond	1	1	same	
SPECIES_WOOLOO	Tackle	1	1	same	
SPECIES_WOOLOO	Growl	1	1	same	
SPECIES_WOOLOO	Defense Curl	4	4	same	
SPECIES_WOOLOO	Copycat	8	8	same	
SPECIES_WOOLOO	Guard Split	12	12	same	
SPECIES_WOOLOO	Double Kick	16	16	same	
SPECIES_WOOLOO	Headbutt	21	21	same	
SPECIES_WOOLOO	Guard Swap	28	28	same	
SPECIES_WOOLOO	Reversal	32	32	same	
SPECIES_WOOLOO	Take Down	25	33	moved	25 to 33: its nearest Kaizo lines, translated to 32, and no earlier than Kaizo's level of 37 within its split
SPECIES_WOOLOO	Cotton Guard	36	36	same	
SPECIES_WOOLOO	Double-Edge	40	40	same	
SPECIES_WOOPER	Water Gun	1	1	same	
SPECIES_WOOPER	Tail Whip	1	1	same	
SPECIES_WOOPER	Mud Sport	5	5	same	
SPECIES_WOOPER	Mud Shot	9	9	same	
SPECIES_WOOPER	Slam	15	15	same	
SPECIES_WOOPER	Mud Bomb	19	19	same	
SPECIES_WOOPER	Amnesia	23	23	same	
SPECIES_WOOPER	Yawn	29	29	same	
SPECIES_WOOPER	Muddy Water	47	30	moved	47 to 29: Kaizo's Wooper at 29, translated to 27, and no earlier than Kaizo's level of 29 within its split; 29 to 30: the same-level rule (another move is at 29)
SPECIES_WOOPER	Sludge Bomb		33	added	new at 33: Kaizo's Wooper at 33, no earlier than that within its split (translated to 30)
SPECIES_WOOPER	Earthquake	33	39	moved	33 to 39: Kaizo's Wooper at 43, translated to 36, and no earlier than Kaizo's level of 43 within its split
SPECIES_WOOPER	Mist	43	43	same	
SPECIES_WOOPER	Haze	43	43	same	
SPECIES_WOOPER	Rain Dance	37		dropped	leaves: weather, for a species the player can own
SPECIES_WORMADAM	Tackle	1	1	same	
SPECIES_WORMADAM	Protect	10	10	same	
SPECIES_WORMADAM	Bug Bite	15	15	same	
SPECIES_WORMADAM	Hidden Power	20	20	same	
SPECIES_WORMADAM	Confusion	23	23	same	
SPECIES_WORMADAM	Razor Leaf	26	26	same	
SPECIES_WORMADAM	Growth	29	29	same	
SPECIES_WORMADAM	Psybeam	32	32	same	
SPECIES_WORMADAM	Captivate	35	35	same	
SPECIES_WORMADAM	Flail	38	38	same	
SPECIES_WORMADAM	Attract	41	41	same	
SPECIES_WORMADAM	Psychic	44	44	same	
SPECIES_WORMADAM	Leaf Storm	47	47	same	
SPECIES_WORMADAM	Blizzard		61	added	new at 61: a move in the last splits, from Kaizo's Wormadam at 44
SPECIES_WURMPLE	Tackle	1	1	same	
SPECIES_WURMPLE	String Shot	1	1	same	
SPECIES_WURMPLE	Poison Sting	5	5	same	
SPECIES_WURMPLE	Bug Bite	15	15	same	
SPECIES_WYNAUT	Charm	1	1	same	
SPECIES_WYNAUT	Encore	1	1	same	
SPECIES_WYNAUT	Counter	15	15	same	
SPECIES_WYNAUT	Mirror Coat	15	15	same	
SPECIES_WYNAUT	Safeguard	15	15	same	
SPECIES_WYNAUT	Destiny Bond	15	15	same	
SPECIES_WYNAUT	Splash	1		dropped	leaves: the move pool's first cut
SPECIES_XATU	Peck	1	1	same	
SPECIES_XATU	Leer	1	1	same	
SPECIES_XATU	Night Shade	6	6	same	
SPECIES_XATU	Lucky Chant	12	12	same	
SPECIES_XATU	Miracle Eye	17	17	same	
SPECIES_XATU	Me First	20	20	same	
SPECIES_XATU	Confuse Ray	23	23	same	
SPECIES_XATU	Tailwind	27	27	same	
SPECIES_XATU	Wish	30	30	same	
SPECIES_XATU	Psycho Shift	37	37	same	
SPECIES_XATU	Future Sight	42	42	same	
SPECIES_XATU	Ominous Wind	47	47	same	
SPECIES_XATU	Power Swap	54	54	same	
SPECIES_XATU	Guard Swap	54	54	same	
SPECIES_XATU	Psychic	59	59	same	
SPECIES_XATU	Teleport	9		dropped	leaves: the move pool's first cut
SPECIES_XERNEAS	Tackle	1	1	same	
SPECIES_XERNEAS	Gravity	1	1	same	
SPECIES_XERNEAS	Aromatherapy	1	1	same	
SPECIES_XERNEAS	Ingrain	1	1	same	
SPECIES_XERNEAS	Take Down	1	1	same	
SPECIES_XERNEAS	Heal Pulse	1	1	same	
SPECIES_XERNEAS	Light Screen	5	5	same	
SPECIES_XERNEAS	Aurora Beam	10	10	same	
SPECIES_XERNEAS	Gravity	18	18	same	
SPECIES_XERNEAS	Aromatherapy	25	25	same	
SPECIES_XERNEAS	Night Slash	34	34	same	
SPECIES_XERNEAS	Nature Power	41	41	same	
SPECIES_XERNEAS	Geomancy	41	41	same	
SPECIES_XERNEAS	Psych Up	43	43	same	
SPECIES_XERNEAS	Horn Leech	44	44	same	
SPECIES_XERNEAS	Ingrain	45	45	same	
SPECIES_XERNEAS	Moonblast	48	48	same	
SPECIES_XERNEAS	Take Down	50	50	same	
SPECIES_XERNEAS	Megahorn	57	57	same	
SPECIES_XERNEAS	Heal Pulse	65	65	same	
SPECIES_XERNEAS	Close Combat	77	77	same	
SPECIES_XERNEAS	Outrage	86	86	same	
SPECIES_XERNEAS	Giga Impact	86	86	same	
SPECIES_XERNEAS	Misty Terrain	50		dropped	leaves: the move pool's first cut
SPECIES_XURKITREE	ThunderShock	1	1	same	
SPECIES_XURKITREE	Charge	5	5	same	
SPECIES_XURKITREE	Thunder Wave	10	10	same	
SPECIES_XURKITREE	Ingrain	15	15	same	
SPECIES_XURKITREE	Spark	20	20	same	
SPECIES_XURKITREE	Shock Wave	25	25	same	
SPECIES_XURKITREE	Hypnosis	30	30	same	
SPECIES_XURKITREE	Eerie Impulse	35	35	same	
SPECIES_XURKITREE	ThunderPunch	40	40	same	
SPECIES_XURKITREE	Discharge	45	45	same	
SPECIES_XURKITREE	Magnet Rise	50	50	same	
SPECIES_XURKITREE	Thunderbolt	55	55	same	
SPECIES_XURKITREE	Power Whip	65	65	same	
SPECIES_XURKITREE	Zap Cannon	70	70	same	
SPECIES_XURKITREE	Wrap	1		dropped	leaves: strength 14, under 40
SPECIES_XURKITREE	ElectricTerrain	60		dropped	leaves: the move pool's first cut
SPECIES_YAMASK	Protect	1	1	same	
SPECIES_YAMASK	Haze	6	6	same	
SPECIES_YAMASK	Disable	8	8	same	
SPECIES_YAMASK	Night Shade	10	10	same	
SPECIES_YAMASK	Will-O-Wisp	18	18	same	
SPECIES_YAMASK	Crafty Shield	20	20	same	
SPECIES_YAMASK	Hex	20	20	same	
SPECIES_YAMASK	Ominous Wind	25	25	same	
SPECIES_YAMASK	Curse	32	32	same	
SPECIES_YAMASK	Mean Look	35	35	same	
SPECIES_YAMASK	Grudge	36	36	same	
SPECIES_YAMASK	Power Split	41	41	same	
SPECIES_YAMASK	Guard Split	41	41	same	
SPECIES_YAMASK	Dark Pulse	44	44	same	
SPECIES_YAMASK	Destiny Bond	50	50	same	
SPECIES_YAMASK	Shadow Ball	38	53	moved	38 to 53: its nearest Kaizo lines, translated to 47, and no earlier than Kaizo's level of 58 within its split
SPECIES_YAMASK	Astonish	1		dropped	leaves: strength 30, under 40
SPECIES_YANMA	Tackle	1	1	same	
SPECIES_YANMA	Foresight	1	1	same	
SPECIES_YANMA	Quick Attack	6	6	same	
SPECIES_YANMA	Double Team	11	11	same	
SPECIES_YANMA	SonicBoom	14	14	same	
SPECIES_YANMA	Detect	17	17	same	
SPECIES_YANMA	Supersonic	22	22	same	
SPECIES_YANMA	Uproar	27	27	same	
SPECIES_YANMA	Pursuit	30	30	same	
SPECIES_YANMA	AncientPower	33	33	same	
SPECIES_YANMA	Hypnosis	38	38	same	
SPECIES_YANMA	Wing Attack	43	43	same	
SPECIES_YANMA	Screech	46	46	same	
SPECIES_YANMA	U-turn	49	49	same	
SPECIES_YANMA	Air Slash	54	54	same	an exclusive delay: Kaizo gives it to no later stage
SPECIES_YANMA	Bug Buzz	57	57	same	
SPECIES_YANMEGA	Night Slash	1	1	same	
SPECIES_YANMEGA	Bug Bite	1	1	same	
SPECIES_YANMEGA	Tackle	1	1	same	
SPECIES_YANMEGA	Foresight	1	1	same	
SPECIES_YANMEGA	Quick Attack	1	1	same	
SPECIES_YANMEGA	Double Team	1	1	same	
SPECIES_YANMEGA	Air Slash	54	1	moved	54 to 1: an exclusive delay, Kaizo gives it only to Yanma; new at 61: a move in the last splits, from its own level 1
SPECIES_YANMEGA	Quick Attack	6	6	same	
SPECIES_YANMEGA	Double Team	11	11	same	
SPECIES_YANMEGA	SonicBoom	14	14	same	
SPECIES_YANMEGA	Detect	17	17	same	
SPECIES_YANMEGA	Supersonic	22	22	same	
SPECIES_YANMEGA	Uproar	27	27	same	
SPECIES_YANMEGA	Pursuit	30	30	same	
SPECIES_YANMEGA	AncientPower	33	33	same	
SPECIES_YANMEGA	Feint	38	38	same	
SPECIES_YANMEGA	Wing Attack		42	added	new at 42: a key move after the evolution, from Yanma's 43; 43 to 42: the one-level rule
SPECIES_YANMEGA	Slash	43	43	same	
SPECIES_YANMEGA	Screech	46	46	same	
SPECIES_YANMEGA	U-turn	49	49	same	
SPECIES_YANMEGA	Bug Buzz	57	57	same	
SPECIES_YANMEGA	Air Slash	54	61	same	54 to 1: an exclusive delay, Kaizo gives it only to Yanma; new at 61: a move in the last splits, from its own level 1
SPECIES_YVELTAL	Gust	1	1	same	
SPECIES_YVELTAL	Taunt	1	1	same	
SPECIES_YVELTAL	Double Team	1	1	same	
SPECIES_YVELTAL	Roost	1	1	same	
SPECIES_YVELTAL	Hurricane	1	1	same	
SPECIES_YVELTAL	Taunt	5	5	same	
SPECIES_YVELTAL	Double Team	5	5	same	
SPECIES_YVELTAL	Snarl	13	13	same	
SPECIES_YVELTAL	Air Slash	23	23	same	
SPECIES_YVELTAL	Disable	24	24	same	
SPECIES_YVELTAL	Tailwind	25	25	same	
SPECIES_YVELTAL	Roost	30	30	same	
SPECIES_YVELTAL	Oblivion Wing	38	38	same	
SPECIES_YVELTAL	Dark Pulse	41	41	same	
SPECIES_YVELTAL	Sucker Punch	48	48	same	
SPECIES_YVELTAL	Psychic	51	51	same	
SPECIES_YVELTAL	Phantom Force	55	55	same	
SPECIES_YVELTAL	Foul Play	55	55	same	
SPECIES_YVELTAL	Dragon Rush	64	64	same	
SPECIES_YVELTAL	Hurricane	70	70	same	
SPECIES_YVELTAL	Focus Blast	73	73	same	
SPECIES_YVELTAL	Hyper Beam	86	86	same	
SPECIES_YVELTAL	Razor Wind	1		dropped	leaves: charges a turn in the open (Kaizo's lists keep no such move)
SPECIES_YVELTAL	Sky Attack	86		dropped	leaves: charges a turn in the open (Kaizo's lists keep no such move)
SPECIES_ZANGOOSE	Scratch	1	1	same	
SPECIES_ZANGOOSE	Leer	1	1	same	
SPECIES_ZANGOOSE	Quick Attack	5	5	same	
SPECIES_ZANGOOSE	Swords Dance	9	9	same	
SPECIES_ZANGOOSE	Slash	18	18	same	
SPECIES_ZANGOOSE	Pursuit	22	22	same	
SPECIES_ZANGOOSE	Embargo	27	27	same	
SPECIES_ZANGOOSE	Crush Claw	31	31	same	
SPECIES_ZANGOOSE	Taunt	35	35	same	
SPECIES_ZANGOOSE	Detect	40	40	same	
SPECIES_ZANGOOSE	False Swipe	44	44	same	
SPECIES_ZANGOOSE	X-Scissor	48	48	same	
SPECIES_ZANGOOSE	Close Combat	53	53	same	
SPECIES_ZANGOOSE	Fury Cutter	14		dropped	leaves: strength 38, under 40
SPECIES_ZAPDOS	Peck	1	1	same	
SPECIES_ZAPDOS	ThunderShock	1	1	same	
SPECIES_ZAPDOS	Thunder Wave	8	8	same	
SPECIES_ZAPDOS	Detect	15	15	same	
SPECIES_ZAPDOS	Pluck	22	22	same	
SPECIES_ZAPDOS	AncientPower	29	29	same	
SPECIES_ZAPDOS	Charge	36	36	same	
SPECIES_ZAPDOS	Agility	43	43	same	
SPECIES_ZAPDOS	Discharge	50	50	same	
SPECIES_ZAPDOS	Light Screen	64	64	same	
SPECIES_ZAPDOS	Roost	57	69	moved	57 to 69: Kaizo's Zapdos at 85, translated to 69
SPECIES_ZAPDOS	Drill Peck	71	71	same	
SPECIES_ZAPDOS	Thunder	78	78	same	
SPECIES_ZAPDOS	Rain Dance	85		dropped	leaves: weather, for a species the player can own
SPECIES_ZIGZAGOON	Tackle	1	1	same	
SPECIES_ZIGZAGOON	Growl	1	1	same	
SPECIES_ZIGZAGOON	Tail Whip	5	5	same	
SPECIES_ZIGZAGOON	Headbutt	9	9	same	
SPECIES_ZIGZAGOON	Sand-Attack	13	13	same	
SPECIES_ZIGZAGOON	Odor Sleuth	17	17	same	
SPECIES_ZIGZAGOON	Mud Sport	21	21	same	
SPECIES_ZIGZAGOON	Pin Missile	25	25	same	
SPECIES_ZIGZAGOON	Covet	29	29	same	
SPECIES_ZIGZAGOON	Flail	33	33	same	
SPECIES_ZIGZAGOON	Rest	37	37	same	
SPECIES_ZIGZAGOON	Belly Drum	41	41	same	
SPECIES_ZIGZAGOON	Fling	45	45	same	
SPECIES_ZUBAT	Leech Life	1	1	same	
SPECIES_ZUBAT	Supersonic	5	5	same	
SPECIES_ZUBAT	Acid		9	added	new at 9: keeps the first attack's level
SPECIES_ZUBAT	Bite	13	13	same	
SPECIES_ZUBAT	Wing Attack	17	17	same	
SPECIES_ZUBAT	Confuse Ray	21	21	same	
SPECIES_ZUBAT	Air Cutter	25	25	same	
SPECIES_ZUBAT	Mean Look	29	29	same	
SPECIES_ZUBAT	Poison Fang	33	33	same	
SPECIES_ZUBAT	Haze	37	37	same	
SPECIES_ZUBAT	Air Slash	41	41	same	
SPECIES_ZUBAT	Astonish	9		dropped	leaves: strength 30, under 40
SPECIES_ZYGARDE_10	Thousand Arrows	1	1	same	
SPECIES_ZYGARDE_10	Thousand Waves	1	1	same	
SPECIES_ZYGARDE_10	Core Enforcer	1	1	same	
SPECIES_ZYGARDE_10	Bulldoze	1	1	same	
SPECIES_ZYGARDE_10	DragonBreath	1	1	same	
SPECIES_ZYGARDE_10	Bite	1	1	same	
SPECIES_ZYGARDE_10	Glare	1	1	same	
SPECIES_ZYGARDE_10	Dig	13	13	same	
SPECIES_ZYGARDE_10	Safeguard	15	15	same	
SPECIES_ZYGARDE_10	Haze	24	24	same	
SPECIES_ZYGARDE_10	Land’s Wrath	37	37	same	
SPECIES_ZYGARDE_10	Crunch	40	40	same	
SPECIES_ZYGARDE_10	Dragon Pulse	50	50	same	
SPECIES_ZYGARDE_10	Sandstorm	50	50	same	
SPECIES_ZYGARDE_10	Glare	56	56	same	
SPECIES_ZYGARDE_10	Camouflage	59	59	same	
SPECIES_ZYGARDE_10	Earthquake	68	68	same	
SPECIES_ZYGARDE_10	Coil	72	72	same	
SPECIES_ZYGARDE_10	Outrage	84	84	same	
SPECIES_ZYGARDE_10	Bind	1		dropped	leaves: strength 13, under 40
SPECIES_ZYGARDE_50	Thousand Arrows	1	1	same	
SPECIES_ZYGARDE_50	Thousand Waves	1	1	same	
SPECIES_ZYGARDE_50	Core Enforcer	1	1	same	
SPECIES_ZYGARDE_50	Bulldoze	1	1	same	
SPECIES_ZYGARDE_50	DragonBreath	1	1	same	
SPECIES_ZYGARDE_50	Bite	1	1	same	
SPECIES_ZYGARDE_50	Glare	1	1	same	
SPECIES_ZYGARDE_50	Dig	13	13	same	
SPECIES_ZYGARDE_50	Safeguard	15	15	same	
SPECIES_ZYGARDE_50	Haze	24	24	same	
SPECIES_ZYGARDE_50	Land’s Wrath	37	37	same	
SPECIES_ZYGARDE_50	Crunch	40	40	same	
SPECIES_ZYGARDE_50	Dragon Pulse	50	50	same	
SPECIES_ZYGARDE_50	Sandstorm	50	50	same	
SPECIES_ZYGARDE_50	Glare	56	56	same	
SPECIES_ZYGARDE_50	Camouflage	59	59	same	
SPECIES_ZYGARDE_50	Earthquake	68	68	same	
SPECIES_ZYGARDE_50	Coil	72	72	same	
SPECIES_ZYGARDE_50	Outrage	84	84	same	
SPECIES_ZYGARDE_50	Bind	1		dropped	leaves: strength 13, under 40
