species	line	split	reading	offense	speed	phys_wall	spec_wall	status	offense_pct	speed_pct	phys_wall_pct	spec_wall_pct	status_pct	standing	all_round_pct	niche	passing	field
SPECIES_ABRA	SPECIES_ABRA	Roark	proposal	0.8578	1.0	0.675	1.0	0	0.884	0.848	0.187	0.717	0.278	0.583	0.712	offense,speed	yes	99
SPECIES_ABRA	SPECIES_ABRA	Roark	today	0.0	1.0	0.0	0.0	0	0.005	0.848	0.005	0.005	0.288	0.23	0.076	speed	yes	99
SPECIES_BARBOACH	SPECIES_BARBOACH	Roark	proposal	0.7775	0.9318	0.9667	0.8462	0	0.621	0.5	0.955	0.162	0.278	0.503	0.429	phys_wall		99
SPECIES_BARBOACH	SPECIES_BARBOACH	Roark	today	0.7775	0.9318	0.9667	0.8462	0	0.672	0.5	0.975	0.192	0.288	0.525	0.515	phys_wall		99
SPECIES_BEAUTIFLY	SPECIES_WURMPLE	Roark	proposal	0.8389	0.9773	0.6774	1.0	0	0.823	0.636	0.222	0.717	0.278	0.535	0.551	offense		99
SPECIES_BEAUTIFLY	SPECIES_WURMPLE	Roark	today	0.866	0.9773	0.6774	1.0	0	0.934	0.636	0.242	0.727	0.288	0.565	0.631	offense		99
SPECIES_BIBAREL	SPECIES_BIDOOF	Roark	proposal	0.8139	1.0	0.9143	0.8889	0	0.763	0.848	0.823	0.278	0.278	0.598	0.732	offense,speed,phys_wall		99
SPECIES_BIBAREL	SPECIES_BIDOOF	Roark	today	0.818	1.0	0.9143	0.8889	0	0.838	0.848	0.864	0.308	0.288	0.629	0.833	offense,speed,phys_wall,all_round		99
SPECIES_BIDOOF	SPECIES_BIDOOF	Roark	proposal	0.5236	0.6818	0.6452	1.0	0	0.086	0.152	0.136	0.717	0.278	0.274	0.086		yes	99
SPECIES_BIDOOF	SPECIES_BIDOOF	Roark	today	0.537	0.6818	0.6452	1.0	0	0.116	0.152	0.136	0.727	0.288	0.284	0.096		yes	99
SPECIES_BLIPBUG	SPECIES_BLIPBUG	Roark	proposal	0.4233	0.8864	0.3824	0.6	0	0.025	0.308	0.015	0.03	0.278	0.131	0.035		yes	99
SPECIES_BLIPBUG	SPECIES_BLIPBUG	Roark	today	0.4233	0.8864	0.3824	0.6	0	0.045	0.308	0.035	0.056	0.288	0.146	0.035		yes	99
SPECIES_BOUNSWEET	SPECIES_BOUNSWEET	Roark	proposal	0.5633	0.6818	0.7714	1.0	1	0.157	0.152	0.49	0.717	0.616	0.426	0.278		yes	99
SPECIES_BOUNSWEET	SPECIES_BOUNSWEET	Roark	today	0.5633	0.6818	0.7714	1.0	1	0.187	0.152	0.5	0.727	0.626	0.438	0.278		yes	99
SPECIES_BRAIXEN	SPECIES_FENNEKIN	Roark	proposal	0.822	1.0	0.8	1.0	3	0.813	0.848	0.52	0.717	0.864	0.752	0.985	offense,speed,status,all_round		99
SPECIES_BRAIXEN	SPECIES_FENNEKIN	Roark	today	0.822	1.0	0.8	1.0	3	0.874	0.848	0.53	0.727	0.854	0.767	0.985	offense,speed,status,all_round		99
SPECIES_BUDEW	SPECIES_BUDEW	Roark	proposal	0.5103	0.9091	0.5429	0.6667	2	0.076	0.394	0.056	0.045	0.727	0.26	0.076			99
SPECIES_BUDEW	SPECIES_BUDEW	Roark	today	0.5103	0.9091	0.5429	0.6667	2	0.096	0.394	0.056	0.066	0.727	0.268	0.086			99
SPECIES_BUIZEL	SPECIES_BUIZEL	Roark	proposal	0.7923	1.0	0.9143	0.8889	1	0.692	0.848	0.823	0.278	0.616	0.651	0.823	speed,phys_wall,all_round		99
SPECIES_BUIZEL	SPECIES_BUIZEL	Roark	today	0.7923	1.0	0.9143	0.8889	0	0.753	0.848	0.864	0.308	0.288	0.612	0.808	offense,speed,phys_wall,all_round		99
SPECIES_BUNEARY	SPECIES_BUNEARY	Roark	proposal	0.8536	1.0	0.8125	1.0	3	0.874	0.848	0.581	0.717	0.864	0.777	0.995	offense,speed,status,all_round		99
SPECIES_BUNEARY	SPECIES_BUNEARY	Roark	today	0.8512	1.0	0.8125	1.0	3	0.914	0.848	0.601	0.727	0.854	0.789	0.995	offense,speed,status,all_round		99
SPECIES_CASCOON	SPECIES_WURMPLE	Roark	proposal	0.5077	0.25	0.5484	0.6923	0	0.061	0.015	0.076	0.066	0.278	0.099	0.01		yes	99
SPECIES_CASCOON	SPECIES_WURMPLE	Roark	today	0.5077	0.25	0.5484	0.6923	0	0.081	0.015	0.076	0.086	0.288	0.109	0.01		yes	99
SPECIES_CHARMANDER	SPECIES_CHARMANDER	Roark	proposal	0.9821	0.9773	0.7429	1.0	0	0.985	0.636	0.409	0.717	0.278	0.605	0.753	offense,all_round	yes	99
SPECIES_CHARMANDER	SPECIES_CHARMANDER	Roark	today	0.9821	0.9773	0.7429	1.0	0	0.985	0.636	0.419	0.727	0.288	0.611	0.793	offense,all_round	yes	99
SPECIES_CHARMELEON	SPECIES_CHARMANDER	Roark	proposal	0.986	1.0	0.8286	1.0	0	0.995	0.848	0.636	0.717	0.278	0.695	0.904	offense,speed,all_round		99
SPECIES_CHARMELEON	SPECIES_CHARMANDER	Roark	today	0.986	1.0	0.8286	1.0	0	0.995	0.848	0.657	0.727	0.288	0.703	0.924	offense,speed,all_round		99
SPECIES_CHINCHOU	SPECIES_CHINCHOU	Roark	proposal	0.8743	0.9773	0.9412	0.8889	3	0.904	0.636	0.909	0.278	0.864	0.718	0.919	offense,phys_wall,status,all_round		99
SPECIES_CHINCHOU	SPECIES_CHINCHOU	Roark	today	0.6322	0.9773	0.8235	0.5556	3	0.288	0.636	0.621	0.04	0.854	0.488	0.369	status		99
SPECIES_CLODSIRE	SPECIES_WOOPER	Roark	proposal	0.9088	0.2727	1.0	0.9286	0	0.955	0.051	0.98	0.379	0.278	0.529	0.54	offense,phys_wall		99
SPECIES_CLODSIRE	SPECIES_WOOPER	Roark	today	0.9353	0.2727	1.0	1.0	0	0.975	0.051	0.99	0.727	0.288	0.606	0.783	offense,phys_wall,all_round		99
SPECIES_CORPHISH	SPECIES_CORPHISH	Roark	proposal	0.8218	0.7727	0.9	0.9286	0	0.803	0.217	0.793	0.379	0.278	0.494	0.399	offense,phys_wall		99
SPECIES_CORPHISH	SPECIES_CORPHISH	Roark	today	0.8218	0.7727	0.9	0.9286	0	0.864	0.217	0.823	0.404	0.288	0.519	0.465	offense,phys_wall		99
SPECIES_CORSOLA	SPECIES_CORSOLA	Roark	proposal	0.7539	0.7727	0.9643	0.875	3	0.551	0.217	0.934	0.197	0.864	0.553	0.611	phys_wall,status		99
SPECIES_CORSOLA	SPECIES_CORSOLA	Roark	today	0.7539	0.7727	0.9643	0.875	5	0.591	0.217	0.965	0.227	0.985	0.597	0.763	phys_wall,status,all_round		99
SPECIES_CORVISQUIRE	SPECIES_ROOKIDEE	Roark	proposal	0.7535	1.0	0.6774	1.0	0	0.54	0.848	0.222	0.717	0.278	0.521	0.51	speed		99
SPECIES_CORVISQUIRE	SPECIES_ROOKIDEE	Roark	today	0.7535	1.0	0.6774	1.0	0	0.581	0.848	0.242	0.727	0.288	0.537	0.551	speed		99
SPECIES_DOTTLER	SPECIES_BLIPBUG	Roark	proposal	0.7253	0.6818	0.8065	1.0	4	0.47	0.152	0.551	0.717	0.97	0.572	0.662	status		99
SPECIES_DOTTLER	SPECIES_BLIPBUG	Roark	today	0.7253	0.6818	0.8065	1.0	4	0.51	0.152	0.561	0.727	0.949	0.58	0.672	status		99
SPECIES_DUSTOX	SPECIES_WURMPLE	Roark	proposal	0.7554	0.9773	0.7742	1.0	0	0.561	0.636	0.5	0.717	0.278	0.538	0.571			99
SPECIES_DUSTOX	SPECIES_WURMPLE	Roark	today	0.7554	0.9773	0.7742	1.0	0	0.601	0.636	0.51	0.727	0.288	0.552	0.581			99
SPECIES_FENNEKIN	SPECIES_FENNEKIN	Roark	proposal	0.718	0.9318	0.7429	1.0	3	0.419	0.5	0.409	0.717	0.864	0.582	0.702	status	yes	99
SPECIES_FENNEKIN	SPECIES_FENNEKIN	Roark	today	0.718	0.9318	0.7429	1.0	3	0.47	0.5	0.419	0.727	0.854	0.594	0.753	status,all_round	yes	99
SPECIES_FINNEON	SPECIES_FINNEON	Roark	proposal	0.6309	0.9773	0.8	0.5556	2	0.258	0.636	0.52	0.015	0.727	0.431	0.298			99
SPECIES_FINNEON	SPECIES_FINNEON	Roark	today	0.6309	0.9773	0.8	0.5556	2	0.278	0.636	0.53	0.04	0.727	0.442	0.308			99
SPECIES_FLETCHINDER	SPECIES_FLETCHLING	Roark	proposal	0.7784	1.0	0.7143	1.0	0	0.631	0.848	0.359	0.717	0.278	0.567	0.646	speed		99
SPECIES_FLETCHINDER	SPECIES_FLETCHLING	Roark	today	0.7784	1.0	0.7143	1.0	0	0.682	0.848	0.369	0.727	0.288	0.583	0.702	speed		99
SPECIES_FLETCHLING	SPECIES_FLETCHLING	Roark	proposal	0.6973	0.9545	0.6774	1.0	0	0.359	0.556	0.222	0.717	0.278	0.426	0.278		yes	99
SPECIES_FLETCHLING	SPECIES_FLETCHLING	Roark	today	0.6973	0.9545	0.6774	1.0	0	0.399	0.556	0.242	0.727	0.288	0.442	0.308		yes	99
SPECIES_FROAKIE	SPECIES_FROAKIE	Roark	proposal	0.8586	1.0	0.8571	0.8889	0	0.894	0.848	0.702	0.278	0.278	0.6	0.742	offense,speed	yes	99
SPECIES_FROAKIE	SPECIES_FROAKIE	Roark	today	0.8586	1.0	0.8571	0.8889	0	0.924	0.848	0.722	0.308	0.288	0.618	0.823	offense,speed,all_round	yes	99
SPECIES_FROGADIER	SPECIES_FROAKIE	Roark	proposal	0.9024	1.0	0.9143	0.8889	0	0.944	0.848	0.823	0.278	0.278	0.634	0.793	offense,speed,phys_wall,all_round		99
SPECIES_FROGADIER	SPECIES_FROAKIE	Roark	today	0.9024	1.0	0.9143	0.8889	0	0.965	0.848	0.864	0.308	0.288	0.655	0.854	offense,speed,phys_wall,all_round		99
SPECIES_FURRET	SPECIES_SENTRET	Roark	proposal	0.8091	1.0	0.8966	1.0	1	0.732	0.848	0.783	0.717	0.616	0.739	0.965	speed,phys_wall,all_round		99
SPECIES_FURRET	SPECIES_SENTRET	Roark	today	0.8091	1.0	0.8966	1.0	1	0.793	0.848	0.813	0.727	0.626	0.761	0.975	offense,speed,phys_wall,all_round		99
SPECIES_GEODUDE	SPECIES_GEODUDE	Roark	proposal	0.7803	0.2727	0.8846	0.7059	3	0.652	0.051	0.753	0.086	0.864	0.481	0.359	phys_wall,status		99
SPECIES_GEODUDE	SPECIES_GEODUDE	Roark	today	0.7803	0.2727	0.8846	0.7059	3	0.707	0.051	0.763	0.116	0.854	0.498	0.399	phys_wall,status		99
SPECIES_GLAMEOW	SPECIES_GLAMEOW	Roark	proposal	0.554	1.0	0.6452	1.0	2	0.136	0.848	0.136	0.717	0.727	0.513	0.49	speed		99
SPECIES_GLAMEOW	SPECIES_GLAMEOW	Roark	today	0.554	1.0	0.6452	1.0	2	0.157	0.848	0.136	0.727	0.727	0.519	0.465	speed		99
SPECIES_GLIGAR	SPECIES_GLIGAR	Roark	proposal	0.7352	1.0	0.7692	0.9412	0	0.52	0.848	0.48	0.424	0.278	0.51	0.465	speed		99
SPECIES_GLIGAR	SPECIES_GLIGAR	Roark	today	0.7352	1.0	0.7692	0.9412	0	0.551	0.848	0.49	0.444	0.288	0.524	0.495	speed		99
SPECIES_GOLDEEN	SPECIES_GOLDEEN	Roark	proposal	0.6374	0.9545	0.7353	0.9	0	0.268	0.556	0.379	0.333	0.278	0.363	0.197			99
SPECIES_GOLDEEN	SPECIES_GOLDEEN	Roark	today	0.6374	0.9545	0.7353	0.9	0	0.303	0.556	0.389	0.364	0.288	0.38	0.217			99
SPECIES_GRUBBIN	SPECIES_GRUBBIN	Roark	proposal	0.7113	0.9091	0.7097	1.0	0	0.409	0.394	0.333	0.717	0.278	0.426	0.278			99
SPECIES_GRUBBIN	SPECIES_GRUBBIN	Roark	today	0.7113	0.9091	0.7097	1.0	0	0.46	0.394	0.343	0.727	0.288	0.442	0.308			99
SPECIES_HOUNDOUR	SPECIES_HOUNDOUR	Roark	proposal	0.7112	0.9773	0.6857	1.0	3	0.399	0.636	0.268	0.717	0.864	0.577	0.692	status		99
SPECIES_HOUNDOUR	SPECIES_HOUNDOUR	Roark	today	0.7112	0.9773	0.6857	1.0	3	0.449	0.636	0.288	0.727	0.854	0.591	0.742	status		99
SPECIES_KADABRA	SPECIES_ABRA	Roark	proposal	0.881	1.0	0.9189	1.0	0	0.914	0.848	0.864	0.717	0.278	0.724	0.934	offense,speed,phys_wall,all_round		99
SPECIES_KADABRA	SPECIES_ABRA	Roark	today	0.881	1.0	0.9189	1.0	0	0.955	0.848	0.899	0.727	0.288	0.743	0.965	offense,speed,phys_wall,all_round		99
SPECIES_KRABBY	SPECIES_KRABBY	Roark	proposal	0.8438	0.9091	0.8929	0.875	0	0.854	0.394	0.773	0.197	0.278	0.499	0.419	offense,phys_wall		99
SPECIES_KRABBY	SPECIES_KRABBY	Roark	today	0.8438	0.9091	0.8929	0.875	0	0.894	0.394	0.803	0.227	0.288	0.521	0.48	offense,phys_wall		99
SPECIES_KRICKETOT	SPECIES_KRICKETOT	Roark	proposal	0.4712	0.5	0.4194	0.6923	0	0.045	0.091	0.035	0.066	0.278	0.103	0.025		yes	99
SPECIES_KRICKETOT	SPECIES_KRICKETOT	Roark	today	0.4527	0.5	0.4194	0.6923	0	0.066	0.091	0.045	0.086	0.288	0.115	0.025		yes	99
SPECIES_KRICKETUNE	SPECIES_KRICKETOT	Roark	proposal	0.8038	1.0	0.871	1.0	0	0.722	0.848	0.727	0.717	0.278	0.658	0.838	speed,all_round		99
SPECIES_KRICKETUNE	SPECIES_KRICKETOT	Roark	today	0.8776	1.0	0.9032	1.0	0	0.944	0.848	0.838	0.727	0.288	0.729	0.944	offense,speed,phys_wall,all_round		99
SPECIES_LOMBRE	SPECIES_LOTAD	Roark	proposal	0.7237	0.9091	0.9189	1.0	2	0.46	0.394	0.864	0.717	0.727	0.632	0.783	phys_wall,all_round		99
SPECIES_LOMBRE	SPECIES_LOTAD	Roark	today	0.6374	0.9091	0.8919	1.0	2	0.303	0.394	0.793	0.727	0.727	0.589	0.732	phys_wall		99
SPECIES_LOTAD	SPECIES_LOTAD	Roark	proposal	0.5531	0.6818	0.5	1.0	2	0.126	0.152	0.045	0.717	0.727	0.353	0.157		yes	99
SPECIES_LOTAD	SPECIES_LOTAD	Roark	today	0.3426	0.6818	0.3056	0.5	2	0.025	0.152	0.015	0.025	0.727	0.189	0.056		yes	99
SPECIES_LUVDISC	SPECIES_LUVDISC	Roark	proposal	0.7025	1.0	0.8529	0.9	3	0.389	0.848	0.677	0.333	0.864	0.622	0.773	speed,status,all_round		99
SPECIES_LUVDISC	SPECIES_LUVDISC	Roark	today	0.7025	1.0	0.8529	0.9	3	0.439	0.848	0.697	0.364	0.854	0.64	0.843	speed,status,all_round		99
SPECIES_LUXIO	SPECIES_SHINX	Roark	proposal	0.7741	0.9318	0.75	1.0	0	0.601	0.5	0.455	0.717	0.278	0.51	0.465			99
SPECIES_LUXIO	SPECIES_SHINX	Roark	today	0.7741	0.9318	0.75	1.0	0	0.641	0.5	0.465	0.727	0.288	0.524	0.495			99
SPECIES_MACHOP	SPECIES_MACHOP	Roark	proposal	0.921	0.7727	0.9655	1.0	3	0.975	0.217	0.944	0.717	0.864	0.743	0.975	offense,phys_wall,status,all_round		99
SPECIES_MACHOP	SPECIES_MACHOP	Roark	today	0.7988	0.7727	0.931	1.0	3	0.773	0.217	0.934	0.727	0.854	0.701	0.914	offense,phys_wall,status,all_round		99
SPECIES_MAGBY	SPECIES_MAGBY	Roark	proposal	0.72	1.0	0.7143	1.0	0	0.429	0.848	0.359	0.717	0.278	0.526	0.53	speed		99
SPECIES_MAGBY	SPECIES_MAGBY	Roark	today	0.72	1.0	0.7143	1.0	0	0.48	0.848	0.369	0.727	0.288	0.542	0.561	speed		99
SPECIES_MAKUHITA	SPECIES_MAKUHITA	Roark	proposal	0.8215	0.5	0.9375	1.0	3	0.793	0.091	0.894	0.717	0.864	0.672	0.874	offense,phys_wall,status,all_round		99
SPECIES_MAKUHITA	SPECIES_MAKUHITA	Roark	today	0.8215	0.5	0.9375	1.0	3	0.854	0.091	0.944	0.727	0.854	0.694	0.904	offense,phys_wall,status,all_round		99
SPECIES_MARSHTOMP	SPECIES_MUDKIP	Roark	proposal	0.8152	0.9091	1.0	0.8462	0	0.773	0.394	0.98	0.162	0.278	0.517	0.5	offense,phys_wall		99
SPECIES_MARSHTOMP	SPECIES_MUDKIP	Roark	today	0.8152	0.9091	1.0	0.8462	0	0.813	0.394	0.99	0.192	0.288	0.535	0.54	offense,phys_wall		99
SPECIES_MINCCINO	SPECIES_MINCCINO	Roark	proposal	0.5958	1.0	0.6452	1.0	2	0.197	0.848	0.136	0.717	0.727	0.525	0.52	speed		99
SPECIES_MINCCINO	SPECIES_MINCCINO	Roark	today	0.5958	1.0	0.6452	1.0	2	0.217	0.848	0.136	0.727	0.727	0.531	0.53	speed		99
SPECIES_MUDKIP	SPECIES_MUDKIP	Roark	proposal	0.6821	0.8409	0.8286	0.7778	0	0.298	0.268	0.636	0.111	0.278	0.318	0.136		yes	99
SPECIES_MUDKIP	SPECIES_MUDKIP	Roark	today	0.6821	0.8409	0.8286	0.7778	0	0.338	0.268	0.657	0.141	0.288	0.338	0.157		yes	99
SPECIES_MURKROW	SPECIES_MURKROW	Roark	proposal	0.8861	1.0	0.6774	1.0	4	0.924	0.848	0.222	0.717	0.97	0.736	0.955	offense,speed,status,all_round		99
SPECIES_MURKROW	SPECIES_MURKROW	Roark	today	0.818	1.0	0.6774	1.0	4	0.838	0.848	0.242	0.727	0.949	0.721	0.934	offense,speed,status,all_round		99
SPECIES_NACLI	SPECIES_NACLI	Roark	proposal	0.7735	0.5	0.9286	0.9375	3	0.591	0.091	0.884	0.404	0.864	0.567	0.646	phys_wall,status		99
SPECIES_NACLI	SPECIES_NACLI	Roark	today	0.7735	0.5	0.9286	0.9375	3	0.631	0.091	0.924	0.424	0.854	0.585	0.722	phys_wall,status		99
SPECIES_NIDORAN_F	SPECIES_NIDORAN_F	Roark	proposal	0.6212	0.8409	0.8065	1.0	0	0.227	0.268	0.551	0.717	0.278	0.408	0.258		yes	99
SPECIES_NIDORAN_F	SPECIES_NIDORAN_F	Roark	today	0.6212	0.8409	0.8065	1.0	0	0.247	0.268	0.561	0.727	0.288	0.418	0.268		yes	99
SPECIES_NIDORAN_M	SPECIES_NIDORAN_M	Roark	proposal	0.6929	0.9091	0.8065	1.0	3	0.338	0.394	0.551	0.717	0.864	0.573	0.672	status	yes	99
SPECIES_NIDORAN_M	SPECIES_NIDORAN_M	Roark	today	0.6929	0.9091	0.8065	1.0	3	0.379	0.394	0.561	0.727	0.854	0.583	0.702	status	yes	99
SPECIES_NIDORINA	SPECIES_NIDORAN_F	Roark	proposal	0.7016	0.9091	0.871	1.0	0	0.374	0.394	0.727	0.717	0.278	0.498	0.409			99
SPECIES_NIDORINA	SPECIES_NIDORAN_F	Roark	today	0.7016	0.9091	0.871	1.0	0	0.424	0.394	0.742	0.727	0.288	0.515	0.449			99
SPECIES_NIDORINO	SPECIES_NIDORAN_M	Roark	proposal	0.7563	0.9773	0.9032	1.0	3	0.571	0.636	0.803	0.717	0.864	0.718	0.919	phys_wall,status,all_round		99
SPECIES_NIDORINO	SPECIES_NIDORAN_M	Roark	today	0.7563	0.9773	0.9032	1.0	3	0.611	0.636	0.838	0.727	0.854	0.733	0.955	phys_wall,status,all_round		99
SPECIES_NOSEPASS	SPECIES_NOSEPASS	Roark	proposal	0.6813	0.6818	0.6786	0.9375	0	0.288	0.152	0.258	0.404	0.278	0.276	0.096			99
SPECIES_NOSEPASS	SPECIES_NOSEPASS	Roark	today	0.6813	0.6818	0.6786	0.9375	0	0.328	0.152	0.278	0.424	0.288	0.294	0.126			99
SPECIES_NUZLEAF	SPECIES_SEEDOT	Roark	proposal	0.4399	0.9318	0.5714	0.8889	1	0.035	0.5	0.096	0.278	0.616	0.305	0.126			99
SPECIES_NUZLEAF	SPECIES_SEEDOT	Roark	today	0.4399	0.9318	0.5714	0.8889	1	0.056	0.5	0.096	0.308	0.626	0.317	0.136			99
SPECIES_ONIX	SPECIES_ONIX	Roark	proposal	0.8952	1.0	1.0	0.8125	0	0.934	0.848	0.98	0.146	0.278	0.637	0.803	offense,speed,phys_wall,all_round		99
SPECIES_ONIX	SPECIES_ONIX	Roark	today	0.7803	1.0	0.8889	0.8125	0	0.707	0.848	0.783	0.177	0.288	0.561	0.601	speed,phys_wall		99
SPECIES_PACHIRISU	SPECIES_PACHIRISU	Roark	proposal	0.7884	1.0	0.7667	1.0	1	0.672	0.848	0.47	0.717	0.616	0.665	0.864	speed,all_round		99
SPECIES_PACHIRISU	SPECIES_PACHIRISU	Roark	today	0.7884	1.0	0.7667	1.0	1	0.732	0.848	0.48	0.727	0.626	0.683	0.884	speed,all_round		99
SPECIES_PAWMI	SPECIES_PAWMI	Roark	proposal	0.548	0.9318	0.5938	1.0	0	0.116	0.5	0.106	0.717	0.278	0.343	0.146			99
SPECIES_PAWMI	SPECIES_PAWMI	Roark	today	0.548	0.9318	0.5938	1.0	0	0.146	0.5	0.106	0.727	0.288	0.353	0.167			99
SPECIES_PHANPY	SPECIES_PHANPY	Roark	proposal	0.8391	0.8409	0.9615	0.9412	1	0.833	0.268	0.924	0.424	0.616	0.613	0.763	offense,phys_wall,all_round		99
SPECIES_PHANPY	SPECIES_PHANPY	Roark	today	0.7418	0.8409	0.8077	0.9412	1	0.566	0.268	0.581	0.444	0.626	0.497	0.389			99
SPECIES_PIKIPEK	SPECIES_PIKIPEK	Roark	proposal	0.813	0.9773	0.6875	1.0	0	0.753	0.636	0.298	0.717	0.278	0.536	0.561	offense	yes	99
SPECIES_PIKIPEK	SPECIES_PIKIPEK	Roark	today	0.813	0.9773	0.6875	1.0	0	0.803	0.636	0.313	0.727	0.288	0.553	0.591	offense	yes	99
SPECIES_PIPLUP	SPECIES_PIPLUP	Roark	proposal	0.6944	0.8409	0.8286	0.8889	0	0.348	0.268	0.636	0.278	0.278	0.362	0.187		yes	99
SPECIES_PIPLUP	SPECIES_PIPLUP	Roark	today	0.6944	0.8409	0.8286	0.8889	0	0.389	0.268	0.657	0.308	0.288	0.382	0.227		yes	99
SPECIES_POLIWAG	SPECIES_POLIWAG	Roark	proposal	0.6257	1.0	0.8	0.7778	2	0.237	0.848	0.52	0.111	0.727	0.489	0.384	speed		99
SPECIES_POLIWAG	SPECIES_POLIWAG	Roark	today	0.6257	1.0	0.8	0.7778	2	0.258	0.848	0.53	0.141	0.727	0.501	0.409	speed		99
SPECIES_PONYTA	SPECIES_PONYTA	Roark	proposal	0.7322	1.0	0.7429	1.0	0	0.51	0.848	0.409	0.717	0.278	0.552	0.591	speed		99
SPECIES_PONYTA	SPECIES_PONYTA	Roark	today	0.7322	1.0	0.7429	1.0	0	0.54	0.848	0.419	0.727	0.288	0.564	0.616	speed		99
SPECIES_POOCHYENA	SPECIES_POOCHYENA	Roark	proposal	0.7232	0.7727	0.7097	1.0	2	0.449	0.217	0.333	0.717	0.727	0.489	0.384			99
SPECIES_POOCHYENA	SPECIES_POOCHYENA	Roark	today	0.7232	0.7727	0.7097	1.0	2	0.5	0.217	0.343	0.727	0.727	0.503	0.419			99
SPECIES_PRINPLUP	SPECIES_PIPLUP	Roark	proposal	0.7964	0.9091	0.9189	0.8571	0	0.702	0.394	0.864	0.177	0.278	0.483	0.369	phys_wall		99
SPECIES_PRINPLUP	SPECIES_PIPLUP	Roark	today	0.7964	0.9091	0.9189	0.8571	0	0.763	0.394	0.899	0.207	0.288	0.51	0.429	offense,phys_wall		99
SPECIES_PSYDUCK	SPECIES_PSYDUCK	Roark	proposal	0.6881	0.9091	0.8286	0.7778	3	0.328	0.394	0.636	0.111	0.864	0.467	0.338	status		99
SPECIES_PSYDUCK	SPECIES_PSYDUCK	Roark	today	0.6881	0.9091	0.8286	0.7778	3	0.369	0.394	0.657	0.141	0.854	0.483	0.354	status		99
SPECIES_PURRLOIN	SPECIES_PURRLOIN	Roark	proposal	0.5447	0.9773	0.6129	1.0	4	0.106	0.636	0.116	0.717	0.97	0.509	0.449	status		99
SPECIES_PURRLOIN	SPECIES_PURRLOIN	Roark	today	0.5447	0.9773	0.6129	1.0	4	0.126	0.636	0.116	0.727	0.949	0.511	0.439	status		99
SPECIES_RABOOT	SPECIES_SCORBUNNY	Roark	proposal	0.79	1.0	0.8857	1.0	0	0.682	0.848	0.763	0.717	0.278	0.658	0.838	speed,phys_wall,all_round		99
SPECIES_RABOOT	SPECIES_SCORBUNNY	Roark	today	0.79	1.0	0.8857	1.0	0	0.742	0.848	0.773	0.727	0.288	0.676	0.864	speed,phys_wall,all_round		99
SPECIES_REMORAID	SPECIES_REMORAID	Roark	proposal	0.8508	0.9773	0.8571	0.8889	0	0.864	0.636	0.702	0.278	0.278	0.552	0.591	offense		99
SPECIES_REMORAID	SPECIES_REMORAID	Roark	today	0.8508	0.9773	0.8571	0.8889	0	0.904	0.636	0.722	0.308	0.288	0.572	0.652	offense		99
SPECIES_RHYHORN	SPECIES_RHYHORN	Roark	proposal	0.9206	0.5	1.0	0.8824	0	0.965	0.091	0.98	0.222	0.278	0.507	0.439	offense,phys_wall		99
SPECIES_RHYHORN	SPECIES_RHYHORN	Roark	today	0.7748	0.5	0.9231	0.8824	0	0.652	0.091	0.914	0.253	0.288	0.44	0.288	phys_wall		99
SPECIES_ROOKIDEE	SPECIES_ROOKIDEE	Roark	proposal	0.6871	0.9091	0.6875	1.0	0	0.318	0.394	0.298	0.717	0.278	0.401	0.247		yes	99
SPECIES_ROOKIDEE	SPECIES_ROOKIDEE	Roark	today	0.6871	0.9091	0.6875	1.0	0	0.359	0.394	0.313	0.727	0.288	0.416	0.253		yes	99
SPECIES_SCORBUNNY	SPECIES_SCORBUNNY	Roark	proposal	0.7418	1.0	0.7429	1.0	0	0.53	0.848	0.409	0.717	0.278	0.556	0.621	speed	yes	99
SPECIES_SCORBUNNY	SPECIES_SCORBUNNY	Roark	today	0.7418	1.0	0.7429	1.0	0	0.566	0.848	0.419	0.727	0.288	0.57	0.641	speed	yes	99
SPECIES_SEEDOT	SPECIES_SEEDOT	Roark	proposal	0.3254	0.6818	0.3636	0.4545	1	0.015	0.152	0.005	0.005	0.616	0.159	0.045		yes	99
SPECIES_SEEDOT	SPECIES_SEEDOT	Roark	today	0.3254	0.6818	0.3636	0.4545	1	0.015	0.152	0.025	0.015	0.626	0.167	0.045		yes	99
SPECIES_SENTRET	SPECIES_SENTRET	Roark	proposal	0.6304	0.2727	0.6667	1.0	1	0.247	0.051	0.167	0.717	0.616	0.36	0.177		yes	99
SPECIES_SENTRET	SPECIES_SENTRET	Roark	today	0.6304	0.2727	0.6667	1.0	1	0.268	0.051	0.187	0.727	0.626	0.372	0.187		yes	99
SPECIES_SERVINE	SPECIES_SNIVY	Roark	proposal	0.6115	1.0	0.8571	1.0	0	0.217	0.848	0.702	0.717	0.278	0.552	0.591	speed		99
SPECIES_SERVINE	SPECIES_SNIVY	Roark	today	0.6115	1.0	0.8571	1.0	0	0.237	0.848	0.722	0.727	0.288	0.564	0.616	speed		99
SPECIES_SEWADDLE	SPECIES_SEWADDLE	Roark	proposal	0.721	0.8409	0.6667	0.9091	0	0.439	0.268	0.167	0.348	0.278	0.3	0.116			99
SPECIES_SEWADDLE	SPECIES_SEWADDLE	Roark	today	0.721	0.8409	0.6667	0.9091	0	0.49	0.268	0.187	0.379	0.288	0.322	0.146			99
SPECIES_SHINX	SPECIES_SHINX	Roark	proposal	0.7765	0.8864	0.75	1.0	0	0.611	0.308	0.455	0.717	0.278	0.474	0.348		yes	99
SPECIES_SHINX	SPECIES_SHINX	Roark	today	0.7765	0.8864	0.75	1.0	0	0.662	0.308	0.465	0.727	0.288	0.49	0.379		yes	99
SPECIES_SHROOMISH	SPECIES_SHROOMISH	Roark	proposal	0.3157	0.7727	0.4118	0.6	4	0.005	0.217	0.025	0.03	0.97	0.249	0.066	status		99
SPECIES_SHROOMISH	SPECIES_SHROOMISH	Roark	today	0.4188	0.7727	0.6471	0.7	4	0.035	0.217	0.157	0.106	0.949	0.293	0.116	status		99
SPECIES_SILCOON	SPECIES_WURMPLE	Roark	proposal	0.5077	0.25	0.5484	0.6923	0	0.061	0.015	0.076	0.066	0.278	0.099	0.01		yes	99
SPECIES_SILCOON	SPECIES_WURMPLE	Roark	today	0.5077	0.25	0.5484	0.6923	0	0.081	0.015	0.076	0.086	0.288	0.109	0.01		yes	99
SPECIES_SKITTY	SPECIES_SKITTY	Roark	proposal	0.5792	0.9091	0.6667	0.9286	2	0.177	0.394	0.167	0.379	0.727	0.369	0.207			99
SPECIES_SKITTY	SPECIES_SKITTY	Roark	today	0.5631	0.9091	0.6667	0.9286	2	0.177	0.394	0.187	0.404	0.727	0.378	0.207			99
SPECIES_SMOLIV	SPECIES_SMOLIV	Roark	proposal	0.6029	0.6818	0.8286	1.0	0	0.207	0.152	0.636	0.717	0.278	0.398	0.232			99
SPECIES_SMOLIV	SPECIES_SMOLIV	Roark	today	0.6035	0.6818	0.8286	1.0	0	0.227	0.152	0.657	0.727	0.288	0.41	0.237			99
SPECIES_SNIVY	SPECIES_SNIVY	Roark	proposal	0.528	0.9545	0.7143	0.7778	0	0.096	0.556	0.359	0.111	0.278	0.28	0.106		yes	99
SPECIES_SNIVY	SPECIES_SNIVY	Roark	today	0.528	0.9545	0.7143	0.7778	0	0.106	0.556	0.369	0.141	0.288	0.292	0.106		yes	99
SPECIES_SQUIRTLE	SPECIES_SQUIRTLE	Roark	proposal	0.7016	0.8864	0.8529	0.8	0	0.374	0.308	0.677	0.136	0.278	0.355	0.167		yes	99
SPECIES_SQUIRTLE	SPECIES_SQUIRTLE	Roark	today	0.7016	0.8864	0.8529	0.8	0	0.424	0.308	0.697	0.167	0.288	0.377	0.197		yes	99
SPECIES_STARAVIA	SPECIES_STARLY	Roark	proposal	0.7836	1.0	0.6774	1.0	3	0.662	0.848	0.222	0.717	0.864	0.663	0.854	speed,status,all_round		99
SPECIES_STARAVIA	SPECIES_STARLY	Roark	today	0.7836	1.0	0.6774	1.0	3	0.722	0.848	0.242	0.727	0.854	0.679	0.874	speed,status,all_round		99
SPECIES_STARLY	SPECIES_STARLY	Roark	proposal	0.7288	0.9318	0.6875	1.0	3	0.49	0.5	0.298	0.717	0.864	0.574	0.682	status	yes	99
SPECIES_STARLY	SPECIES_STARLY	Roark	today	0.7288	0.9318	0.6875	1.0	3	0.52	0.5	0.313	0.727	0.854	0.583	0.702	status	yes	99
SPECIES_STEENEE	SPECIES_BOUNSWEET	Roark	proposal	0.6418	0.9545	0.8286	1.0	1	0.278	0.556	0.636	0.717	0.616	0.561	0.631			99
SPECIES_STEENEE	SPECIES_BOUNSWEET	Roark	today	0.6418	0.9545	0.8286	1.0	1	0.318	0.556	0.657	0.727	0.626	0.577	0.662			99
SPECIES_SURSKIT	SPECIES_SURSKIT	Roark	proposal	0.7996	0.9773	0.8108	1.0	1	0.712	0.636	0.571	0.717	0.616	0.65	0.813	all_round		99
SPECIES_SURSKIT	SPECIES_SURSKIT	Roark	today	0.7996	0.9773	0.8108	1.0	0	0.783	0.636	0.591	0.727	0.288	0.605	0.773	offense,all_round		99
SPECIES_TENTACOOL	SPECIES_TENTACOOL	Roark	proposal	0.7259	1.0	0.825	1.0	5	0.48	0.848	0.601	0.717	0.995	0.728	0.944	speed,status,all_round		99
SPECIES_TENTACOOL	SPECIES_TENTACOOL	Roark	today	0.5455	1.0	0.675	1.0	5	0.136	0.848	0.207	0.727	0.985	0.581	0.682	speed,status		99
SPECIES_TRUMBEAK	SPECIES_PIKIPEK	Roark	proposal	0.8394	1.0	0.6875	1.0	0	0.843	0.848	0.298	0.717	0.278	0.597	0.722	offense,speed		99
SPECIES_TRUMBEAK	SPECIES_PIKIPEK	Roark	today	0.8394	1.0	0.6875	1.0	0	0.884	0.848	0.313	0.727	0.288	0.612	0.808	offense,speed,all_round		99
SPECIES_TURTWIG	SPECIES_TURTWIG	Roark	proposal	0.6838	0.6818	0.8824	1.0	0	0.308	0.152	0.742	0.717	0.278	0.439	0.308			99
SPECIES_TURTWIG	SPECIES_TURTWIG	Roark	today	0.6838	0.6818	0.8824	1.0	0	0.348	0.152	0.753	0.727	0.288	0.454	0.328	phys_wall		99
SPECIES_VULLABY	SPECIES_VULLABY	Roark	proposal	0.7294	0.9318	0.6774	1.0	1	0.5	0.5	0.222	0.717	0.616	0.511	0.48			99
SPECIES_VULLABY	SPECIES_VULLABY	Roark	today	0.7294	0.9318	0.6774	1.0	1	0.53	0.5	0.242	0.727	0.626	0.525	0.515			99
SPECIES_VULPIX	SPECIES_VULPIX	Roark	proposal	0.8102	0.9773	0.7429	1.0	3	0.742	0.636	0.409	0.717	0.864	0.674	0.889	status,all_round		99
SPECIES_VULPIX	SPECIES_VULPIX	Roark	today	0.698	0.9773	0.7429	0.8889	5	0.409	0.636	0.419	0.308	0.985	0.551	0.571	status		99
SPECIES_WARTORTLE	SPECIES_SQUIRTLE	Roark	proposal	0.7606	0.9091	0.9167	0.875	0	0.581	0.394	0.843	0.197	0.278	0.459	0.328	phys_wall		99
SPECIES_WARTORTLE	SPECIES_SQUIRTLE	Roark	today	0.7606	0.9091	0.9167	0.875	0	0.621	0.394	0.884	0.227	0.288	0.483	0.354	phys_wall		99
SPECIES_WINGULL	SPECIES_WINGULL	Roark	proposal	0.7799	1.0	0.7436	1.0	2	0.641	0.848	0.439	0.717	0.727	0.674	0.889	speed,all_round		99
SPECIES_WINGULL	SPECIES_WINGULL	Roark	today	0.7799	1.0	0.7436	1.0	2	0.692	0.848	0.449	0.727	0.727	0.689	0.894	speed,all_round		99
SPECIES_WOOLOO	SPECIES_WOOLOO	Roark	proposal	0.57	0.9091	0.8148	0.8824	1	0.167	0.394	0.591	0.222	0.616	0.398	0.232			99
SPECIES_WOOLOO	SPECIES_WOOLOO	Roark	today	0.57	0.9091	0.8148	0.8824	1	0.197	0.394	0.611	0.253	0.626	0.416	0.253			99
SPECIES_WOOPER	SPECIES_WOOPER	Roark	proposal	0.8172	0.25	0.9412	0.8889	0	0.783	0.015	0.909	0.278	0.278	0.453	0.318	offense,phys_wall	yes	99
SPECIES_WOOPER	SPECIES_WOOPER	Roark	today	0.8172	0.25	0.9412	0.8889	0	0.823	0.015	0.955	0.308	0.288	0.478	0.338	offense,phys_wall	yes	99
SPECIES_WURMPLE	SPECIES_WURMPLE	Roark	proposal	0.5607	0.2727	0.5484	0.9231	0	0.146	0.051	0.076	0.359	0.278	0.182	0.056		yes	99
SPECIES_WURMPLE	SPECIES_WURMPLE	Roark	today	0.5607	0.2727	0.5484	0.9231	0	0.167	0.051	0.076	0.389	0.288	0.194	0.066		yes	99
SPECIES_ZUBAT	SPECIES_ZUBAT	Roark	proposal	0.5908	0.9091	0.6875	1.0	0	0.187	0.394	0.298	0.717	0.278	0.375	0.217			99
SPECIES_ZUBAT	SPECIES_ZUBAT	Roark	today	0.5876	0.9091	0.6562	1.0	0	0.207	0.394	0.167	0.727	0.288	0.357	0.177			99
SPECIES_AERODACTYL	SPECIES_AERODACTYL	Gardenia	proposal	0.9475	1.0	0.95	0.9286	6	0.971	0.971	0.932	0.879	0.913	0.933	0.997	offense,speed,phys_wall,spec_wall,status,all_round		190
SPECIES_AERODACTYL	SPECIES_AERODACTYL	Gardenia	today	0.8934	1.0	0.925	0.9286	6	0.787	0.971	0.879	0.871	0.908	0.883	0.992	offense,speed,phys_wall,spec_wall,status,all_round		190
SPECIES_AIPOM	SPECIES_AIPOM	Gardenia	proposal	0.8519	0.96	0.881	0.88	6	0.692	0.837	0.516	0.745	0.913	0.741	0.861	speed,status,all_round		190
SPECIES_AIPOM	SPECIES_AIPOM	Gardenia	today	0.8521	0.96	0.881	0.88	6	0.671	0.837	0.547	0.745	0.908	0.742	0.871	speed,status,all_round		190
SPECIES_ALOLAN_NINETALES	SPECIES_VULPIX	Gardenia	proposal	0.938	1.0	0.9	0.9259	5	0.95	0.971	0.663	0.871	0.763	0.844	0.971	offense,speed,spec_wall,status,all_round		190
SPECIES_ALOLAN_NINETALES	SPECIES_VULPIX	Gardenia	today	0.8923	1.0	0.9	0.9259	5	0.776	0.971	0.692	0.866	0.758	0.813	0.95	offense,speed,spec_wall,status,all_round		190
SPECIES_ANORITH	SPECIES_ANORITH	Gardenia	proposal	0.8429	0.92	0.925	0.8571	4	0.655	0.739	0.861	0.65	0.605	0.702	0.797	phys_wall,all_round		190
SPECIES_ANORITH	SPECIES_ANORITH	Gardenia	today	0.8429	0.92	0.925	0.8571	4	0.655	0.739	0.879	0.642	0.608	0.705	0.795	phys_wall,all_round		190
SPECIES_ARAQUANID	SPECIES_DEWPIDER	Gardenia	proposal	0.8948	0.7467	0.9545	0.9565	1	0.829	0.279	0.958	0.942	0.2	0.642	0.721	offense,phys_wall,spec_wall		190
SPECIES_ARAQUANID	SPECIES_DEWPIDER	Gardenia	today	0.8948	0.7467	0.9545	0.9565	1	0.797	0.279	0.963	0.932	0.208	0.636	0.724	offense,phys_wall,spec_wall		190
SPECIES_AZUMARILL	SPECIES_AZURILL	Gardenia	proposal	0.7265	0.8133	0.9524	0.8077	1	0.313	0.389	0.945	0.421	0.2	0.454	0.434	phys_wall		190
SPECIES_AZUMARILL	SPECIES_AZURILL	Gardenia	today	0.7641	0.8133	0.9524	0.8077	1	0.445	0.389	0.95	0.466	0.208	0.492	0.476	phys_wall		190
SPECIES_BRELOOM	SPECIES_SHROOMISH	Gardenia	proposal	0.9532	0.8933	0.9048	0.9167	4	0.992	0.642	0.713	0.858	0.605	0.762	0.882	offense,spec_wall,all_round		190
SPECIES_BRELOOM	SPECIES_SHROOMISH	Gardenia	today	0.9532	0.8933	0.9048	0.9167	4	0.992	0.642	0.729	0.839	0.608	0.762	0.903	offense,spec_wall,all_round		190
SPECIES_BRIONNE	SPECIES_POPPLIO	Gardenia	proposal	0.764	0.8133	0.907	0.84	6	0.403	0.389	0.747	0.571	0.913	0.605	0.676	status		190
SPECIES_BRIONNE	SPECIES_POPPLIO	Gardenia	today	0.764	0.8133	0.907	0.84	6	0.439	0.389	0.763	0.584	0.908	0.617	0.684	phys_wall,status		190
SPECIES_BRONZOR	SPECIES_BRONZOR	Gardenia	proposal	0.6513	0.32	0.8571	0.76	5	0.171	0.05	0.426	0.3	0.763	0.342	0.216	status		190
SPECIES_BRONZOR	SPECIES_BRONZOR	Gardenia	today	0.618	0.32	0.8333	0.72	5	0.161	0.05	0.339	0.279	0.758	0.317	0.192	status		190
SPECIES_BURMY	SPECIES_BURMY	Gardenia	proposal	0.523	0.6267	0.7045	0.5217	4	0.029	0.187	0.097	0.034	0.605	0.19	0.066		yes	190
SPECIES_BURMY	SPECIES_BURMY	Gardenia	today	0.4977	0.6267	0.6364	0.5217	4	0.034	0.187	0.087	0.05	0.608	0.193	0.068		yes	190
SPECIES_CARBINK	SPECIES_CARBINK	Gardenia	proposal	0.6875	0.8133	0.8947	0.7333	4	0.229	0.389	0.632	0.258	0.605	0.423	0.376			190
SPECIES_CARBINK	SPECIES_CARBINK	Gardenia	today	0.6875	0.8133	0.8947	0.7333	4	0.276	0.389	0.668	0.316	0.608	0.451	0.434			190
SPECIES_CARVANHA	SPECIES_CARVANHA	Gardenia	proposal	0.8872	0.8933	0.6222	0.5455	6	0.803	0.642	0.047	0.055	0.913	0.492	0.508	offense,status		190
SPECIES_CARVANHA	SPECIES_CARVANHA	Gardenia	today	0.9284	0.8933	0.6222	0.5455	6	0.913	0.642	0.082	0.079	0.908	0.525	0.537	offense,status		190
SPECIES_CHARJABUG	SPECIES_GRUBBIN	Gardenia	proposal	0.8844	0.6267	0.9	0.9615	5	0.787	0.187	0.663	0.982	0.763	0.676	0.766	offense,spec_wall,status,all_round		190
SPECIES_CHARJABUG	SPECIES_GRUBBIN	Gardenia	today	0.8844	0.6267	0.9	0.9615	5	0.745	0.187	0.692	0.976	0.758	0.672	0.766	spec_wall,status,all_round		190
SPECIES_CHERRIM	SPECIES_CHERUBI	Gardenia	proposal	0.8291	0.96	0.9111	0.8636	4	0.608	0.837	0.792	0.671	0.605	0.703	0.805	speed,phys_wall,all_round		190
SPECIES_CHERRIM	SPECIES_CHERUBI	Gardenia	today	0.8247	0.96	0.9111	0.8636	4	0.624	0.837	0.813	0.668	0.608	0.71	0.811	speed,phys_wall,all_round		190
SPECIES_CHERUBI	SPECIES_CHERUBI	Gardenia	proposal	0.6226	0.6267	0.6222	0.6818	4	0.129	0.187	0.047	0.171	0.605	0.228	0.103		yes	190
SPECIES_CHERUBI	SPECIES_CHERUBI	Gardenia	today	0.5968	0.6267	0.6	0.6818	4	0.129	0.187	0.061	0.218	0.608	0.241	0.116		yes	190
SPECIES_CHIMECHO	SPECIES_CHINGLING	Gardenia	proposal	0.8839	0.92	0.8864	0.8696	6	0.776	0.739	0.576	0.695	0.913	0.74	0.855	offense,status,all_round		190
SPECIES_CHIMECHO	SPECIES_CHINGLING	Gardenia	today	0.8807	0.92	0.8864	0.8261	6	0.734	0.739	0.603	0.539	0.908	0.705	0.795	status,all_round		190
SPECIES_CHINGLING	SPECIES_CHINGLING	Gardenia	proposal	0.773	0.7733	0.8261	0.8095	6	0.439	0.321	0.282	0.45	0.913	0.481	0.484	status	yes	190
SPECIES_CHINGLING	SPECIES_CHINGLING	Gardenia	today	0.7708	0.7733	0.8261	0.8095	6	0.468	0.321	0.318	0.489	0.908	0.501	0.497	status	yes	190
SPECIES_CLAMPERL	SPECIES_CLAMPERL	Gardenia	proposal	0.543	0.5467	0.7436	0.4483	4	0.05	0.126	0.132	0.029	0.605	0.188	0.061		yes	190
SPECIES_CLAMPERL	SPECIES_CLAMPERL	Gardenia	today	0.5496	0.5467	0.7436	0.4483	4	0.103	0.126	0.174	0.039	0.608	0.21	0.087		yes	190
SPECIES_CLEFABLE	SPECIES_CLEFFA	Gardenia	proposal	0.7732	0.8933	0.8974	0.8929	5	0.445	0.642	0.645	0.8	0.763	0.659	0.739	spec_wall,status		190
SPECIES_CLEFABLE	SPECIES_CLEFFA	Gardenia	today	0.6388	0.8933	0.8462	0.8214	6	0.192	0.642	0.429	0.521	0.908	0.538	0.576	status		190
SPECIES_CLEFAIRY	SPECIES_CLEFFA	Gardenia	proposal	0.6476	0.6267	0.8095	0.76	5	0.161	0.187	0.224	0.3	0.763	0.327	0.187	status	yes	190
SPECIES_CLEFAIRY	SPECIES_CLEFFA	Gardenia	today	0.5232	0.6267	0.6429	0.64	6	0.05	0.187	0.092	0.168	0.908	0.281	0.161	status	yes	190
SPECIES_COMBEE	SPECIES_COMBEE	Gardenia	proposal	0.7306	0.8933	0.75	0.8636	0	0.318	0.642	0.142	0.671	0.053	0.365	0.268		yes	190
SPECIES_COMBEE	SPECIES_COMBEE	Gardenia	today	0.7207	0.8933	0.75	0.8636	0	0.345	0.642	0.182	0.668	0.055	0.378	0.287		yes	190
SPECIES_COMBUSKEN	SPECIES_TORCHIC	Gardenia	proposal	0.8936	0.8533	0.8947	0.9655	3	0.818	0.471	0.632	0.992	0.434	0.669	0.753	offense,spec_wall,all_round		190
SPECIES_COMBUSKEN	SPECIES_TORCHIC	Gardenia	today	0.8585	0.8533	0.8947	0.931	3	0.692	0.471	0.668	0.876	0.442	0.63	0.718	spec_wall		190
SPECIES_DARTRIX	SPECIES_ROWLET	Gardenia	proposal	0.8993	0.8267	0.9091	0.9091	4	0.85	0.442	0.776	0.842	0.605	0.703	0.805	offense,phys_wall,spec_wall,all_round		190
SPECIES_DARTRIX	SPECIES_ROWLET	Gardenia	today	0.8993	0.8267	0.9091	0.9091	4	0.829	0.442	0.795	0.821	0.608	0.699	0.782	offense,phys_wall,spec_wall,all_round		190
SPECIES_DELCATTY	SPECIES_SKITTY	Gardenia	proposal	0.802	1.0	0.9024	0.8462	5	0.539	0.971	0.684	0.608	0.763	0.713	0.824	speed,status,all_round		190
SPECIES_DELCATTY	SPECIES_SKITTY	Gardenia	today	0.7237	1.0	0.878	0.8462	5	0.355	0.971	0.529	0.608	0.758	0.644	0.734	speed,status		190
SPECIES_DEWPIDER	SPECIES_DEWPIDER	Gardenia	proposal	0.824	0.4	0.8636	0.8261	1	0.597	0.066	0.455	0.5	0.2	0.364	0.261		yes	190
SPECIES_DEWPIDER	SPECIES_DEWPIDER	Gardenia	today	0.824	0.4	0.8636	0.8261	1	0.618	0.066	0.487	0.539	0.208	0.384	0.3		yes	190
SPECIES_DOLLIV	SPECIES_SMOLIV	Gardenia	proposal	0.6199	0.6133	0.7609	0.7619	0	0.124	0.142	0.15	0.324	0.053	0.159	0.05			190
SPECIES_DOLLIV	SPECIES_SMOLIV	Gardenia	today	0.6199	0.6133	0.7609	0.7619	0	0.166	0.142	0.187	0.376	0.055	0.185	0.061			190
SPECIES_DONPHAN	SPECIES_PHANPY	Gardenia	proposal	0.9341	0.8133	0.9714	0.871	1	0.945	0.389	0.966	0.708	0.2	0.642	0.721	offense,phys_wall		190
SPECIES_DONPHAN	SPECIES_PHANPY	Gardenia	today	0.916	0.8133	0.9429	0.871	1	0.882	0.389	0.924	0.708	0.208	0.622	0.703	offense,phys_wall		190
SPECIES_DUBWOOL	SPECIES_WOOLOO	Gardenia	proposal	0.8444	0.9733	0.8919	0.9	1	0.666	0.866	0.611	0.813	0.2	0.631	0.705	speed,spec_wall		190
SPECIES_DUBWOOL	SPECIES_WOOLOO	Gardenia	today	0.8977	0.9733	0.9189	0.9	1	0.813	0.866	0.858	0.803	0.208	0.71	0.811	offense,speed,phys_wall,spec_wall,all_round		190
SPECIES_DWEBBLE	SPECIES_DWEBBLE	Gardenia	proposal	0.8293	0.8533	0.8857	0.8788	2	0.613	0.471	0.555	0.718	0.326	0.537	0.566			190
SPECIES_DWEBBLE	SPECIES_DWEBBLE	Gardenia	today	0.8872	0.8533	0.9143	0.8788	2	0.761	0.471	0.824	0.724	0.337	0.623	0.708	offense,phys_wall		190
SPECIES_EMOLGA	SPECIES_EMOLGA	Gardenia	proposal	0.805	1.0	0.8372	0.8696	3	0.55	0.971	0.316	0.695	0.434	0.593	0.65	speed		190
SPECIES_EMOLGA	SPECIES_EMOLGA	Gardenia	today	0.805	1.0	0.8372	0.8696	3	0.55	0.971	0.353	0.692	0.442	0.602	0.65	speed		190
SPECIES_FEEBAS	SPECIES_FEEBAS	Gardenia	proposal	0.2213	0.9333	0.1957	0.0909	1	0.003	0.782	0.003	0.003	0.2	0.198	0.082	speed		190
SPECIES_FEEBAS	SPECIES_FEEBAS	Gardenia	today	0.1644	0.9333	0.0217	0.0909	1	0.003	0.782	0.003	0.003	0.208	0.2	0.082	speed		190
SPECIES_FLAAFFY	SPECIES_MAREEP	Gardenia	proposal	0.7606	0.7733	0.9024	0.8462	3	0.387	0.321	0.684	0.608	0.434	0.487	0.503			190
SPECIES_FLAAFFY	SPECIES_MAREEP	Gardenia	today	0.6092	0.7733	0.6585	0.6538	3	0.147	0.321	0.103	0.192	0.442	0.241	0.116			190
SPECIES_FLOATZEL	SPECIES_BUIZEL	Gardenia	proposal	0.8842	1.0	0.907	0.8	6	0.782	0.971	0.747	0.4	0.913	0.763	0.887	offense,speed,status,all_round		190
SPECIES_FLOATZEL	SPECIES_BUIZEL	Gardenia	today	0.8842	1.0	0.907	0.8	6	0.739	0.971	0.763	0.445	0.908	0.765	0.913	speed,phys_wall,status,all_round		190
SPECIES_GALARIAN_RAPIDASH	SPECIES_PONYTA	Gardenia	proposal	0.9201	1.0	0.9268	0.963	3	0.913	0.971	0.879	0.987	0.434	0.837	0.966	offense,speed,phys_wall,spec_wall,all_round		190
SPECIES_GALARIAN_RAPIDASH	SPECIES_PONYTA	Gardenia	today	0.9161	1.0	0.9268	0.963	3	0.887	0.971	0.895	0.982	0.442	0.835	0.971	offense,speed,phys_wall,spec_wall,all_round		190
SPECIES_GLIMMET	SPECIES_GLIMMET	Gardenia	proposal	0.9078	0.88	0.8684	0.8333	3	0.887	0.529	0.476	0.545	0.434	0.574	0.613	offense		190
SPECIES_GLIMMET	SPECIES_GLIMMET	Gardenia	today	0.9078	0.88	0.8684	0.8333	3	0.85	0.529	0.5	0.568	0.442	0.578	0.611	offense		190
SPECIES_GOLBAT	SPECIES_ZUBAT	Gardenia	proposal	0.906	0.9867	0.9024	1.0	6	0.882	0.905	0.684	0.997	0.913	0.876	0.982	offense,speed,spec_wall,status,all_round		190
SPECIES_GOLBAT	SPECIES_ZUBAT	Gardenia	today	0.906	0.9867	0.9024	1.0	6	0.845	0.905	0.705	0.995	0.908	0.872	0.987	offense,speed,spec_wall,status,all_round		190
SPECIES_GOREBYSS	SPECIES_CLAMPERL	Gardenia	proposal	0.8296	0.8267	0.9744	0.8276	4	0.618	0.442	0.982	0.524	0.605	0.634	0.713	phys_wall		190
SPECIES_GOREBYSS	SPECIES_CLAMPERL	Gardenia	today	0.8226	0.8267	0.9744	0.8276	4	0.613	0.442	0.982	0.558	0.608	0.641	0.729	phys_wall		190
SPECIES_GRANBULL	SPECIES_SNUBBULL	Gardenia	proposal	0.8978	0.7733	0.9722	0.9032	6	0.839	0.321	0.971	0.824	0.913	0.774	0.903	offense,phys_wall,spec_wall,status,all_round		190
SPECIES_GRANBULL	SPECIES_SNUBBULL	Gardenia	today	0.8713	0.7733	0.9167	0.9032	6	0.724	0.321	0.842	0.811	0.908	0.721	0.824	phys_wall,spec_wall,status,all_round		190
SPECIES_GRAVELER	SPECIES_GEODUDE	Gardenia	proposal	0.8836	0.7733	0.9143	0.7097	3	0.771	0.321	0.808	0.203	0.434	0.507	0.529	offense,phys_wall		190
SPECIES_GRAVELER	SPECIES_GEODUDE	Gardenia	today	0.8397	0.7733	0.8857	0.7097	3	0.65	0.321	0.584	0.255	0.442	0.45	0.426			190
SPECIES_GROTLE	SPECIES_TURTWIG	Gardenia	proposal	0.7851	0.6267	0.9318	0.8636	4	0.487	0.187	0.913	0.671	0.605	0.573	0.605	phys_wall		190
SPECIES_GROTLE	SPECIES_TURTWIG	Gardenia	today	0.7807	0.6267	0.9091	0.8636	4	0.492	0.187	0.795	0.668	0.608	0.55	0.587	phys_wall		190
SPECIES_GROVYLE	SPECIES_TREECKO	Gardenia	proposal	0.7872	0.9867	0.8222	0.8182	3	0.492	0.905	0.266	0.474	0.434	0.514	0.55	speed		190
SPECIES_GROVYLE	SPECIES_TREECKO	Gardenia	today	0.8061	0.9867	0.8222	0.8636	1	0.566	0.905	0.308	0.668	0.208	0.531	0.568	speed		190
SPECIES_HARIYAMA	SPECIES_MAKUHITA	Gardenia	proposal	0.9325	0.8133	0.9744	0.8929	5	0.939	0.389	0.982	0.8	0.763	0.775	0.908	offense,phys_wall,spec_wall,status,all_round		190
SPECIES_HARIYAMA	SPECIES_MAKUHITA	Gardenia	today	0.9325	0.8133	0.9744	0.8929	5	0.945	0.389	0.982	0.792	0.758	0.773	0.918	offense,phys_wall,spec_wall,status,all_round		190
SPECIES_HERACROSS	SPECIES_HERACROSS	Gardenia	proposal	0.9607	0.96	0.9286	0.96	1	0.997	0.837	0.892	0.968	0.2	0.779	0.913	offense,speed,phys_wall,spec_wall,all_round		190
SPECIES_HERACROSS	SPECIES_HERACROSS	Gardenia	today	0.9458	0.96	0.9286	0.96	3	0.963	0.837	0.903	0.958	0.442	0.821	0.966	offense,speed,phys_wall,spec_wall,all_round		190
SPECIES_HOOTHOOT	SPECIES_HOOTHOOT	Gardenia	proposal	0.7738	0.8133	0.8333	0.8421	4	0.45	0.389	0.305	0.592	0.605	0.468	0.455		yes	190
SPECIES_HOOTHOOT	SPECIES_HOOTHOOT	Gardenia	today	0.7738	0.8133	0.8333	0.8421	4	0.482	0.389	0.339	0.597	0.608	0.483	0.466		yes	190
SPECIES_HOPPIP	SPECIES_HOPPIP	Gardenia	proposal	0.753	0.8133	0.7778	0.7619	4	0.371	0.389	0.174	0.324	0.605	0.373	0.282		yes	190
SPECIES_HOPPIP	SPECIES_HOPPIP	Gardenia	today	0.5473	0.8133	0.5333	0.5238	4	0.087	0.389	0.047	0.055	0.608	0.237	0.108		yes	190
SPECIES_HUNTAIL	SPECIES_CLAMPERL	Gardenia	proposal	0.8502	0.8267	0.9744	0.8276	4	0.682	0.442	0.982	0.524	0.605	0.647	0.729	phys_wall		190
SPECIES_HUNTAIL	SPECIES_CLAMPERL	Gardenia	today	0.9298	0.8267	0.9744	0.8276	4	0.924	0.442	0.982	0.558	0.608	0.703	0.787	offense,phys_wall,all_round		190
SPECIES_KABUTO	SPECIES_KABUTO	Gardenia	proposal	0.8041	0.8533	0.8378	0.6452	3	0.545	0.471	0.326	0.142	0.434	0.384	0.303			190
SPECIES_KABUTO	SPECIES_KABUTO	Gardenia	today	0.8077	0.8533	0.8378	0.6452	3	0.571	0.471	0.363	0.179	0.442	0.405	0.358			190
SPECIES_LIEPARD	SPECIES_PURRLOIN	Gardenia	proposal	0.891	1.0	0.878	0.88	4	0.808	0.971	0.5	0.745	0.605	0.726	0.845	offense,speed,all_round		190
SPECIES_LIEPARD	SPECIES_PURRLOIN	Gardenia	today	0.891	1.0	0.878	0.88	4	0.771	0.971	0.529	0.745	0.608	0.725	0.85	offense,speed,all_round		190
SPECIES_LITTEN	SPECIES_LITTEN	Gardenia	proposal	0.7312	0.8933	0.9048	0.84	0	0.324	0.642	0.713	0.571	0.053	0.461	0.45		yes	190
SPECIES_LITTEN	SPECIES_LITTEN	Gardenia	today	0.8874	0.8933	0.9048	0.92	0	0.766	0.642	0.729	0.855	0.055	0.609	0.661	offense,spec_wall	yes	190
SPECIES_LOPUNNY	SPECIES_BUNEARY	Gardenia	proposal	0.9468	1.0	0.9535	0.9167	5	0.966	0.971	0.95	0.858	0.763	0.902	0.992	offense,speed,phys_wall,spec_wall,status,all_round		190
SPECIES_LOPUNNY	SPECIES_BUNEARY	Gardenia	today	0.9468	1.0	0.9535	0.9167	5	0.976	0.971	0.955	0.839	0.758	0.9	0.997	offense,speed,phys_wall,spec_wall,status,all_round		190
SPECIES_MANTYKE	SPECIES_MANTYKE	Gardenia	proposal	0.7331	0.8133	0.8511	0.75	3	0.329	0.389	0.4	0.274	0.434	0.365	0.268			190
SPECIES_MANTYKE	SPECIES_MANTYKE	Gardenia	today	0.7331	0.8133	0.8511	0.75	3	0.376	0.389	0.442	0.332	0.442	0.396	0.329			190
SPECIES_MAREEP	SPECIES_MAREEP	Gardenia	proposal	0.6864	0.6267	0.8293	0.8077	3	0.224	0.187	0.297	0.421	0.434	0.313	0.166		yes	190
SPECIES_MAREEP	SPECIES_MAREEP	Gardenia	today	0.5438	0.6267	0.6098	0.5	3	0.076	0.187	0.071	0.045	0.442	0.164	0.045		yes	190
SPECIES_MARILL	SPECIES_AZURILL	Gardenia	proposal	0.5849	0.72	0.8571	0.6923	1	0.087	0.245	0.426	0.182	0.2	0.228	0.103		yes	190
SPECIES_MARILL	SPECIES_AZURILL	Gardenia	today	0.6342	0.72	0.881	0.6923	1	0.187	0.245	0.547	0.232	0.208	0.284	0.166		yes	190
SPECIES_MASQUERAIN	SPECIES_SURSKIT	Gardenia	proposal	0.7721	0.88	0.9024	0.8077	1	0.429	0.529	0.684	0.421	0.2	0.453	0.429			190
SPECIES_MASQUERAIN	SPECIES_SURSKIT	Gardenia	today	0.8302	0.88	0.9512	0.8846	1	0.629	0.529	0.942	0.768	0.208	0.615	0.668	phys_wall,spec_wall		190
SPECIES_MEDITITE	SPECIES_MEDITITE	Gardenia	proposal	0.7974	0.88	0.878	0.8846	5	0.518	0.529	0.5	0.774	0.763	0.617	0.692	spec_wall,status		190
SPECIES_MEDITITE	SPECIES_MEDITITE	Gardenia	today	0.7974	0.88	0.878	0.8846	5	0.534	0.529	0.529	0.768	0.758	0.624	0.713	spec_wall,status		190
SPECIES_MIENFOO	SPECIES_MIENFOO	Gardenia	proposal	0.9014	0.8933	0.8974	0.8929	0	0.861	0.642	0.645	0.8	0.053	0.6	0.666	offense,spec_wall		190
SPECIES_MIENFOO	SPECIES_MIENFOO	Gardenia	today	0.9288	0.8933	0.8974	0.8929	0	0.918	0.642	0.679	0.792	0.055	0.617	0.684	offense,spec_wall		190
SPECIES_MIGHTYENA	SPECIES_POOCHYENA	Gardenia	proposal	0.8677	0.8933	0.9474	0.8571	6	0.724	0.642	0.921	0.65	0.913	0.77	0.897	phys_wall,status,all_round		190
SPECIES_MIGHTYENA	SPECIES_POOCHYENA	Gardenia	today	0.8593	0.8933	0.9474	0.8571	6	0.697	0.642	0.932	0.642	0.908	0.764	0.908	phys_wall,status,all_round		190
SPECIES_MINUN	SPECIES_MINUN	Gardenia	proposal	0.9052	1.0	0.9268	0.8846	6	0.876	0.971	0.879	0.774	0.913	0.883	0.987	offense,speed,phys_wall,spec_wall,status,all_round		190
SPECIES_MINUN	SPECIES_MINUN	Gardenia	today	0.658	1.0	0.7805	0.6923	6	0.224	0.971	0.224	0.232	0.908	0.512	0.518	speed,status		190
SPECIES_MOTHIM	SPECIES_BURMY	Gardenia	proposal	0.9167	0.9333	0.9091	0.9545	4	0.903	0.782	0.776	0.926	0.605	0.798	0.939	offense,speed,phys_wall,spec_wall,all_round		190
SPECIES_MOTHIM	SPECIES_BURMY	Gardenia	today	0.9091	0.9333	0.9091	0.9545	4	0.861	0.782	0.795	0.916	0.608	0.792	0.939	offense,speed,phys_wall,spec_wall,all_round		190
SPECIES_MUNCHLAX	SPECIES_MUNCHLAX	Gardenia	proposal	0.7772	0.0133	0.913	0.8095	3	0.455	0.003	0.797	0.45	0.434	0.428	0.387	phys_wall		190
SPECIES_MUNCHLAX	SPECIES_MUNCHLAX	Gardenia	today	0.7376	0.0133	0.8913	0.7619	3	0.387	0.003	0.634	0.376	0.442	0.368	0.261			190
SPECIES_NACLSTACK	SPECIES_NACLI	Gardenia	proposal	0.6905	0.6267	0.9167	0.7812	5	0.234	0.187	0.826	0.361	0.763	0.474	0.468	phys_wall,status		190
SPECIES_NACLSTACK	SPECIES_NACLI	Gardenia	today	0.6905	0.6267	0.9167	0.7812	5	0.282	0.187	0.842	0.397	0.758	0.493	0.482	phys_wall,status		190
SPECIES_NIDOKING	SPECIES_NIDORAN_M	Gardenia	proposal	0.9212	0.96	0.9143	0.9032	6	0.918	0.837	0.808	0.824	0.913	0.86	0.976	offense,speed,phys_wall,spec_wall,status,all_round		190
SPECIES_NIDOKING	SPECIES_NIDORAN_M	Gardenia	today	0.9212	0.96	0.9143	0.9032	6	0.897	0.837	0.824	0.811	0.908	0.855	0.982	offense,speed,phys_wall,spec_wall,status,all_round		190
SPECIES_NIDOQUEEN	SPECIES_NIDORAN_F	Gardenia	proposal	0.8376	0.9333	0.9167	0.9333	6	0.639	0.782	0.826	0.887	0.913	0.809	0.945	speed,phys_wall,spec_wall,status,all_round		190
SPECIES_NIDOQUEEN	SPECIES_NIDORAN_F	Gardenia	today	0.8721	0.9333	0.9167	0.9667	6	0.729	0.782	0.842	0.987	0.908	0.85	0.976	speed,phys_wall,spec_wall,status,all_round		190
SPECIES_NOCTOWL	SPECIES_HOOTHOOT	Gardenia	proposal	0.9461	0.8933	0.9167	0.9474	4	0.961	0.642	0.826	0.903	0.605	0.787	0.926	offense,phys_wall,spec_wall,all_round		190
SPECIES_NOCTOWL	SPECIES_HOOTHOOT	Gardenia	today	0.9461	0.8933	0.9167	0.9474	4	0.971	0.642	0.842	0.887	0.608	0.79	0.934	offense,phys_wall,spec_wall,all_round		190
SPECIES_OCTILLERY	SPECIES_REMORAID	Gardenia	proposal	0.948	0.7733	0.9767	0.88	3	0.976	0.321	0.992	0.745	0.434	0.694	0.782	offense,phys_wall,all_round		190
SPECIES_OCTILLERY	SPECIES_REMORAID	Gardenia	today	0.948	0.7733	0.9767	0.88	3	0.982	0.321	0.997	0.745	0.442	0.697	0.776	offense,phys_wall,all_round		190
SPECIES_OMANYTE	SPECIES_OMANYTE	Gardenia	proposal	0.7638	0.6267	0.8378	0.6452	1	0.397	0.187	0.326	0.142	0.2	0.25	0.132			190
SPECIES_OMANYTE	SPECIES_OMANYTE	Gardenia	today	0.7638	0.6267	0.8378	0.6452	1	0.434	0.187	0.363	0.179	0.208	0.274	0.145			190
SPECIES_PAWMO	SPECIES_PAWMI	Gardenia	proposal	0.793	0.96	0.8919	0.8214	0	0.508	0.837	0.611	0.487	0.053	0.499	0.513	speed		190
SPECIES_PAWMO	SPECIES_PAWMI	Gardenia	today	0.793	0.96	0.8919	0.8214	0	0.518	0.837	0.647	0.521	0.055	0.516	0.529	speed		190
SPECIES_PELIPPER	SPECIES_WINGULL	Gardenia	proposal	0.9016	1.0	0.925	0.8519	4	0.866	0.971	0.861	0.634	0.605	0.787	0.926	offense,speed,phys_wall,all_round		190
SPECIES_PELIPPER	SPECIES_WINGULL	Gardenia	today	0.9016	1.0	0.925	0.8519	4	0.834	0.971	0.879	0.629	0.608	0.784	0.929	offense,speed,phys_wall,all_round		190
SPECIES_PIKACHU	SPECIES_PICHU	Gardenia	proposal	0.7988	0.9867	0.8537	0.8462	3	0.524	0.905	0.411	0.608	0.434	0.576	0.624	speed		190
SPECIES_PIKACHU	SPECIES_PICHU	Gardenia	today	0.8056	0.9867	0.8537	0.8462	3	0.561	0.905	0.453	0.608	0.442	0.594	0.632	speed		190
SPECIES_PLUSLE	SPECIES_PLUSLE	Gardenia	proposal	0.7556	0.8533	0.9	0.7778	6	0.376	0.471	0.663	0.353	0.913	0.555	0.582	status		190
SPECIES_PLUSLE	SPECIES_PLUSLE	Gardenia	today	0.6206	0.8533	0.775	0.7037	6	0.171	0.471	0.211	0.25	0.908	0.402	0.342	status		190
SPECIES_POLIWHIRL	SPECIES_POLIWAG	Gardenia	proposal	0.7258	0.9867	0.9512	0.7407	2	0.308	0.905	0.939	0.266	0.326	0.549	0.576	speed,phys_wall		190
SPECIES_POLIWHIRL	SPECIES_POLIWAG	Gardenia	today	0.7258	0.9867	0.9512	0.7407	2	0.361	0.905	0.942	0.324	0.337	0.574	0.603	speed,phys_wall		190
SPECIES_POPPLIO	SPECIES_POPPLIO	Gardenia	proposal	0.6756	0.72	0.8182	0.5833	6	0.213	0.245	0.258	0.082	0.913	0.342	0.216	status	yes	190
SPECIES_POPPLIO	SPECIES_POPPLIO	Gardenia	today	0.6756	0.72	0.8182	0.5833	6	0.266	0.245	0.3	0.111	0.908	0.366	0.255	status	yes	190
SPECIES_QUAGSIRE	SPECIES_WOOPER	Gardenia	proposal	0.8861	0.6267	0.9	0.72	2	0.797	0.187	0.663	0.224	0.326	0.439	0.413	offense		190
SPECIES_QUAGSIRE	SPECIES_WOOPER	Gardenia	today	0.8861	0.6267	0.9	0.72	2	0.755	0.187	0.692	0.279	0.337	0.45	0.426	offense		190
SPECIES_ROWLET	SPECIES_ROWLET	Gardenia	proposal	0.8384	0.7467	0.8409	0.8182	4	0.645	0.279	0.353	0.474	0.605	0.471	0.461		yes	190
SPECIES_ROWLET	SPECIES_ROWLET	Gardenia	today	0.8384	0.7467	0.8409	0.8182	4	0.645	0.279	0.392	0.508	0.608	0.486	0.471		yes	190
SPECIES_SHELLOS	SPECIES_SHELLOS	Gardenia	proposal	0.6514	0.6133	0.8409	0.6667	1	0.176	0.142	0.353	0.161	0.2	0.206	0.087			190
SPECIES_SHELLOS	SPECIES_SHELLOS	Gardenia	today	0.6514	0.6133	0.8409	0.6667	1	0.218	0.142	0.392	0.208	0.208	0.234	0.103			190
SPECIES_SHIFTRY	SPECIES_SEEDOT	Gardenia	proposal	0.8665	0.9333	0.7955	0.8571	4	0.718	0.782	0.192	0.65	0.605	0.589	0.642	speed		190
SPECIES_SHIFTRY	SPECIES_SEEDOT	Gardenia	today	0.8655	0.9333	0.7955	0.8571	4	0.703	0.782	0.237	0.642	0.608	0.594	0.632	speed		190
SPECIES_SKIPLOOM	SPECIES_HOPPIP	Gardenia	proposal	0.8146	0.9333	0.8667	0.8571	4	0.566	0.782	0.471	0.65	0.605	0.615	0.687	speed		190
SPECIES_SKIPLOOM	SPECIES_HOPPIP	Gardenia	today	0.5932	0.9333	0.6444	0.619	4	0.118	0.782	0.097	0.15	0.608	0.351	0.229	speed		190
SPECIES_SNORUNT	SPECIES_SNORUNT	Gardenia	proposal	0.7909	0.8133	0.881	0.84	4	0.503	0.389	0.516	0.571	0.605	0.517	0.555			190
SPECIES_SNORUNT	SPECIES_SNORUNT	Gardenia	today	0.7909	0.8133	0.881	0.84	4	0.513	0.389	0.547	0.584	0.608	0.528	0.555			190
SPECIES_SNOVER	SPECIES_SNOVER	Gardenia	proposal	0.8995	0.72	0.8261	0.9048	2	0.855	0.245	0.282	0.834	0.326	0.508	0.534	offense,spec_wall		190
SPECIES_SNOVER	SPECIES_SNOVER	Gardenia	today	0.9245	0.72	0.8261	0.9524	2	0.903	0.245	0.318	0.897	0.337	0.54	0.582	offense,spec_wall		190
SPECIES_SNUBBULL	SPECIES_SNUBBULL	Gardenia	proposal	0.7904	0.52	0.9167	0.9032	6	0.497	0.097	0.826	0.824	0.913	0.631	0.705	phys_wall,spec_wall,status	yes	190
SPECIES_SNUBBULL	SPECIES_SNUBBULL	Gardenia	today	0.7032	0.52	0.8889	0.871	6	0.303	0.097	0.624	0.708	0.908	0.528	0.555	status	yes	190
SPECIES_STEELIX	SPECIES_ONIX	Gardenia	proposal	0.9289	0.52	1.0	0.9355	6	0.924	0.097	0.997	0.895	0.913	0.765	0.892	offense,phys_wall,spec_wall,status,all_round		190
SPECIES_STEELIX	SPECIES_ONIX	Gardenia	today	0.9105	0.52	0.9706	0.9355	6	0.868	0.097	0.971	0.882	0.908	0.745	0.876	offense,phys_wall,spec_wall,status,all_round		190
SPECIES_SWADLOON	SPECIES_SEWADDLE	Gardenia	proposal	0.7496	0.7467	0.7907	0.8696	4	0.363	0.279	0.187	0.695	0.605	0.426	0.382			190
SPECIES_SWADLOON	SPECIES_SEWADDLE	Gardenia	today	0.7496	0.7467	0.7907	0.8696	0	0.408	0.279	0.229	0.692	0.055	0.333	0.203			190
SPECIES_SWINUB	SPECIES_SWINUB	Gardenia	proposal	0.8231	0.8133	0.8919	0.8276	3	0.592	0.389	0.611	0.524	0.434	0.51	0.539			190
SPECIES_SWINUB	SPECIES_SWINUB	Gardenia	today	0.7622	0.8133	0.8919	0.7931	3	0.429	0.389	0.647	0.434	0.442	0.468	0.455			190
SPECIES_TOGEPI	SPECIES_TOGEPI	Gardenia	proposal	0.4872	0.28	0.6667	0.6071	6	0.013	0.034	0.061	0.118	0.913	0.228	0.103	status	yes	190
SPECIES_TOGEPI	SPECIES_TOGEPI	Gardenia	today	0.2861	0.28	0.2308	0.25	6	0.008	0.034	0.008	0.008	0.908	0.193	0.068	status	yes	190
SPECIES_TOGETIC	SPECIES_TOGEPI	Gardenia	proposal	0.6986	0.72	0.8636	0.6957	6	0.255	0.245	0.455	0.189	0.913	0.411	0.345	status		190
SPECIES_TOGETIC	SPECIES_TOGEPI	Gardenia	today	0.4005	0.72	0.3864	0.3913	6	0.013	0.245	0.018	0.029	0.908	0.243	0.129	status		190
SPECIES_TORCHIC	SPECIES_TORCHIC	Gardenia	proposal	0.7575	0.7733	0.8837	0.84	3	0.382	0.321	0.537	0.571	0.434	0.449	0.421		yes	190
SPECIES_TORCHIC	SPECIES_TORCHIC	Gardenia	today	0.7286	0.7733	0.8837	0.8	3	0.371	0.321	0.568	0.445	0.442	0.429	0.382		yes	190
SPECIES_TORRACAT	SPECIES_LITTEN	Gardenia	proposal	0.8056	0.9867	0.907	0.88	0	0.555	0.905	0.747	0.745	0.053	0.601	0.671	speed		190
SPECIES_TORRACAT	SPECIES_LITTEN	Gardenia	today	0.9324	0.9867	0.907	0.96	0	0.939	0.905	0.763	0.958	0.055	0.724	0.839	offense,speed,phys_wall,spec_wall,all_round		190
SPECIES_TREECKO	SPECIES_TREECKO	Gardenia	proposal	0.7112	0.8933	0.6889	0.7727	3	0.282	0.642	0.079	0.342	0.434	0.356	0.234		yes	190
SPECIES_TREECKO	SPECIES_TREECKO	Gardenia	today	0.7112	0.8933	0.6889	0.7727	1	0.324	0.642	0.121	0.387	0.208	0.336	0.208		yes	190
SPECIES_TROPIUS	SPECIES_TROPIUS	Gardenia	proposal	0.8945	0.8267	0.9545	0.9545	1	0.824	0.442	0.958	0.926	0.2	0.67	0.761	offense,phys_wall,spec_wall,all_round		190
SPECIES_TROPIUS	SPECIES_TROPIUS	Gardenia	today	0.8945	0.8267	0.9545	0.9545	1	0.792	0.442	0.963	0.916	0.208	0.664	0.745	offense,phys_wall,spec_wall		190
SPECIES_VESPIQUEN	SPECIES_COMBEE	Gardenia	proposal	0.9454	0.8933	0.9302	0.9565	1	0.955	0.642	0.903	0.942	0.2	0.728	0.85	offense,phys_wall,spec_wall,all_round		190
SPECIES_VESPIQUEN	SPECIES_COMBEE	Gardenia	today	0.9454	0.8933	0.9302	0.9565	1	0.955	0.642	0.913	0.932	0.208	0.73	0.861	offense,phys_wall,spec_wall,all_round		190
SPECIES_WORMADAM	SPECIES_BURMY	Gardenia	proposal	0.8761	0.6267	0.8444	0.9524	4	0.755	0.187	0.384	0.911	0.605	0.568	0.597	offense,spec_wall		190
SPECIES_WORMADAM	SPECIES_BURMY	Gardenia	today	0.8674	0.6267	0.8444	0.9524	4	0.713	0.187	0.421	0.897	0.608	0.565	0.597	spec_wall		190
SPECIES_ALOMOMOLA	SPECIES_LUVDISC	Fantina	proposal	0.6206	0.633	0.7571	0.5526	3	0.311	0.574	0.554	0.347	0.129	0.383	0.293			278
SPECIES_ALOMOMOLA	SPECIES_LUVDISC	Fantina	today	0.5758	0.633	0.7143	0.5	3	0.25	0.574	0.473	0.288	0.129	0.343	0.246			278
SPECIES_AMBIPOM	SPECIES_AIPOM	Fantina	proposal	0.8372	0.9541	0.7733	0.9677	6	0.851	0.975	0.599	0.978	0.631	0.807	0.962	offense,speed,spec_wall,all_round		278
SPECIES_AMBIPOM	SPECIES_AIPOM	Fantina	today	0.8372	0.9541	0.7733	0.9677	6	0.872	0.975	0.613	0.982	0.631	0.815	0.973	offense,speed,spec_wall,all_round		278
SPECIES_AMPHAROS	SPECIES_MAREEP	Fantina	proposal	0.8049	0.4862	0.9054	0.8824	6	0.775	0.435	0.894	0.879	0.631	0.723	0.838	offense,phys_wall,spec_wall,all_round		278
SPECIES_AMPHAROS	SPECIES_MAREEP	Fantina	today	0.8031	0.4862	0.9054	0.8824	6	0.797	0.435	0.917	0.885	0.631	0.733	0.867	offense,phys_wall,spec_wall,all_round		278
SPECIES_AZURILL	SPECIES_AZURILL	Fantina	proposal	0.7111	0.0917	0.6494	0.3793	6	0.48	0.036	0.344	0.146	0.631	0.327	0.216		yes	278
SPECIES_AZURILL	SPECIES_AZURILL	Fantina	today	0.6247	0.0917	0.5584	0.2759	6	0.365	0.036	0.218	0.052	0.631	0.26	0.119		yes	278
SPECIES_BASTIODON	SPECIES_SHIELDON	Fantina	proposal	0.7824	0.1651	0.9275	0.9231	6	0.696	0.101	0.937	0.96	0.631	0.665	0.746	phys_wall,spec_wall		278
SPECIES_BASTIODON	SPECIES_SHIELDON	Fantina	today	0.7824	0.1651	0.9275	0.9231	6	0.739	0.101	0.944	0.96	0.631	0.675	0.761	phys_wall,spec_wall,all_round		278
SPECIES_BONSLY	SPECIES_BONSLY	Fantina	proposal	0.7408	0.0275	0.8235	0.525	6	0.574	0.005	0.714	0.317	0.631	0.448	0.401		yes	278
SPECIES_BONSLY	SPECIES_BONSLY	Fantina	today	0.7408	0.0275	0.8235	0.525	6	0.606	0.005	0.732	0.324	0.631	0.46	0.437		yes	278
SPECIES_BRONZONG	SPECIES_BRONZOR	Fantina	proposal	0.9148	0.1927	0.9577	1.0	6	0.969	0.138	0.984	0.995	0.631	0.743	0.89	offense,phys_wall,spec_wall,all_round		278
SPECIES_BRONZONG	SPECIES_BRONZOR	Fantina	today	0.8307	0.1927	0.9437	0.9459	6	0.869	0.138	0.969	0.977	0.631	0.717	0.851	offense,phys_wall,spec_wall,all_round		278
SPECIES_CARNIVINE	SPECIES_CARNIVINE	Fantina	proposal	0.7917	0.6972	0.8378	0.7941	6	0.721	0.655	0.752	0.784	0.631	0.709	0.824	phys_wall,spec_wall,all_round		278
SPECIES_CARNIVINE	SPECIES_CARNIVINE	Fantina	today	0.7858	0.6972	0.8108	0.7941	6	0.75	0.655	0.7	0.8	0.631	0.707	0.817	offense,spec_wall,all_round		278
SPECIES_CERULEDGE	SPECIES_CHARCADET	Fantina	proposal	0.9328	0.8165	0.9167	0.7879	5	0.987	0.797	0.915	0.766	0.23	0.739	0.878	offense,speed,phys_wall,spec_wall,all_round		278
SPECIES_CERULEDGE	SPECIES_CHARCADET	Fantina	today	0.8004	0.8165	0.9167	0.7879	5	0.791	0.797	0.932	0.784	0.23	0.707	0.817	offense,speed,phys_wall,spec_wall,all_round		278
SPECIES_CHANSEY	SPECIES_HAPPINY	Fantina	proposal	0.3338	0.4404	0.3333	0.16	6	0.031	0.363	0.049	0.016	0.631	0.218	0.081			278
SPECIES_CHANSEY	SPECIES_HAPPINY	Fantina	today	0.315	0.4404	0.2963	0.16	6	0.031	0.363	0.045	0.023	0.631	0.219	0.074			278
SPECIES_CHARCADET	SPECIES_CHARCADET	Fantina	proposal	0.4506	0.2294	0.5753	0.5588	5	0.067	0.182	0.23	0.36	0.23	0.214	0.072		yes	278
SPECIES_CHARCADET	SPECIES_CHARCADET	Fantina	today	0.4886	0.2294	0.6027	0.5588	5	0.124	0.182	0.293	0.371	0.23	0.24	0.088		yes	278
SPECIES_CRANIDOS	SPECIES_CRANIDOS	Fantina	proposal	0.8804	0.4954	0.662	0.5135	6	0.933	0.466	0.358	0.29	0.631	0.536	0.541	offense	yes	278
SPECIES_CRANIDOS	SPECIES_CRANIDOS	Fantina	today	0.8804	0.4954	0.662	0.5135	6	0.951	0.466	0.376	0.3	0.631	0.545	0.558	offense	yes	278
SPECIES_CRAWDAUNT	SPECIES_CORPHISH	Fantina	proposal	0.9321	0.4862	0.7746	0.7879	6	0.984	0.435	0.604	0.766	0.631	0.684	0.768	offense,spec_wall,all_round		278
SPECIES_CRAWDAUNT	SPECIES_CORPHISH	Fantina	today	0.9321	0.4862	0.7746	0.7879	6	0.991	0.435	0.621	0.784	0.631	0.692	0.781	offense,spec_wall,all_round		278
SPECIES_CROCONAW	SPECIES_TOTODILE	Fantina	proposal	0.8144	0.4954	0.863	0.7143	6	0.797	0.466	0.797	0.624	0.631	0.663	0.739	offense,phys_wall	yes	278
SPECIES_CROCONAW	SPECIES_TOTODILE	Fantina	today	0.755	0.4954	0.8082	0.6857	6	0.664	0.466	0.691	0.601	0.631	0.611	0.671		yes	278
SPECIES_DRIFBLIM	SPECIES_DRIFLOON	Fantina	proposal	0.7386	0.9908	0.7727	0.6061	6	0.559	0.995	0.594	0.46	0.631	0.648	0.719	speed		278
SPECIES_DRIFBLIM	SPECIES_DRIFLOON	Fantina	today	0.6916	0.9908	0.7727	0.6061	6	0.451	0.995	0.61	0.469	0.631	0.631	0.698	speed		278
SPECIES_DRIFLOON	SPECIES_DRIFLOON	Fantina	proposal	0.5926	0.9908	0.6119	0.5312	6	0.25	0.995	0.286	0.336	0.631	0.5	0.495	speed	yes	278
SPECIES_DRIFLOON	SPECIES_DRIFLOON	Fantina	today	0.5452	0.9908	0.6119	0.5312	6	0.207	0.995	0.311	0.349	0.631	0.499	0.507	speed	yes	278
SPECIES_DUSKULL	SPECIES_DUSKULL	Fantina	proposal	0.4878	0.1193	0.7969	0.7714	6	0.094	0.067	0.646	0.739	0.631	0.435	0.371			278
SPECIES_DUSKULL	SPECIES_DUSKULL	Fantina	today	0.4762	0.1193	0.7969	0.7714	6	0.106	0.067	0.667	0.761	0.631	0.446	0.392	spec_wall		278
SPECIES_EEVEE	SPECIES_EEVEE	Fantina	proposal	0.5199	0.4862	0.5467	0.6129	6	0.149	0.435	0.185	0.478	0.631	0.376	0.29		yes	278
SPECIES_EEVEE	SPECIES_EEVEE	Fantina	today	0.5152	0.4862	0.5467	0.6129	6	0.156	0.435	0.198	0.486	0.631	0.381	0.293		yes	278
SPECIES_FERALIGATR	SPECIES_TOTODILE	Fantina	proposal	0.928	0.789	0.942	0.9231	6	0.98	0.748	0.962	0.96	0.631	0.856	0.995	offense,phys_wall,spec_wall,all_round		278
SPECIES_FERALIGATR	SPECIES_TOTODILE	Fantina	today	0.9181	0.789	0.942	0.9231	6	0.977	0.748	0.962	0.96	0.631	0.856	0.995	offense,phys_wall,spec_wall,all_round		278
SPECIES_FOMANTIS	SPECIES_FOMANTIS	Fantina	proposal	0.4794	0.2294	0.4324	0.3824	4	0.081	0.182	0.07	0.151	0.171	0.131	0.031			278
SPECIES_FOMANTIS	SPECIES_FOMANTIS	Fantina	today	0.6125	0.2294	0.473	0.5294	4	0.336	0.182	0.115	0.338	0.171	0.228	0.081			278
SPECIES_FROSMOTH	SPECIES_SNOM	Fantina	proposal	0.7972	0.633	0.7089	0.8966	0	0.752	0.574	0.426	0.901	0.038	0.538	0.552	offense,spec_wall		278
SPECIES_FROSMOTH	SPECIES_SNOM	Fantina	today	0.7972	0.633	0.7089	0.8966	0	0.777	0.574	0.459	0.905	0.038	0.551	0.567	offense,spec_wall		278
SPECIES_GABITE	SPECIES_GIBLE	Fantina	proposal	0.8631	0.8165	0.8889	0.7647	6	0.897	0.797	0.865	0.714	0.631	0.781	0.933	offense,speed,phys_wall,all_round		278
SPECIES_GABITE	SPECIES_GIBLE	Fantina	today	0.8631	0.8165	0.8889	0.7647	6	0.915	0.797	0.883	0.732	0.631	0.792	0.948	offense,speed,phys_wall,all_round		278
SPECIES_GALVANTULA	SPECIES_JOLTIK	Fantina	proposal	0.6766	0.9358	0.726	0.8286	3	0.401	0.946	0.468	0.818	0.129	0.552	0.585	speed,spec_wall		278
SPECIES_GALVANTULA	SPECIES_JOLTIK	Fantina	today	0.7624	0.9358	0.8356	0.9143	3	0.692	0.946	0.755	0.939	0.129	0.692	0.781	speed,phys_wall,spec_wall,all_round		278
SPECIES_GARDEVOIR	SPECIES_RALTS	Fantina	proposal	0.8373	0.789	0.8831	0.8387	6	0.854	0.748	0.847	0.833	0.631	0.783	0.937	offense,phys_wall,spec_wall,all_round		278
SPECIES_GARDEVOIR	SPECIES_RALTS	Fantina	today	0.8599	0.789	0.8571	0.8065	6	0.901	0.748	0.782	0.822	0.631	0.777	0.921	offense,phys_wall,spec_wall,all_round		278
SPECIES_GASTLY	SPECIES_GASTLY	Fantina	proposal	0.8183	0.789	0.4219	0.3143	6	0.818	0.748	0.063	0.081	0.631	0.468	0.45	offense	yes	278
SPECIES_GASTLY	SPECIES_GASTLY	Fantina	today	0.7336	0.789	0.3906	0.3143	6	0.563	0.748	0.059	0.099	0.631	0.42	0.354		yes	278
SPECIES_GASTRODON	SPECIES_SHELLOS	Fantina	proposal	0.8261	0.2477	0.8919	0.9	6	0.84	0.214	0.879	0.906	0.631	0.694	0.791	offense,phys_wall,spec_wall,all_round		278
SPECIES_GASTRODON	SPECIES_SHELLOS	Fantina	today	0.8261	0.2477	0.8919	0.9	6	0.865	0.214	0.899	0.91	0.631	0.704	0.811	offense,phys_wall,spec_wall,all_round		278
SPECIES_GIBLE	SPECIES_GIBLE	Fantina	proposal	0.8151	0.3028	0.863	0.5758	6	0.8	0.261	0.797	0.397	0.631	0.577	0.642	offense,phys_wall	yes	278
SPECIES_GIBLE	SPECIES_GIBLE	Fantina	today	0.8151	0.3028	0.863	0.5758	6	0.833	0.261	0.813	0.415	0.631	0.591	0.649	offense,phys_wall	yes	278
SPECIES_GLACEON	SPECIES_EEVEE	Fantina	proposal	0.5137	0.633	0.6438	0.6857	6	0.138	0.574	0.327	0.585	0.631	0.451	0.41			278
SPECIES_GLACEON	SPECIES_EEVEE	Fantina	today	0.4453	0.633	0.5342	0.6	6	0.081	0.574	0.178	0.45	0.631	0.383	0.3			278
SPECIES_GOLDUCK	SPECIES_PSYDUCK	Fantina	proposal	0.7676	0.8165	0.8219	0.7429	6	0.664	0.797	0.707	0.68	0.631	0.696	0.8	speed,all_round		278
SPECIES_GOLDUCK	SPECIES_PSYDUCK	Fantina	today	0.7676	0.8165	0.8219	0.7429	6	0.7	0.797	0.725	0.692	0.631	0.709	0.831	speed,all_round		278
SPECIES_HAPPINY	SPECIES_HAPPINY	Fantina	proposal	0.2126	0.1651	0.0988	0.0	6	0.009	0.101	0.009	0.004	0.631	0.151	0.038		yes	278
SPECIES_HAPPINY	SPECIES_HAPPINY	Fantina	today	0.1992	0.1651	0.0988	0.0	6	0.009	0.101	0.009	0.004	0.631	0.151	0.031		yes	278
SPECIES_HAUNTER	SPECIES_GASTLY	Fantina	proposal	0.8534	0.945	0.8871	0.7838	6	0.865	0.964	0.854	0.759	0.631	0.815	0.98	offense,speed,phys_wall,spec_wall,all_round		278
SPECIES_HAUNTER	SPECIES_GASTLY	Fantina	today	0.7753	0.945	0.7903	0.7568	6	0.718	0.964	0.656	0.712	0.631	0.736	0.878	speed,all_round		278
SPECIES_HIPPOPOTAS	SPECIES_HIPPOPOTAS	Fantina	proposal	0.8099	0.1927	0.875	0.5294	6	0.786	0.138	0.826	0.329	0.631	0.542	0.561	offense,phys_wall		278
SPECIES_HIPPOPOTAS	SPECIES_HIPPOPOTAS	Fantina	today	0.8099	0.1927	0.875	0.5294	6	0.818	0.138	0.847	0.338	0.631	0.554	0.574	offense,phys_wall		278
SPECIES_HONCHKROW	SPECIES_MURKROW	Fantina	proposal	0.8662	0.844	0.8889	0.7188	6	0.908	0.856	0.865	0.638	0.631	0.78	0.93	offense,speed,phys_wall,all_round		278
SPECIES_HONCHKROW	SPECIES_MURKROW	Fantina	today	0.8532	0.844	0.8889	0.7188	6	0.887	0.856	0.883	0.653	0.631	0.782	0.93	offense,speed,phys_wall,all_round		278
SPECIES_HOUNDOOM	SPECIES_HOUNDOUR	Fantina	proposal	0.8143	0.9358	0.7432	0.9	6	0.793	0.946	0.511	0.906	0.631	0.757	0.901	offense,speed,spec_wall,all_round		278
SPECIES_HOUNDOOM	SPECIES_HOUNDOUR	Fantina	today	0.7989	0.9358	0.7297	0.9	6	0.782	0.946	0.518	0.91	0.631	0.757	0.908	offense,speed,spec_wall,all_round		278
SPECIES_JOLTIK	SPECIES_JOLTIK	Fantina	proposal	0.5016	0.633	0.5479	0.4857	3	0.113	0.574	0.191	0.263	0.129	0.254	0.113		yes	278
SPECIES_JOLTIK	SPECIES_JOLTIK	Fantina	today	0.5977	0.633	0.6027	0.6	3	0.29	0.574	0.293	0.45	0.129	0.347	0.25		yes	278
SPECIES_JUMPLUFF	SPECIES_HOPPIP	Fantina	proposal	0.6532	0.945	0.72	0.6364	6	0.356	0.964	0.446	0.531	0.631	0.586	0.66	speed		278
SPECIES_JUMPLUFF	SPECIES_HOPPIP	Fantina	today	0.581	0.945	0.5867	0.6364	6	0.261	0.964	0.261	0.541	0.631	0.532	0.534	speed		278
SPECIES_JYNX	SPECIES_SMOOCHUM	Fantina	proposal	0.7455	0.8716	0.7821	0.7667	6	0.592	0.91	0.628	0.727	0.631	0.698	0.804	speed,all_round		278
SPECIES_JYNX	SPECIES_SMOOCHUM	Fantina	today	0.7455	0.8716	0.7821	0.7667	6	0.621	0.91	0.638	0.746	0.631	0.709	0.831	speed,all_round		278
SPECIES_KINGLER	SPECIES_KRABBY	Fantina	proposal	0.826	0.7431	0.8857	0.7895	6	0.836	0.703	0.851	0.773	0.631	0.759	0.905	offense,phys_wall,spec_wall,all_round		278
SPECIES_KINGLER	SPECIES_KRABBY	Fantina	today	0.826	0.7431	0.8857	0.7895	6	0.862	0.703	0.865	0.79	0.631	0.77	0.915	offense,phys_wall,spec_wall,all_round		278
SPECIES_KIRLIA	SPECIES_RALTS	Fantina	proposal	0.6526	0.4404	0.5526	0.5	6	0.351	0.363	0.196	0.273	0.631	0.363	0.261		yes	278
SPECIES_KIRLIA	SPECIES_RALTS	Fantina	today	0.6981	0.4404	0.5526	0.5312	6	0.473	0.363	0.207	0.349	0.631	0.405	0.327		yes	278
SPECIES_KLEFKI	SPECIES_KLEFKI	Fantina	proposal	0.4872	0.7431	0.6714	0.4737	3	0.088	0.703	0.376	0.25	0.129	0.309	0.192			278
SPECIES_KLEFKI	SPECIES_KLEFKI	Fantina	today	0.5189	0.7431	0.6857	0.4737	3	0.165	0.703	0.412	0.268	0.129	0.335	0.228			278
SPECIES_LANTURN	SPECIES_CHINCHOU	Fantina	proposal	0.7416	0.6789	0.8267	0.9032	6	0.577	0.621	0.718	0.914	0.631	0.692	0.782	spec_wall,all_round		278
SPECIES_LANTURN	SPECIES_CHINCHOU	Fantina	today	0.7351	0.6789	0.8267	0.9032	6	0.577	0.621	0.737	0.917	0.631	0.697	0.793	spec_wall,all_round		278
SPECIES_LARVITAR	SPECIES_LARVITAR	Fantina	proposal	0.8549	0.3028	0.6301	0.5172	6	0.869	0.261	0.309	0.311	0.631	0.476	0.466	offense	yes	278
SPECIES_LARVITAR	SPECIES_LARVITAR	Fantina	today	0.8549	0.3028	0.6301	0.5172	6	0.89	0.261	0.338	0.318	0.631	0.488	0.482	offense	yes	278
SPECIES_LEAFEON	SPECIES_EEVEE	Fantina	proposal	0.796	0.8716	0.8657	0.7805	6	0.746	0.91	0.815	0.75	0.631	0.77	0.915	speed,phys_wall,spec_wall,all_round		278
SPECIES_LEAFEON	SPECIES_EEVEE	Fantina	today	0.7943	0.8716	0.8657	0.7805	6	0.772	0.91	0.829	0.772	0.631	0.783	0.935	offense,speed,phys_wall,spec_wall,all_round		278
SPECIES_LEAVANNY	SPECIES_SEWADDLE	Fantina	proposal	0.7033	0.844	0.7568	0.7647	5	0.466	0.856	0.547	0.714	0.23	0.563	0.61	speed		278
SPECIES_LEAVANNY	SPECIES_SEWADDLE	Fantina	today	0.6657	0.844	0.7297	0.7647	5	0.419	0.856	0.518	0.732	0.23	0.551	0.567	speed		278
SPECIES_LILEEP	SPECIES_LILEEP	Fantina	proposal	0.61	0.1101	0.7027	0.7941	6	0.29	0.054	0.414	0.784	0.631	0.435	0.371	spec_wall		278
SPECIES_LILEEP	SPECIES_LILEEP	Fantina	today	0.61	0.1101	0.7027	0.7941	6	0.333	0.054	0.442	0.8	0.631	0.452	0.408	spec_wall		278
SPECIES_LITWICK	SPECIES_LITWICK	Fantina	proposal	0.7972	0.0917	0.8475	0.7059	5	0.752	0.036	0.764	0.604	0.23	0.477	0.469	offense,phys_wall		278
SPECIES_LITWICK	SPECIES_LITWICK	Fantina	today	0.7972	0.0917	0.8475	0.7059	5	0.777	0.036	0.775	0.622	0.23	0.488	0.482	offense,phys_wall		278
SPECIES_LUMINEON	SPECIES_FINNEON	Fantina	proposal	0.6266	0.844	0.6986	0.6	6	0.317	0.856	0.405	0.442	0.631	0.53	0.534	speed		278
SPECIES_LUMINEON	SPECIES_FINNEON	Fantina	today	0.64	0.844	0.7123	0.6286	6	0.372	0.856	0.466	0.518	0.631	0.569	0.603	speed		278
SPECIES_LUXRAY	SPECIES_SHINX	Fantina	proposal	0.9007	0.8716	0.8082	0.9677	6	0.948	0.91	0.674	0.978	0.631	0.828	0.984	offense,speed,spec_wall,all_round		278
SPECIES_LUXRAY	SPECIES_SHINX	Fantina	today	0.9007	0.8716	0.8082	0.9677	6	0.962	0.91	0.691	0.982	0.631	0.835	0.991	offense,speed,spec_wall,all_round		278
SPECIES_MACHOKE	SPECIES_MACHOP	Fantina	proposal	0.8627	0.3578	0.9437	0.8649	6	0.894	0.299	0.966	0.865	0.631	0.731	0.858	offense,phys_wall,spec_wall,all_round		278
SPECIES_MACHOKE	SPECIES_MACHOP	Fantina	today	0.869	0.3578	0.9437	0.8649	6	0.93	0.299	0.969	0.874	0.631	0.741	0.888	offense,phys_wall,spec_wall,all_round		278
SPECIES_MAGMAR	SPECIES_MAGBY	Fantina	proposal	0.8158	0.8624	0.8649	0.9118	6	0.808	0.89	0.809	0.932	0.631	0.814	0.977	offense,speed,phys_wall,spec_wall,all_round	yes	278
SPECIES_MAGMAR	SPECIES_MAGBY	Fantina	today	0.8158	0.8624	0.8649	0.9118	6	0.836	0.89	0.824	0.932	0.631	0.823	0.98	offense,speed,phys_wall,spec_wall,all_round	yes	278
SPECIES_MAGMORTAR	SPECIES_MAGBY	Fantina	proposal	0.8803	0.8624	0.92	0.9091	6	0.93	0.89	0.926	0.923	0.631	0.86	0.998	offense,speed,phys_wall,spec_wall,all_round		278
SPECIES_MAGMORTAR	SPECIES_MAGBY	Fantina	today	0.8803	0.8624	0.92	0.9091	6	0.948	0.89	0.937	0.926	0.631	0.866	0.998	offense,speed,phys_wall,spec_wall,all_round		278
SPECIES_MANTINE	SPECIES_MANTYKE	Fantina	proposal	0.7005	0.6972	0.7368	0.7188	6	0.446	0.655	0.487	0.638	0.631	0.571	0.628			278
SPECIES_MANTINE	SPECIES_MANTYKE	Fantina	today	0.7005	0.6972	0.7368	0.7188	6	0.48	0.655	0.527	0.653	0.631	0.589	0.642			278
SPECIES_MILOTIC	SPECIES_FEEBAS	Fantina	proposal	0.5592	0.789	0.6623	0.4194	6	0.2	0.748	0.362	0.189	0.631	0.426	0.344			278
SPECIES_MILOTIC	SPECIES_FEEBAS	Fantina	today	0.299	0.789	0.4416	0.2258	6	0.027	0.748	0.074	0.034	0.631	0.303	0.176			278
SPECIES_MISDREAVUS	SPECIES_MISDREAVUS	Fantina	proposal	0.714	0.8165	0.8769	0.7941	6	0.487	0.797	0.838	0.784	0.631	0.707	0.817	speed,phys_wall,spec_wall,all_round	yes	278
SPECIES_MISDREAVUS	SPECIES_MISDREAVUS	Fantina	today	0.6217	0.8165	0.8615	0.7941	6	0.362	0.797	0.8	0.8	0.631	0.678	0.764	speed,phys_wall,spec_wall,all_round	yes	278
SPECIES_MISMAGIUS	SPECIES_MISDREAVUS	Fantina	proposal	0.7866	0.9358	0.8769	0.8235	6	0.703	0.946	0.838	0.808	0.631	0.785	0.941	speed,phys_wall,spec_wall,all_round		278
SPECIES_MISMAGIUS	SPECIES_MISDREAVUS	Fantina	today	0.6658	0.9358	0.8615	0.7941	6	0.423	0.946	0.8	0.8	0.631	0.72	0.858	speed,phys_wall,spec_wall,all_round		278
SPECIES_ORBEETLE	SPECIES_BLIPBUG	Fantina	proposal	0.6603	0.844	0.7432	0.6765	4	0.376	0.856	0.511	0.574	0.171	0.498	0.491	speed		278
SPECIES_ORBEETLE	SPECIES_BLIPBUG	Fantina	today	0.7503	0.844	0.8784	0.8235	4	0.649	0.856	0.858	0.829	0.171	0.673	0.755	speed,phys_wall,spec_wall,all_round		278
SPECIES_PILOSWINE	SPECIES_SWINUB	Fantina	proposal	0.8658	0.789	0.8889	0.7647	6	0.905	0.748	0.865	0.714	0.631	0.773	0.919	offense,phys_wall,all_round		278
SPECIES_PILOSWINE	SPECIES_SWINUB	Fantina	today	0.8658	0.789	0.8889	0.7647	6	0.923	0.748	0.883	0.732	0.631	0.783	0.935	offense,phys_wall,all_round		278
SPECIES_POLTEAGEIST	SPECIES_SINISTEA	Fantina	proposal	0.8241	0.6972	0.7727	0.8529	4	0.833	0.655	0.594	0.847	0.171	0.62	0.692	offense,spec_wall		278
SPECIES_POLTEAGEIST	SPECIES_SINISTEA	Fantina	today	0.5646	0.6972	0.6515	0.6176	4	0.236	0.655	0.369	0.495	0.171	0.385	0.308			278
SPECIES_PROBOPASS	SPECIES_NOSEPASS	Fantina	proposal	0.7539	0.2661	0.9286	0.9211	6	0.631	0.232	0.944	0.953	0.631	0.678	0.754	phys_wall,spec_wall,all_round		278
SPECIES_PROBOPASS	SPECIES_NOSEPASS	Fantina	today	0.7539	0.2661	0.9286	0.9211	6	0.656	0.232	0.95	0.953	0.631	0.684	0.768	phys_wall,spec_wall,all_round		278
SPECIES_PUPITAR	SPECIES_LARVITAR	Fantina	proposal	0.9192	0.4404	0.7397	0.6552	6	0.973	0.363	0.498	0.549	0.631	0.603	0.671	offense		278
SPECIES_PUPITAR	SPECIES_LARVITAR	Fantina	today	0.9192	0.4404	0.7397	0.6552	6	0.98	0.363	0.534	0.563	0.631	0.614	0.674	offense		278
SPECIES_RALTS	SPECIES_RALTS	Fantina	proposal	0.5615	0.2661	0.3553	0.3438	6	0.203	0.232	0.052	0.108	0.631	0.245	0.101		yes	278
SPECIES_RALTS	SPECIES_RALTS	Fantina	today	0.6024	0.2661	0.3421	0.4062	6	0.309	0.232	0.054	0.178	0.631	0.281	0.144		yes	278
SPECIES_RAMPARDOS	SPECIES_CRANIDOS	Fantina	proposal	0.957	0.4954	0.9718	0.8919	6	0.995	0.466	0.995	0.894	0.631	0.796	0.948	offense,phys_wall,spec_wall,all_round		278
SPECIES_RAMPARDOS	SPECIES_CRANIDOS	Fantina	today	0.957	0.4954	0.9718	0.8919	6	0.995	0.466	0.995	0.897	0.631	0.797	0.957	offense,phys_wall,spec_wall,all_round		278
SPECIES_ROSELIA	SPECIES_BUDEW	Fantina	proposal	0.7031	0.633	0.7692	0.6	6	0.462	0.574	0.574	0.442	0.631	0.537	0.547			278
SPECIES_ROSELIA	SPECIES_BUDEW	Fantina	today	0.6153	0.633	0.7179	0.6	6	0.347	0.574	0.478	0.45	0.631	0.496	0.495			278
SPECIES_ROTOM	SPECIES_ROTOM	Fantina	proposal	0.7949	0.844	0.9524	0.8333	6	0.736	0.856	0.977	0.829	0.631	0.806	0.959	speed,phys_wall,spec_wall,all_round		278
SPECIES_ROTOM	SPECIES_ROTOM	Fantina	today	0.7688	0.844	0.8889	0.8333	6	0.703	0.856	0.883	0.847	0.631	0.784	0.941	speed,phys_wall,spec_wall,all_round		278
SPECIES_SALANDIT	SPECIES_SALANDIT	Fantina	proposal	0.7003	0.7615	0.7397	0.4571	6	0.441	0.723	0.498	0.227	0.631	0.504	0.5		yes	278
SPECIES_SALANDIT	SPECIES_SALANDIT	Fantina	today	0.7003	0.7615	0.7397	0.4571	6	0.477	0.723	0.534	0.239	0.631	0.521	0.527		yes	278
SPECIES_SALAZZLE	SPECIES_SALANDIT	Fantina	proposal	0.7926	0.9725	0.8356	0.6571	6	0.728	0.982	0.741	0.554	0.631	0.727	0.847	speed,all_round		278
SPECIES_SALAZZLE	SPECIES_SALANDIT	Fantina	today	0.7926	0.9725	0.8356	0.6571	6	0.768	0.982	0.755	0.568	0.631	0.741	0.888	offense,speed,phys_wall,all_round		278
SPECIES_SANDYGAST	SPECIES_SANDYGAST	Fantina	proposal	0.7334	0.0459	0.8136	0.4848	2	0.549	0.014	0.685	0.255	0.112	0.323	0.209			278
SPECIES_SANDYGAST	SPECIES_SANDYGAST	Fantina	today	0.5705	0.0459	0.678	0.4242	2	0.246	0.014	0.397	0.203	0.112	0.194	0.067			278
SPECIES_SEAKING	SPECIES_GOLDEEN	Fantina	proposal	0.6532	0.6972	0.6986	0.5714	6	0.356	0.655	0.405	0.383	0.631	0.486	0.477			278
SPECIES_SEAKING	SPECIES_GOLDEEN	Fantina	today	0.6532	0.6972	0.6986	0.5714	6	0.394	0.655	0.43	0.401	0.631	0.502	0.513			278
SPECIES_SEEL	SPECIES_SEEL	Fantina	proposal	0.5616	0.3578	0.64	0.6364	6	0.207	0.299	0.322	0.531	0.631	0.398	0.315			278
SPECIES_SEEL	SPECIES_SEEL	Fantina	today	0.5616	0.3578	0.64	0.6364	6	0.228	0.299	0.351	0.541	0.631	0.41	0.342			278
SPECIES_SHARPEDO	SPECIES_CARVANHA	Fantina	proposal	0.914	0.8716	0.6164	0.7097	6	0.966	0.91	0.293	0.61	0.631	0.682	0.763	offense,speed,all_round		278
SPECIES_SHARPEDO	SPECIES_CARVANHA	Fantina	today	0.9232	0.8716	0.6164	0.7097	6	0.987	0.91	0.318	0.628	0.631	0.695	0.79	offense,speed,all_round		278
SPECIES_SHIELDON	SPECIES_SHIELDON	Fantina	proposal	0.746	0.1651	0.7794	0.8	6	0.595	0.101	0.621	0.795	0.631	0.549	0.572	spec_wall	yes	278
SPECIES_SHIELDON	SPECIES_SHIELDON	Fantina	today	0.746	0.1651	0.7794	0.8	6	0.624	0.101	0.631	0.813	0.631	0.56	0.583	spec_wall	yes	278
SPECIES_SINISTCHA	SPECIES_SINISTEA	Fantina	proposal	0.8743	0.6972	0.9231	0.7143	4	0.923	0.655	0.93	0.624	0.171	0.661	0.736	offense,phys_wall		278
SPECIES_SINISTCHA	SPECIES_SINISTEA	Fantina	today	0.784	0.6972	0.8615	0.7143	4	0.746	0.655	0.8	0.64	0.171	0.602	0.665	phys_wall		278
SPECIES_SINISTEA	SPECIES_SINISTEA	Fantina	proposal	0.6748	0.4404	0.5909	0.5882	4	0.397	0.363	0.261	0.41	0.171	0.32	0.203		yes	278
SPECIES_SINISTEA	SPECIES_SINISTEA	Fantina	today	0.4393	0.4404	0.4697	0.4412	4	0.074	0.363	0.11	0.218	0.171	0.187	0.052		yes	278
SPECIES_SMOOCHUM	SPECIES_SMOOCHUM	Fantina	proposal	0.6489	0.633	0.1829	0.4231	6	0.344	0.574	0.02	0.192	0.631	0.352	0.25		yes	278
SPECIES_SMOOCHUM	SPECIES_SMOOCHUM	Fantina	today	0.6489	0.633	0.1829	0.4231	6	0.383	0.574	0.023	0.2	0.631	0.362	0.268		yes	278
SPECIES_SNOM	SPECIES_SNOM	Fantina	proposal	0.3823	0.0917	0.2778	0.2778	0	0.038	0.036	0.036	0.045	0.038	0.039	0.016		yes	278
SPECIES_SNOM	SPECIES_SNOM	Fantina	today	0.3823	0.0917	0.2778	0.2778	0	0.045	0.036	0.036	0.059	0.038	0.043	0.016		yes	278
SPECIES_STUNKY	SPECIES_STUNKY	Fantina	proposal	0.638	0.7339	0.6528	0.5938	6	0.333	0.687	0.347	0.421	0.631	0.484	0.473			278
SPECIES_STUNKY	SPECIES_STUNKY	Fantina	today	0.6005	0.7339	0.6111	0.5625	6	0.297	0.687	0.306	0.376	0.631	0.459	0.432			278
SPECIES_SUDOWOODO	SPECIES_BONSLY	Fantina	proposal	0.8723	0.1651	0.9714	0.8947	6	0.912	0.101	0.991	0.897	0.631	0.706	0.811	offense,phys_wall,spec_wall,all_round		278
SPECIES_SUDOWOODO	SPECIES_BONSLY	Fantina	today	0.8723	0.1651	0.9714	0.8947	6	0.933	0.101	0.991	0.901	0.631	0.711	0.838	offense,phys_wall,spec_wall,all_round		278
SPECIES_SWABLU	SPECIES_SWABLU	Fantina	proposal	0.4496	0.4404	0.5205	0.4571	6	0.063	0.363	0.153	0.227	0.631	0.287	0.149			278
SPECIES_SWABLU	SPECIES_SWABLU	Fantina	today	0.4298	0.4404	0.4932	0.4571	6	0.067	0.363	0.14	0.239	0.631	0.288	0.153			278
SPECIES_SYLVEON	SPECIES_EEVEE	Fantina	proposal	0.7911	0.5505	0.9067	1.0	3	0.718	0.5	0.897	0.995	0.129	0.648	0.719	phys_wall,spec_wall		278
SPECIES_SYLVEON	SPECIES_EEVEE	Fantina	today	0.4804	0.5505	0.5733	0.6667	3	0.11	0.5	0.237	0.581	0.129	0.311	0.196			278
SPECIES_TENTACRUEL	SPECIES_TENTACOOL	Fantina	proposal	0.7997	0.9174	0.8701	0.9032	6	0.757	0.93	0.818	0.914	0.631	0.81	0.971	offense,speed,phys_wall,spec_wall,all_round		278
SPECIES_TENTACRUEL	SPECIES_TENTACOOL	Fantina	today	0.7898	0.9174	0.8701	0.9032	6	0.761	0.93	0.833	0.917	0.631	0.814	0.969	offense,speed,phys_wall,spec_wall,all_round		278
SPECIES_TORTERRA	SPECIES_TURTWIG	Fantina	proposal	0.8857	0.4862	0.8873	0.8571	6	0.944	0.435	0.858	0.854	0.631	0.744	0.894	offense,phys_wall,spec_wall,all_round		278
SPECIES_TORTERRA	SPECIES_TURTWIG	Fantina	today	0.8914	0.4862	0.8873	0.8571	6	0.955	0.435	0.871	0.865	0.631	0.751	0.901	offense,phys_wall,spec_wall,all_round		278
SPECIES_TOTODILE	SPECIES_TOTODILE	Fantina	proposal	0.7604	0.3394	0.8028	0.6216	6	0.653	0.277	0.662	0.495	0.631	0.544	0.567		yes	278
SPECIES_TOTODILE	SPECIES_TOTODILE	Fantina	today	0.6923	0.3394	0.7746	0.5946	6	0.455	0.277	0.621	0.43	0.631	0.483	0.473		yes	278
SPECIES_TOUCANNON	SPECIES_PIKIPEK	Fantina	proposal	0.9375	0.5505	0.8767	0.7273	5	0.991	0.5	0.831	0.655	0.23	0.641	0.712	offense,phys_wall		278
SPECIES_TOUCANNON	SPECIES_PIKIPEK	Fantina	today	0.8663	0.5505	0.8767	0.7273	5	0.926	0.5	0.853	0.664	0.23	0.635	0.703	offense,phys_wall		278
SPECIES_TSAREENA	SPECIES_BOUNSWEET	Fantina	proposal	0.8	0.844	0.8919	0.7353	1	0.761	0.856	0.879	0.664	0.092	0.65	0.725	offense,speed,phys_wall		278
SPECIES_TSAREENA	SPECIES_BOUNSWEET	Fantina	today	0.8	0.844	0.8919	0.7353	1	0.786	0.856	0.899	0.678	0.092	0.662	0.737	offense,speed,phys_wall		278
SPECIES_UMBREON	SPECIES_EEVEE	Fantina	proposal	0.5902	0.633	0.7432	0.8	6	0.246	0.574	0.511	0.795	0.631	0.551	0.579	spec_wall		278
SPECIES_UMBREON	SPECIES_EEVEE	Fantina	today	0.5507	0.633	0.6892	0.7667	6	0.214	0.574	0.415	0.746	0.631	0.516	0.518			278
SPECIES_WAILMER	SPECIES_WAILMER	Fantina	proposal	0.7589	0.5505	0.7397	0.6857	6	0.649	0.5	0.498	0.585	0.631	0.573	0.631			278
SPECIES_WAILMER	SPECIES_WAILMER	Fantina	today	0.7272	0.5505	0.726	0.6286	6	0.547	0.5	0.507	0.518	0.631	0.541	0.55			278
SPECIES_WHISCASH	SPECIES_BARBOACH	Fantina	proposal	0.8096	0.5505	0.8904	0.8485	6	0.782	0.5	0.872	0.842	0.631	0.725	0.844	offense,phys_wall,spec_wall,all_round		278
SPECIES_WHISCASH	SPECIES_BARBOACH	Fantina	today	0.8096	0.5505	0.8904	0.8485	6	0.815	0.5	0.894	0.856	0.631	0.739	0.883	offense,phys_wall,spec_wall,all_round		278
SPECIES_YAMASK	SPECIES_YAMASK	Fantina	proposal	0.4925	0.1651	0.6825	0.7027	5	0.103	0.101	0.387	0.599	0.23	0.284	0.142			278
SPECIES_YAMASK	SPECIES_YAMASK	Fantina	today	0.4925	0.1651	0.6825	0.7027	5	0.128	0.101	0.408	0.617	0.23	0.297	0.164			278
SPECIES_ALTARIA	SPECIES_SWABLU	Maylene	proposal	0.8412	0.6771	0.8226	0.8182	6	0.722	0.699	0.932	0.783	0.633	0.754	0.899	phys_wall,spec_wall,all_round		360
SPECIES_ALTARIA	SPECIES_SWABLU	Maylene	today	0.8412	0.6771	0.8226	0.8182	6	0.729	0.699	0.94	0.789	0.633	0.758	0.904	phys_wall,spec_wall,all_round		360
SPECIES_ARBOLIVA	SPECIES_SMOLIV	Maylene	proposal	0.7077	0.2188	0.6032	0.6562	4	0.418	0.224	0.622	0.574	0.165	0.401	0.349			360
SPECIES_ARBOLIVA	SPECIES_SMOLIV	Maylene	today	0.7077	0.2188	0.6032	0.6562	4	0.435	0.224	0.622	0.585	0.165	0.406	0.362			360
SPECIES_BLASTOISE	SPECIES_SQUIRTLE	Maylene	proposal	0.9105	0.4479	0.7377	0.8824	6	0.896	0.475	0.849	0.874	0.633	0.745	0.886	offense,phys_wall,spec_wall,all_round		360
SPECIES_BLASTOISE	SPECIES_SQUIRTLE	Maylene	today	0.894	0.4479	0.7377	0.8824	6	0.867	0.475	0.856	0.882	0.633	0.743	0.881	offense,phys_wall,spec_wall,all_round		360
SPECIES_BLAZIKEN	SPECIES_TORCHIC	Maylene	proposal	0.9668	0.6771	0.6557	0.8235	6	0.993	0.699	0.71	0.8	0.633	0.767	0.912	offense,spec_wall,all_round		360
SPECIES_BLAZIKEN	SPECIES_TORCHIC	Maylene	today	0.9668	0.6771	0.6557	0.8235	6	0.99	0.699	0.708	0.807	0.633	0.767	0.912	offense,spec_wall,all_round		360
SPECIES_CASTFORM	SPECIES_CASTFORM	Maylene	proposal	0.8571	0.9479	0.6557	0.8824	6	0.765	0.889	0.71	0.874	0.633	0.774	0.926	offense,speed,spec_wall,all_round		360
SPECIES_CASTFORM	SPECIES_CASTFORM	Maylene	today	0.8571	0.9479	0.6557	0.8824	6	0.771	0.889	0.708	0.882	0.633	0.777	0.929	offense,speed,spec_wall,all_round		360
SPECIES_CHARIZARD	SPECIES_CHARMANDER	Maylene	proposal	0.9343	0.9479	0.7619	0.9375	6	0.957	0.889	0.89	0.95	0.633	0.864	0.999	offense,speed,phys_wall,spec_wall,all_round		360
SPECIES_CHARIZARD	SPECIES_CHARMANDER	Maylene	today	0.9343	0.9479	0.7619	0.9375	6	0.957	0.889	0.901	0.95	0.633	0.866	0.999	offense,speed,phys_wall,spec_wall,all_round		360
SPECIES_CHATOT	SPECIES_CHATOT	Maylene	proposal	0.8337	0.9792	0.3607	0.4706	6	0.704	0.939	0.336	0.34	0.633	0.59	0.631	speed		360
SPECIES_CHATOT	SPECIES_CHATOT	Maylene	today	0.8337	0.9792	0.3607	0.4706	6	0.707	0.939	0.339	0.349	0.633	0.593	0.632	speed		360
SPECIES_CINDERACE	SPECIES_SCORBUNNY	Maylene	proposal	0.8616	0.9896	0.7377	0.9118	0	0.779	0.972	0.849	0.924	0.035	0.712	0.825	offense,speed,phys_wall,spec_wall,all_round		360
SPECIES_CINDERACE	SPECIES_SCORBUNNY	Maylene	today	0.8742	0.9896	0.7377	0.9118	0	0.821	0.972	0.856	0.924	0.035	0.722	0.842	offense,speed,phys_wall,spec_wall,all_round		360
SPECIES_COFAGRIGUS	SPECIES_YAMASK	Maylene	proposal	0.5018	0.125	0.7414	0.7941	5	0.099	0.099	0.857	0.765	0.233	0.411	0.374	phys_wall,spec_wall		360
SPECIES_COFAGRIGUS	SPECIES_YAMASK	Maylene	today	0.559	0.125	0.7586	0.7941	5	0.182	0.099	0.897	0.769	0.233	0.436	0.4	phys_wall,spec_wall		360
SPECIES_CROAGUNK	SPECIES_CROAGUNK	Maylene	proposal	0.7701	0.3542	0.2903	0.3333	6	0.546	0.347	0.246	0.172	0.633	0.389	0.315		yes	360
SPECIES_CROAGUNK	SPECIES_CROAGUNK	Maylene	today	0.7691	0.3542	0.2903	0.3333	6	0.557	0.347	0.246	0.178	0.633	0.392	0.326		yes	360
SPECIES_CRUSTLE	SPECIES_DWEBBLE	Maylene	proposal	0.7724	0.3229	0.8689	0.8529	2	0.551	0.285	0.963	0.842	0.097	0.548	0.569	phys_wall,spec_wall		360
SPECIES_CRUSTLE	SPECIES_DWEBBLE	Maylene	today	0.7724	0.3229	0.8689	0.8529	2	0.562	0.285	0.968	0.847	0.097	0.552	0.582	phys_wall,spec_wall		360
SPECIES_DECIDUEYE	SPECIES_ROWLET	Maylene	proposal	0.7163	0.5521	0.5593	0.7273	4	0.449	0.617	0.565	0.671	0.165	0.493	0.478			360
SPECIES_DECIDUEYE	SPECIES_ROWLET	Maylene	today	0.7163	0.5521	0.5593	0.7273	4	0.465	0.617	0.569	0.679	0.165	0.499	0.496			360
SPECIES_DELPHOX	SPECIES_FENNEKIN	Maylene	proposal	0.8603	0.9479	0.7419	0.9394	4	0.774	0.889	0.863	0.961	0.165	0.73	0.858	offense,speed,phys_wall,spec_wall,all_round		360
SPECIES_DELPHOX	SPECIES_FENNEKIN	Maylene	today	0.8603	0.9479	0.7419	0.9394	4	0.779	0.889	0.868	0.961	0.165	0.732	0.856	offense,speed,phys_wall,spec_wall,all_round		360
SPECIES_DEWGONG	SPECIES_SEEL	Maylene	proposal	0.7684	0.5521	0.623	0.8235	6	0.539	0.617	0.651	0.8	0.633	0.648	0.715	spec_wall		360
SPECIES_DEWGONG	SPECIES_SEEL	Maylene	today	0.7684	0.5521	0.623	0.8235	6	0.553	0.617	0.656	0.807	0.633	0.653	0.715	spec_wall		360
SPECIES_DHELMISE	SPECIES_DHELMISE	Maylene	proposal	0.7953	0.2188	0.7586	0.6471	0	0.613	0.224	0.887	0.562	0.035	0.464	0.453	phys_wall		360
SPECIES_DHELMISE	SPECIES_DHELMISE	Maylene	today	0.7954	0.2188	0.7586	0.6471	0	0.626	0.224	0.897	0.571	0.035	0.471	0.457	phys_wall		360
SPECIES_DUSCLOPS	SPECIES_DUSKULL	Maylene	proposal	0.815	0.0938	0.9483	1.0	6	0.646	0.065	0.988	0.997	0.633	0.666	0.749	phys_wall,spec_wall		360
SPECIES_DUSCLOPS	SPECIES_DUSKULL	Maylene	today	0.815	0.0938	0.9483	1.0	6	0.657	0.065	0.988	0.997	0.633	0.668	0.753	phys_wall,spec_wall,all_round		360
SPECIES_ELECTABUZZ	SPECIES_ELEKID	Maylene	proposal	0.873	0.9583	0.6825	0.9375	6	0.812	0.915	0.744	0.95	0.633	0.811	0.965	offense,speed,spec_wall,all_round	yes	360
SPECIES_ELECTABUZZ	SPECIES_ELEKID	Maylene	today	0.8723	0.9583	0.6825	0.9375	6	0.812	0.915	0.747	0.95	0.633	0.811	0.968	offense,speed,spec_wall,all_round	yes	360
SPECIES_ELECTIVIRE	SPECIES_ELEKID	Maylene	proposal	0.9754	0.9583	0.6984	0.9062	6	0.999	0.915	0.787	0.894	0.633	0.846	0.99	offense,speed,phys_wall,spec_wall,all_round		360
SPECIES_ELECTIVIRE	SPECIES_ELEKID	Maylene	today	0.9745	0.9583	0.6984	0.9062	6	0.999	0.915	0.793	0.903	0.633	0.849	0.99	offense,speed,phys_wall,spec_wall,all_round		360
SPECIES_ELEKID	SPECIES_ELEKID	Maylene	proposal	0.6998	0.8854	0.2857	0.5	6	0.396	0.857	0.242	0.382	0.633	0.502	0.496	speed	yes	360
SPECIES_ELEKID	SPECIES_ELEKID	Maylene	today	0.702	0.8854	0.2698	0.5	6	0.421	0.857	0.21	0.392	0.633	0.503	0.508	speed	yes	360
SPECIES_EMPOLEON	SPECIES_PIPLUP	Maylene	proposal	0.9191	0.4479	0.6452	0.9091	6	0.932	0.475	0.69	0.906	0.633	0.727	0.851	offense,spec_wall,all_round		360
SPECIES_EMPOLEON	SPECIES_PIPLUP	Maylene	today	0.9191	0.4479	0.6452	0.9091	6	0.94	0.475	0.688	0.91	0.633	0.729	0.851	offense,spec_wall,all_round		360
SPECIES_FLAREON	SPECIES_EEVEE	Maylene	proposal	0.9508	0.4896	0.6406	0.9677	6	0.976	0.547	0.682	0.981	0.633	0.764	0.907	offense,spec_wall,all_round		360
SPECIES_FLAREON	SPECIES_EEVEE	Maylene	today	0.9508	0.4896	0.6406	0.9677	6	0.974	0.547	0.679	0.981	0.633	0.763	0.907	offense,spec_wall,all_round		360
SPECIES_FLOETTE	SPECIES_FLABEBE	Maylene	proposal	0.6148	0.375	0.3065	0.5455	4	0.249	0.389	0.268	0.431	0.165	0.3	0.171			360
SPECIES_FLOETTE	SPECIES_FLABEBE	Maylene	today	0.6148	0.375	0.3065	0.5455	4	0.271	0.389	0.265	0.443	0.165	0.307	0.176			360
SPECIES_FLORAGATO	SPECIES_SPRIGATITO	Maylene	proposal	0.5554	0.7292	0.3333	0.4688	1	0.168	0.726	0.311	0.321	0.081	0.321	0.203		yes	360
SPECIES_FLORAGATO	SPECIES_SPRIGATITO	Maylene	today	0.5554	0.7292	0.3333	0.4688	1	0.179	0.726	0.31	0.331	0.081	0.325	0.201		yes	360
SPECIES_FRILLISH	SPECIES_FRILLISH	Maylene	proposal	0.5382	0.2188	0.2542	0.6667	4	0.129	0.224	0.182	0.588	0.165	0.258	0.11			360
SPECIES_FRILLISH	SPECIES_FRILLISH	Maylene	today	0.5382	0.2188	0.2542	0.6667	4	0.146	0.224	0.188	0.599	0.165	0.264	0.121			360
SPECIES_GALARIAN_WEEZING	SPECIES_KOFFING	Maylene	proposal	0.7196	0.4479	0.9016	0.5882	6	0.461	0.475	0.972	0.486	0.633	0.605	0.651	phys_wall		360
SPECIES_GALARIAN_WEEZING	SPECIES_KOFFING	Maylene	today	0.6029	0.4479	0.7705	0.5588	6	0.246	0.475	0.907	0.469	0.633	0.546	0.568	phys_wall		360
SPECIES_GARGANACL	SPECIES_NACLI	Maylene	proposal	0.8174	0.1875	0.7213	0.8529	5	0.654	0.174	0.817	0.842	0.233	0.544	0.556	phys_wall,spec_wall		360
SPECIES_GARGANACL	SPECIES_NACLI	Maylene	today	0.7152	0.1875	0.6885	0.8235	5	0.463	0.174	0.76	0.807	0.233	0.487	0.478	phys_wall,spec_wall		360
SPECIES_GIRAFARIG	SPECIES_GIRAFARIG	Maylene	proposal	0.9077	0.7604	0.7258	0.8788	6	0.89	0.762	0.831	0.864	0.633	0.796	0.951	offense,speed,phys_wall,spec_wall,all_round		360
SPECIES_GIRAFARIG	SPECIES_GIRAFARIG	Maylene	today	0.9077	0.7604	0.7258	0.8788	6	0.901	0.762	0.838	0.869	0.633	0.801	0.954	offense,speed,phys_wall,spec_wall,all_round		360
SPECIES_GLIMMORA	SPECIES_GLIMMET	Maylene	proposal	0.7931	0.7604	0.7581	0.8485	3	0.61	0.762	0.882	0.828	0.117	0.64	0.706	speed,phys_wall,spec_wall		360
SPECIES_GLIMMORA	SPECIES_GLIMMET	Maylene	today	0.7931	0.7604	0.7581	0.8485	3	0.621	0.762	0.89	0.836	0.117	0.645	0.708	speed,phys_wall,spec_wall		360
SPECIES_GOTHITA	SPECIES_GOTHITA	Maylene	proposal	0.5749	0.3229	0.2742	0.3939	3	0.193	0.285	0.215	0.237	0.117	0.209	0.079		yes	360
SPECIES_GOTHITA	SPECIES_GOTHITA	Maylene	today	0.5749	0.3229	0.2742	0.3939	3	0.21	0.285	0.218	0.242	0.117	0.214	0.083		yes	360
SPECIES_GOTHORITA	SPECIES_GOTHITA	Maylene	proposal	0.6839	0.4062	0.6452	0.697	3	0.351	0.41	0.69	0.626	0.117	0.439	0.41			360
SPECIES_GOTHORITA	SPECIES_GOTHITA	Maylene	today	0.6839	0.4062	0.6452	0.697	3	0.376	0.41	0.688	0.633	0.117	0.445	0.421			360
SPECIES_GRENINJA	SPECIES_FROAKIE	Maylene	proposal	0.7875	0.9896	0.4516	0.6667	0	0.593	0.972	0.417	0.588	0.035	0.521	0.518	speed		360
SPECIES_GRENINJA	SPECIES_FROAKIE	Maylene	today	0.7811	0.9896	0.4516	0.6667	0	0.59	0.972	0.429	0.599	0.035	0.525	0.542	speed		360
SPECIES_HIPPOWDON	SPECIES_HIPPOPOTAS	Maylene	proposal	0.8935	0.3438	0.9194	0.8333	6	0.857	0.311	0.983	0.818	0.633	0.72	0.84	offense,phys_wall,spec_wall,all_round		360
SPECIES_HIPPOWDON	SPECIES_HIPPOPOTAS	Maylene	today	0.8854	0.3438	0.9194	0.8333	6	0.84	0.311	0.985	0.826	0.633	0.719	0.832	offense,phys_wall,spec_wall,all_round		360
SPECIES_INCINEROAR	SPECIES_LITTEN	Maylene	proposal	0.8346	0.4479	0.6721	0.9355	0	0.71	0.475	0.732	0.942	0.035	0.579	0.614	spec_wall		360
SPECIES_INCINEROAR	SPECIES_LITTEN	Maylene	today	0.8486	0.4479	0.6721	0.9355	0	0.743	0.475	0.738	0.942	0.035	0.587	0.625	spec_wall		360
SPECIES_JOLTEON	SPECIES_EEVEE	Maylene	proposal	0.8558	0.9896	0.6935	0.9667	6	0.754	0.972	0.774	0.974	0.633	0.821	0.974	offense,speed,phys_wall,spec_wall,all_round		360
SPECIES_JOLTEON	SPECIES_EEVEE	Maylene	today	0.8558	0.9896	0.6935	0.9667	6	0.762	0.972	0.779	0.974	0.633	0.824	0.976	offense,speed,phys_wall,spec_wall,all_round		360
SPECIES_KLEAVOR	SPECIES_SCYTHER	Maylene	proposal	0.8541	0.7604	0.7869	0.7647	3	0.749	0.762	0.908	0.714	0.117	0.65	0.718	speed,phys_wall		360
SPECIES_KLEAVOR	SPECIES_SCYTHER	Maylene	today	0.8536	0.7604	0.7869	0.7647	3	0.757	0.762	0.917	0.719	0.117	0.654	0.718	offense,speed,phys_wall		360
SPECIES_KOFFING	SPECIES_KOFFING	Maylene	proposal	0.668	0.1875	0.7869	0.3529	6	0.318	0.174	0.908	0.19	0.633	0.445	0.421	phys_wall	yes	360
SPECIES_KOFFING	SPECIES_KOFFING	Maylene	today	0.6298	0.1875	0.7377	0.3529	6	0.293	0.174	0.856	0.197	0.633	0.431	0.389	phys_wall	yes	360
SPECIES_LICKILICKY	SPECIES_LICKITUNG	Maylene	proposal	0.9223	0.3542	0.7213	0.9412	6	0.935	0.347	0.817	0.968	0.633	0.74	0.879	offense,phys_wall,spec_wall,all_round		360
SPECIES_LICKILICKY	SPECIES_LICKITUNG	Maylene	today	0.9223	0.3542	0.7213	0.9412	6	0.943	0.347	0.826	0.968	0.633	0.743	0.881	offense,phys_wall,spec_wall,all_round		360
SPECIES_LICKITUNG	SPECIES_LICKITUNG	Maylene	proposal	0.8059	0.125	0.7049	0.9118	6	0.635	0.099	0.797	0.924	0.633	0.618	0.66	phys_wall,spec_wall	yes	360
SPECIES_LICKITUNG	SPECIES_LICKITUNG	Maylene	today	0.8059	0.125	0.7049	0.9118	6	0.646	0.099	0.803	0.924	0.633	0.621	0.662	phys_wall,spec_wall	yes	360
SPECIES_LUDICOLO	SPECIES_LOTAD	Maylene	proposal	0.8889	0.5521	0.7581	0.8788	6	0.846	0.617	0.882	0.864	0.633	0.768	0.915	offense,phys_wall,spec_wall,all_round		360
SPECIES_LUDICOLO	SPECIES_LOTAD	Maylene	today	0.8889	0.5521	0.7581	0.8788	6	0.854	0.617	0.89	0.869	0.633	0.773	0.919	offense,phys_wall,spec_wall,all_round		360
SPECIES_LURANTIS	SPECIES_FOMANTIS	Maylene	proposal	0.6927	0.3229	0.619	0.625	4	0.374	0.285	0.643	0.535	0.165	0.4	0.342			360
SPECIES_LURANTIS	SPECIES_FOMANTIS	Maylene	today	0.6927	0.3229	0.619	0.625	4	0.39	0.285	0.644	0.535	0.165	0.404	0.35			360
SPECIES_MAGCARGO	SPECIES_SLUGMA	Maylene	proposal	0.9111	0.125	0.7213	0.8529	6	0.899	0.099	0.817	0.842	0.633	0.658	0.736	offense,phys_wall,spec_wall		360
SPECIES_MAGCARGO	SPECIES_SLUGMA	Maylene	today	0.9111	0.125	0.7213	0.8529	6	0.907	0.099	0.826	0.847	0.633	0.662	0.738	offense,phys_wall,spec_wall		360
SPECIES_MANKEY	SPECIES_MANKEY	Maylene	proposal	0.7779	0.5521	0.1935	0.2727	6	0.568	0.617	0.104	0.114	0.633	0.407	0.368		yes	360
SPECIES_MANKEY	SPECIES_MANKEY	Maylene	today	0.7779	0.5521	0.1935	0.2727	6	0.578	0.617	0.104	0.128	0.633	0.412	0.376		yes	360
SPECIES_MAREANIE	SPECIES_MAREANIE	Maylene	proposal	0.3828	0.3229	0.3279	0.3824	6	0.037	0.285	0.299	0.221	0.633	0.295	0.161		yes	360
SPECIES_MAREANIE	SPECIES_MAREANIE	Maylene	today	0.3975	0.3229	0.3607	0.3824	6	0.043	0.285	0.339	0.228	0.633	0.306	0.171		yes	360
SPECIES_MEDICHAM	SPECIES_MEDITITE	Maylene	proposal	0.9735	0.6771	0.7903	0.7273	6	0.996	0.699	0.918	0.671	0.633	0.783	0.938	offense,phys_wall,all_round		360
SPECIES_MEDICHAM	SPECIES_MEDITITE	Maylene	today	0.9735	0.6771	0.7903	0.7273	6	0.996	0.699	0.925	0.679	0.633	0.786	0.938	offense,phys_wall,all_round		360
SPECIES_MEOWSCARADA	SPECIES_SPRIGATITO	Maylene	proposal	0.7535	0.9896	0.4921	0.4828	1	0.518	0.972	0.493	0.358	0.081	0.484	0.468	speed		360
SPECIES_MEOWSCARADA	SPECIES_SPRIGATITO	Maylene	today	0.7535	0.9896	0.4921	0.4828	1	0.526	0.972	0.49	0.364	0.081	0.487	0.478	speed		360
SPECIES_MIENSHAO	SPECIES_MIENFOO	Maylene	proposal	0.8726	0.9583	0.5738	0.5588	0	0.81	0.915	0.585	0.453	0.035	0.56	0.583	offense,speed		360
SPECIES_MIENSHAO	SPECIES_MIENFOO	Maylene	today	0.8772	0.9583	0.5738	0.5588	0	0.829	0.915	0.588	0.469	0.035	0.567	0.604	offense,speed		360
SPECIES_NINETALES	SPECIES_VULPIX	Maylene	proposal	0.9093	0.9479	0.8361	0.9118	6	0.893	0.889	0.939	0.924	0.633	0.856	0.996	offense,speed,phys_wall,spec_wall,all_round		360
SPECIES_NINETALES	SPECIES_VULPIX	Maylene	today	0.9093	0.9479	0.8361	0.9118	6	0.904	0.889	0.947	0.924	0.633	0.859	0.996	offense,speed,phys_wall,spec_wall,all_round		360
SPECIES_PAWMOT	SPECIES_PAWMI	Maylene	proposal	0.8091	0.9583	0.7258	0.6333	0	0.637	0.915	0.831	0.539	0.035	0.591	0.635	speed,phys_wall		360
SPECIES_PAWMOT	SPECIES_PAWMI	Maylene	today	0.8091	0.9583	0.7258	0.6333	0	0.651	0.915	0.838	0.539	0.035	0.596	0.635	speed,phys_wall		360
SPECIES_POLIWRATH	SPECIES_POLIWAG	Maylene	proposal	0.8917	0.8333	0.7705	0.8824	6	0.851	0.811	0.897	0.874	0.633	0.813	0.971	offense,speed,phys_wall,spec_wall,all_round		360
SPECIES_POLIWRATH	SPECIES_POLIWAG	Maylene	today	0.8917	0.8333	0.7705	0.8824	6	0.86	0.811	0.907	0.882	0.633	0.819	0.974	offense,speed,phys_wall,spec_wall,all_round		360
SPECIES_PRIMARINA	SPECIES_POPPLIO	Maylene	proposal	0.816	0.4479	0.6066	0.8824	6	0.649	0.475	0.629	0.874	0.633	0.652	0.728	spec_wall		360
SPECIES_PRIMARINA	SPECIES_POPPLIO	Maylene	today	0.8369	0.4479	0.6066	0.8824	6	0.715	0.475	0.629	0.882	0.633	0.667	0.749	spec_wall		360
SPECIES_PRIMEAPE	SPECIES_MANKEY	Maylene	proposal	0.9135	0.8854	0.7869	0.9118	6	0.915	0.857	0.908	0.924	0.633	0.847	0.993	offense,speed,phys_wall,spec_wall,all_round		360
SPECIES_PRIMEAPE	SPECIES_MANKEY	Maylene	today	0.9135	0.8854	0.7869	0.9118	6	0.921	0.857	0.917	0.924	0.633	0.85	0.993	offense,speed,phys_wall,spec_wall,all_round		360
SPECIES_PURUGLY	SPECIES_GLAMEOW	Maylene	proposal	0.8715	0.9896	0.6721	0.8824	6	0.807	0.972	0.732	0.874	0.633	0.804	0.963	offense,speed,spec_wall,all_round		360
SPECIES_PURUGLY	SPECIES_GLAMEOW	Maylene	today	0.8715	0.9896	0.6721	0.8824	6	0.81	0.972	0.738	0.882	0.633	0.807	0.963	offense,speed,spec_wall,all_round		360
SPECIES_QWILFISH	SPECIES_QWILFISH	Maylene	proposal	0.7913	0.7604	0.7541	0.7059	6	0.601	0.762	0.875	0.646	0.633	0.703	0.811	speed,phys_wall,all_round		360
SPECIES_QWILFISH	SPECIES_QWILFISH	Maylene	today	0.7779	0.7604	0.7541	0.7059	6	0.578	0.762	0.883	0.653	0.633	0.702	0.807	speed,phys_wall,all_round		360
SPECIES_RAICHU	SPECIES_PICHU	Maylene	proposal	0.8648	0.9792	0.6613	0.9333	6	0.787	0.939	0.722	0.936	0.633	0.803	0.96	offense,speed,spec_wall,all_round		360
SPECIES_RAICHU	SPECIES_PICHU	Maylene	today	0.8626	0.9792	0.6613	0.9333	6	0.79	0.939	0.725	0.936	0.633	0.805	0.958	offense,speed,spec_wall,all_round		360
SPECIES_SCEPTILE	SPECIES_TREECKO	Maylene	proposal	0.8977	0.9896	0.5556	0.75	6	0.869	0.972	0.556	0.689	0.633	0.744	0.882	offense,speed,all_round		360
SPECIES_SCEPTILE	SPECIES_TREECKO	Maylene	today	0.8977	0.9896	0.5556	0.75	6	0.881	0.972	0.558	0.703	0.633	0.749	0.887	offense,speed,all_round		360
SPECIES_SCIZOR	SPECIES_SCYTHER	Maylene	proposal	0.9246	0.4896	0.7049	0.7941	6	0.938	0.547	0.797	0.765	0.633	0.736	0.869	offense,phys_wall,spec_wall,all_round		360
SPECIES_SCIZOR	SPECIES_SCYTHER	Maylene	today	0.9246	0.4896	0.7049	0.7941	6	0.946	0.547	0.803	0.769	0.633	0.74	0.875	offense,phys_wall,spec_wall,all_round		360
SPECIES_SCYTHER	SPECIES_SCYTHER	Maylene	proposal	0.8696	0.9583	0.5246	0.5294	6	0.801	0.915	0.532	0.41	0.633	0.658	0.736	offense,speed	yes	360
SPECIES_SCYTHER	SPECIES_SCYTHER	Maylene	today	0.8696	0.9583	0.5246	0.5294	6	0.804	0.915	0.533	0.418	0.633	0.661	0.735	offense,speed	yes	360
SPECIES_SERPERIOR	SPECIES_SNIVY	Maylene	proposal	0.596	0.9896	0.6667	0.5625	1	0.224	0.972	0.726	0.467	0.081	0.494	0.482	speed		360
SPECIES_SERPERIOR	SPECIES_SNIVY	Maylene	today	0.596	0.9896	0.6667	0.5625	1	0.232	0.972	0.732	0.486	0.081	0.501	0.501	speed		360
SPECIES_SKUNTANK	SPECIES_STUNKY	Maylene	proposal	0.8272	0.75	0.7869	0.9355	6	0.688	0.733	0.908	0.942	0.633	0.781	0.933	phys_wall,spec_wall,all_round		360
SPECIES_SKUNTANK	SPECIES_STUNKY	Maylene	today	0.8246	0.75	0.7869	0.9355	6	0.688	0.733	0.917	0.942	0.633	0.783	0.935	phys_wall,spec_wall,all_round		360
SPECIES_SLOWBRO	SPECIES_SLOWPOKE	Maylene	proposal	0.9291	0.125	0.8548	0.7879	6	0.943	0.099	0.956	0.75	0.633	0.676	0.76	offense,phys_wall,spec_wall,all_round		360
SPECIES_SLOWBRO	SPECIES_SLOWPOKE	Maylene	today	0.9276	0.125	0.8548	0.7879	6	0.951	0.099	0.963	0.754	0.633	0.68	0.771	offense,phys_wall,spec_wall,all_round		360
SPECIES_SLOWPOKE	SPECIES_SLOWPOKE	Maylene	proposal	0.7295	0.0417	0.4677	0.4545	6	0.476	0.031	0.45	0.311	0.633	0.38	0.289		yes	360
SPECIES_SLOWPOKE	SPECIES_SLOWPOKE	Maylene	today	0.7234	0.0417	0.4677	0.4545	6	0.49	0.031	0.456	0.317	0.633	0.385	0.3		yes	360
SPECIES_SLUGMA	SPECIES_SLUGMA	Maylene	proposal	0.7834	0.0417	0.7377	0.9118	6	0.578	0.031	0.849	0.924	0.633	0.603	0.649	phys_wall,spec_wall	yes	360
SPECIES_SLUGMA	SPECIES_SLUGMA	Maylene	today	0.7834	0.0417	0.7377	0.9118	6	0.597	0.031	0.856	0.924	0.633	0.608	0.651	phys_wall,spec_wall	yes	360
SPECIES_SNEASEL	SPECIES_SNEASEL	Maylene	proposal	0.708	0.9896	0.2742	0.4667	6	0.421	0.972	0.215	0.315	0.633	0.511	0.507	speed		360
SPECIES_SNEASEL	SPECIES_SNEASEL	Maylene	today	0.708	0.9896	0.2742	0.4667	6	0.438	0.972	0.218	0.324	0.633	0.517	0.522	speed		360
SPECIES_SNORLAX	SPECIES_MUNCHLAX	Maylene	proposal	0.9421	0.125	0.6935	0.9697	6	0.965	0.099	0.774	0.989	0.633	0.692	0.792	offense,phys_wall,spec_wall,all_round		360
SPECIES_SNORLAX	SPECIES_MUNCHLAX	Maylene	today	0.9421	0.125	0.6935	0.9697	6	0.963	0.099	0.779	0.989	0.633	0.693	0.797	offense,phys_wall,spec_wall,all_round		360
SPECIES_SPIRITOMB	SPECIES_SPIRITOMB	Maylene	proposal	0.856	0.1875	0.9649	0.9667	6	0.758	0.174	0.993	0.974	0.633	0.706	0.815	offense,phys_wall,spec_wall,all_round		360
SPECIES_SPIRITOMB	SPECIES_SPIRITOMB	Maylene	today	0.8525	0.1875	0.9649	0.9667	6	0.751	0.174	0.993	0.974	0.633	0.705	0.81	offense,phys_wall,spec_wall,all_round		360
SPECIES_STARAPTOR	SPECIES_STARLY	Maylene	proposal	0.9316	0.9583	0.6066	0.6176	6	0.949	0.915	0.629	0.521	0.633	0.729	0.854	offense,speed,all_round		360
SPECIES_STARAPTOR	SPECIES_STARLY	Maylene	today	0.9713	0.9583	0.623	0.6471	6	0.993	0.915	0.656	0.571	0.633	0.754	0.89	offense,speed,all_round		360
SPECIES_STARMIE	SPECIES_STARYU	Maylene	proposal	0.884	0.9896	0.5556	0.7188	6	0.829	0.972	0.556	0.66	0.633	0.73	0.858	offense,speed,all_round		360
SPECIES_STARMIE	SPECIES_STARYU	Maylene	today	0.884	0.9896	0.5556	0.7188	6	0.835	0.972	0.558	0.665	0.633	0.733	0.86	offense,speed,all_round		360
SPECIES_STARYU	SPECIES_STARYU	Maylene	proposal	0.698	0.7604	0.2623	0.3824	6	0.393	0.762	0.199	0.221	0.633	0.442	0.415	speed	yes	360
SPECIES_STARYU	SPECIES_STARYU	Maylene	today	0.698	0.7604	0.2623	0.3824	6	0.407	0.762	0.203	0.228	0.633	0.447	0.426	speed	yes	360
SPECIES_SWAMPERT	SPECIES_MUDKIP	Maylene	proposal	0.9149	0.4479	0.7258	0.7667	6	0.921	0.475	0.831	0.731	0.633	0.718	0.836	offense,phys_wall,all_round		360
SPECIES_SWAMPERT	SPECIES_MUDKIP	Maylene	today	0.9149	0.4479	0.7258	0.7667	6	0.929	0.475	0.838	0.736	0.633	0.722	0.842	offense,phys_wall,all_round		360
SPECIES_TALONFLAME	SPECIES_FLETCHLING	Maylene	proposal	0.623	0.9896	0.5738	0.6471	5	0.263	0.972	0.585	0.562	0.233	0.523	0.521	speed		360
SPECIES_TALONFLAME	SPECIES_FLETCHLING	Maylene	today	0.623	0.9896	0.5738	0.6471	5	0.282	0.972	0.588	0.571	0.233	0.529	0.546	speed		360
SPECIES_TANGELA	SPECIES_TANGELA	Maylene	proposal	0.8206	0.4479	0.7705	0.5588	6	0.671	0.475	0.897	0.453	0.633	0.626	0.674	phys_wall	yes	360
SPECIES_TANGELA	SPECIES_TANGELA	Maylene	today	0.8206	0.4479	0.7705	0.5588	6	0.676	0.475	0.907	0.469	0.633	0.632	0.675	phys_wall	yes	360
SPECIES_TANGROWTH	SPECIES_TANGELA	Maylene	proposal	0.9119	0.0312	0.9524	0.7188	6	0.901	0.007	0.99	0.66	0.633	0.638	0.699	offense,phys_wall		360
SPECIES_TANGROWTH	SPECIES_TANGELA	Maylene	today	0.9119	0.0312	0.9524	0.7188	6	0.912	0.007	0.99	0.665	0.633	0.641	0.694	offense,phys_wall		360
SPECIES_TOXAPEX	SPECIES_MAREANIE	Maylene	proposal	0.4289	0.1875	0.5246	0.5588	6	0.057	0.174	0.532	0.453	0.633	0.37	0.281			360
SPECIES_TOXAPEX	SPECIES_MAREANIE	Maylene	today	0.4446	0.1875	0.6066	0.5588	6	0.071	0.174	0.629	0.469	0.633	0.395	0.335			360
SPECIES_TOXICROAK	SPECIES_CROAGUNK	Maylene	proposal	0.9173	0.7604	0.7419	0.5455	6	0.926	0.762	0.863	0.431	0.633	0.723	0.846	offense,speed,phys_wall,all_round		360
SPECIES_TOXICROAK	SPECIES_CROAGUNK	Maylene	today	0.9173	0.7604	0.7419	0.5455	6	0.932	0.762	0.868	0.443	0.633	0.728	0.849	offense,speed,phys_wall,all_round		360
SPECIES_TRAPINCH	SPECIES_TRAPINCH	Maylene	proposal	0.8264	0.0312	0.2295	0.2903	6	0.685	0.007	0.154	0.122	0.633	0.32	0.197		yes	360
SPECIES_TRAPINCH	SPECIES_TRAPINCH	Maylene	today	0.8264	0.0312	0.2295	0.2903	6	0.69	0.007	0.158	0.136	0.633	0.325	0.201		yes	360
SPECIES_UNOWN	SPECIES_UNOWN	Maylene	proposal	0.0	0.3438	0.0	0.0	0	0.001	0.311	0.004	0.001	0.035	0.07	0.021			360
SPECIES_UNOWN	SPECIES_UNOWN	Maylene	today	0.0	0.3438	0.0	0.0	0	0.001	0.311	0.004	0.001	0.035	0.07	0.021			360
SPECIES_VAPOREON	SPECIES_EEVEE	Maylene	proposal	0.8207	0.4896	0.5873	0.875	6	0.674	0.547	0.603	0.86	0.633	0.663	0.744	spec_wall		360
SPECIES_VAPOREON	SPECIES_EEVEE	Maylene	today	0.8207	0.4896	0.5873	0.875	6	0.679	0.547	0.603	0.863	0.633	0.665	0.744	spec_wall		360
SPECIES_VIBRAVA	SPECIES_TRAPINCH	Maylene	proposal	0.8335	0.9479	0.3934	0.5	6	0.7	0.889	0.369	0.382	0.633	0.595	0.64	speed		360
SPECIES_VIBRAVA	SPECIES_TRAPINCH	Maylene	today	0.8335	0.9479	0.3934	0.5	6	0.703	0.889	0.374	0.392	0.633	0.598	0.643	speed		360
SPECIES_VIKAVOLT	SPECIES_GRUBBIN	Maylene	proposal	0.8412	0.2812	0.871	0.7879	5	0.722	0.263	0.965	0.75	0.233	0.587	0.626	phys_wall,spec_wall		360
SPECIES_VIKAVOLT	SPECIES_GRUBBIN	Maylene	today	0.7219	0.2812	0.7903	0.697	5	0.482	0.263	0.925	0.633	0.233	0.507	0.512	phys_wall		360
SPECIES_WEEZING	SPECIES_KOFFING	Maylene	proposal	0.8508	0.4479	0.918	0.8529	6	0.738	0.475	0.978	0.842	0.633	0.733	0.864	phys_wall,spec_wall,all_round		360
SPECIES_WEEZING	SPECIES_KOFFING	Maylene	today	0.8397	0.4479	0.918	0.8529	6	0.724	0.475	0.981	0.847	0.633	0.732	0.856	phys_wall,spec_wall,all_round		360
SPECIES_YANMA	SPECIES_YANMA	Maylene	proposal	0.6907	0.8854	0.2787	0.3824	6	0.36	0.857	0.231	0.221	0.633	0.46	0.435	speed	yes	360
SPECIES_YANMA	SPECIES_YANMA	Maylene	today	0.6907	0.8854	0.2787	0.3824	6	0.385	0.857	0.233	0.228	0.633	0.467	0.446	speed	yes	360
SPECIES_YANMEGA	SPECIES_YANMA	Maylene	proposal	0.8595	0.8854	0.6557	0.5588	6	0.768	0.857	0.71	0.453	0.633	0.684	0.772	offense,speed,all_round		360
SPECIES_YANMEGA	SPECIES_YANMA	Maylene	today	0.8595	0.8854	0.6557	0.5588	6	0.774	0.857	0.708	0.469	0.633	0.688	0.785	offense,speed,all_round		360
SPECIES_ABOMASNOW	SPECIES_SNOVER	Wake	proposal	0.9386	0.451	0.625	0.6863	6	0.987	0.47	0.746	0.756	0.633	0.718	0.85	offense,spec_wall,all_round		410
SPECIES_ABOMASNOW	SPECIES_SNOVER	Wake	today	0.9386	0.451	0.625	0.6863	6	0.987	0.47	0.746	0.761	0.633	0.719	0.843	offense,spec_wall,all_round		410
SPECIES_ABSOL	SPECIES_ABSOL	Wake	proposal	0.896	0.8105	0.5612	0.4255	6	0.95	0.852	0.648	0.427	0.633	0.702	0.806	offense,speed,all_round		410
SPECIES_ABSOL	SPECIES_ABSOL	Wake	today	0.896	0.8105	0.5612	0.4255	6	0.95	0.852	0.643	0.429	0.633	0.701	0.805	offense,speed,all_round		410
SPECIES_ALAKAZAM	SPECIES_ABRA	Wake	proposal	0.8654	0.9542	0.31	0.5957	6	0.906	0.977	0.255	0.67	0.633	0.688	0.78	offense,speed,all_round		410
SPECIES_ALAKAZAM	SPECIES_ABRA	Wake	today	0.8654	0.9542	0.31	0.5957	6	0.91	0.977	0.26	0.672	0.633	0.69	0.777	offense,speed,all_round		410
SPECIES_ARMALDO	SPECIES_ANORITH	Wake	proposal	0.8079	0.268	0.6667	0.5185	6	0.757	0.283	0.794	0.557	0.633	0.605	0.641	offense,phys_wall		410
SPECIES_ARMALDO	SPECIES_ANORITH	Wake	today	0.8079	0.268	0.6667	0.5185	6	0.772	0.283	0.791	0.559	0.633	0.608	0.65	offense,phys_wall		410
SPECIES_BLISSEY	SPECIES_HAPPINY	Wake	proposal	0.7959	0.3987	0.3592	1.0	6	0.73	0.404	0.35	0.998	0.633	0.623	0.672	spec_wall		410
SPECIES_BLISSEY	SPECIES_HAPPINY	Wake	today	0.7959	0.3987	0.3592	1.0	6	0.743	0.404	0.352	0.998	0.633	0.626	0.682	spec_wall		410
SPECIES_CHANDELURE	SPECIES_LITWICK	Wake	proposal	0.7533	0.6797	0.5	0.4898	5	0.649	0.695	0.56	0.52	0.212	0.527	0.521			410
SPECIES_CHANDELURE	SPECIES_LITWICK	Wake	today	0.7533	0.6797	0.5	0.4898	5	0.651	0.695	0.562	0.524	0.212	0.529	0.528			410
SPECIES_CINCCINO	SPECIES_MINCCINO	Wake	proposal	0.6455	0.9281	0.5579	0.5192	6	0.37	0.96	0.639	0.561	0.633	0.633	0.694	speed		410
SPECIES_CINCCINO	SPECIES_MINCCINO	Wake	today	0.6455	0.9281	0.5579	0.5192	6	0.379	0.96	0.635	0.563	0.633	0.634	0.696	speed		410
SPECIES_CLOBBOPUS	SPECIES_CLOBBOPUS	Wake	proposal	0.5914	0.1634	0.2632	0.2308	6	0.272	0.132	0.14	0.072	0.633	0.25	0.111		yes	410
SPECIES_CLOBBOPUS	SPECIES_CLOBBOPUS	Wake	today	0.454	0.1634	0.2316	0.2308	6	0.072	0.132	0.06	0.077	0.633	0.195	0.065		yes	410
SPECIES_CORVIKNIGHT	SPECIES_ROOKIDEE	Wake	proposal	0.7326	0.5098	0.8696	0.8182	5	0.573	0.582	0.966	0.887	0.212	0.644	0.709	phys_wall,spec_wall		410
SPECIES_CORVIKNIGHT	SPECIES_ROOKIDEE	Wake	today	0.7326	0.5098	0.8696	0.8182	5	0.578	0.582	0.966	0.891	0.212	0.646	0.709	phys_wall,spec_wall		410
SPECIES_CRADILY	SPECIES_LILEEP	Wake	proposal	0.8122	0.2418	0.8211	0.9423	6	0.77	0.251	0.93	0.972	0.633	0.711	0.828	offense,phys_wall,spec_wall,all_round		410
SPECIES_CRADILY	SPECIES_LILEEP	Wake	today	0.8122	0.2418	0.8211	0.9423	6	0.777	0.251	0.93	0.972	0.633	0.713	0.828	offense,phys_wall,spec_wall,all_round		410
SPECIES_CROBAT	SPECIES_ZUBAT	Wake	proposal	0.6897	0.9673	0.625	0.6078	6	0.477	0.988	0.746	0.685	0.633	0.706	0.813	speed,all_round		410
SPECIES_CROBAT	SPECIES_ZUBAT	Wake	today	0.6897	0.9673	0.625	0.6078	6	0.484	0.988	0.746	0.688	0.633	0.708	0.816	speed,all_round		410
SPECIES_DRAPION	SPECIES_SKORUPI	Wake	proposal	0.7063	0.8105	0.8229	0.7143	6	0.513	0.852	0.933	0.798	0.633	0.746	0.89	speed,phys_wall,spec_wall,all_round		410
SPECIES_DRAPION	SPECIES_SKORUPI	Wake	today	0.7059	0.8105	0.8229	0.7143	6	0.518	0.852	0.933	0.798	0.633	0.747	0.888	speed,phys_wall,spec_wall,all_round		410
SPECIES_FERROSEED	SPECIES_FERROSEED	Wake	proposal	0.556	0.0131	0.5217	0.6182	2	0.204	0.01	0.579	0.691	0.083	0.313	0.196		yes	410
SPECIES_FERROSEED	SPECIES_FERROSEED	Wake	today	0.5489	0.0131	0.5217	0.6182	2	0.211	0.01	0.587	0.696	0.083	0.317	0.205		yes	410
SPECIES_FERROTHORN	SPECIES_FERROSEED	Wake	proposal	0.7231	0.085	0.6923	0.8036	2	0.552	0.039	0.816	0.874	0.083	0.473	0.444	phys_wall,spec_wall		410
SPECIES_FERROTHORN	SPECIES_FERROSEED	Wake	today	0.7098	0.085	0.6813	0.7857	2	0.535	0.039	0.807	0.867	0.083	0.466	0.435	phys_wall,spec_wall		410
SPECIES_FLORGES	SPECIES_FLABEBE	Wake	proposal	0.6723	0.6078	0.6263	0.8333	4	0.43	0.654	0.75	0.907	0.138	0.576	0.599	phys_wall,spec_wall		410
SPECIES_FLORGES	SPECIES_FLABEBE	Wake	today	0.6723	0.6078	0.6263	0.8333	4	0.44	0.654	0.75	0.91	0.138	0.578	0.599	phys_wall,spec_wall		410
SPECIES_GALARIAN_MR_MIME	SPECIES_GALARIAN_MR_MIME	Wake	proposal	0.7439	0.8301	0.3	0.5319	2	0.616	0.884	0.239	0.582	0.083	0.481	0.452	speed	yes	410
SPECIES_GALARIAN_MR_MIME	SPECIES_GALARIAN_MR_MIME	Wake	today	0.7439	0.8301	0.3	0.5319	2	0.63	0.884	0.241	0.582	0.083	0.484	0.456	speed	yes	410
SPECIES_GENGAR	SPECIES_GASTLY	Wake	proposal	0.9064	0.9085	0.3667	0.4706	6	0.97	0.94	0.366	0.494	0.633	0.681	0.77	offense,speed,all_round		410
SPECIES_GENGAR	SPECIES_GASTLY	Wake	today	0.8964	0.9085	0.3667	0.4706	6	0.952	0.94	0.37	0.498	0.633	0.679	0.765	offense,speed,all_round		410
SPECIES_GLALIE	SPECIES_SNORUNT	Wake	proposal	0.7654	0.8301	0.4896	0.5098	6	0.673	0.884	0.549	0.549	0.633	0.658	0.726	speed		410
SPECIES_GLALIE	SPECIES_SNORUNT	Wake	today	0.7654	0.8301	0.4896	0.5098	6	0.683	0.884	0.551	0.549	0.633	0.66	0.728	speed		410
SPECIES_GLISCOR	SPECIES_GLIGAR	Wake	proposal	0.732	0.8105	0.6778	0.5263	6	0.566	0.852	0.804	0.57	0.633	0.685	0.774	speed,phys_wall,all_round		410
SPECIES_GLISCOR	SPECIES_GLIGAR	Wake	today	0.732	0.8105	0.6778	0.5263	6	0.571	0.852	0.804	0.572	0.633	0.686	0.774	speed,phys_wall,all_round		410
SPECIES_GOLEM	SPECIES_GEODUDE	Wake	proposal	0.9031	0.268	0.5341	0.4068	6	0.962	0.283	0.615	0.404	0.633	0.579	0.604	offense		410
SPECIES_GOLEM	SPECIES_GEODUDE	Wake	today	0.9031	0.268	0.5341	0.4068	6	0.965	0.283	0.615	0.409	0.633	0.581	0.606	offense		410
SPECIES_GOOMY	SPECIES_GOOMY	Wake	proposal	0.4152	0.2288	0.2727	0.2955	1	0.043	0.22	0.17	0.218	0.061	0.142	0.029		yes	410
SPECIES_GOOMY	SPECIES_GOOMY	Wake	today	0.3515	0.2288	0.2626	0.2045	1	0.03	0.22	0.14	0.046	0.061	0.099	0.023		yes	410
SPECIES_GOTHITELLE	SPECIES_GOTHITA	Wake	proposal	0.6536	0.4967	0.83	0.7556	3	0.389	0.543	0.937	0.835	0.105	0.562	0.565	phys_wall,spec_wall		410
SPECIES_GOTHITELLE	SPECIES_GOTHITA	Wake	today	0.6536	0.4967	0.83	0.7556	3	0.396	0.543	0.937	0.838	0.105	0.564	0.57	phys_wall,spec_wall		410
SPECIES_GRAPPLOCT	SPECIES_CLOBBOPUS	Wake	proposal	0.7611	0.2418	0.7579	0.6346	6	0.665	0.251	0.88	0.702	0.633	0.626	0.679	phys_wall		410
SPECIES_GRAPPLOCT	SPECIES_CLOBBOPUS	Wake	today	0.6184	0.2418	0.6737	0.5577	6	0.328	0.251	0.799	0.617	0.633	0.526	0.526	phys_wall		410
SPECIES_HISUIAN_SLIGGOO	SPECIES_GOOMY	Wake	proposal	0.5855	0.2288	0.5579	0.7021	4	0.26	0.22	0.639	0.777	0.138	0.407	0.355	spec_wall		410
SPECIES_HISUIAN_SLIGGOO	SPECIES_GOOMY	Wake	today	0.5349	0.2288	0.5368	0.6383	4	0.167	0.22	0.618	0.713	0.138	0.371	0.311			410
SPECIES_HORSEA	SPECIES_HORSEA	Wake	proposal	0.5833	0.451	0.3043	0.2182	6	0.252	0.47	0.248	0.055	0.633	0.332	0.226		yes	410
SPECIES_HORSEA	SPECIES_HORSEA	Wake	today	0.5833	0.451	0.3043	0.2182	6	0.262	0.47	0.25	0.06	0.633	0.335	0.237		yes	410
SPECIES_JELLICENT	SPECIES_FRILLISH	Wake	proposal	0.54	0.451	0.5556	0.6522	4	0.174	0.47	0.634	0.716	0.138	0.426	0.379			410
SPECIES_JELLICENT	SPECIES_FRILLISH	Wake	today	0.54	0.451	0.5556	0.6522	4	0.187	0.47	0.632	0.721	0.138	0.43	0.382			410
SPECIES_KABUTOPS	SPECIES_KABUTO	Wake	proposal	0.7826	0.6797	0.6237	0.5	6	0.704	0.695	0.743	0.538	0.633	0.663	0.732			410
SPECIES_KABUTOPS	SPECIES_KABUTO	Wake	today	0.7809	0.6797	0.6237	0.5	6	0.721	0.695	0.743	0.539	0.633	0.666	0.737			410
SPECIES_KINGDRA	SPECIES_HORSEA	Wake	proposal	0.7652	0.7124	0.8958	0.9412	6	0.67	0.754	0.982	0.968	0.633	0.801	0.972	speed,phys_wall,spec_wall,all_round		410
SPECIES_KINGDRA	SPECIES_HORSEA	Wake	today	0.7652	0.7124	0.8958	0.9412	6	0.679	0.754	0.982	0.968	0.633	0.803	0.974	speed,phys_wall,spec_wall,all_round		410
SPECIES_LAMPENT	SPECIES_LITWICK	Wake	proposal	0.639	0.3987	0.3889	0.3922	5	0.352	0.404	0.398	0.387	0.212	0.351	0.273		yes	410
SPECIES_LAMPENT	SPECIES_LITWICK	Wake	today	0.639	0.3987	0.3889	0.3922	5	0.36	0.404	0.404	0.389	0.212	0.354	0.279		yes	410
SPECIES_MACHAMP	SPECIES_MACHOP	Wake	proposal	0.9154	0.3987	0.7812	0.7647	6	0.982	0.404	0.902	0.843	0.633	0.753	0.911	offense,phys_wall,spec_wall,all_round		410
SPECIES_MACHAMP	SPECIES_MACHOP	Wake	today	0.915	0.3987	0.7812	0.7647	6	0.979	0.404	0.905	0.845	0.633	0.753	0.907	offense,phys_wall,spec_wall,all_round		410
SPECIES_MAMOSWINE	SPECIES_SWINUB	Wake	proposal	0.8564	0.6797	0.5435	0.5636	6	0.887	0.695	0.627	0.623	0.633	0.693	0.787	offense,all_round		410
SPECIES_MAMOSWINE	SPECIES_SWINUB	Wake	today	0.8564	0.6797	0.5435	0.5636	6	0.891	0.695	0.626	0.632	0.633	0.695	0.787	offense,all_round		410
SPECIES_MANAPHY	SPECIES_MANAPHY	Wake	proposal	0.7802	0.8301	0.875	0.8431	6	0.696	0.884	0.972	0.92	0.633	0.821	0.991	speed,phys_wall,spec_wall,all_round		410
SPECIES_MANAPHY	SPECIES_MANAPHY	Wake	today	0.7802	0.8301	0.875	0.8431	6	0.716	0.884	0.972	0.922	0.633	0.825	0.991	speed,phys_wall,spec_wall,all_round		410
SPECIES_MIME_JR	SPECIES_MIME_JR	Wake	proposal	0.7036	0.451	0.2574	0.3261	6	0.509	0.47	0.106	0.289	0.633	0.401	0.339		yes	410
SPECIES_MIME_JR	SPECIES_MIME_JR	Wake	today	0.689	0.451	0.2574	0.3261	6	0.482	0.47	0.109	0.287	0.633	0.396	0.34		yes	410
SPECIES_MR_MIME	SPECIES_MIME_JR	Wake	proposal	0.8551	0.7712	0.83	0.9574	6	0.884	0.806	0.937	0.974	0.633	0.847	0.999	offense,speed,phys_wall,spec_wall,all_round		410
SPECIES_MR_MIME	SPECIES_MIME_JR	Wake	today	0.8487	0.7712	0.83	0.9574	6	0.872	0.806	0.937	0.974	0.633	0.844	0.996	offense,speed,phys_wall,spec_wall,all_round		410
SPECIES_MR_RIME	SPECIES_GALARIAN_MR_MIME	Wake	proposal	0.8126	0.549	0.5758	0.8333	2	0.772	0.611	0.67	0.907	0.083	0.609	0.648	offense,spec_wall		410
SPECIES_MR_RIME	SPECIES_GALARIAN_MR_MIME	Wake	today	0.8126	0.549	0.5758	0.8333	2	0.779	0.611	0.667	0.91	0.083	0.61	0.652	offense,spec_wall		410
SPECIES_OMASTAR	SPECIES_OMANYTE	Wake	proposal	0.7878	0.3987	0.6667	0.5439	6	0.711	0.404	0.794	0.599	0.633	0.628	0.685	phys_wall		410
SPECIES_OMASTAR	SPECIES_OMANYTE	Wake	today	0.7775	0.3987	0.6667	0.5439	6	0.709	0.404	0.791	0.599	0.633	0.627	0.687	phys_wall		410
SPECIES_PALOSSAND	SPECIES_SANDYGAST	Wake	proposal	0.7	0.1765	0.5233	0.3774	4	0.499	0.163	0.584	0.372	0.138	0.351	0.273			410
SPECIES_PALOSSAND	SPECIES_SANDYGAST	Wake	today	0.642	0.1765	0.4535	0.3585	4	0.373	0.163	0.474	0.339	0.138	0.297	0.173			410
SPECIES_POLITOED	SPECIES_POLIWAG	Wake	proposal	0.784	0.7712	0.75	0.8367	6	0.706	0.806	0.877	0.912	0.633	0.787	0.96	speed,phys_wall,spec_wall,all_round		410
SPECIES_POLITOED	SPECIES_POLIWAG	Wake	today	0.784	0.7712	0.75	0.8367	6	0.728	0.806	0.882	0.915	0.633	0.793	0.962	speed,phys_wall,spec_wall,all_round		410
SPECIES_RAPIDASH	SPECIES_PONYTA	Wake	proposal	0.8128	0.9085	0.5104	0.5686	6	0.774	0.94	0.567	0.633	0.633	0.709	0.823	offense,speed,all_round		410
SPECIES_RAPIDASH	SPECIES_PONYTA	Wake	today	0.8128	0.9085	0.5104	0.5686	6	0.782	0.94	0.571	0.643	0.633	0.714	0.833	offense,speed,all_round		410
SPECIES_RHYDON	SPECIES_RHYHORN	Wake	proposal	0.9043	0.2288	0.5341	0.3729	6	0.967	0.22	0.615	0.366	0.633	0.56	0.56	offense		410
SPECIES_RHYDON	SPECIES_RHYHORN	Wake	today	0.9109	0.2288	0.5341	0.3729	6	0.974	0.22	0.615	0.366	0.633	0.562	0.563	offense		410
SPECIES_ROSERADE	SPECIES_BUDEW	Wake	proposal	0.8893	0.7712	0.4227	0.64	6	0.94	0.806	0.433	0.711	0.633	0.705	0.811	offense,speed,all_round		410
SPECIES_ROSERADE	SPECIES_BUDEW	Wake	today	0.8751	0.7712	0.4227	0.64	6	0.935	0.806	0.44	0.716	0.633	0.706	0.811	offense,speed,all_round		410
SPECIES_SEADRA	SPECIES_HORSEA	Wake	proposal	0.7407	0.7124	0.6882	0.4074	6	0.611	0.754	0.813	0.406	0.633	0.643	0.705	speed,phys_wall	yes	410
SPECIES_SEADRA	SPECIES_HORSEA	Wake	today	0.7407	0.7124	0.6882	0.4074	6	0.623	0.754	0.823	0.411	0.633	0.649	0.715	speed,phys_wall	yes	410
SPECIES_SEALEO	SPECIES_SPHEAL	Wake	proposal	0.6358	0.268	0.5833	0.5294	6	0.349	0.283	0.685	0.577	0.633	0.505	0.491		yes	410
SPECIES_SEALEO	SPECIES_SPHEAL	Wake	today	0.632	0.268	0.5833	0.5294	6	0.355	0.283	0.683	0.578	0.633	0.506	0.494		yes	410
SPECIES_SKORUPI	SPECIES_SKORUPI	Wake	proposal	0.477	0.4967	0.3656	0.2593	6	0.091	0.543	0.361	0.133	0.633	0.352	0.277		yes	410
SPECIES_SKORUPI	SPECIES_SKORUPI	Wake	today	0.4767	0.4967	0.3656	0.2593	6	0.1	0.543	0.363	0.135	0.633	0.355	0.282		yes	410
SPECIES_SLIGGOO	SPECIES_GOOMY	Wake	proposal	0.5349	0.451	0.4545	0.6364	1	0.157	0.47	0.477	0.709	0.061	0.375	0.318			410
SPECIES_SLIGGOO	SPECIES_GOOMY	Wake	today	0.4545	0.451	0.3838	0.4545	1	0.079	0.47	0.391	0.479	0.061	0.296	0.17			410
SPECIES_SLOWKING	SPECIES_SLOWPOKE	Wake	proposal	0.8048	0.1569	0.8	0.8511	6	0.754	0.1	0.913	0.93	0.633	0.666	0.738	offense,phys_wall,spec_wall		410
SPECIES_SLOWKING	SPECIES_SLOWPOKE	Wake	today	0.8048	0.1569	0.8	0.8511	6	0.768	0.1	0.916	0.934	0.633	0.67	0.74	offense,phys_wall,spec_wall		410
SPECIES_SPHEAL	SPECIES_SPHEAL	Wake	proposal	0.5474	0.1046	0.299	0.3	6	0.196	0.065	0.234	0.233	0.633	0.272	0.13		yes	410
SPECIES_SPHEAL	SPECIES_SPHEAL	Wake	today	0.5469	0.1046	0.299	0.3	6	0.206	0.065	0.237	0.233	0.633	0.275	0.135		yes	410
SPECIES_TOGEKISS	SPECIES_TOGEPI	Wake	proposal	0.8746	0.6797	0.7083	0.8431	6	0.926	0.695	0.841	0.92	0.633	0.803	0.974	offense,phys_wall,spec_wall,all_round		410
SPECIES_TOGEKISS	SPECIES_TOGEPI	Wake	today	0.864	0.6797	0.7083	0.8431	6	0.904	0.695	0.85	0.922	0.633	0.801	0.972	offense,phys_wall,spec_wall,all_round		410
SPECIES_WAILORD	SPECIES_WAILMER	Wake	proposal	0.8137	0.0065	0.8889	0.9792	6	0.777	0.002	0.979	0.991	0.633	0.676	0.761	offense,phys_wall,spec_wall,all_round		410
SPECIES_WAILORD	SPECIES_WAILMER	Wake	today	0.8427	0.0065	0.8889	0.9792	6	0.855	0.002	0.979	0.991	0.633	0.692	0.78	offense,phys_wall,spec_wall,all_round		410
SPECIES_WALREIN	SPECIES_SPHEAL	Wake	proposal	0.7857	0.4967	0.8854	0.9608	6	0.709	0.543	0.976	0.983	0.633	0.769	0.939	phys_wall,spec_wall,all_round		410
SPECIES_WALREIN	SPECIES_SPHEAL	Wake	today	0.783	0.4967	0.8854	0.9608	6	0.726	0.543	0.976	0.983	0.633	0.772	0.94	phys_wall,spec_wall,all_round		410
SPECIES_ANNIHILAPE	SPECIES_MANKEY	Byron	proposal	0.8541	0.8603	0.814	0.8478	1	0.865	0.795	0.965	0.942	0.059	0.725	0.871	offense,speed,phys_wall,spec_wall,all_round		442
SPECIES_ANNIHILAPE	SPECIES_MANKEY	Byron	today	0.8198	0.8603	0.814	0.8478	1	0.818	0.795	0.965	0.942	0.059	0.716	0.847	offense,speed,phys_wall,spec_wall,all_round		442
SPECIES_ARMAROUGE	SPECIES_CHARCADET	Byron	proposal	0.8403	0.6691	0.6882	0.5116	5	0.838	0.65	0.888	0.596	0.218	0.638	0.71	offense,phys_wall		442
SPECIES_ARMAROUGE	SPECIES_CHARCADET	Byron	today	0.7953	0.6691	0.6774	0.5116	5	0.768	0.65	0.882	0.598	0.219	0.623	0.674	offense,phys_wall		442
SPECIES_CLOYSTER	SPECIES_SHELLDER	Byron	proposal	0.7395	0.6029	0.7283	0.3864	6	0.639	0.603	0.915	0.462	0.635	0.651	0.732	phys_wall		442
SPECIES_CLOYSTER	SPECIES_SHELLDER	Byron	today	0.7395	0.6029	0.7283	0.3864	6	0.646	0.603	0.916	0.462	0.636	0.653	0.742	phys_wall		442
SPECIES_ESPEON	SPECIES_EEVEE	Byron	proposal	0.7695	0.9485	0.3505	0.6923	6	0.714	0.936	0.422	0.8	0.635	0.701	0.838	speed,spec_wall,all_round		442
SPECIES_ESPEON	SPECIES_EEVEE	Byron	today	0.7695	0.9485	0.3505	0.6923	6	0.721	0.936	0.422	0.802	0.636	0.703	0.84	speed,spec_wall,all_round		442
SPECIES_FLYGON	SPECIES_TRAPINCH	Byron	proposal	0.8649	0.8971	0.5532	0.7381	6	0.897	0.878	0.722	0.852	0.635	0.797	0.972	offense,speed,spec_wall,all_round		442
SPECIES_FLYGON	SPECIES_TRAPINCH	Byron	today	0.8648	0.8971	0.5532	0.7381	6	0.897	0.878	0.722	0.852	0.636	0.797	0.968	offense,speed,spec_wall,all_round		442
SPECIES_FROSLASS	SPECIES_SNORUNT	Byron	proposal	0.7974	0.9485	0.4	0.5	6	0.764	0.936	0.501	0.58	0.635	0.683	0.793	offense,speed,all_round		442
SPECIES_FROSLASS	SPECIES_SNORUNT	Byron	today	0.7974	0.9485	0.4	0.5	6	0.773	0.936	0.501	0.583	0.636	0.686	0.8	offense,speed,all_round		442
SPECIES_GALLADE	SPECIES_RALTS	Byron	proposal	0.9378	0.7647	0.5851	0.9524	6	0.985	0.689	0.751	0.983	0.635	0.809	0.981	offense,phys_wall,spec_wall,all_round		442
SPECIES_GALLADE	SPECIES_RALTS	Byron	today	0.9378	0.7647	0.5851	0.9524	6	0.985	0.689	0.755	0.985	0.636	0.81	0.981	offense,phys_wall,spec_wall,all_round		442
SPECIES_GARCHOMP	SPECIES_GIBLE	Byron	proposal	0.8686	0.9265	0.7312	0.8837	6	0.913	0.893	0.917	0.96	0.635	0.864	0.999	offense,speed,phys_wall,spec_wall,all_round		442
SPECIES_GARCHOMP	SPECIES_GIBLE	Byron	today	0.8698	0.9265	0.7312	0.8837	6	0.915	0.893	0.92	0.965	0.636	0.866	0.999	offense,speed,phys_wall,spec_wall,all_round		442
SPECIES_GOODRA	SPECIES_GOOMY	Byron	proposal	0.6236	0.7647	0.5521	0.95	1	0.37	0.689	0.715	0.976	0.059	0.562	0.562	spec_wall		442
SPECIES_GOODRA	SPECIES_GOOMY	Byron	today	0.5388	0.7647	0.5312	0.9	1	0.219	0.689	0.696	0.969	0.059	0.526	0.525	spec_wall		442
SPECIES_HAKAMO_O	SPECIES_JANGMO_O	Byron	proposal	0.6402	0.5294	0.4457	0.5581	3	0.402	0.534	0.553	0.655	0.104	0.45	0.415		yes	442
SPECIES_HAKAMO_O	SPECIES_JANGMO_O	Byron	today	0.6402	0.5294	0.4457	0.5581	3	0.411	0.534	0.553	0.662	0.104	0.453	0.415		yes	442
SPECIES_HAWLUCHA	SPECIES_HAWLUCHA	Byron	proposal	0.8234	0.9853	0.4674	0.4773	6	0.818	0.977	0.583	0.557	0.635	0.714	0.845	offense,speed,all_round		442
SPECIES_HAWLUCHA	SPECIES_HAWLUCHA	Byron	today	0.8234	0.9853	0.4674	0.4773	5	0.828	0.977	0.583	0.561	0.219	0.634	0.706	offense,speed		442
SPECIES_HISUIAN_GOODRA	SPECIES_GOOMY	Byron	proposal	0.6437	0.4485	0.6064	0.9286	4	0.408	0.458	0.785	0.974	0.144	0.554	0.552	phys_wall,spec_wall		442
SPECIES_HISUIAN_GOODRA	SPECIES_GOOMY	Byron	today	0.6437	0.4485	0.6064	0.9286	4	0.415	0.458	0.785	0.979	0.144	0.556	0.557	phys_wall,spec_wall		442
SPECIES_JANGMO_O	SPECIES_JANGMO_O	Byron	proposal	0.4319	0.2721	0.2826	0.2093	3	0.094	0.271	0.339	0.303	0.104	0.222	0.085		yes	442
SPECIES_JANGMO_O	SPECIES_JANGMO_O	Byron	today	0.4319	0.2721	0.2826	0.2093	3	0.096	0.271	0.344	0.309	0.104	0.225	0.085		yes	442
SPECIES_KOMMO_O	SPECIES_JANGMO_O	Byron	proposal	0.844	0.8088	0.75	0.814	3	0.843	0.75	0.928	0.915	0.104	0.708	0.84	offense,speed,phys_wall,spec_wall,all_round		442
SPECIES_KOMMO_O	SPECIES_JANGMO_O	Byron	today	0.8038	0.8088	0.7283	0.814	3	0.791	0.75	0.916	0.913	0.104	0.695	0.82	offense,speed,phys_wall,spec_wall,all_round		442
SPECIES_LARVESTA	SPECIES_LARVESTA	Byron	proposal	0.5169	0.4485	0.2609	0.2273	0	0.191	0.458	0.317	0.322	0.024	0.262	0.112			442
SPECIES_LARVESTA	SPECIES_LARVESTA	Byron	today	0.4699	0.4485	0.2065	0.2273	0	0.13	0.458	0.259	0.327	0.024	0.24	0.095			442
SPECIES_LUCARIO	SPECIES_RIOLU	Byron	proposal	0.9381	0.8603	0.4624	0.5581	6	0.988	0.795	0.572	0.655	0.635	0.729	0.881	offense,speed,all_round		442
SPECIES_LUCARIO	SPECIES_RIOLU	Byron	today	0.9424	0.8603	0.4624	0.5581	6	0.988	0.795	0.57	0.662	0.636	0.73	0.88	offense,speed,all_round		442
SPECIES_LUNATONE	SPECIES_LUNATONE	Byron	proposal	0.7585	0.6029	0.5263	0.439	6	0.678	0.603	0.684	0.529	0.635	0.626	0.681			442
SPECIES_LUNATONE	SPECIES_LUNATONE	Byron	today	0.7538	0.6029	0.5158	0.439	6	0.673	0.603	0.656	0.529	0.636	0.619	0.662			442
SPECIES_MAGNEMITE	SPECIES_MAGNEMITE	Byron	proposal	0.7063	0.2721	0.3696	0.25	6	0.546	0.271	0.458	0.357	0.635	0.453	0.42		yes	442
SPECIES_MAGNEMITE	SPECIES_MAGNEMITE	Byron	today	0.7063	0.2721	0.3696	0.25	6	0.558	0.271	0.456	0.363	0.636	0.457	0.42		yes	442
SPECIES_MAGNETON	SPECIES_MAGNEMITE	Byron	proposal	0.8267	0.6029	0.4674	0.5	6	0.829	0.603	0.583	0.58	0.635	0.646	0.727	offense	yes	442
SPECIES_MAGNETON	SPECIES_MAGNEMITE	Byron	today	0.8267	0.6029	0.4674	0.5	6	0.84	0.603	0.583	0.583	0.636	0.649	0.739	offense	yes	442
SPECIES_MAGNEZONE	SPECIES_MAGNEMITE	Byron	proposal	0.8524	0.4485	0.766	0.7381	6	0.861	0.458	0.945	0.852	0.635	0.75	0.904	offense,phys_wall,spec_wall,all_round		442
SPECIES_MAGNEZONE	SPECIES_MAGNEMITE	Byron	today	0.8524	0.4485	0.766	0.7381	6	0.872	0.458	0.945	0.852	0.636	0.753	0.907	offense,phys_wall,spec_wall,all_round		442
SPECIES_MAWILE	SPECIES_MAWILE	Byron	proposal	0.7714	0.3603	0.7582	0.7556	6	0.716	0.33	0.94	0.868	0.635	0.698	0.828	phys_wall,spec_wall,all_round		442
SPECIES_MAWILE	SPECIES_MAWILE	Byron	today	0.7714	0.3603	0.7582	0.7556	6	0.723	0.33	0.94	0.868	0.636	0.699	0.828	phys_wall,spec_wall,all_round		442
SPECIES_METAGROSS	SPECIES_BELDUM	Byron	proposal	0.9078	0.6029	0.8132	0.9111	6	0.96	0.603	0.963	0.967	0.635	0.826	0.99	offense,phys_wall,spec_wall,all_round		442
SPECIES_METAGROSS	SPECIES_BELDUM	Byron	today	0.9078	0.6029	0.8132	0.9111	6	0.965	0.603	0.963	0.974	0.636	0.828	0.991	offense,phys_wall,spec_wall,all_round		442
SPECIES_METANG	SPECIES_BELDUM	Byron	proposal	0.7286	0.3603	0.5934	0.7111	6	0.596	0.33	0.766	0.827	0.635	0.631	0.693	phys_wall,spec_wall	yes	442
SPECIES_METANG	SPECIES_BELDUM	Byron	today	0.7286	0.3603	0.5934	0.7111	6	0.607	0.33	0.766	0.827	0.636	0.633	0.7	phys_wall,spec_wall	yes	442
SPECIES_RELICANTH	SPECIES_RELICANTH	Byron	proposal	0.681	0.4118	0.6813	0.4444	6	0.485	0.389	0.881	0.533	0.635	0.585	0.589	phys_wall		442
SPECIES_RELICANTH	SPECIES_RELICANTH	Byron	today	0.681	0.4118	0.6813	0.4444	6	0.497	0.389	0.886	0.536	0.636	0.589	0.6	phys_wall		442
SPECIES_RHYPERIOR	SPECIES_RHYHORN	Byron	proposal	0.9298	0.2426	0.8333	0.3261	6	0.981	0.208	0.981	0.421	0.635	0.645	0.724	offense,phys_wall		442
SPECIES_RHYPERIOR	SPECIES_RHYHORN	Byron	today	0.9298	0.2426	0.8333	0.3261	6	0.983	0.208	0.981	0.419	0.636	0.645	0.73	offense,phys_wall		442
SPECIES_RIOLU	SPECIES_RIOLU	Byron	proposal	0.7361	0.4485	0.1522	0.0227	6	0.628	0.458	0.164	0.016	0.635	0.38	0.302		yes	442
SPECIES_RIOLU	SPECIES_RIOLU	Byron	today	0.7361	0.4485	0.1522	0.0227	6	0.635	0.458	0.166	0.016	0.636	0.382	0.302		yes	442
SPECIES_SHELLDER	SPECIES_SHELLDER	Byron	proposal	0.4937	0.2426	0.3222	0.1739	6	0.16	0.208	0.386	0.244	0.635	0.327	0.214		yes	442
SPECIES_SHELLDER	SPECIES_SHELLDER	Byron	today	0.4937	0.2426	0.3222	0.1739	6	0.164	0.208	0.39	0.249	0.636	0.329	0.217		yes	442
SPECIES_SKARMORY	SPECIES_SKARMORY	Byron	proposal	0.516	0.6029	0.6739	0.6364	6	0.187	0.603	0.874	0.738	0.635	0.607	0.64	phys_wall		442
SPECIES_SKARMORY	SPECIES_SKARMORY	Byron	today	0.516	0.6029	0.6739	0.6364	6	0.196	0.603	0.877	0.74	0.636	0.61	0.637	phys_wall		442
SPECIES_SOLROCK	SPECIES_SOLROCK	Byron	proposal	0.8006	0.6029	0.6452	0.2326	6	0.77	0.603	0.838	0.333	0.635	0.636	0.704	offense,phys_wall		442
SPECIES_SOLROCK	SPECIES_SOLROCK	Byron	today	0.8006	0.6029	0.6452	0.2326	6	0.777	0.603	0.843	0.339	0.636	0.64	0.717	offense,phys_wall		442
SPECIES_TOGEDEMARU	SPECIES_TOGEDEMARU	Byron	proposal	0.7335	0.8897	0.4891	0.6136	1	0.62	0.847	0.612	0.712	0.059	0.57	0.567	speed		442
SPECIES_TOGEDEMARU	SPECIES_TOGEDEMARU	Byron	today	0.7335	0.8897	0.4891	0.6136	1	0.628	0.847	0.614	0.718	0.059	0.573	0.569	speed		442
SPECIES_TURTONATOR	SPECIES_TURTONATOR	Byron	proposal	0.6571	0.1838	0.6703	0.6889	3	0.445	0.178	0.87	0.788	0.104	0.477	0.451	phys_wall,spec_wall		442
SPECIES_TURTONATOR	SPECIES_TURTONATOR	Byron	today	0.6571	0.1838	0.6703	0.6889	3	0.451	0.178	0.872	0.791	0.104	0.479	0.454	phys_wall,spec_wall		442
SPECIES_WEAVILE	SPECIES_SNEASEL	Byron	proposal	0.8037	0.9853	0.2632	0.4	6	0.779	0.977	0.321	0.48	0.635	0.638	0.71	offense,speed		442
SPECIES_WEAVILE	SPECIES_SNEASEL	Byron	today	0.8037	0.9853	0.2632	0.4	6	0.788	0.977	0.324	0.481	0.636	0.641	0.721	offense,speed		442
SPECIES_DELIBIRD	SPECIES_DELIBIRD	Candice	proposal	0.527	0.7703	0.2439	0.0968	6	0.353	0.881	0.44	0.352	0.635	0.532	0.51	speed		449
SPECIES_DELIBIRD	SPECIES_DELIBIRD	Candice	today	0.527	0.7703	0.2439	0.0968	6	0.355	0.881	0.44	0.352	0.636	0.533	0.507	speed		449
SPECIES_DUSKNOIR	SPECIES_DUSKULL	Candice	proposal	0.6837	0.0946	0.9167	0.9412	6	0.687	0.267	0.999	0.992	0.635	0.716	0.873	phys_wall,spec_wall,all_round		449
SPECIES_DUSKNOIR	SPECIES_DUSKULL	Candice	today	0.6837	0.0946	0.9167	0.9412	6	0.692	0.267	0.999	0.992	0.636	0.717	0.885	phys_wall,spec_wall,all_round		449
SPECIES_LAPRAS	SPECIES_LAPRAS	Candice	proposal	0.7002	0.2162	0.4634	0.871	6	0.718	0.457	0.714	0.974	0.635	0.7	0.837	spec_wall,all_round		449
SPECIES_LAPRAS	SPECIES_LAPRAS	Candice	today	0.7002	0.2162	0.4634	0.871	6	0.727	0.457	0.714	0.977	0.636	0.702	0.847	spec_wall,all_round		449
SPECIES_MANDIBUZZ	SPECIES_VULLABY	Candice	proposal	0.3688	0.473	0.2439	0.2667	5	0.124	0.697	0.44	0.599	0.217	0.415	0.367			449
SPECIES_MANDIBUZZ	SPECIES_VULLABY	Candice	today	0.3407	0.473	0.1707	0.2	5	0.081	0.697	0.35	0.519	0.218	0.373	0.293			449
SPECIES_RUNERIGUS	SPECIES_YAMASK	Candice	proposal	0.5624	0.0405	0.7297	0.3333	5	0.424	0.097	0.965	0.674	0.217	0.475	0.433	phys_wall		449
SPECIES_RUNERIGUS	SPECIES_YAMASK	Candice	today	0.5624	0.0405	0.7297	0.3333	5	0.429	0.097	0.965	0.674	0.218	0.477	0.431	phys_wall		449
SPECIES_SUICUNE	SPECIES_SUICUNE	Candice	proposal	0.5913	0.5	0.7073	0.8387	6	0.464	0.751	0.958	0.968	0.635	0.755	0.957	speed,phys_wall,spec_wall,all_round		449
SPECIES_SUICUNE	SPECIES_SUICUNE	Candice	today	0.5913	0.5	0.7073	0.8387	6	0.469	0.751	0.958	0.968	0.636	0.756	0.953	speed,phys_wall,spec_wall,all_round		449
SPECIES_TYRANITAR	SPECIES_LARVITAR	Candice	proposal	0.8949	0.2432	0.5238	0.5862	6	0.972	0.493	0.814	0.857	0.635	0.754	0.953	offense,phys_wall,spec_wall,all_round		449
SPECIES_TYRANITAR	SPECIES_LARVITAR	Candice	today	0.8949	0.2432	0.5238	0.5862	6	0.977	0.493	0.817	0.857	0.636	0.756	0.953	offense,phys_wall,spec_wall,all_round		449
SPECIES_VOLCARONA	SPECIES_LARVESTA	HQ	proposal	0.6788	0.8286	0.4	0.6667	0	0.619	0.88	0.689	0.898	0.024	0.622	0.649	speed,spec_wall		450
SPECIES_VOLCARONA	SPECIES_LARVESTA	HQ	today	0.6765	0.8286	0.4	0.6667	0	0.621	0.88	0.69	0.899	0.024	0.623	0.658	speed,spec_wall		450
SPECIES_GIRATINA	SPECIES_GIRATINA	Galactic	proposal	0.8563	0.7077	0.9397	0.9737	6	0.875	0.793	0.997	0.99	0.633	0.858	0.999	offense,speed,phys_wall,spec_wall,all_round		452
SPECIES_GIRATINA	SPECIES_GIRATINA	Galactic	today	0.8563	0.7077	0.9397	0.9737	6	0.882	0.793	0.997	0.99	0.634	0.859	0.999	offense,speed,phys_wall,spec_wall,all_round		452
SPECIES_MELOETTA	SPECIES_MELOETTA	Galactic	proposal	0.741	0.7077	0.5625	0.9848	2	0.603	0.793	0.793	0.992	0.075	0.651	0.718	speed,phys_wall,spec_wall		452
SPECIES_MELOETTA	SPECIES_MELOETTA	Galactic	today	0.741	0.7077	0.5625	0.9848	2	0.616	0.793	0.795	0.992	0.075	0.654	0.727	speed,phys_wall,spec_wall		452
SPECIES_ARTICUNO	SPECIES_ARTICUNO	Volkner	proposal	0.7196	0.5833	0.4667	0.35	6	0.568	0.737	0.776	0.582	0.633	0.659	0.784	phys_wall,all_round		455
SPECIES_ARTICUNO	SPECIES_ARTICUNO	Volkner	today	0.7113	0.5833	0.4667	0.35	6	0.555	0.737	0.778	0.585	0.634	0.658	0.77	phys_wall,all_round		455
SPECIES_CRESSELIA	SPECIES_CRESSELIA	Volkner	proposal	0.5967	0.5833	0.9333	0.9	6	0.364	0.737	0.999	0.938	0.633	0.734	0.911	phys_wall,spec_wall,all_round		455
SPECIES_CRESSELIA	SPECIES_CRESSELIA	Volkner	today	0.5867	0.5833	0.9333	0.9	6	0.357	0.737	0.999	0.938	0.634	0.733	0.911	phys_wall,spec_wall,all_round		455
SPECIES_PHEROMOSA	SPECIES_PHEROMOSA	Volkner	proposal	0.7475	0.9722	0.0	0.0	5	0.63	0.996	0.068	0.065	0.215	0.395	0.315	speed		455
SPECIES_PHEROMOSA	SPECIES_PHEROMOSA	Volkner	today	0.7005	0.9722	0.0	0.0	5	0.54	0.996	0.068	0.065	0.216	0.377	0.291	speed		455
