location,map_or_file,species,method,level,conditions,origin,on_pick_list
Route 201,scripts_route_201.s,SPECIES_TURTWIG,starter,5,"chosen from Rowan's briefcase; once per game; the operand is a variable (GivePokemon 32768), the three options are in src/choose_starter/choose_starter_app.c",vanilla,yes
Route 201,scripts_route_201.s,SPECIES_CHIMCHAR,starter,5,"chosen from Rowan's briefcase; once per game; the operand is a variable (GivePokemon 32768), the three options are in src/choose_starter/choose_starter_app.c",vanilla,no
Route 201,scripts_route_201.s,SPECIES_PIPLUP,starter,5,"chosen from Rowan's briefcase; once per game; the operand is a variable (GivePokemon 32768), the three options are in src/choose_starter/choose_starter_app.c",vanilla,yes
Canalave Library,scripts_canalave_library_2f.s,SPECIES_DUGTRIO,gift,50,"clown gift, one of seven rolled at random (GetRandom 7); repeatable, no flag guard",base-rom,no
Canalave Library,scripts_canalave_library_2f.s,SPECIES_BANETTE,gift,50,"clown gift, one of seven rolled at random (GetRandom 7); repeatable, no flag guard",base-rom,no
Canalave Library,scripts_canalave_library_2f.s,SPECIES_HARIYAMA,gift,50,"clown gift, one of seven rolled at random (GetRandom 7); repeatable, no flag guard",base-rom,yes
Canalave Library,scripts_canalave_library_2f.s,SPECIES_AGGRON,gift,50,"clown gift, one of seven rolled at random (GetRandom 7); repeatable, no flag guard",base-rom,no
Canalave Library,scripts_canalave_library_2f.s,SPECIES_DRAPION,gift,50,"clown gift, one of seven rolled at random (GetRandom 7); repeatable, no flag guard",base-rom,yes
Canalave Library,scripts_canalave_library_2f.s,SPECIES_DUSCLOPS,gift,50,"clown gift, one of seven rolled at random (GetRandom 7); repeatable, no flag guard",base-rom,yes
Canalave Library,scripts_canalave_library_2f.s,SPECIES_PRIMEAPE,gift,50,"clown gift, one of seven rolled at random (GetRandom 7); repeatable, no flag guard",base-rom,yes
Eterna City,scripts_eterna_city.s,SPECIES_TOGEPI,egg gift,11,Egg from the Pokemon Day Care worker outside the city; once only,vanilla,yes
Eterna City,scripts_eterna_city_condominiums_1f.s,SPECIES_SLUGMA,gift,23,"clown gift, one of three rolled at random; repeatable, no flag guard",base-rom,yes
Eterna City,scripts_eterna_city_condominiums_1f.s,SPECIES_NUMEL,gift,23,"clown gift, one of three rolled at random; repeatable, no flag guard",base-rom,no
Eterna City,scripts_eterna_city_condominiums_1f.s,SPECIES_TORKOAL,gift,23,"clown gift, one of three rolled at random; repeatable, no flag guard",base-rom,no
Floaroma Meadow,scripts_floaroma_meadow_house.s,SPECIES_COMBEE,gift,18,"clown gift, one of three rolled at random; repeatable, no flag guard",base-rom,yes
Floaroma Meadow,scripts_floaroma_meadow_house.s,SPECIES_CHERUBI,gift,18,"clown gift, one of three rolled at random; repeatable, no flag guard",base-rom,no
Floaroma Meadow,scripts_floaroma_meadow_house.s,SPECIES_PACHIRISU,gift,18,"clown gift, one of three rolled at random; repeatable, no flag guard",base-rom,yes
Floaroma Town,scripts_floaroma_town_middle_house.s,SPECIES_MURKROW,gift,18,"clown gift, one of four rolled at random; repeatable, no flag guard",base-rom,no
Floaroma Town,scripts_floaroma_town_middle_house.s,SPECIES_POOCHYENA,gift,18,"clown gift, one of four rolled at random; repeatable, no flag guard",base-rom,yes
Floaroma Town,scripts_floaroma_town_middle_house.s,SPECIES_SEEDOT,gift,18,"clown gift, one of four rolled at random; repeatable, no flag guard",base-rom,yes
Floaroma Town,scripts_floaroma_town_middle_house.s,SPECIES_STUNKY,gift,18,"clown gift, one of four rolled at random; repeatable, no flag guard",base-rom,yes
Hearthome City,scripts_hearthome_city_northwest_house.s,SPECIES_EEVEE,gift,20,"gift from the woman in the house; once only (FLAG_RECEIVED_...EEVEE), cleared again by the post-game Trades/Gifts Reset",vanilla,yes
Hearthome City,scripts_hearthome_city_pokemon_fan_club.s,SPECIES_BULBASAUR,gift,30,"pick one of the nine Kanto/Johto/Hoenn starters from a list menu; repeatable, no flag guard",base-rom,no
Hearthome City,scripts_hearthome_city_pokemon_fan_club.s,SPECIES_CHARMANDER,gift,30,"pick one of the nine Kanto/Johto/Hoenn starters from a list menu; repeatable, no flag guard",base-rom,yes
Hearthome City,scripts_hearthome_city_pokemon_fan_club.s,SPECIES_SQUIRTLE,gift,30,"pick one of the nine Kanto/Johto/Hoenn starters from a list menu; repeatable, no flag guard",base-rom,yes
Hearthome City,scripts_hearthome_city_pokemon_fan_club.s,SPECIES_CHIKORITA,gift,30,"pick one of the nine Kanto/Johto/Hoenn starters from a list menu; repeatable, no flag guard",base-rom,no
Hearthome City,scripts_hearthome_city_pokemon_fan_club.s,SPECIES_CYNDAQUIL,gift,30,"pick one of the nine Kanto/Johto/Hoenn starters from a list menu; repeatable, no flag guard",base-rom,no
Hearthome City,scripts_hearthome_city_pokemon_fan_club.s,SPECIES_TOTODILE,gift,30,"pick one of the nine Kanto/Johto/Hoenn starters from a list menu; repeatable, no flag guard",base-rom,no
Hearthome City,scripts_hearthome_city_pokemon_fan_club.s,SPECIES_TREECKO,gift,30,"pick one of the nine Kanto/Johto/Hoenn starters from a list menu; repeatable, no flag guard",base-rom,yes
Hearthome City,scripts_hearthome_city_pokemon_fan_club.s,SPECIES_TORCHIC,gift,30,"pick one of the nine Kanto/Johto/Hoenn starters from a list menu; repeatable, no flag guard",base-rom,yes
Hearthome City,scripts_hearthome_city_pokemon_fan_club.s,SPECIES_MUDKIP,gift,30,"pick one of the nine Kanto/Johto/Hoenn starters from a list menu; repeatable, no flag guard",base-rom,yes
Jubilife City,scripts_jubilife_city_south_house_1f.s,SPECIES_GLAMEOW,gift,10,"clown gift, one of three rolled at random; repeatable, no flag guard",base-rom,yes
Jubilife City,scripts_jubilife_city_south_house_1f.s,SPECIES_SKITTY,gift,10,"clown gift, one of three rolled at random; repeatable, no flag guard",base-rom,yes
Jubilife City,scripts_jubilife_city_south_house_1f.s,SPECIES_MEOWTH,gift,10,"clown gift, one of three rolled at random; repeatable, no flag guard",base-rom,no
Oreburgh City,scripts_oreburgh_city_middle_house.s,SPECIES_ODDISH,gift,15,"clown gift, one of three rolled at random; repeatable, no flag guard",base-rom,no
Oreburgh City,scripts_oreburgh_city_middle_house.s,SPECIES_BELLSPROUT,gift,15,"clown gift, one of three rolled at random; repeatable, no flag guard",base-rom,no
Oreburgh City,scripts_oreburgh_city_middle_house.s,SPECIES_CACNEA,gift,15,"clown gift, one of three rolled at random; repeatable, no flag guard",base-rom,no
Pastoria City,scripts_pastoria_city_north_house.s,SPECIES_KINGLER,gift,45,"clown gift; the roll is GetRandom 3 but six branches exist, so only the first three (Kingler, Remoraid, Relicanth) can come out; repeatable, no flag guard",base-rom,no
Pastoria City,scripts_pastoria_city_north_house.s,SPECIES_REMORAID,gift,45,"clown gift; the roll is GetRandom 3 but six branches exist, so only the first three (Kingler, Remoraid, Relicanth) can come out; repeatable, no flag guard",base-rom,no
Pastoria City,scripts_pastoria_city_north_house.s,SPECIES_RELICANTH,gift,45,"clown gift; the roll is GetRandom 3 but six branches exist, so only the first three (Kingler, Remoraid, Relicanth) can come out; repeatable, no flag guard",base-rom,no
Pastoria City,scripts_pastoria_city_north_house.s,SPECIES_POLITOED,gift,45,"clown gift; the roll is GetRandom 3 but six branches exist, so only the first three (Kingler, Remoraid, Relicanth) can come out; repeatable, no flag guard",base-rom,no
Pastoria City,scripts_pastoria_city_north_house.s,SPECIES_DEWGONG,gift,45,"clown gift; the roll is GetRandom 3 but six branches exist, so only the first three (Kingler, Remoraid, Relicanth) can come out; repeatable, no flag guard",base-rom,no
Pastoria City,scripts_pastoria_city_north_house.s,SPECIES_SEADRA,gift,45,"clown gift; the roll is GetRandom 3 but six branches exist, so only the first three (Kingler, Remoraid, Relicanth) can come out; repeatable, no flag guard",base-rom,no
Pokémon Day Care,scripts_pokemon_day_care.s,SPECIES_DITTO,gift,30,"the Day Care man hands it over on a yes/no prompt with no flag guard, so it is repeatable without limit; holds 229",base-rom,no
Pokémon Mansion,scripts_pokemon_mansion_office.s,SPECIES_MANAPHY,egg gift,8,"Egg from the Mansion's owner; once only (FLAG_UNK_0x0A65), cleared again by the post-game Trades/Gifts Reset; vanilla only ever gave this through Mystery Gift",base-rom,yes
Sandgem Town,scripts_sandgem_town_house.s,SPECIES_VENONAT,gift,5,"pick one of three from a list menu; repeatable, no flag guard",base-rom,no
Sandgem Town,scripts_sandgem_town_house.s,SPECIES_EKANS,gift,5,"pick one of three from a list menu; repeatable, no flag guard",base-rom,no
Sandgem Town,scripts_sandgem_town_house.s,SPECIES_GULPIN,gift,5,"pick one of three from a list menu; repeatable, no flag guard",base-rom,no
Solaceon Town,scripts_solaceon_town_northeast_house.s,SPECIES_NATU,gift,30,"clown gift, one of three rolled at random; repeatable, no flag guard",base-rom,no
Solaceon Town,scripts_solaceon_town_northeast_house.s,SPECIES_TRAPINCH,gift,30,"clown gift, one of three rolled at random; repeatable, no flag guard",base-rom,yes
Solaceon Town,scripts_solaceon_town_northeast_house.s,SPECIES_CLAMPERL,gift,30,"clown gift, one of three rolled at random; repeatable, no flag guard",base-rom,no
Jubilife City,scripts_unused_jubilife_city_south_house_3f.s,SPECIES_GLAMEOW,gift,8,a third-floor copy of the Jubilife clown; check the map is reachable before counting it,base-rom,yes
Jubilife City,scripts_unused_jubilife_city_south_house_3f.s,SPECIES_SKITTY,gift,8,a third-floor copy of the Jubilife clown; check the map is reachable before counting it,base-rom,yes
Jubilife City,scripts_unused_jubilife_city_south_house_3f.s,SPECIES_MEOWTH,gift,8,a third-floor copy of the Jubilife clown; check the map is reachable before counting it,base-rom,no
Veilstone City,scripts_veilstone_city_northeast_house.s,SPECIES_SHUCKLE,gift,40,"clown gift, one of three rolled at random; repeatable, no flag guard",base-rom,no
Veilstone City,scripts_veilstone_city_northeast_house.s,SPECIES_PINSIR,gift,40,"clown gift, one of three rolled at random; repeatable, no flag guard",base-rom,no
Veilstone City,scripts_veilstone_city_northeast_house.s,SPECIES_MASQUERAIN,gift,40,"clown gift, one of three rolled at random; repeatable, no flag guard",base-rom,yes
Veilstone City,scripts_veilstone_city_northeast_house.s,SPECIES_PORYGON,gift,25,"clown gift, one of three rolled at random; repeatable, no flag guard",vanilla,no
Mining Museum,scripts_mining_museum.s,SPECIES_AERODACTYL,fossil,20,"revive ITEM_OLD_AMBER at the Oreburgh Mining Museum; the fossil comes from the Underground or a route; repeatable, one at a time; the script's operand is VAR_REVIVED_POKEMON_SPECIES and the item-to-species table is src/scrcmd_fossil.c",vanilla,no
Mining Museum,scripts_mining_museum.s,SPECIES_OMANYTE,fossil,20,"revive ITEM_HELIX_FOSSIL at the Oreburgh Mining Museum; the fossil comes from the Underground or a route; repeatable, one at a time; the script's operand is VAR_REVIVED_POKEMON_SPECIES and the item-to-species table is src/scrcmd_fossil.c",vanilla,no
Mining Museum,scripts_mining_museum.s,SPECIES_KABUTO,fossil,20,"revive ITEM_DOME_FOSSIL at the Oreburgh Mining Museum; the fossil comes from the Underground or a route; repeatable, one at a time; the script's operand is VAR_REVIVED_POKEMON_SPECIES and the item-to-species table is src/scrcmd_fossil.c",vanilla,no
Mining Museum,scripts_mining_museum.s,SPECIES_LILEEP,fossil,20,"revive ITEM_ROOT_FOSSIL at the Oreburgh Mining Museum; the fossil comes from the Underground or a route; repeatable, one at a time; the script's operand is VAR_REVIVED_POKEMON_SPECIES and the item-to-species table is src/scrcmd_fossil.c",vanilla,yes
Mining Museum,scripts_mining_museum.s,SPECIES_ANORITH,fossil,20,"revive ITEM_CLAW_FOSSIL at the Oreburgh Mining Museum; the fossil comes from the Underground or a route; repeatable, one at a time; the script's operand is VAR_REVIVED_POKEMON_SPECIES and the item-to-species table is src/scrcmd_fossil.c",vanilla,no
Mining Museum,scripts_mining_museum.s,SPECIES_SHIELDON,fossil,20,"revive ITEM_ARMOR_FOSSIL at the Oreburgh Mining Museum; the fossil comes from the Underground or a route; repeatable, one at a time; the script's operand is VAR_REVIVED_POKEMON_SPECIES and the item-to-species table is src/scrcmd_fossil.c",vanilla,yes
Mining Museum,scripts_mining_museum.s,SPECIES_CRANIDOS,fossil,20,"revive ITEM_SKULL_FOSSIL at the Oreburgh Mining Museum; the fossil comes from the Underground or a route; repeatable, one at a time; the script's operand is VAR_REVIVED_POKEMON_SPECIES and the item-to-species table is src/scrcmd_fossil.c",vanilla,yes
Oreburgh City,res/npc_trades/kazza_abra.json,SPECIES_DITTO,in-game trade,(traded mon's level),"trade away SPECIES_MACHOP to get it; once only; OT Hilary, holds ITEM_DESTINY_KNOT; vanilla gave SPECIES_ABRA holding ITEM_ORAN_BERRY",base-rom,no
Eterna City,res/npc_trades/charap_chatot.json,SPECIES_CHATOT,in-game trade,(traded mon's level),"trade away SPECIES_BUIZEL to get it; once only; OT Norton, holds ITEM_LEPPA_BERRY",vanilla,no
Snowpoint City,res/npc_trades/gaspar_haunter.json,SPECIES_GENGAR,in-game trade,(traded mon's level),"trade away SPECIES_MEDICHAM to get it; once only; OT Mindy, holds ITEM_EVERSTONE; vanilla gave SPECIES_HAUNTER holding ITEM_EVERSTONE",base-rom,no
Route 226,res/npc_trades/foppa_magikarp.json,SPECIES_MAGIKARP,in-game trade,(traded mon's level),"trade away SPECIES_FINNEON to get it; once only; OT Meister, holds ITEM_LUM_BERRY",vanilla,yes
Acuity Cavern,scripts_acuity_cavern.s,SPECIES_UXIE,static battle,50,"after the Galactic plot at Lake Acuity; once, unless the post-game Legendary Reset is used",vanilla,yes
Distortion World,scripts_distortion_world_giratina_room.s,SPECIES_GIRATINA,static battle,47,the story battle in the Distortion World; Origin Forme; once,vanilla,yes
Flower Paradise,scripts_flower_paradise.s,SPECIES_SHAYMIN,static battle,30,"needs Oak's Letter and the Seabreak Path; in vanilla the Letter was a Mystery Gift item, here the Sandgem lab hands it over with the National Dex",vanilla,yes
Hall of Origin,scripts_hall_of_origin.s,SPECIES_ARCEUS,static battle,80,"needs the Azure Flute at the Spear Pillar; in vanilla the Flute was never distributed, here the Sandgem lab hands it over with the National Dex",vanilla,yes
Iceberg Ruins,scripts_iceberg_ruins.s,SPECIES_REGICE,static battle,30,"the Snowpoint Temple Regi puzzle, post-game",vanilla,yes
Iron Ruins,scripts_iron_ruins.s,SPECIES_REGISTEEL,static battle,30,"the Iron Island Regi puzzle, post-game",vanilla,yes
Newmoon Island,scripts_newmoon_island_forest.s,SPECIES_DARKRAI,static battle,50,"needs the Member Card for the Canalave sailor; in vanilla the Card was a Mystery Gift item, here the Sandgem lab hands it over with the National Dex",vanilla,yes
Old Chateau,scripts_old_chateau_back_middle_west_room.s,SPECIES_ROTOM,static battle,20,"the TV in the Old Chateau, once per day (FLAG_DAILY_BATTLED_OLD_CHATEAU_ROTOM)",vanilla,yes
Rock Peak Ruins,scripts_rock_peak_ruins.s,SPECIES_REGIROCK,static battle,30,"the Route 228 Regi puzzle, post-game",vanilla,yes
Route 209,scripts_route_209.s,SPECIES_SPIRITOMB,static battle,25,"put an Odd Keystone in the Hallowed Tower, talk to 32 Underground players, then check the tower; once",vanilla,yes
Snowpoint Temple,scripts_snowpoint_temple_b5f.s,SPECIES_REGIGIGAS,static battle,1,"at the bottom of Snowpoint Temple with Regirock, Regice and Registeel in the party; level 1",vanilla,yes
Spear Pillar,scripts_spear_pillar_dialga.s,SPECIES_DIALGA,static battle,70,the story battle at the Spear Pillar,vanilla,yes
Spear Pillar,scripts_spear_pillar_palkia.s,SPECIES_PALKIA,static battle,70,the story battle at the Spear Pillar,vanilla,yes
Stark Mountain,scripts_stark_mountain_room_3.s,SPECIES_HEATRAN,static battle,50,after the Stark Mountain / Buck story; once,vanilla,yes
Turnback Cave,scripts_turnback_cave_giratina_room.s,SPECIES_GIRATINA,static battle,47,"Turnback Cave, after the Distortion World; Altered Forme",vanilla,yes
Twinleaf Town,scripts_twinleaf_town.s,SPECIES_MEWTWO,static battle,70,"the esper NPC in Twinleaf Town offers all fifteen from a list menu once the Hall of Fame is entered (CheckGameCompleted); no flag is set afterwards, so each of them is repeatable without limit",base-rom,no
Twinleaf Town,scripts_twinleaf_town.s,SPECIES_MEW,static battle,70,"the esper NPC in Twinleaf Town offers all fifteen from a list menu once the Hall of Fame is entered (CheckGameCompleted); no flag is set afterwards, so each of them is repeatable without limit",base-rom,no
Twinleaf Town,scripts_twinleaf_town.s,SPECIES_RAIKOU,static battle,70,"the esper NPC in Twinleaf Town offers all fifteen from a list menu once the Hall of Fame is entered (CheckGameCompleted); no flag is set afterwards, so each of them is repeatable without limit",base-rom,no
Twinleaf Town,scripts_twinleaf_town.s,SPECIES_ENTEI,static battle,70,"the esper NPC in Twinleaf Town offers all fifteen from a list menu once the Hall of Fame is entered (CheckGameCompleted); no flag is set afterwards, so each of them is repeatable without limit",base-rom,no
Twinleaf Town,scripts_twinleaf_town.s,SPECIES_SUICUNE,static battle,70,"the esper NPC in Twinleaf Town offers all fifteen from a list menu once the Hall of Fame is entered (CheckGameCompleted); no flag is set afterwards, so each of them is repeatable without limit",base-rom,yes
Twinleaf Town,scripts_twinleaf_town.s,SPECIES_LUGIA,static battle,70,"the esper NPC in Twinleaf Town offers all fifteen from a list menu once the Hall of Fame is entered (CheckGameCompleted); no flag is set afterwards, so each of them is repeatable without limit",base-rom,no
Twinleaf Town,scripts_twinleaf_town.s,SPECIES_HO_OH,static battle,70,"the esper NPC in Twinleaf Town offers all fifteen from a list menu once the Hall of Fame is entered (CheckGameCompleted); no flag is set afterwards, so each of them is repeatable without limit",base-rom,no
Twinleaf Town,scripts_twinleaf_town.s,SPECIES_CELEBI,static battle,70,"the esper NPC in Twinleaf Town offers all fifteen from a list menu once the Hall of Fame is entered (CheckGameCompleted); no flag is set afterwards, so each of them is repeatable without limit",base-rom,no
Twinleaf Town,scripts_twinleaf_town.s,SPECIES_LATIAS,static battle,70,"the esper NPC in Twinleaf Town offers all fifteen from a list menu once the Hall of Fame is entered (CheckGameCompleted); no flag is set afterwards, so each of them is repeatable without limit",base-rom,yes
Twinleaf Town,scripts_twinleaf_town.s,SPECIES_LATIOS,static battle,70,"the esper NPC in Twinleaf Town offers all fifteen from a list menu once the Hall of Fame is entered (CheckGameCompleted); no flag is set afterwards, so each of them is repeatable without limit",base-rom,yes
Twinleaf Town,scripts_twinleaf_town.s,SPECIES_KYOGRE,static battle,70,"the esper NPC in Twinleaf Town offers all fifteen from a list menu once the Hall of Fame is entered (CheckGameCompleted); no flag is set afterwards, so each of them is repeatable without limit",base-rom,no
Twinleaf Town,scripts_twinleaf_town.s,SPECIES_GROUDON,static battle,70,"the esper NPC in Twinleaf Town offers all fifteen from a list menu once the Hall of Fame is entered (CheckGameCompleted); no flag is set afterwards, so each of them is repeatable without limit",base-rom,no
Twinleaf Town,scripts_twinleaf_town.s,SPECIES_RAYQUAZA,static battle,70,"the esper NPC in Twinleaf Town offers all fifteen from a list menu once the Hall of Fame is entered (CheckGameCompleted); no flag is set afterwards, so each of them is repeatable without limit",base-rom,no
Twinleaf Town,scripts_twinleaf_town.s,SPECIES_JIRACHI,static battle,70,"the esper NPC in Twinleaf Town offers all fifteen from a list menu once the Hall of Fame is entered (CheckGameCompleted); no flag is set afterwards, so each of them is repeatable without limit",base-rom,no
Twinleaf Town,scripts_twinleaf_town.s,SPECIES_DEOXYS,static battle,70,"the esper NPC in Twinleaf Town offers all fifteen from a list menu once the Hall of Fame is entered (CheckGameCompleted); no flag is set afterwards, so each of them is repeatable without limit",base-rom,no
Valley Windworks,scripts_valley_windworks_outside.s,SPECIES_DRIFLOON,static battle,15,"the balloon by the Windworks, Friday only, once per week",vanilla,yes
Valor Cavern,scripts_valor_cavern.s,SPECIES_AZELF,static battle,50,after the Galactic plot at Lake Valor; once,vanilla,yes
Verity Cavern,scripts_verity_cavern.s,SPECIES_MESPRIT,roamer,50,released when you reach it in Verity Cavern after the Galactic plot; then roams; the Marking Map app tracks it,vanilla,yes
Fullmoon Island,scripts_fullmoon_island_forest.s,SPECIES_CRESSELIA,roamer,50,released on Fullmoon Island (reached with the Lunar Wing errand); then roams,vanilla,yes
(not released by any script),src/roaming_pokemon.c,SPECIES_DARKRAI,roamer,40,"the slot exists in src/roaming_pokemon.c but no script calls ActivateRoamingPokemon for it, in this ROM or in vanilla, so it is unreachable",vanilla,yes
Eterna City,scripts_eterna_city_south_house.s,SPECIES_MOLTRES,roamer,60,released by Prof. Oak in the Eterna City south house once the National Dex is in hand; then roams,vanilla,yes
Eterna City,scripts_eterna_city_south_house.s,SPECIES_ZAPDOS,roamer,60,released by Prof. Oak in the Eterna City south house once the National Dex is in hand; then roams,vanilla,yes
Eterna City,scripts_eterna_city_south_house.s,SPECIES_ARTICUNO,roamer,60,released by Prof. Oak in the Eterna City south house once the National Dex is in hand; then roams,vanilla,yes
Route 201,encounters_route_201.json,SPECIES_DODUO,swarm,2,"one route swarms per day, picked from the 22 in src/overlay006/swarm.c; swarms need the Dowsing/《swarm》 news unlocked (EnableSwarms) and are announced on TV; the pair overwrites land slots 0 and 1 (this is slot 0)",vanilla,no
Route 201,encounters_route_201.json,SPECIES_DODUO,swarm,2,"one route swarms per day, picked from the 22 in src/overlay006/swarm.c; swarms need the Dowsing/《swarm》 news unlocked (EnableSwarms) and are announced on TV; the pair overwrites land slots 0 and 1 (this is slot 1)",vanilla,no
Route 202,encounters_route_202.json,SPECIES_ZIGZAGOON,swarm,3,"one route swarms per day, picked from the 22 in src/overlay006/swarm.c; swarms need the Dowsing/《swarm》 news unlocked (EnableSwarms) and are announced on TV; the pair overwrites land slots 0 and 1 (this is slot 0)",vanilla,no
Route 202,encounters_route_202.json,SPECIES_ZIGZAGOON,swarm,3,"one route swarms per day, picked from the 22 in src/overlay006/swarm.c; swarms need the Dowsing/《swarm》 news unlocked (EnableSwarms) and are announced on TV; the pair overwrites land slots 0 and 1 (this is slot 1)",vanilla,no
Route 203,encounters_route_203.json,SPECIES_CUBONE,swarm,4,"one route swarms per day, picked from the 22 in src/overlay006/swarm.c; swarms need the Dowsing/《swarm》 news unlocked (EnableSwarms) and are announced on TV; the pair overwrites land slots 0 and 1 (this is slot 0)",vanilla,no
Route 203,encounters_route_203.json,SPECIES_CUBONE,swarm,4,"one route swarms per day, picked from the 22 in src/overlay006/swarm.c; swarms need the Dowsing/《swarm》 news unlocked (EnableSwarms) and are announced on TV; the pair overwrites land slots 0 and 1 (this is slot 1)",vanilla,no
Route 206,encounters_route_206.json,SPECIES_LARVITAR,swarm,16,"one route swarms per day, picked from the 22 in src/overlay006/swarm.c; swarms need the Dowsing/《swarm》 news unlocked (EnableSwarms) and are announced on TV; the pair overwrites land slots 0 and 1 (this is slot 0)",vanilla,yes
Route 206,encounters_route_206.json,SPECIES_LARVITAR,swarm,16,"one route swarms per day, picked from the 22 in src/overlay006/swarm.c; swarms need the Dowsing/《swarm》 news unlocked (EnableSwarms) and are announced on TV; the pair overwrites land slots 0 and 1 (this is slot 1)",vanilla,yes
Route 207,encounters_route_207.json,SPECIES_PHANPY,swarm,5-7,"one route swarms per day, picked from the 22 in src/overlay006/swarm.c; swarms need the Dowsing/《swarm》 news unlocked (EnableSwarms) and are announced on TV; the pair overwrites land slots 0 and 1 (this is slot 0)",vanilla,no
Route 207,encounters_route_207.json,SPECIES_PHANPY,swarm,5-7,"one route swarms per day, picked from the 22 in src/overlay006/swarm.c; swarms need the Dowsing/《swarm》 news unlocked (EnableSwarms) and are announced on TV; the pair overwrites land slots 0 and 1 (this is slot 1)",vanilla,no
Route 208,encounters_route_208.json,SPECIES_DUNSPARCE,swarm,18,"one route swarms per day, picked from the 22 in src/overlay006/swarm.c; swarms need the Dowsing/《swarm》 news unlocked (EnableSwarms) and are announced on TV; the pair overwrites land slots 0 and 1 (this is slot 0)",vanilla,no
Route 208,encounters_route_208.json,SPECIES_DUNSPARCE,swarm,18,"one route swarms per day, picked from the 22 in src/overlay006/swarm.c; swarms need the Dowsing/《swarm》 news unlocked (EnableSwarms) and are announced on TV; the pair overwrites land slots 0 and 1 (this is slot 1)",vanilla,no
Route 209,encounters_route_209.json,SPECIES_SNUBBULL,swarm,18-19,"one route swarms per day, picked from the 22 in src/overlay006/swarm.c; swarms need the Dowsing/《swarm》 news unlocked (EnableSwarms) and are announced on TV; the pair overwrites land slots 0 and 1 (this is slot 0)",vanilla,no
Route 209,encounters_route_209.json,SPECIES_SNUBBULL,swarm,18-19,"one route swarms per day, picked from the 22 in src/overlay006/swarm.c; swarms need the Dowsing/《swarm》 news unlocked (EnableSwarms) and are announced on TV; the pair overwrites land slots 0 and 1 (this is slot 1)",vanilla,no
Route 214,encounters_route_214.json,SPECIES_SPOINK,swarm,28,"one route swarms per day, picked from the 22 in src/overlay006/swarm.c; swarms need the Dowsing/《swarm》 news unlocked (EnableSwarms) and are announced on TV; the pair overwrites land slots 0 and 1 (this is slot 0)",vanilla,no
Route 214,encounters_route_214.json,SPECIES_SPOINK,swarm,28,"one route swarms per day, picked from the 22 in src/overlay006/swarm.c; swarms need the Dowsing/《swarm》 news unlocked (EnableSwarms) and are announced on TV; the pair overwrites land slots 0 and 1 (this is slot 1)",vanilla,no
Route 215,encounters_route_215.json,SPECIES_DROWZEE,swarm,19-20,"one route swarms per day, picked from the 22 in src/overlay006/swarm.c; swarms need the Dowsing/《swarm》 news unlocked (EnableSwarms) and are announced on TV; the pair overwrites land slots 0 and 1 (this is slot 0)",vanilla,no
Route 215,encounters_route_215.json,SPECIES_DROWZEE,swarm,19-20,"one route swarms per day, picked from the 22 in src/overlay006/swarm.c; swarms need the Dowsing/《swarm》 news unlocked (EnableSwarms) and are announced on TV; the pair overwrites land slots 0 and 1 (this is slot 1)",vanilla,no
Route 217,encounters_route_217.json,SPECIES_DELIBIRD,swarm,32-33,"one route swarms per day, picked from the 22 in src/overlay006/swarm.c; swarms need the Dowsing/《swarm》 news unlocked (EnableSwarms) and are announced on TV; the pair overwrites land slots 0 and 1 (this is slot 0)",vanilla,no
Route 217,encounters_route_217.json,SPECIES_DELIBIRD,swarm,32-33,"one route swarms per day, picked from the 22 in src/overlay006/swarm.c; swarms need the Dowsing/《swarm》 news unlocked (EnableSwarms) and are announced on TV; the pair overwrites land slots 0 and 1 (this is slot 1)",vanilla,no
Route 218,encounters_route_218.json,SPECIES_VOLTORB,swarm,28-29,"one route swarms per day, picked from the 22 in src/overlay006/swarm.c; swarms need the Dowsing/《swarm》 news unlocked (EnableSwarms) and are announced on TV; the pair overwrites land slots 0 and 1 (this is slot 0)",vanilla,no
Route 218,encounters_route_218.json,SPECIES_VOLTORB,swarm,28-29,"one route swarms per day, picked from the 22 in src/overlay006/swarm.c; swarms need the Dowsing/《swarm》 news unlocked (EnableSwarms) and are announced on TV; the pair overwrites land slots 0 and 1 (this is slot 1)",vanilla,no
Route 221,encounters_route_221.json,SPECIES_FARFETCHD,swarm,28-29,"one route swarms per day, picked from the 22 in src/overlay006/swarm.c; swarms need the Dowsing/《swarm》 news unlocked (EnableSwarms) and are announced on TV; the pair overwrites land slots 0 and 1 (this is slot 0)",vanilla,no
Route 221,encounters_route_221.json,SPECIES_FARFETCHD,swarm,28-29,"one route swarms per day, picked from the 22 in src/overlay006/swarm.c; swarms need the Dowsing/《swarm》 news unlocked (EnableSwarms) and are announced on TV; the pair overwrites land slots 0 and 1 (this is slot 1)",vanilla,no
Route 222,encounters_route_222.json,SPECIES_SKITTY,swarm,39-40,"one route swarms per day, picked from the 22 in src/overlay006/swarm.c; swarms need the Dowsing/《swarm》 news unlocked (EnableSwarms) and are announced on TV; the pair overwrites land slots 0 and 1 (this is slot 0)",vanilla,yes
Route 222,encounters_route_222.json,SPECIES_SKITTY,swarm,39-40,"one route swarms per day, picked from the 22 in src/overlay006/swarm.c; swarms need the Dowsing/《swarm》 news unlocked (EnableSwarms) and are announced on TV; the pair overwrites land slots 0 and 1 (this is slot 1)",vanilla,yes
Route 224,encounters_route_224.json,SPECIES_NATU,swarm,50,"one route swarms per day, picked from the 22 in src/overlay006/swarm.c; swarms need the Dowsing/《swarm》 news unlocked (EnableSwarms) and are announced on TV; the pair overwrites land slots 0 and 1 (this is slot 0)",vanilla,no
Route 224,encounters_route_224.json,SPECIES_NATU,swarm,50,"one route swarms per day, picked from the 22 in src/overlay006/swarm.c; swarms need the Dowsing/《swarm》 news unlocked (EnableSwarms) and are announced on TV; the pair overwrites land slots 0 and 1 (this is slot 1)",vanilla,no
Route 225,encounters_route_225.json,SPECIES_MAKUHITA,swarm,48-49,"one route swarms per day, picked from the 22 in src/overlay006/swarm.c; swarms need the Dowsing/《swarm》 news unlocked (EnableSwarms) and are announced on TV; the pair overwrites land slots 0 and 1 (this is slot 0)",vanilla,yes
Route 225,encounters_route_225.json,SPECIES_MAKUHITA,swarm,48-49,"one route swarms per day, picked from the 22 in src/overlay006/swarm.c; swarms need the Dowsing/《swarm》 news unlocked (EnableSwarms) and are announced on TV; the pair overwrites land slots 0 and 1 (this is slot 1)",vanilla,yes
Route 226,encounters_route_226.json,SPECIES_KRABBY,swarm,48-49,"one route swarms per day, picked from the 22 in src/overlay006/swarm.c; swarms need the Dowsing/《swarm》 news unlocked (EnableSwarms) and are announced on TV; the pair overwrites land slots 0 and 1 (this is slot 0)",vanilla,no
Route 226,encounters_route_226.json,SPECIES_KRABBY,swarm,48-49,"one route swarms per day, picked from the 22 in src/overlay006/swarm.c; swarms need the Dowsing/《swarm》 news unlocked (EnableSwarms) and are announced on TV; the pair overwrites land slots 0 and 1 (this is slot 1)",vanilla,no
Route 227,encounters_route_227.json,SPECIES_SPINDA,swarm,53-54,"one route swarms per day, picked from the 22 in src/overlay006/swarm.c; swarms need the Dowsing/《swarm》 news unlocked (EnableSwarms) and are announced on TV; the pair overwrites land slots 0 and 1 (this is slot 0)",vanilla,no
Route 227,encounters_route_227.json,SPECIES_SPINDA,swarm,53-54,"one route swarms per day, picked from the 22 in src/overlay006/swarm.c; swarms need the Dowsing/《swarm》 news unlocked (EnableSwarms) and are announced on TV; the pair overwrites land slots 0 and 1 (this is slot 1)",vanilla,no
Route 228,encounters_route_228.json,SPECIES_BELDUM,swarm,51-52,"one route swarms per day, picked from the 22 in src/overlay006/swarm.c; swarms need the Dowsing/《swarm》 news unlocked (EnableSwarms) and are announced on TV; the pair overwrites land slots 0 and 1 (this is slot 0)",vanilla,yes
Route 228,encounters_route_228.json,SPECIES_BELDUM,swarm,51-52,"one route swarms per day, picked from the 22 in src/overlay006/swarm.c; swarms need the Dowsing/《swarm》 news unlocked (EnableSwarms) and are announced on TV; the pair overwrites land slots 0 and 1 (this is slot 1)",vanilla,yes
Route 229,encounters_route_229.json,SPECIES_PINSIR,swarm,48-49,"one route swarms per day, picked from the 22 in src/overlay006/swarm.c; swarms need the Dowsing/《swarm》 news unlocked (EnableSwarms) and are announced on TV; the pair overwrites land slots 0 and 1 (this is slot 0)",vanilla,no
Route 229,encounters_route_229.json,SPECIES_PINSIR,swarm,48-49,"one route swarms per day, picked from the 22 in src/overlay006/swarm.c; swarms need the Dowsing/《swarm》 news unlocked (EnableSwarms) and are announced on TV; the pair overwrites land slots 0 and 1 (this is slot 1)",vanilla,no
Route 230,encounters_route_230.json,SPECIES_CORSOLA,swarm,48,"one route swarms per day, picked from the 22 in src/overlay006/swarm.c; swarms need the Dowsing/《swarm》 news unlocked (EnableSwarms) and are announced on TV; the pair overwrites land slots 0 and 1 (this is slot 0)",vanilla,no
Route 230,encounters_route_230.json,SPECIES_CORSOLA,swarm,48,"one route swarms per day, picked from the 22 in src/overlay006/swarm.c; swarms need the Dowsing/《swarm》 news unlocked (EnableSwarms) and are announced on TV; the pair overwrites land slots 0 and 1 (this is slot 1)",vanilla,no
Valley Windworks,encounters_valley_windworks_outside.json,SPECIES_ELECTRIKE,swarm,9-10,"one route swarms per day, picked from the 22 in src/overlay006/swarm.c; swarms need the Dowsing/《swarm》 news unlocked (EnableSwarms) and are announced on TV; the pair overwrites land slots 0 and 1 (this is slot 0)",vanilla,no
Valley Windworks,encounters_valley_windworks_outside.json,SPECIES_ELECTRIKE,swarm,9-10,"one route swarms per day, picked from the 22 in src/overlay006/swarm.c; swarms need the Dowsing/《swarm》 news unlocked (EnableSwarms) and are announced on TV; the pair overwrites land slots 0 and 1 (this is slot 1)",vanilla,no
Eterna Forest,encounters_eterna_forest.json,SPECIES_SLAKOTH,swarm,10-11,"one route swarms per day, picked from the 22 in src/overlay006/swarm.c; swarms need the Dowsing/《swarm》 news unlocked (EnableSwarms) and are announced on TV; the pair overwrites land slots 0 and 1 (this is slot 0)",vanilla,no
Eterna Forest,encounters_eterna_forest.json,SPECIES_SLAKOTH,swarm,10-11,"one route swarms per day, picked from the 22 in src/overlay006/swarm.c; swarms need the Dowsing/《swarm》 news unlocked (EnableSwarms) and are announced on TV; the pair overwrites land slots 0 and 1 (this is slot 1)",vanilla,no
Acuity Lakefront,encounters_acuity_lakefront.json,SPECIES_SNEASEL,poke radar,34-35,"only in a Poke Radar patch (needs the Radar, National Dex and a grass tile); overwrites land slots 4, 5, 10 and 11",vanilla,yes
Acuity Lakefront,encounters_acuity_lakefront.json,SPECIES_SWINUB,poke radar,34-35,"only in a Poke Radar patch (needs the Radar, National Dex and a grass tile); overwrites land slots 4, 5, 10 and 11",vanilla,yes
Acuity Lakefront,encounters_acuity_lakefront.json,SPECIES_SNOVER,poke radar,34-35,"only in a Poke Radar patch (needs the Radar, National Dex and a grass tile); overwrites land slots 4, 5, 10 and 11",vanilla,yes
Acuity Lakefront,encounters_acuity_lakefront.json,SPECIES_SNEASEL,dual-slot Ruby,35,needs Pokemon Ruby in the GBA slot and the National Dex; overwrites land slots 8 and 9,vanilla,yes
Acuity Lakefront,encounters_acuity_lakefront.json,SPECIES_SNOVER,dual-slot Ruby,35,needs Pokemon Ruby in the GBA slot and the National Dex; overwrites land slots 8 and 9,vanilla,yes
Acuity Lakefront,encounters_acuity_lakefront.json,SPECIES_SNEASEL,dual-slot Sapphire,35,needs Pokemon Sapphire in the GBA slot and the National Dex; overwrites land slots 8 and 9,vanilla,yes
Acuity Lakefront,encounters_acuity_lakefront.json,SPECIES_SNOVER,dual-slot Sapphire,35,needs Pokemon Sapphire in the GBA slot and the National Dex; overwrites land slots 8 and 9,vanilla,yes
Acuity Lakefront,encounters_acuity_lakefront.json,SPECIES_URSARING,dual-slot Emerald,35,needs Pokemon Emerald in the GBA slot and the National Dex; overwrites land slots 8 and 9,vanilla,no
Acuity Lakefront,encounters_acuity_lakefront.json,SPECIES_SNEASEL,dual-slot FireRed,35,needs Pokemon FireRed in the GBA slot and the National Dex; overwrites land slots 8 and 9,vanilla,yes
Acuity Lakefront,encounters_acuity_lakefront.json,SPECIES_SNOVER,dual-slot FireRed,35,needs Pokemon FireRed in the GBA slot and the National Dex; overwrites land slots 8 and 9,vanilla,yes
Acuity Lakefront,encounters_acuity_lakefront.json,SPECIES_SNEASEL,dual-slot LeafGreen,35,needs Pokemon LeafGreen in the GBA slot and the National Dex; overwrites land slots 8 and 9,vanilla,yes
Acuity Lakefront,encounters_acuity_lakefront.json,SPECIES_SNOVER,dual-slot LeafGreen,35,needs Pokemon LeafGreen in the GBA slot and the National Dex; overwrites land slots 8 and 9,vanilla,yes
Canalave City,encounters_canalave_city.json,SPECIES_NONE,poke radar,0,"only in a Poke Radar patch (needs the Radar, National Dex and a grass tile); overwrites land slots 4, 5, 10 and 11",vanilla,no
Canalave City,encounters_canalave_city.json,SPECIES_NONE,dual-slot Ruby,0,needs Pokemon Ruby in the GBA slot and the National Dex; overwrites land slots 8 and 9,vanilla,no
Canalave City,encounters_canalave_city.json,SPECIES_NONE,dual-slot Sapphire,0,needs Pokemon Sapphire in the GBA slot and the National Dex; overwrites land slots 8 and 9,vanilla,no
Canalave City,encounters_canalave_city.json,SPECIES_NONE,dual-slot Emerald,0,needs Pokemon Emerald in the GBA slot and the National Dex; overwrites land slots 8 and 9,vanilla,no
Canalave City,encounters_canalave_city.json,SPECIES_NONE,dual-slot FireRed,0,needs Pokemon FireRed in the GBA slot and the National Dex; overwrites land slots 8 and 9,vanilla,no
Canalave City,encounters_canalave_city.json,SPECIES_NONE,dual-slot LeafGreen,0,needs Pokemon LeafGreen in the GBA slot and the National Dex; overwrites land slots 8 and 9,vanilla,no
Celestic Town,encounters_celestic_town.json,SPECIES_NONE,poke radar,0,"only in a Poke Radar patch (needs the Radar, National Dex and a grass tile); overwrites land slots 4, 5, 10 and 11",vanilla,no
Celestic Town,encounters_celestic_town.json,SPECIES_NONE,dual-slot Ruby,0,needs Pokemon Ruby in the GBA slot and the National Dex; overwrites land slots 8 and 9,vanilla,no
Celestic Town,encounters_celestic_town.json,SPECIES_NONE,dual-slot Sapphire,0,needs Pokemon Sapphire in the GBA slot and the National Dex; overwrites land slots 8 and 9,vanilla,no
Celestic Town,encounters_celestic_town.json,SPECIES_NONE,dual-slot Emerald,0,needs Pokemon Emerald in the GBA slot and the National Dex; overwrites land slots 8 and 9,vanilla,no
Celestic Town,encounters_celestic_town.json,SPECIES_NONE,dual-slot FireRed,0,needs Pokemon FireRed in the GBA slot and the National Dex; overwrites land slots 8 and 9,vanilla,no
Celestic Town,encounters_celestic_town.json,SPECIES_NONE,dual-slot LeafGreen,0,needs Pokemon LeafGreen in the GBA slot and the National Dex; overwrites land slots 8 and 9,vanilla,no
Eterna City,encounters_eterna_city.json,SPECIES_NONE,poke radar,0,"only in a Poke Radar patch (needs the Radar, National Dex and a grass tile); overwrites land slots 4, 5, 10 and 11",vanilla,no
Eterna City,encounters_eterna_city.json,SPECIES_NONE,dual-slot Ruby,0,needs Pokemon Ruby in the GBA slot and the National Dex; overwrites land slots 8 and 9,vanilla,no
Eterna City,encounters_eterna_city.json,SPECIES_NONE,dual-slot Sapphire,0,needs Pokemon Sapphire in the GBA slot and the National Dex; overwrites land slots 8 and 9,vanilla,no
Eterna City,encounters_eterna_city.json,SPECIES_NONE,dual-slot Emerald,0,needs Pokemon Emerald in the GBA slot and the National Dex; overwrites land slots 8 and 9,vanilla,no
Eterna City,encounters_eterna_city.json,SPECIES_NONE,dual-slot FireRed,0,needs Pokemon FireRed in the GBA slot and the National Dex; overwrites land slots 8 and 9,vanilla,no
Eterna City,encounters_eterna_city.json,SPECIES_NONE,dual-slot LeafGreen,0,needs Pokemon LeafGreen in the GBA slot and the National Dex; overwrites land slots 8 and 9,vanilla,no
Eterna Forest,encounters_eterna_forest.json,SPECIES_NINCADA,poke radar,11-13,"only in a Poke Radar patch (needs the Radar, National Dex and a grass tile); overwrites land slots 4, 5, 10 and 11",vanilla,no
Eterna Forest,encounters_eterna_forest.json,SPECIES_SEEDOT,dual-slot Ruby,13,needs Pokemon Ruby in the GBA slot and the National Dex; overwrites land slots 8 and 9,vanilla,yes
Eterna Forest,encounters_eterna_forest.json,SPECIES_BUNEARY,dual-slot Sapphire,13,needs Pokemon Sapphire in the GBA slot and the National Dex; overwrites land slots 8 and 9,vanilla,yes
Eterna Forest,encounters_eterna_forest.json,SPECIES_GASTLY,dual-slot Sapphire,13,needs Pokemon Sapphire in the GBA slot and the National Dex; overwrites land slots 8 and 9,vanilla,no
Eterna Forest,encounters_eterna_forest.json,SPECIES_PINECO,dual-slot Emerald,13,needs Pokemon Emerald in the GBA slot and the National Dex; overwrites land slots 8 and 9,vanilla,no
Eterna Forest,encounters_eterna_forest.json,SPECIES_CATERPIE,dual-slot FireRed,13,needs Pokemon FireRed in the GBA slot and the National Dex; overwrites land slots 8 and 9,vanilla,no
Eterna Forest,encounters_eterna_forest.json,SPECIES_METAPOD,dual-slot FireRed,13,needs Pokemon FireRed in the GBA slot and the National Dex; overwrites land slots 8 and 9,vanilla,no
Eterna Forest,encounters_eterna_forest.json,SPECIES_WEEDLE,dual-slot LeafGreen,13,needs Pokemon LeafGreen in the GBA slot and the National Dex; overwrites land slots 8 and 9,vanilla,no
Eterna Forest,encounters_eterna_forest.json,SPECIES_KAKUNA,dual-slot LeafGreen,13,needs Pokemon LeafGreen in the GBA slot and the National Dex; overwrites land slots 8 and 9,vanilla,no
Fuego Ironworks,encounters_fuego_ironworks_outside.json,SPECIES_ARON,poke radar,30-31,"only in a Poke Radar patch (needs the Radar, National Dex and a grass tile); overwrites land slots 4, 5, 10 and 11",vanilla,no
Fuego Ironworks,encounters_fuego_ironworks_outside.json,SPECIES_FLOATZEL,dual-slot Ruby,31,needs Pokemon Ruby in the GBA slot and the National Dex; overwrites land slots 8 and 9,vanilla,no
Fuego Ironworks,encounters_fuego_ironworks_outside.json,SPECIES_GASTRODON,dual-slot Ruby,31,needs Pokemon Ruby in the GBA slot and the National Dex; overwrites land slots 8 and 9,vanilla,no
Fuego Ironworks,encounters_fuego_ironworks_outside.json,SPECIES_FLOATZEL,dual-slot Sapphire,31,needs Pokemon Sapphire in the GBA slot and the National Dex; overwrites land slots 8 and 9,vanilla,no
Fuego Ironworks,encounters_fuego_ironworks_outside.json,SPECIES_GASTRODON,dual-slot Sapphire,31,needs Pokemon Sapphire in the GBA slot and the National Dex; overwrites land slots 8 and 9,vanilla,no
Fuego Ironworks,encounters_fuego_ironworks_outside.json,SPECIES_FLOATZEL,dual-slot Emerald,31,needs Pokemon Emerald in the GBA slot and the National Dex; overwrites land slots 8 and 9,vanilla,no
Fuego Ironworks,encounters_fuego_ironworks_outside.json,SPECIES_GASTRODON,dual-slot Emerald,31,needs Pokemon Emerald in the GBA slot and the National Dex; overwrites land slots 8 and 9,vanilla,no
Fuego Ironworks,encounters_fuego_ironworks_outside.json,SPECIES_FLOATZEL,dual-slot FireRed,31,needs Pokemon FireRed in the GBA slot and the National Dex; overwrites land slots 8 and 9,vanilla,no
Fuego Ironworks,encounters_fuego_ironworks_outside.json,SPECIES_GASTRODON,dual-slot FireRed,31,needs Pokemon FireRed in the GBA slot and the National Dex; overwrites land slots 8 and 9,vanilla,no
Fuego Ironworks,encounters_fuego_ironworks_outside.json,SPECIES_FLOATZEL,dual-slot LeafGreen,31,needs Pokemon LeafGreen in the GBA slot and the National Dex; overwrites land slots 8 and 9,vanilla,no
Fuego Ironworks,encounters_fuego_ironworks_outside.json,SPECIES_GASTRODON,dual-slot LeafGreen,31,needs Pokemon LeafGreen in the GBA slot and the National Dex; overwrites land slots 8 and 9,vanilla,no
Great Marsh,encounters_great_marsh_1.json,SPECIES_WOOPER,poke radar,29-30,"only in a Poke Radar patch (needs the Radar, National Dex and a grass tile); overwrites land slots 4, 5, 10 and 11",vanilla,yes
Great Marsh,encounters_great_marsh_1.json,SPECIES_QUAGSIRE,poke radar,29-30,"only in a Poke Radar patch (needs the Radar, National Dex and a grass tile); overwrites land slots 4, 5, 10 and 11",vanilla,yes
Great Marsh,encounters_great_marsh_1.json,SPECIES_YANMA,poke radar,29-30,"only in a Poke Radar patch (needs the Radar, National Dex and a grass tile); overwrites land slots 4, 5, 10 and 11",vanilla,yes
Great Marsh,encounters_great_marsh_1.json,SPECIES_TANGELA,poke radar,29-30,"only in a Poke Radar patch (needs the Radar, National Dex and a grass tile); overwrites land slots 4, 5, 10 and 11",vanilla,no
Great Marsh,encounters_great_marsh_1.json,SPECIES_YANMA,dual-slot Ruby,30,needs Pokemon Ruby in the GBA slot and the National Dex; overwrites land slots 8 and 9,vanilla,yes
Great Marsh,encounters_great_marsh_1.json,SPECIES_TANGELA,dual-slot Ruby,30,needs Pokemon Ruby in the GBA slot and the National Dex; overwrites land slots 8 and 9,vanilla,no
Great Marsh,encounters_great_marsh_1.json,SPECIES_YANMA,dual-slot Sapphire,30,needs Pokemon Sapphire in the GBA slot and the National Dex; overwrites land slots 8 and 9,vanilla,yes
Great Marsh,encounters_great_marsh_1.json,SPECIES_TANGELA,dual-slot Sapphire,30,needs Pokemon Sapphire in the GBA slot and the National Dex; overwrites land slots 8 and 9,vanilla,no
Great Marsh,encounters_great_marsh_1.json,SPECIES_YANMA,dual-slot Emerald,30,needs Pokemon Emerald in the GBA slot and the National Dex; overwrites land slots 8 and 9,vanilla,yes
Great Marsh,encounters_great_marsh_1.json,SPECIES_TANGELA,dual-slot Emerald,30,needs Pokemon Emerald in the GBA slot and the National Dex; overwrites land slots 8 and 9,vanilla,no
Great Marsh,encounters_great_marsh_1.json,SPECIES_ARBOK,dual-slot FireRed,30,needs Pokemon FireRed in the GBA slot and the National Dex; overwrites land slots 8 and 9,vanilla,no
Great Marsh,encounters_great_marsh_1.json,SPECIES_YANMA,dual-slot LeafGreen,30,needs Pokemon LeafGreen in the GBA slot and the National Dex; overwrites land slots 8 and 9,vanilla,yes
Great Marsh,encounters_great_marsh_1.json,SPECIES_TANGELA,dual-slot LeafGreen,30,needs Pokemon LeafGreen in the GBA slot and the National Dex; overwrites land slots 8 and 9,vanilla,no
Great Marsh,encounters_great_marsh_2.json,SPECIES_WOOPER,poke radar,29-30,"only in a Poke Radar patch (needs the Radar, National Dex and a grass tile); overwrites land slots 4, 5, 10 and 11",vanilla,yes
Great Marsh,encounters_great_marsh_2.json,SPECIES_QUAGSIRE,poke radar,29-30,"only in a Poke Radar patch (needs the Radar, National Dex and a grass tile); overwrites land slots 4, 5, 10 and 11",vanilla,yes
Great Marsh,encounters_great_marsh_2.json,SPECIES_YANMA,poke radar,29-30,"only in a Poke Radar patch (needs the Radar, National Dex and a grass tile); overwrites land slots 4, 5, 10 and 11",vanilla,yes
Great Marsh,encounters_great_marsh_2.json,SPECIES_TANGELA,poke radar,29-30,"only in a Poke Radar patch (needs the Radar, National Dex and a grass tile); overwrites land slots 4, 5, 10 and 11",vanilla,no
Great Marsh,encounters_great_marsh_2.json,SPECIES_YANMA,dual-slot Ruby,30,needs Pokemon Ruby in the GBA slot and the National Dex; overwrites land slots 8 and 9,vanilla,yes
Great Marsh,encounters_great_marsh_2.json,SPECIES_TANGELA,dual-slot Ruby,30,needs Pokemon Ruby in the GBA slot and the National Dex; overwrites land slots 8 and 9,vanilla,no
Great Marsh,encounters_great_marsh_2.json,SPECIES_YANMA,dual-slot Sapphire,30,needs Pokemon Sapphire in the GBA slot and the National Dex; overwrites land slots 8 and 9,vanilla,yes
Great Marsh,encounters_great_marsh_2.json,SPECIES_TANGELA,dual-slot Sapphire,30,needs Pokemon Sapphire in the GBA slot and the National Dex; overwrites land slots 8 and 9,vanilla,no
Great Marsh,encounters_great_marsh_2.json,SPECIES_YANMA,dual-slot Emerald,30,needs Pokemon Emerald in the GBA slot and the National Dex; overwrites land slots 8 and 9,vanilla,yes
Great Marsh,encounters_great_marsh_2.json,SPECIES_TANGELA,dual-slot Emerald,30,needs Pokemon Emerald in the GBA slot and the National Dex; overwrites land slots 8 and 9,vanilla,no
Great Marsh,encounters_great_marsh_2.json,SPECIES_ARBOK,dual-slot FireRed,30,needs Pokemon FireRed in the GBA slot and the National Dex; overwrites land slots 8 and 9,vanilla,no
Great Marsh,encounters_great_marsh_2.json,SPECIES_YANMA,dual-slot LeafGreen,30,needs Pokemon LeafGreen in the GBA slot and the National Dex; overwrites land slots 8 and 9,vanilla,yes
Great Marsh,encounters_great_marsh_2.json,SPECIES_TANGELA,dual-slot LeafGreen,30,needs Pokemon LeafGreen in the GBA slot and the National Dex; overwrites land slots 8 and 9,vanilla,no
Great Marsh,encounters_great_marsh_3.json,SPECIES_TANGELA,poke radar,28-29,"only in a Poke Radar patch (needs the Radar, National Dex and a grass tile); overwrites land slots 4, 5, 10 and 11",vanilla,no
Great Marsh,encounters_great_marsh_3.json,SPECIES_QUAGSIRE,poke radar,28-29,"only in a Poke Radar patch (needs the Radar, National Dex and a grass tile); overwrites land slots 4, 5, 10 and 11",vanilla,yes
Great Marsh,encounters_great_marsh_3.json,SPECIES_YANMA,poke radar,28-29,"only in a Poke Radar patch (needs the Radar, National Dex and a grass tile); overwrites land slots 4, 5, 10 and 11",vanilla,yes
Great Marsh,encounters_great_marsh_3.json,SPECIES_YANMA,dual-slot Ruby,29,needs Pokemon Ruby in the GBA slot and the National Dex; overwrites land slots 8 and 9,vanilla,yes
Great Marsh,encounters_great_marsh_3.json,SPECIES_TANGELA,dual-slot Ruby,29,needs Pokemon Ruby in the GBA slot and the National Dex; overwrites land slots 8 and 9,vanilla,no
Great Marsh,encounters_great_marsh_3.json,SPECIES_YANMA,dual-slot Sapphire,29,needs Pokemon Sapphire in the GBA slot and the National Dex; overwrites land slots 8 and 9,vanilla,yes
Great Marsh,encounters_great_marsh_3.json,SPECIES_TANGELA,dual-slot Sapphire,29,needs Pokemon Sapphire in the GBA slot and the National Dex; overwrites land slots 8 and 9,vanilla,no
Great Marsh,encounters_great_marsh_3.json,SPECIES_YANMA,dual-slot Emerald,29,needs Pokemon Emerald in the GBA slot and the National Dex; overwrites land slots 8 and 9,vanilla,yes
Great Marsh,encounters_great_marsh_3.json,SPECIES_TANGELA,dual-slot Emerald,29,needs Pokemon Emerald in the GBA slot and the National Dex; overwrites land slots 8 and 9,vanilla,no
Great Marsh,encounters_great_marsh_3.json,SPECIES_ARBOK,dual-slot FireRed,29,needs Pokemon FireRed in the GBA slot and the National Dex; overwrites land slots 8 and 9,vanilla,no
Great Marsh,encounters_great_marsh_3.json,SPECIES_YANMA,dual-slot LeafGreen,29,needs Pokemon LeafGreen in the GBA slot and the National Dex; overwrites land slots 8 and 9,vanilla,yes
Great Marsh,encounters_great_marsh_3.json,SPECIES_TANGELA,dual-slot LeafGreen,29,needs Pokemon LeafGreen in the GBA slot and the National Dex; overwrites land slots 8 and 9,vanilla,no
Great Marsh,encounters_great_marsh_4.json,SPECIES_TANGELA,poke radar,28-29,"only in a Poke Radar patch (needs the Radar, National Dex and a grass tile); overwrites land slots 4, 5, 10 and 11",vanilla,no
Great Marsh,encounters_great_marsh_4.json,SPECIES_QUAGSIRE,poke radar,28-29,"only in a Poke Radar patch (needs the Radar, National Dex and a grass tile); overwrites land slots 4, 5, 10 and 11",vanilla,yes
Great Marsh,encounters_great_marsh_4.json,SPECIES_YANMA,poke radar,28-29,"only in a Poke Radar patch (needs the Radar, National Dex and a grass tile); overwrites land slots 4, 5, 10 and 11",vanilla,yes
Great Marsh,encounters_great_marsh_4.json,SPECIES_YANMA,dual-slot Ruby,29,needs Pokemon Ruby in the GBA slot and the National Dex; overwrites land slots 8 and 9,vanilla,yes
Great Marsh,encounters_great_marsh_4.json,SPECIES_TANGELA,dual-slot Ruby,29,needs Pokemon Ruby in the GBA slot and the National Dex; overwrites land slots 8 and 9,vanilla,no
Great Marsh,encounters_great_marsh_4.json,SPECIES_YANMA,dual-slot Sapphire,29,needs Pokemon Sapphire in the GBA slot and the National Dex; overwrites land slots 8 and 9,vanilla,yes
Great Marsh,encounters_great_marsh_4.json,SPECIES_TANGELA,dual-slot Sapphire,29,needs Pokemon Sapphire in the GBA slot and the National Dex; overwrites land slots 8 and 9,vanilla,no
Great Marsh,encounters_great_marsh_4.json,SPECIES_YANMA,dual-slot Emerald,29,needs Pokemon Emerald in the GBA slot and the National Dex; overwrites land slots 8 and 9,vanilla,yes
Great Marsh,encounters_great_marsh_4.json,SPECIES_TANGELA,dual-slot Emerald,29,needs Pokemon Emerald in the GBA slot and the National Dex; overwrites land slots 8 and 9,vanilla,no
Great Marsh,encounters_great_marsh_4.json,SPECIES_ARBOK,dual-slot FireRed,29,needs Pokemon FireRed in the GBA slot and the National Dex; overwrites land slots 8 and 9,vanilla,no
Great Marsh,encounters_great_marsh_4.json,SPECIES_YANMA,dual-slot LeafGreen,29,needs Pokemon LeafGreen in the GBA slot and the National Dex; overwrites land slots 8 and 9,vanilla,yes
Great Marsh,encounters_great_marsh_4.json,SPECIES_TANGELA,dual-slot LeafGreen,29,needs Pokemon LeafGreen in the GBA slot and the National Dex; overwrites land slots 8 and 9,vanilla,no
Great Marsh,encounters_great_marsh_5.json,SPECIES_YANMA,poke radar,27-28,"only in a Poke Radar patch (needs the Radar, National Dex and a grass tile); overwrites land slots 4, 5, 10 and 11",vanilla,yes
Great Marsh,encounters_great_marsh_5.json,SPECIES_QUAGSIRE,poke radar,27-28,"only in a Poke Radar patch (needs the Radar, National Dex and a grass tile); overwrites land slots 4, 5, 10 and 11",vanilla,yes
Great Marsh,encounters_great_marsh_5.json,SPECIES_TANGELA,poke radar,27-28,"only in a Poke Radar patch (needs the Radar, National Dex and a grass tile); overwrites land slots 4, 5, 10 and 11",vanilla,no
Great Marsh,encounters_great_marsh_5.json,SPECIES_YANMA,dual-slot Ruby,28,needs Pokemon Ruby in the GBA slot and the National Dex; overwrites land slots 8 and 9,vanilla,yes
Great Marsh,encounters_great_marsh_5.json,SPECIES_TANGELA,dual-slot Ruby,28,needs Pokemon Ruby in the GBA slot and the National Dex; overwrites land slots 8 and 9,vanilla,no
Great Marsh,encounters_great_marsh_5.json,SPECIES_YANMA,dual-slot Sapphire,28,needs Pokemon Sapphire in the GBA slot and the National Dex; overwrites land slots 8 and 9,vanilla,yes
Great Marsh,encounters_great_marsh_5.json,SPECIES_TANGELA,dual-slot Sapphire,28,needs Pokemon Sapphire in the GBA slot and the National Dex; overwrites land slots 8 and 9,vanilla,no
Great Marsh,encounters_great_marsh_5.json,SPECIES_YANMA,dual-slot Emerald,28,needs Pokemon Emerald in the GBA slot and the National Dex; overwrites land slots 8 and 9,vanilla,yes
Great Marsh,encounters_great_marsh_5.json,SPECIES_TANGELA,dual-slot Emerald,28,needs Pokemon Emerald in the GBA slot and the National Dex; overwrites land slots 8 and 9,vanilla,no
Great Marsh,encounters_great_marsh_5.json,SPECIES_ARBOK,dual-slot FireRed,28,needs Pokemon FireRed in the GBA slot and the National Dex; overwrites land slots 8 and 9,vanilla,no
Great Marsh,encounters_great_marsh_5.json,SPECIES_YANMA,dual-slot LeafGreen,28,needs Pokemon LeafGreen in the GBA slot and the National Dex; overwrites land slots 8 and 9,vanilla,yes
Great Marsh,encounters_great_marsh_5.json,SPECIES_TANGELA,dual-slot LeafGreen,28,needs Pokemon LeafGreen in the GBA slot and the National Dex; overwrites land slots 8 and 9,vanilla,no
Great Marsh,encounters_great_marsh_6.json,SPECIES_YANMA,poke radar,27-28,"only in a Poke Radar patch (needs the Radar, National Dex and a grass tile); overwrites land slots 4, 5, 10 and 11",vanilla,yes
Great Marsh,encounters_great_marsh_6.json,SPECIES_QUAGSIRE,poke radar,27-28,"only in a Poke Radar patch (needs the Radar, National Dex and a grass tile); overwrites land slots 4, 5, 10 and 11",vanilla,yes
Great Marsh,encounters_great_marsh_6.json,SPECIES_TANGELA,poke radar,27-28,"only in a Poke Radar patch (needs the Radar, National Dex and a grass tile); overwrites land slots 4, 5, 10 and 11",vanilla,no
Great Marsh,encounters_great_marsh_6.json,SPECIES_YANMA,dual-slot Ruby,28,needs Pokemon Ruby in the GBA slot and the National Dex; overwrites land slots 8 and 9,vanilla,yes
Great Marsh,encounters_great_marsh_6.json,SPECIES_TANGELA,dual-slot Ruby,28,needs Pokemon Ruby in the GBA slot and the National Dex; overwrites land slots 8 and 9,vanilla,no
Great Marsh,encounters_great_marsh_6.json,SPECIES_YANMA,dual-slot Sapphire,28,needs Pokemon Sapphire in the GBA slot and the National Dex; overwrites land slots 8 and 9,vanilla,yes
Great Marsh,encounters_great_marsh_6.json,SPECIES_TANGELA,dual-slot Sapphire,28,needs Pokemon Sapphire in the GBA slot and the National Dex; overwrites land slots 8 and 9,vanilla,no
Great Marsh,encounters_great_marsh_6.json,SPECIES_YANMA,dual-slot Emerald,28,needs Pokemon Emerald in the GBA slot and the National Dex; overwrites land slots 8 and 9,vanilla,yes
Great Marsh,encounters_great_marsh_6.json,SPECIES_TANGELA,dual-slot Emerald,28,needs Pokemon Emerald in the GBA slot and the National Dex; overwrites land slots 8 and 9,vanilla,no
Great Marsh,encounters_great_marsh_6.json,SPECIES_ARBOK,dual-slot FireRed,28,needs Pokemon FireRed in the GBA slot and the National Dex; overwrites land slots 8 and 9,vanilla,no
Great Marsh,encounters_great_marsh_6.json,SPECIES_YANMA,dual-slot LeafGreen,28,needs Pokemon LeafGreen in the GBA slot and the National Dex; overwrites land slots 8 and 9,vanilla,yes
Great Marsh,encounters_great_marsh_6.json,SPECIES_TANGELA,dual-slot LeafGreen,28,needs Pokemon LeafGreen in the GBA slot and the National Dex; overwrites land slots 8 and 9,vanilla,no
Iron Island,encounters_iron_island.json,SPECIES_NONE,poke radar,0,"only in a Poke Radar patch (needs the Radar, National Dex and a grass tile); overwrites land slots 4, 5, 10 and 11",vanilla,no
Iron Island,encounters_iron_island.json,SPECIES_NONE,dual-slot Ruby,0,needs Pokemon Ruby in the GBA slot and the National Dex; overwrites land slots 8 and 9,vanilla,no
Iron Island,encounters_iron_island.json,SPECIES_NONE,dual-slot Sapphire,0,needs Pokemon Sapphire in the GBA slot and the National Dex; overwrites land slots 8 and 9,vanilla,no
Iron Island,encounters_iron_island.json,SPECIES_NONE,dual-slot Emerald,0,needs Pokemon Emerald in the GBA slot and the National Dex; overwrites land slots 8 and 9,vanilla,no
Iron Island,encounters_iron_island.json,SPECIES_NONE,dual-slot FireRed,0,needs Pokemon FireRed in the GBA slot and the National Dex; overwrites land slots 8 and 9,vanilla,no
Iron Island,encounters_iron_island.json,SPECIES_NONE,dual-slot LeafGreen,0,needs Pokemon LeafGreen in the GBA slot and the National Dex; overwrites land slots 8 and 9,vanilla,no
Iron Island,encounters_iron_island_1f.json,SPECIES_GEODUDE,poke radar,30-33,"only in a Poke Radar patch (needs the Radar, National Dex and a grass tile); overwrites land slots 4, 5, 10 and 11",vanilla,no
Iron Island,encounters_iron_island_1f.json,SPECIES_GRAVELER,poke radar,30-33,"only in a Poke Radar patch (needs the Radar, National Dex and a grass tile); overwrites land slots 4, 5, 10 and 11",vanilla,no
Iron Island,encounters_iron_island_1f.json,SPECIES_GEODUDE,dual-slot Ruby,30-31,needs Pokemon Ruby in the GBA slot and the National Dex; overwrites land slots 8 and 9,vanilla,no
Iron Island,encounters_iron_island_1f.json,SPECIES_GRAVELER,dual-slot Ruby,30-31,needs Pokemon Ruby in the GBA slot and the National Dex; overwrites land slots 8 and 9,vanilla,no
Iron Island,encounters_iron_island_1f.json,SPECIES_GEODUDE,dual-slot Sapphire,30-31,needs Pokemon Sapphire in the GBA slot and the National Dex; overwrites land slots 8 and 9,vanilla,no
Iron Island,encounters_iron_island_1f.json,SPECIES_GRAVELER,dual-slot Sapphire,30-31,needs Pokemon Sapphire in the GBA slot and the National Dex; overwrites land slots 8 and 9,vanilla,no
Iron Island,encounters_iron_island_1f.json,SPECIES_GEODUDE,dual-slot Emerald,30-31,needs Pokemon Emerald in the GBA slot and the National Dex; overwrites land slots 8 and 9,vanilla,no
Iron Island,encounters_iron_island_1f.json,SPECIES_GRAVELER,dual-slot Emerald,30-31,needs Pokemon Emerald in the GBA slot and the National Dex; overwrites land slots 8 and 9,vanilla,no
Iron Island,encounters_iron_island_1f.json,SPECIES_GEODUDE,dual-slot FireRed,30-31,needs Pokemon FireRed in the GBA slot and the National Dex; overwrites land slots 8 and 9,vanilla,no
Iron Island,encounters_iron_island_1f.json,SPECIES_GRAVELER,dual-slot FireRed,30-31,needs Pokemon FireRed in the GBA slot and the National Dex; overwrites land slots 8 and 9,vanilla,no
Iron Island,encounters_iron_island_1f.json,SPECIES_GEODUDE,dual-slot LeafGreen,30-31,needs Pokemon LeafGreen in the GBA slot and the National Dex; overwrites land slots 8 and 9,vanilla,no
Iron Island,encounters_iron_island_1f.json,SPECIES_GRAVELER,dual-slot LeafGreen,30-31,needs Pokemon LeafGreen in the GBA slot and the National Dex; overwrites land slots 8 and 9,vanilla,no
Iron Island,encounters_iron_island_b1f_left_room.json,SPECIES_GEODUDE,poke radar,30-33,"only in a Poke Radar patch (needs the Radar, National Dex and a grass tile); overwrites land slots 4, 5, 10 and 11",base-rom,no
Iron Island,encounters_iron_island_b1f_left_room.json,SPECIES_GRAVELER,poke radar,30-33,"only in a Poke Radar patch (needs the Radar, National Dex and a grass tile); overwrites land slots 4, 5, 10 and 11",vanilla,no
Iron Island,encounters_iron_island_b1f_left_room.json,SPECIES_GEODUDE,dual-slot Ruby,30-31,needs Pokemon Ruby in the GBA slot and the National Dex; overwrites land slots 8 and 9,base-rom,no
Iron Island,encounters_iron_island_b1f_left_room.json,SPECIES_GRAVELER,dual-slot Ruby,30-31,needs Pokemon Ruby in the GBA slot and the National Dex; overwrites land slots 8 and 9,base-rom,no
Iron Island,encounters_iron_island_b1f_left_room.json,SPECIES_GEODUDE,dual-slot Sapphire,30-31,needs Pokemon Sapphire in the GBA slot and the National Dex; overwrites land slots 8 and 9,base-rom,no
Iron Island,encounters_iron_island_b1f_left_room.json,SPECIES_GRAVELER,dual-slot Sapphire,30-31,needs Pokemon Sapphire in the GBA slot and the National Dex; overwrites land slots 8 and 9,base-rom,no
Iron Island,encounters_iron_island_b1f_left_room.json,SPECIES_GEODUDE,dual-slot Emerald,30-31,needs Pokemon Emerald in the GBA slot and the National Dex; overwrites land slots 8 and 9,base-rom,no
Iron Island,encounters_iron_island_b1f_left_room.json,SPECIES_GRAVELER,dual-slot Emerald,30-31,needs Pokemon Emerald in the GBA slot and the National Dex; overwrites land slots 8 and 9,vanilla,no
Iron Island,encounters_iron_island_b1f_left_room.json,SPECIES_GEODUDE,dual-slot FireRed,30-31,needs Pokemon FireRed in the GBA slot and the National Dex; overwrites land slots 8 and 9,base-rom,no
Iron Island,encounters_iron_island_b1f_left_room.json,SPECIES_GRAVELER,dual-slot FireRed,30-31,needs Pokemon FireRed in the GBA slot and the National Dex; overwrites land slots 8 and 9,vanilla,no
Iron Island,encounters_iron_island_b1f_left_room.json,SPECIES_GEODUDE,dual-slot LeafGreen,30-31,needs Pokemon LeafGreen in the GBA slot and the National Dex; overwrites land slots 8 and 9,base-rom,no
Iron Island,encounters_iron_island_b1f_left_room.json,SPECIES_GRAVELER,dual-slot LeafGreen,30-31,needs Pokemon LeafGreen in the GBA slot and the National Dex; overwrites land slots 8 and 9,vanilla,no
Iron Island,encounters_iron_island_b1f_right_room.json,SPECIES_GEODUDE,poke radar,30-33,"only in a Poke Radar patch (needs the Radar, National Dex and a grass tile); overwrites land slots 4, 5, 10 and 11",base-rom,no
Iron Island,encounters_iron_island_b1f_right_room.json,SPECIES_GRAVELER,poke radar,30-33,"only in a Poke Radar patch (needs the Radar, National Dex and a grass tile); overwrites land slots 4, 5, 10 and 11",vanilla,no
Iron Island,encounters_iron_island_b1f_right_room.json,SPECIES_GEODUDE,dual-slot Ruby,30-31,needs Pokemon Ruby in the GBA slot and the National Dex; overwrites land slots 8 and 9,base-rom,no
Iron Island,encounters_iron_island_b1f_right_room.json,SPECIES_GRAVELER,dual-slot Ruby,30-31,needs Pokemon Ruby in the GBA slot and the National Dex; overwrites land slots 8 and 9,base-rom,no
Iron Island,encounters_iron_island_b1f_right_room.json,SPECIES_GEODUDE,dual-slot Sapphire,30-31,needs Pokemon Sapphire in the GBA slot and the National Dex; overwrites land slots 8 and 9,base-rom,no
Iron Island,encounters_iron_island_b1f_right_room.json,SPECIES_GRAVELER,dual-slot Sapphire,30-31,needs Pokemon Sapphire in the GBA slot and the National Dex; overwrites land slots 8 and 9,base-rom,no
Iron Island,encounters_iron_island_b1f_right_room.json,SPECIES_GEODUDE,dual-slot Emerald,30-31,needs Pokemon Emerald in the GBA slot and the National Dex; overwrites land slots 8 and 9,base-rom,no
Iron Island,encounters_iron_island_b1f_right_room.json,SPECIES_GRAVELER,dual-slot Emerald,30-31,needs Pokemon Emerald in the GBA slot and the National Dex; overwrites land slots 8 and 9,vanilla,no
Iron Island,encounters_iron_island_b1f_right_room.json,SPECIES_GEODUDE,dual-slot FireRed,30-31,needs Pokemon FireRed in the GBA slot and the National Dex; overwrites land slots 8 and 9,base-rom,no
Iron Island,encounters_iron_island_b1f_right_room.json,SPECIES_GRAVELER,dual-slot FireRed,30-31,needs Pokemon FireRed in the GBA slot and the National Dex; overwrites land slots 8 and 9,vanilla,no
Iron Island,encounters_iron_island_b1f_right_room.json,SPECIES_GEODUDE,dual-slot LeafGreen,30-31,needs Pokemon LeafGreen in the GBA slot and the National Dex; overwrites land slots 8 and 9,base-rom,no
Iron Island,encounters_iron_island_b1f_right_room.json,SPECIES_GRAVELER,dual-slot LeafGreen,30-31,needs Pokemon LeafGreen in the GBA slot and the National Dex; overwrites land slots 8 and 9,vanilla,no
Iron Island,encounters_iron_island_b2f_left_room.json,SPECIES_GEODUDE,poke radar,30-33,"only in a Poke Radar patch (needs the Radar, National Dex and a grass tile); overwrites land slots 4, 5, 10 and 11",base-rom,no
Iron Island,encounters_iron_island_b2f_left_room.json,SPECIES_GRAVELER,poke radar,30-33,"only in a Poke Radar patch (needs the Radar, National Dex and a grass tile); overwrites land slots 4, 5, 10 and 11",vanilla,no
Iron Island,encounters_iron_island_b2f_left_room.json,SPECIES_GEODUDE,dual-slot Ruby,30-31,needs Pokemon Ruby in the GBA slot and the National Dex; overwrites land slots 8 and 9,base-rom,no
Iron Island,encounters_iron_island_b2f_left_room.json,SPECIES_GRAVELER,dual-slot Ruby,30-31,needs Pokemon Ruby in the GBA slot and the National Dex; overwrites land slots 8 and 9,base-rom,no
Iron Island,encounters_iron_island_b2f_left_room.json,SPECIES_GEODUDE,dual-slot Sapphire,30-31,needs Pokemon Sapphire in the GBA slot and the National Dex; overwrites land slots 8 and 9,base-rom,no
Iron Island,encounters_iron_island_b2f_left_room.json,SPECIES_GRAVELER,dual-slot Sapphire,30-31,needs Pokemon Sapphire in the GBA slot and the National Dex; overwrites land slots 8 and 9,base-rom,no
Iron Island,encounters_iron_island_b2f_left_room.json,SPECIES_GEODUDE,dual-slot Emerald,30-31,needs Pokemon Emerald in the GBA slot and the National Dex; overwrites land slots 8 and 9,base-rom,no
Iron Island,encounters_iron_island_b2f_left_room.json,SPECIES_GRAVELER,dual-slot Emerald,30-31,needs Pokemon Emerald in the GBA slot and the National Dex; overwrites land slots 8 and 9,vanilla,no
Iron Island,encounters_iron_island_b2f_left_room.json,SPECIES_GEODUDE,dual-slot FireRed,30-31,needs Pokemon FireRed in the GBA slot and the National Dex; overwrites land slots 8 and 9,base-rom,no
Iron Island,encounters_iron_island_b2f_left_room.json,SPECIES_GRAVELER,dual-slot FireRed,30-31,needs Pokemon FireRed in the GBA slot and the National Dex; overwrites land slots 8 and 9,vanilla,no
Iron Island,encounters_iron_island_b2f_left_room.json,SPECIES_GEODUDE,dual-slot LeafGreen,30-31,needs Pokemon LeafGreen in the GBA slot and the National Dex; overwrites land slots 8 and 9,base-rom,no
Iron Island,encounters_iron_island_b2f_left_room.json,SPECIES_GRAVELER,dual-slot LeafGreen,30-31,needs Pokemon LeafGreen in the GBA slot and the National Dex; overwrites land slots 8 and 9,vanilla,no
Iron Island,encounters_iron_island_b2f_right_room.json,SPECIES_GEODUDE,poke radar,30-33,"only in a Poke Radar patch (needs the Radar, National Dex and a grass tile); overwrites land slots 4, 5, 10 and 11",base-rom,no
Iron Island,encounters_iron_island_b2f_right_room.json,SPECIES_GRAVELER,poke radar,30-33,"only in a Poke Radar patch (needs the Radar, National Dex and a grass tile); overwrites land slots 4, 5, 10 and 11",vanilla,no
Iron Island,encounters_iron_island_b2f_right_room.json,SPECIES_GEODUDE,dual-slot Ruby,30-31,needs Pokemon Ruby in the GBA slot and the National Dex; overwrites land slots 8 and 9,base-rom,no
Iron Island,encounters_iron_island_b2f_right_room.json,SPECIES_GRAVELER,dual-slot Ruby,30-31,needs Pokemon Ruby in the GBA slot and the National Dex; overwrites land slots 8 and 9,base-rom,no
Iron Island,encounters_iron_island_b2f_right_room.json,SPECIES_GEODUDE,dual-slot Sapphire,30-31,needs Pokemon Sapphire in the GBA slot and the National Dex; overwrites land slots 8 and 9,base-rom,no
Iron Island,encounters_iron_island_b2f_right_room.json,SPECIES_GRAVELER,dual-slot Sapphire,30-31,needs Pokemon Sapphire in the GBA slot and the National Dex; overwrites land slots 8 and 9,base-rom,no
Iron Island,encounters_iron_island_b2f_right_room.json,SPECIES_GEODUDE,dual-slot Emerald,30-31,needs Pokemon Emerald in the GBA slot and the National Dex; overwrites land slots 8 and 9,base-rom,no
Iron Island,encounters_iron_island_b2f_right_room.json,SPECIES_GRAVELER,dual-slot Emerald,30-31,needs Pokemon Emerald in the GBA slot and the National Dex; overwrites land slots 8 and 9,vanilla,no
Iron Island,encounters_iron_island_b2f_right_room.json,SPECIES_GEODUDE,dual-slot FireRed,30-31,needs Pokemon FireRed in the GBA slot and the National Dex; overwrites land slots 8 and 9,base-rom,no
Iron Island,encounters_iron_island_b2f_right_room.json,SPECIES_GRAVELER,dual-slot FireRed,30-31,needs Pokemon FireRed in the GBA slot and the National Dex; overwrites land slots 8 and 9,vanilla,no
Iron Island,encounters_iron_island_b2f_right_room.json,SPECIES_GEODUDE,dual-slot LeafGreen,30-31,needs Pokemon LeafGreen in the GBA slot and the National Dex; overwrites land slots 8 and 9,base-rom,no
Iron Island,encounters_iron_island_b2f_right_room.json,SPECIES_GRAVELER,dual-slot LeafGreen,30-31,needs Pokemon LeafGreen in the GBA slot and the National Dex; overwrites land slots 8 and 9,vanilla,no
Iron Island,encounters_iron_island_b3f.json,SPECIES_GEODUDE,poke radar,30-33,"only in a Poke Radar patch (needs the Radar, National Dex and a grass tile); overwrites land slots 4, 5, 10 and 11",base-rom,no
Iron Island,encounters_iron_island_b3f.json,SPECIES_GRAVELER,poke radar,30-33,"only in a Poke Radar patch (needs the Radar, National Dex and a grass tile); overwrites land slots 4, 5, 10 and 11",vanilla,no
Iron Island,encounters_iron_island_b3f.json,SPECIES_GEODUDE,dual-slot Ruby,30-31,needs Pokemon Ruby in the GBA slot and the National Dex; overwrites land slots 8 and 9,base-rom,no
Iron Island,encounters_iron_island_b3f.json,SPECIES_GRAVELER,dual-slot Ruby,30-31,needs Pokemon Ruby in the GBA slot and the National Dex; overwrites land slots 8 and 9,base-rom,no
Iron Island,encounters_iron_island_b3f.json,SPECIES_GEODUDE,dual-slot Sapphire,30-31,needs Pokemon Sapphire in the GBA slot and the National Dex; overwrites land slots 8 and 9,base-rom,no
Iron Island,encounters_iron_island_b3f.json,SPECIES_GRAVELER,dual-slot Sapphire,30-31,needs Pokemon Sapphire in the GBA slot and the National Dex; overwrites land slots 8 and 9,base-rom,no
Iron Island,encounters_iron_island_b3f.json,SPECIES_GEODUDE,dual-slot Emerald,30-31,needs Pokemon Emerald in the GBA slot and the National Dex; overwrites land slots 8 and 9,base-rom,no
Iron Island,encounters_iron_island_b3f.json,SPECIES_GRAVELER,dual-slot Emerald,30-31,needs Pokemon Emerald in the GBA slot and the National Dex; overwrites land slots 8 and 9,vanilla,no
Iron Island,encounters_iron_island_b3f.json,SPECIES_GEODUDE,dual-slot FireRed,30-31,needs Pokemon FireRed in the GBA slot and the National Dex; overwrites land slots 8 and 9,base-rom,no
Iron Island,encounters_iron_island_b3f.json,SPECIES_GRAVELER,dual-slot FireRed,30-31,needs Pokemon FireRed in the GBA slot and the National Dex; overwrites land slots 8 and 9,vanilla,no
Iron Island,encounters_iron_island_b3f.json,SPECIES_GEODUDE,dual-slot LeafGreen,30-31,needs Pokemon LeafGreen in the GBA slot and the National Dex; overwrites land slots 8 and 9,base-rom,no
Iron Island,encounters_iron_island_b3f.json,SPECIES_GRAVELER,dual-slot LeafGreen,30-31,needs Pokemon LeafGreen in the GBA slot and the National Dex; overwrites land slots 8 and 9,vanilla,no
Lake Acuity,encounters_lake_acuity.json,SPECIES_GOLDUCK,poke radar,40-41,"only in a Poke Radar patch (needs the Radar, National Dex and a grass tile); overwrites land slots 4, 5, 10 and 11",vanilla,no
Lake Acuity,encounters_lake_acuity.json,SPECIES_SNEASEL,poke radar,40-41,"only in a Poke Radar patch (needs the Radar, National Dex and a grass tile); overwrites land slots 4, 5, 10 and 11",vanilla,yes
Lake Acuity,encounters_lake_acuity.json,SPECIES_SNOVER,poke radar,40-41,"only in a Poke Radar patch (needs the Radar, National Dex and a grass tile); overwrites land slots 4, 5, 10 and 11",vanilla,yes
Lake Acuity,encounters_lake_acuity.json,SPECIES_BIBAREL,poke radar,40-41,"only in a Poke Radar patch (needs the Radar, National Dex and a grass tile); overwrites land slots 4, 5, 10 and 11",vanilla,no
Lake Acuity,encounters_lake_acuity.json,SPECIES_SOLROCK,dual-slot Ruby,40-41,needs Pokemon Ruby in the GBA slot and the National Dex; overwrites land slots 8 and 9,vanilla,yes
Lake Acuity,encounters_lake_acuity.json,SPECIES_LUNATONE,dual-slot Sapphire,40-41,needs Pokemon Sapphire in the GBA slot and the National Dex; overwrites land slots 8 and 9,vanilla,yes
Lake Acuity,encounters_lake_acuity.json,SPECIES_TEDDIURSA,dual-slot Emerald,40-41,needs Pokemon Emerald in the GBA slot and the National Dex; overwrites land slots 8 and 9,vanilla,no
Lake Acuity,encounters_lake_acuity.json,SPECIES_SNOVER,dual-slot FireRed,40-41,needs Pokemon FireRed in the GBA slot and the National Dex; overwrites land slots 8 and 9,vanilla,yes
Lake Acuity,encounters_lake_acuity.json,SPECIES_BIBAREL,dual-slot FireRed,40-41,needs Pokemon FireRed in the GBA slot and the National Dex; overwrites land slots 8 and 9,vanilla,no
Lake Acuity,encounters_lake_acuity.json,SPECIES_SNOVER,dual-slot LeafGreen,40-41,needs Pokemon LeafGreen in the GBA slot and the National Dex; overwrites land slots 8 and 9,vanilla,yes
Lake Acuity,encounters_lake_acuity.json,SPECIES_BIBAREL,dual-slot LeafGreen,40-41,needs Pokemon LeafGreen in the GBA slot and the National Dex; overwrites land slots 8 and 9,vanilla,no
Lake Valor,encounters_lake_valor.json,SPECIES_WOBBUFFET,poke radar,38-41,"only in a Poke Radar patch (needs the Radar, National Dex and a grass tile); overwrites land slots 4, 5, 10 and 11",vanilla,no
Lake Valor,encounters_lake_valor.json,SPECIES_SOLROCK,dual-slot Ruby,40-41,needs Pokemon Ruby in the GBA slot and the National Dex; overwrites land slots 8 and 9,vanilla,yes
Lake Valor,encounters_lake_valor.json,SPECIES_LUNATONE,dual-slot Sapphire,40-41,needs Pokemon Sapphire in the GBA slot and the National Dex; overwrites land slots 8 and 9,vanilla,yes
Lake Valor,encounters_lake_valor.json,SPECIES_STARAVIA,dual-slot Emerald,40-41,needs Pokemon Emerald in the GBA slot and the National Dex; overwrites land slots 8 and 9,vanilla,no
Lake Valor,encounters_lake_valor.json,SPECIES_BIBAREL,dual-slot Emerald,40-41,needs Pokemon Emerald in the GBA slot and the National Dex; overwrites land slots 8 and 9,vanilla,no
Lake Valor,encounters_lake_valor.json,SPECIES_STARAVIA,dual-slot FireRed,40-41,needs Pokemon FireRed in the GBA slot and the National Dex; overwrites land slots 8 and 9,vanilla,no
Lake Valor,encounters_lake_valor.json,SPECIES_BIBAREL,dual-slot FireRed,40-41,needs Pokemon FireRed in the GBA slot and the National Dex; overwrites land slots 8 and 9,vanilla,no
Lake Valor,encounters_lake_valor.json,SPECIES_STARAVIA,dual-slot LeafGreen,40-41,needs Pokemon LeafGreen in the GBA slot and the National Dex; overwrites land slots 8 and 9,vanilla,no
Lake Valor,encounters_lake_valor.json,SPECIES_BIBAREL,dual-slot LeafGreen,40-41,needs Pokemon LeafGreen in the GBA slot and the National Dex; overwrites land slots 8 and 9,vanilla,no
Lake Verity,encounters_lake_verity.json,SPECIES_WOBBUFFET,poke radar,3-4,"only in a Poke Radar patch (needs the Radar, National Dex and a grass tile); overwrites land slots 4, 5, 10 and 11",vanilla,no
Lake Verity,encounters_lake_verity.json,SPECIES_SOLROCK,dual-slot Ruby,4,needs Pokemon Ruby in the GBA slot and the National Dex; overwrites land slots 8 and 9,vanilla,yes
Lake Verity,encounters_lake_verity.json,SPECIES_LUNATONE,dual-slot Sapphire,4,needs Pokemon Sapphire in the GBA slot and the National Dex; overwrites land slots 8 and 9,vanilla,yes
Lake Verity,encounters_lake_verity.json,SPECIES_STARLY,dual-slot Emerald,4,needs Pokemon Emerald in the GBA slot and the National Dex; overwrites land slots 8 and 9,vanilla,no
Lake Verity,encounters_lake_verity.json,SPECIES_BIDOOF,dual-slot Emerald,4,needs Pokemon Emerald in the GBA slot and the National Dex; overwrites land slots 8 and 9,vanilla,no
Lake Verity,encounters_lake_verity.json,SPECIES_STARLY,dual-slot FireRed,4,needs Pokemon FireRed in the GBA slot and the National Dex; overwrites land slots 8 and 9,vanilla,no
Lake Verity,encounters_lake_verity.json,SPECIES_BIDOOF,dual-slot FireRed,4,needs Pokemon FireRed in the GBA slot and the National Dex; overwrites land slots 8 and 9,vanilla,no
Lake Verity,encounters_lake_verity.json,SPECIES_STARLY,dual-slot LeafGreen,4,needs Pokemon LeafGreen in the GBA slot and the National Dex; overwrites land slots 8 and 9,vanilla,no
Lake Verity,encounters_lake_verity.json,SPECIES_BIDOOF,dual-slot LeafGreen,4,needs Pokemon LeafGreen in the GBA slot and the National Dex; overwrites land slots 8 and 9,vanilla,no
Lake Verity,encounters_lake_verity_low_water.json,SPECIES_WOBBUFFET,poke radar,3-4,"only in a Poke Radar patch (needs the Radar, National Dex and a grass tile); overwrites land slots 4, 5, 10 and 11",vanilla,no
Lake Verity,encounters_lake_verity_low_water.json,SPECIES_SOLROCK,dual-slot Ruby,4,needs Pokemon Ruby in the GBA slot and the National Dex; overwrites land slots 8 and 9,vanilla,yes
Lake Verity,encounters_lake_verity_low_water.json,SPECIES_LUNATONE,dual-slot Sapphire,4,needs Pokemon Sapphire in the GBA slot and the National Dex; overwrites land slots 8 and 9,vanilla,yes
Lake Verity,encounters_lake_verity_low_water.json,SPECIES_STARLY,dual-slot Emerald,4,needs Pokemon Emerald in the GBA slot and the National Dex; overwrites land slots 8 and 9,vanilla,no
Lake Verity,encounters_lake_verity_low_water.json,SPECIES_BIDOOF,dual-slot Emerald,4,needs Pokemon Emerald in the GBA slot and the National Dex; overwrites land slots 8 and 9,vanilla,no
Lake Verity,encounters_lake_verity_low_water.json,SPECIES_STARLY,dual-slot FireRed,4,needs Pokemon FireRed in the GBA slot and the National Dex; overwrites land slots 8 and 9,vanilla,no
Lake Verity,encounters_lake_verity_low_water.json,SPECIES_BIDOOF,dual-slot FireRed,4,needs Pokemon FireRed in the GBA slot and the National Dex; overwrites land slots 8 and 9,vanilla,no
Lake Verity,encounters_lake_verity_low_water.json,SPECIES_STARLY,dual-slot LeafGreen,4,needs Pokemon LeafGreen in the GBA slot and the National Dex; overwrites land slots 8 and 9,vanilla,no
Lake Verity,encounters_lake_verity_low_water.json,SPECIES_BIDOOF,dual-slot LeafGreen,4,needs Pokemon LeafGreen in the GBA slot and the National Dex; overwrites land slots 8 and 9,vanilla,no
Maniac Tunnel,encounters_maniac_tunnel.json,SPECIES_GEODUDE,poke radar,23-24,"only in a Poke Radar patch (needs the Radar, National Dex and a grass tile); overwrites land slots 4, 5, 10 and 11",vanilla,no
Maniac Tunnel,encounters_maniac_tunnel.json,SPECIES_HIPPOPOTAS,poke radar,23-24,"only in a Poke Radar patch (needs the Radar, National Dex and a grass tile); overwrites land slots 4, 5, 10 and 11",vanilla,yes
Maniac Tunnel,encounters_maniac_tunnel.json,SPECIES_GEODUDE,dual-slot Ruby,22-23,needs Pokemon Ruby in the GBA slot and the National Dex; overwrites land slots 8 and 9,vanilla,no
Maniac Tunnel,encounters_maniac_tunnel.json,SPECIES_HIPPOPOTAS,dual-slot Ruby,22-23,needs Pokemon Ruby in the GBA slot and the National Dex; overwrites land slots 8 and 9,vanilla,yes
Maniac Tunnel,encounters_maniac_tunnel.json,SPECIES_GEODUDE,dual-slot Sapphire,22-23,needs Pokemon Sapphire in the GBA slot and the National Dex; overwrites land slots 8 and 9,vanilla,no
Maniac Tunnel,encounters_maniac_tunnel.json,SPECIES_HIPPOPOTAS,dual-slot Sapphire,22-23,needs Pokemon Sapphire in the GBA slot and the National Dex; overwrites land slots 8 and 9,vanilla,yes
Maniac Tunnel,encounters_maniac_tunnel.json,SPECIES_GEODUDE,dual-slot Emerald,22-23,needs Pokemon Emerald in the GBA slot and the National Dex; overwrites land slots 8 and 9,vanilla,no
Maniac Tunnel,encounters_maniac_tunnel.json,SPECIES_HIPPOPOTAS,dual-slot Emerald,22-23,needs Pokemon Emerald in the GBA slot and the National Dex; overwrites land slots 8 and 9,vanilla,yes
Maniac Tunnel,encounters_maniac_tunnel.json,SPECIES_GEODUDE,dual-slot FireRed,22-23,needs Pokemon FireRed in the GBA slot and the National Dex; overwrites land slots 8 and 9,vanilla,no
Maniac Tunnel,encounters_maniac_tunnel.json,SPECIES_HIPPOPOTAS,dual-slot FireRed,22-23,needs Pokemon FireRed in the GBA slot and the National Dex; overwrites land slots 8 and 9,vanilla,yes
Maniac Tunnel,encounters_maniac_tunnel.json,SPECIES_GEODUDE,dual-slot LeafGreen,22-23,needs Pokemon LeafGreen in the GBA slot and the National Dex; overwrites land slots 8 and 9,vanilla,no
Maniac Tunnel,encounters_maniac_tunnel.json,SPECIES_HIPPOPOTAS,dual-slot LeafGreen,22-23,needs Pokemon LeafGreen in the GBA slot and the National Dex; overwrites land slots 8 and 9,vanilla,yes
Mt. Coronet,encounters_mt_coronet_1f_north_room_1.json,SPECIES_MACHOP,poke radar,15-16,"only in a Poke Radar patch (needs the Radar, National Dex and a grass tile); overwrites land slots 4, 5, 10 and 11",vanilla,no
Mt. Coronet,encounters_mt_coronet_1f_north_room_1.json,SPECIES_MEDITITE,poke radar,15-16,"only in a Poke Radar patch (needs the Radar, National Dex and a grass tile); overwrites land slots 4, 5, 10 and 11",vanilla,no
Mt. Coronet,encounters_mt_coronet_1f_north_room_1.json,SPECIES_ZUBAT,poke radar,15-16,"only in a Poke Radar patch (needs the Radar, National Dex and a grass tile); overwrites land slots 4, 5, 10 and 11",vanilla,yes
Mt. Coronet,encounters_mt_coronet_1f_north_room_1.json,SPECIES_CHINGLING,poke radar,15-16,"only in a Poke Radar patch (needs the Radar, National Dex and a grass tile); overwrites land slots 4, 5, 10 and 11",vanilla,no
Mt. Coronet,encounters_mt_coronet_1f_north_room_1.json,SPECIES_ZUBAT,dual-slot Ruby,15,needs Pokemon Ruby in the GBA slot and the National Dex; overwrites land slots 8 and 9,vanilla,yes
Mt. Coronet,encounters_mt_coronet_1f_north_room_1.json,SPECIES_CHINGLING,dual-slot Ruby,15,needs Pokemon Ruby in the GBA slot and the National Dex; overwrites land slots 8 and 9,vanilla,no
Mt. Coronet,encounters_mt_coronet_1f_north_room_1.json,SPECIES_ZUBAT,dual-slot Sapphire,15,needs Pokemon Sapphire in the GBA slot and the National Dex; overwrites land slots 8 and 9,vanilla,yes
Mt. Coronet,encounters_mt_coronet_1f_north_room_1.json,SPECIES_CHINGLING,dual-slot Sapphire,15,needs Pokemon Sapphire in the GBA slot and the National Dex; overwrites land slots 8 and 9,vanilla,no
Mt. Coronet,encounters_mt_coronet_1f_north_room_1.json,SPECIES_ZUBAT,dual-slot Emerald,15,needs Pokemon Emerald in the GBA slot and the National Dex; overwrites land slots 8 and 9,vanilla,yes
Mt. Coronet,encounters_mt_coronet_1f_north_room_1.json,SPECIES_CHINGLING,dual-slot Emerald,15,needs Pokemon Emerald in the GBA slot and the National Dex; overwrites land slots 8 and 9,vanilla,no
Mt. Coronet,encounters_mt_coronet_1f_north_room_1.json,SPECIES_ZUBAT,dual-slot FireRed,15,needs Pokemon FireRed in the GBA slot and the National Dex; overwrites land slots 8 and 9,vanilla,yes
Mt. Coronet,encounters_mt_coronet_1f_north_room_1.json,SPECIES_CHINGLING,dual-slot FireRed,15,needs Pokemon FireRed in the GBA slot and the National Dex; overwrites land slots 8 and 9,vanilla,no
Mt. Coronet,encounters_mt_coronet_1f_north_room_1.json,SPECIES_ZUBAT,dual-slot LeafGreen,15,needs Pokemon LeafGreen in the GBA slot and the National Dex; overwrites land slots 8 and 9,vanilla,yes
Mt. Coronet,encounters_mt_coronet_1f_north_room_1.json,SPECIES_CHINGLING,dual-slot LeafGreen,15,needs Pokemon LeafGreen in the GBA slot and the National Dex; overwrites land slots 8 and 9,vanilla,no
Mt. Coronet,encounters_mt_coronet_1f_north_room_2.json,SPECIES_MACHOKE,poke radar,34-35,"only in a Poke Radar patch (needs the Radar, National Dex and a grass tile); overwrites land slots 4, 5, 10 and 11",vanilla,no
Mt. Coronet,encounters_mt_coronet_1f_north_room_2.json,SPECIES_MEDITITE,poke radar,34-35,"only in a Poke Radar patch (needs the Radar, National Dex and a grass tile); overwrites land slots 4, 5, 10 and 11",vanilla,no
Mt. Coronet,encounters_mt_coronet_1f_north_room_2.json,SPECIES_GOLBAT,poke radar,34-35,"only in a Poke Radar patch (needs the Radar, National Dex and a grass tile); overwrites land slots 4, 5, 10 and 11",vanilla,yes
Mt. Coronet,encounters_mt_coronet_1f_north_room_2.json,SPECIES_CHINGLING,poke radar,34-35,"only in a Poke Radar patch (needs the Radar, National Dex and a grass tile); overwrites land slots 4, 5, 10 and 11",vanilla,no
Mt. Coronet,encounters_mt_coronet_1f_north_room_2.json,SPECIES_GOLBAT,dual-slot Ruby,34,needs Pokemon Ruby in the GBA slot and the National Dex; overwrites land slots 8 and 9,vanilla,yes
Mt. Coronet,encounters_mt_coronet_1f_north_room_2.json,SPECIES_CHINGLING,dual-slot Ruby,34,needs Pokemon Ruby in the GBA slot and the National Dex; overwrites land slots 8 and 9,vanilla,no
Mt. Coronet,encounters_mt_coronet_1f_north_room_2.json,SPECIES_GOLBAT,dual-slot Sapphire,34,needs Pokemon Sapphire in the GBA slot and the National Dex; overwrites land slots 8 and 9,vanilla,yes
Mt. Coronet,encounters_mt_coronet_1f_north_room_2.json,SPECIES_CHINGLING,dual-slot Sapphire,34,needs Pokemon Sapphire in the GBA slot and the National Dex; overwrites land slots 8 and 9,vanilla,no
Mt. Coronet,encounters_mt_coronet_1f_north_room_2.json,SPECIES_GOLBAT,dual-slot Emerald,34,needs Pokemon Emerald in the GBA slot and the National Dex; overwrites land slots 8 and 9,vanilla,yes
Mt. Coronet,encounters_mt_coronet_1f_north_room_2.json,SPECIES_CHINGLING,dual-slot Emerald,34,needs Pokemon Emerald in the GBA slot and the National Dex; overwrites land slots 8 and 9,vanilla,no
Mt. Coronet,encounters_mt_coronet_1f_north_room_2.json,SPECIES_GOLBAT,dual-slot FireRed,34,needs Pokemon FireRed in the GBA slot and the National Dex; overwrites land slots 8 and 9,vanilla,yes
Mt. Coronet,encounters_mt_coronet_1f_north_room_2.json,SPECIES_CHINGLING,dual-slot FireRed,34,needs Pokemon FireRed in the GBA slot and the National Dex; overwrites land slots 8 and 9,vanilla,no
Mt. Coronet,encounters_mt_coronet_1f_north_room_2.json,SPECIES_GOLBAT,dual-slot LeafGreen,34,needs Pokemon LeafGreen in the GBA slot and the National Dex; overwrites land slots 8 and 9,vanilla,yes
Mt. Coronet,encounters_mt_coronet_1f_north_room_2.json,SPECIES_CHINGLING,dual-slot LeafGreen,34,needs Pokemon LeafGreen in the GBA slot and the National Dex; overwrites land slots 8 and 9,vanilla,no
Mt. Coronet,encounters_mt_coronet_1f_south.json,SPECIES_MACHOP,poke radar,19-20,"only in a Poke Radar patch (needs the Radar, National Dex and a grass tile); overwrites land slots 4, 5, 10 and 11",vanilla,no
Mt. Coronet,encounters_mt_coronet_1f_south.json,SPECIES_MEDITITE,poke radar,19-20,"only in a Poke Radar patch (needs the Radar, National Dex and a grass tile); overwrites land slots 4, 5, 10 and 11",vanilla,no
Mt. Coronet,encounters_mt_coronet_1f_south.json,SPECIES_ZUBAT,poke radar,19-20,"only in a Poke Radar patch (needs the Radar, National Dex and a grass tile); overwrites land slots 4, 5, 10 and 11",vanilla,yes
Mt. Coronet,encounters_mt_coronet_1f_south.json,SPECIES_CHINGLING,poke radar,19-20,"only in a Poke Radar patch (needs the Radar, National Dex and a grass tile); overwrites land slots 4, 5, 10 and 11",vanilla,no
Mt. Coronet,encounters_mt_coronet_1f_south.json,SPECIES_ZUBAT,dual-slot Ruby,19,needs Pokemon Ruby in the GBA slot and the National Dex; overwrites land slots 8 and 9,vanilla,yes
Mt. Coronet,encounters_mt_coronet_1f_south.json,SPECIES_CHINGLING,dual-slot Ruby,19,needs Pokemon Ruby in the GBA slot and the National Dex; overwrites land slots 8 and 9,vanilla,no
Mt. Coronet,encounters_mt_coronet_1f_south.json,SPECIES_ZUBAT,dual-slot Sapphire,19,needs Pokemon Sapphire in the GBA slot and the National Dex; overwrites land slots 8 and 9,vanilla,yes
Mt. Coronet,encounters_mt_coronet_1f_south.json,SPECIES_CHINGLING,dual-slot Sapphire,19,needs Pokemon Sapphire in the GBA slot and the National Dex; overwrites land slots 8 and 9,vanilla,no
Mt. Coronet,encounters_mt_coronet_1f_south.json,SPECIES_ZUBAT,dual-slot Emerald,19,needs Pokemon Emerald in the GBA slot and the National Dex; overwrites land slots 8 and 9,vanilla,yes
Mt. Coronet,encounters_mt_coronet_1f_south.json,SPECIES_CHINGLING,dual-slot Emerald,19,needs Pokemon Emerald in the GBA slot and the National Dex; overwrites land slots 8 and 9,vanilla,no
Mt. Coronet,encounters_mt_coronet_1f_south.json,SPECIES_ZUBAT,dual-slot FireRed,19,needs Pokemon FireRed in the GBA slot and the National Dex; overwrites land slots 8 and 9,vanilla,yes
Mt. Coronet,encounters_mt_coronet_1f_south.json,SPECIES_CHINGLING,dual-slot FireRed,19,needs Pokemon FireRed in the GBA slot and the National Dex; overwrites land slots 8 and 9,vanilla,no
Mt. Coronet,encounters_mt_coronet_1f_south.json,SPECIES_ZUBAT,dual-slot LeafGreen,19,needs Pokemon LeafGreen in the GBA slot and the National Dex; overwrites land slots 8 and 9,vanilla,yes
Mt. Coronet,encounters_mt_coronet_1f_south.json,SPECIES_CHINGLING,dual-slot LeafGreen,19,needs Pokemon LeafGreen in the GBA slot and the National Dex; overwrites land slots 8 and 9,vanilla,no
Mt. Coronet,encounters_mt_coronet_1f_tunnel_room.json,SPECIES_MACHOKE,poke radar,38-39,"only in a Poke Radar patch (needs the Radar, National Dex and a grass tile); overwrites land slots 4, 5, 10 and 11",vanilla,no
Mt. Coronet,encounters_mt_coronet_1f_tunnel_room.json,SPECIES_MEDICHAM,poke radar,38-39,"only in a Poke Radar patch (needs the Radar, National Dex and a grass tile); overwrites land slots 4, 5, 10 and 11",vanilla,no
Mt. Coronet,encounters_mt_coronet_1f_tunnel_room.json,SPECIES_GOLBAT,poke radar,38-39,"only in a Poke Radar patch (needs the Radar, National Dex and a grass tile); overwrites land slots 4, 5, 10 and 11",vanilla,yes
Mt. Coronet,encounters_mt_coronet_1f_tunnel_room.json,SPECIES_CHINGLING,poke radar,38-39,"only in a Poke Radar patch (needs the Radar, National Dex and a grass tile); overwrites land slots 4, 5, 10 and 11",vanilla,no
Mt. Coronet,encounters_mt_coronet_1f_tunnel_room.json,SPECIES_SOLROCK,dual-slot Ruby,38,needs Pokemon Ruby in the GBA slot and the National Dex; overwrites land slots 8 and 9,vanilla,yes
Mt. Coronet,encounters_mt_coronet_1f_tunnel_room.json,SPECIES_LUNATONE,dual-slot Sapphire,38,needs Pokemon Sapphire in the GBA slot and the National Dex; overwrites land slots 8 and 9,vanilla,yes
Mt. Coronet,encounters_mt_coronet_1f_tunnel_room.json,SPECIES_GOLBAT,dual-slot Emerald,38,needs Pokemon Emerald in the GBA slot and the National Dex; overwrites land slots 8 and 9,vanilla,yes
Mt. Coronet,encounters_mt_coronet_1f_tunnel_room.json,SPECIES_CHINGLING,dual-slot Emerald,38,needs Pokemon Emerald in the GBA slot and the National Dex; overwrites land slots 8 and 9,vanilla,no
Mt. Coronet,encounters_mt_coronet_1f_tunnel_room.json,SPECIES_GOLBAT,dual-slot FireRed,38,needs Pokemon FireRed in the GBA slot and the National Dex; overwrites land slots 8 and 9,vanilla,yes
Mt. Coronet,encounters_mt_coronet_1f_tunnel_room.json,SPECIES_CHINGLING,dual-slot FireRed,38,needs Pokemon FireRed in the GBA slot and the National Dex; overwrites land slots 8 and 9,vanilla,no
Mt. Coronet,encounters_mt_coronet_1f_tunnel_room.json,SPECIES_GOLBAT,dual-slot LeafGreen,38,needs Pokemon LeafGreen in the GBA slot and the National Dex; overwrites land slots 8 and 9,vanilla,yes
Mt. Coronet,encounters_mt_coronet_1f_tunnel_room.json,SPECIES_CHINGLING,dual-slot LeafGreen,38,needs Pokemon LeafGreen in the GBA slot and the National Dex; overwrites land slots 8 and 9,vanilla,no
Mt. Coronet,encounters_mt_coronet_2f.json,SPECIES_MACHOKE,poke radar,38-39,"only in a Poke Radar patch (needs the Radar, National Dex and a grass tile); overwrites land slots 4, 5, 10 and 11",vanilla,no
Mt. Coronet,encounters_mt_coronet_2f.json,SPECIES_MEDICHAM,poke radar,38-39,"only in a Poke Radar patch (needs the Radar, National Dex and a grass tile); overwrites land slots 4, 5, 10 and 11",vanilla,no
Mt. Coronet,encounters_mt_coronet_2f.json,SPECIES_GOLBAT,poke radar,38-39,"only in a Poke Radar patch (needs the Radar, National Dex and a grass tile); overwrites land slots 4, 5, 10 and 11",vanilla,yes
Mt. Coronet,encounters_mt_coronet_2f.json,SPECIES_CHINGLING,poke radar,38-39,"only in a Poke Radar patch (needs the Radar, National Dex and a grass tile); overwrites land slots 4, 5, 10 and 11",vanilla,no
Mt. Coronet,encounters_mt_coronet_2f.json,SPECIES_SOLROCK,dual-slot Ruby,38,needs Pokemon Ruby in the GBA slot and the National Dex; overwrites land slots 8 and 9,vanilla,yes
Mt. Coronet,encounters_mt_coronet_2f.json,SPECIES_LUNATONE,dual-slot Sapphire,38,needs Pokemon Sapphire in the GBA slot and the National Dex; overwrites land slots 8 and 9,vanilla,yes
Mt. Coronet,encounters_mt_coronet_2f.json,SPECIES_GOLBAT,dual-slot Emerald,38,needs Pokemon Emerald in the GBA slot and the National Dex; overwrites land slots 8 and 9,vanilla,yes
Mt. Coronet,encounters_mt_coronet_2f.json,SPECIES_CHINGLING,dual-slot Emerald,38,needs Pokemon Emerald in the GBA slot and the National Dex; overwrites land slots 8 and 9,vanilla,no
Mt. Coronet,encounters_mt_coronet_2f.json,SPECIES_GOLBAT,dual-slot FireRed,38,needs Pokemon FireRed in the GBA slot and the National Dex; overwrites land slots 8 and 9,vanilla,yes
Mt. Coronet,encounters_mt_coronet_2f.json,SPECIES_CHINGLING,dual-slot FireRed,38,needs Pokemon FireRed in the GBA slot and the National Dex; overwrites land slots 8 and 9,vanilla,no
Mt. Coronet,encounters_mt_coronet_2f.json,SPECIES_GOLBAT,dual-slot LeafGreen,38,needs Pokemon LeafGreen in the GBA slot and the National Dex; overwrites land slots 8 and 9,vanilla,yes
Mt. Coronet,encounters_mt_coronet_2f.json,SPECIES_CHINGLING,dual-slot LeafGreen,38,needs Pokemon LeafGreen in the GBA slot and the National Dex; overwrites land slots 8 and 9,vanilla,no
Mt. Coronet,encounters_mt_coronet_3f.json,SPECIES_MACHOKE,poke radar,38-39,"only in a Poke Radar patch (needs the Radar, National Dex and a grass tile); overwrites land slots 4, 5, 10 and 11",vanilla,no
Mt. Coronet,encounters_mt_coronet_3f.json,SPECIES_MEDICHAM,poke radar,38-39,"only in a Poke Radar patch (needs the Radar, National Dex and a grass tile); overwrites land slots 4, 5, 10 and 11",vanilla,no
Mt. Coronet,encounters_mt_coronet_3f.json,SPECIES_GOLBAT,poke radar,38-39,"only in a Poke Radar patch (needs the Radar, National Dex and a grass tile); overwrites land slots 4, 5, 10 and 11",base-rom,yes
Mt. Coronet,encounters_mt_coronet_3f.json,SPECIES_CHINGLING,poke radar,38-39,"only in a Poke Radar patch (needs the Radar, National Dex and a grass tile); overwrites land slots 4, 5, 10 and 11",vanilla,no
Mt. Coronet,encounters_mt_coronet_3f.json,SPECIES_SOLROCK,dual-slot Ruby,38,needs Pokemon Ruby in the GBA slot and the National Dex; overwrites land slots 8 and 9,vanilla,yes
Mt. Coronet,encounters_mt_coronet_3f.json,SPECIES_LUNATONE,dual-slot Sapphire,38,needs Pokemon Sapphire in the GBA slot and the National Dex; overwrites land slots 8 and 9,vanilla,yes
Mt. Coronet,encounters_mt_coronet_3f.json,SPECIES_GOLBAT,dual-slot Emerald,38,needs Pokemon Emerald in the GBA slot and the National Dex; overwrites land slots 8 and 9,vanilla,yes
Mt. Coronet,encounters_mt_coronet_3f.json,SPECIES_CHINGLING,dual-slot Emerald,38,needs Pokemon Emerald in the GBA slot and the National Dex; overwrites land slots 8 and 9,vanilla,no
Mt. Coronet,encounters_mt_coronet_3f.json,SPECIES_GOLBAT,dual-slot FireRed,38,needs Pokemon FireRed in the GBA slot and the National Dex; overwrites land slots 8 and 9,vanilla,yes
Mt. Coronet,encounters_mt_coronet_3f.json,SPECIES_CHINGLING,dual-slot FireRed,38,needs Pokemon FireRed in the GBA slot and the National Dex; overwrites land slots 8 and 9,vanilla,no
Mt. Coronet,encounters_mt_coronet_3f.json,SPECIES_GOLBAT,dual-slot LeafGreen,38,needs Pokemon LeafGreen in the GBA slot and the National Dex; overwrites land slots 8 and 9,vanilla,yes
Mt. Coronet,encounters_mt_coronet_3f.json,SPECIES_CHINGLING,dual-slot LeafGreen,38,needs Pokemon LeafGreen in the GBA slot and the National Dex; overwrites land slots 8 and 9,vanilla,no
Mt. Coronet,encounters_mt_coronet_4f_room_3.json,SPECIES_MACHOKE,poke radar,38-39,"only in a Poke Radar patch (needs the Radar, National Dex and a grass tile); overwrites land slots 4, 5, 10 and 11",vanilla,no
Mt. Coronet,encounters_mt_coronet_4f_room_3.json,SPECIES_MEDICHAM,poke radar,38-39,"only in a Poke Radar patch (needs the Radar, National Dex and a grass tile); overwrites land slots 4, 5, 10 and 11",vanilla,no
Mt. Coronet,encounters_mt_coronet_4f_room_3.json,SPECIES_GOLBAT,poke radar,38-39,"only in a Poke Radar patch (needs the Radar, National Dex and a grass tile); overwrites land slots 4, 5, 10 and 11",vanilla,yes
Mt. Coronet,encounters_mt_coronet_4f_room_3.json,SPECIES_CHINGLING,poke radar,38-39,"only in a Poke Radar patch (needs the Radar, National Dex and a grass tile); overwrites land slots 4, 5, 10 and 11",base-rom,no
Mt. Coronet,encounters_mt_coronet_4f_room_3.json,SPECIES_SOLROCK,dual-slot Ruby,38,needs Pokemon Ruby in the GBA slot and the National Dex; overwrites land slots 8 and 9,vanilla,yes
Mt. Coronet,encounters_mt_coronet_4f_room_3.json,SPECIES_LUNATONE,dual-slot Sapphire,38,needs Pokemon Sapphire in the GBA slot and the National Dex; overwrites land slots 8 and 9,vanilla,yes
Mt. Coronet,encounters_mt_coronet_4f_room_3.json,SPECIES_GOLBAT,dual-slot Emerald,38,needs Pokemon Emerald in the GBA slot and the National Dex; overwrites land slots 8 and 9,vanilla,yes
Mt. Coronet,encounters_mt_coronet_4f_room_3.json,SPECIES_CHINGLING,dual-slot Emerald,38,needs Pokemon Emerald in the GBA slot and the National Dex; overwrites land slots 8 and 9,vanilla,no
Mt. Coronet,encounters_mt_coronet_4f_room_3.json,SPECIES_GOLBAT,dual-slot FireRed,38,needs Pokemon FireRed in the GBA slot and the National Dex; overwrites land slots 8 and 9,vanilla,yes
Mt. Coronet,encounters_mt_coronet_4f_room_3.json,SPECIES_CHINGLING,dual-slot FireRed,38,needs Pokemon FireRed in the GBA slot and the National Dex; overwrites land slots 8 and 9,vanilla,no
Mt. Coronet,encounters_mt_coronet_4f_room_3.json,SPECIES_GOLBAT,dual-slot LeafGreen,38,needs Pokemon LeafGreen in the GBA slot and the National Dex; overwrites land slots 8 and 9,vanilla,yes
Mt. Coronet,encounters_mt_coronet_4f_room_3.json,SPECIES_CHINGLING,dual-slot LeafGreen,38,needs Pokemon LeafGreen in the GBA slot and the National Dex; overwrites land slots 8 and 9,vanilla,no
Mt. Coronet,encounters_mt_coronet_4f_rooms_1_and_2.json,SPECIES_MACHOKE,poke radar,38-39,"only in a Poke Radar patch (needs the Radar, National Dex and a grass tile); overwrites land slots 4, 5, 10 and 11",vanilla,no
Mt. Coronet,encounters_mt_coronet_4f_rooms_1_and_2.json,SPECIES_MEDICHAM,poke radar,38-39,"only in a Poke Radar patch (needs the Radar, National Dex and a grass tile); overwrites land slots 4, 5, 10 and 11",vanilla,no
Mt. Coronet,encounters_mt_coronet_4f_rooms_1_and_2.json,SPECIES_GOLBAT,poke radar,38-39,"only in a Poke Radar patch (needs the Radar, National Dex and a grass tile); overwrites land slots 4, 5, 10 and 11",vanilla,yes
Mt. Coronet,encounters_mt_coronet_4f_rooms_1_and_2.json,SPECIES_CHINGLING,poke radar,38-39,"only in a Poke Radar patch (needs the Radar, National Dex and a grass tile); overwrites land slots 4, 5, 10 and 11",vanilla,no
Mt. Coronet,encounters_mt_coronet_4f_rooms_1_and_2.json,SPECIES_SOLROCK,dual-slot Ruby,38,needs Pokemon Ruby in the GBA slot and the National Dex; overwrites land slots 8 and 9,vanilla,yes
Mt. Coronet,encounters_mt_coronet_4f_rooms_1_and_2.json,SPECIES_LUNATONE,dual-slot Sapphire,38,needs Pokemon Sapphire in the GBA slot and the National Dex; overwrites land slots 8 and 9,vanilla,yes
Mt. Coronet,encounters_mt_coronet_4f_rooms_1_and_2.json,SPECIES_GOLBAT,dual-slot Emerald,38,needs Pokemon Emerald in the GBA slot and the National Dex; overwrites land slots 8 and 9,vanilla,yes
Mt. Coronet,encounters_mt_coronet_4f_rooms_1_and_2.json,SPECIES_CHINGLING,dual-slot Emerald,38,needs Pokemon Emerald in the GBA slot and the National Dex; overwrites land slots 8 and 9,vanilla,no
Mt. Coronet,encounters_mt_coronet_4f_rooms_1_and_2.json,SPECIES_GOLBAT,dual-slot FireRed,38,needs Pokemon FireRed in the GBA slot and the National Dex; overwrites land slots 8 and 9,vanilla,yes
Mt. Coronet,encounters_mt_coronet_4f_rooms_1_and_2.json,SPECIES_CHINGLING,dual-slot FireRed,38,needs Pokemon FireRed in the GBA slot and the National Dex; overwrites land slots 8 and 9,vanilla,no
Mt. Coronet,encounters_mt_coronet_4f_rooms_1_and_2.json,SPECIES_GOLBAT,dual-slot LeafGreen,38,needs Pokemon LeafGreen in the GBA slot and the National Dex; overwrites land slots 8 and 9,vanilla,yes
Mt. Coronet,encounters_mt_coronet_4f_rooms_1_and_2.json,SPECIES_CHINGLING,dual-slot LeafGreen,38,needs Pokemon LeafGreen in the GBA slot and the National Dex; overwrites land slots 8 and 9,vanilla,no
Mt. Coronet,encounters_mt_coronet_5f.json,SPECIES_MACHOKE,poke radar,38-39,"only in a Poke Radar patch (needs the Radar, National Dex and a grass tile); overwrites land slots 4, 5, 10 and 11",vanilla,no
Mt. Coronet,encounters_mt_coronet_5f.json,SPECIES_MEDICHAM,poke radar,38-39,"only in a Poke Radar patch (needs the Radar, National Dex and a grass tile); overwrites land slots 4, 5, 10 and 11",vanilla,no
Mt. Coronet,encounters_mt_coronet_5f.json,SPECIES_GOLBAT,poke radar,38-39,"only in a Poke Radar patch (needs the Radar, National Dex and a grass tile); overwrites land slots 4, 5, 10 and 11",vanilla,yes
Mt. Coronet,encounters_mt_coronet_5f.json,SPECIES_CHINGLING,poke radar,38-39,"only in a Poke Radar patch (needs the Radar, National Dex and a grass tile); overwrites land slots 4, 5, 10 and 11",base-rom,no
Mt. Coronet,encounters_mt_coronet_5f.json,SPECIES_SOLROCK,dual-slot Ruby,38,needs Pokemon Ruby in the GBA slot and the National Dex; overwrites land slots 8 and 9,vanilla,yes
Mt. Coronet,encounters_mt_coronet_5f.json,SPECIES_LUNATONE,dual-slot Sapphire,38,needs Pokemon Sapphire in the GBA slot and the National Dex; overwrites land slots 8 and 9,vanilla,yes
Mt. Coronet,encounters_mt_coronet_5f.json,SPECIES_GOLBAT,dual-slot Emerald,38,needs Pokemon Emerald in the GBA slot and the National Dex; overwrites land slots 8 and 9,vanilla,yes
Mt. Coronet,encounters_mt_coronet_5f.json,SPECIES_CHINGLING,dual-slot Emerald,38,needs Pokemon Emerald in the GBA slot and the National Dex; overwrites land slots 8 and 9,base-rom,no
Mt. Coronet,encounters_mt_coronet_5f.json,SPECIES_GOLBAT,dual-slot FireRed,38,needs Pokemon FireRed in the GBA slot and the National Dex; overwrites land slots 8 and 9,vanilla,yes
Mt. Coronet,encounters_mt_coronet_5f.json,SPECIES_CHINGLING,dual-slot FireRed,38,needs Pokemon FireRed in the GBA slot and the National Dex; overwrites land slots 8 and 9,base-rom,no
Mt. Coronet,encounters_mt_coronet_5f.json,SPECIES_GOLBAT,dual-slot LeafGreen,38,needs Pokemon LeafGreen in the GBA slot and the National Dex; overwrites land slots 8 and 9,vanilla,yes
Mt. Coronet,encounters_mt_coronet_5f.json,SPECIES_CHINGLING,dual-slot LeafGreen,38,needs Pokemon LeafGreen in the GBA slot and the National Dex; overwrites land slots 8 and 9,base-rom,no
Mt. Coronet,encounters_mt_coronet_6f.json,SPECIES_MACHOKE,poke radar,38-39,"only in a Poke Radar patch (needs the Radar, National Dex and a grass tile); overwrites land slots 4, 5, 10 and 11",vanilla,no
Mt. Coronet,encounters_mt_coronet_6f.json,SPECIES_MEDICHAM,poke radar,38-39,"only in a Poke Radar patch (needs the Radar, National Dex and a grass tile); overwrites land slots 4, 5, 10 and 11",vanilla,no
Mt. Coronet,encounters_mt_coronet_6f.json,SPECIES_GOLBAT,poke radar,38-39,"only in a Poke Radar patch (needs the Radar, National Dex and a grass tile); overwrites land slots 4, 5, 10 and 11",vanilla,yes
Mt. Coronet,encounters_mt_coronet_6f.json,SPECIES_CHINGLING,poke radar,38-39,"only in a Poke Radar patch (needs the Radar, National Dex and a grass tile); overwrites land slots 4, 5, 10 and 11",base-rom,no
Mt. Coronet,encounters_mt_coronet_6f.json,SPECIES_SOLROCK,dual-slot Ruby,38,needs Pokemon Ruby in the GBA slot and the National Dex; overwrites land slots 8 and 9,vanilla,yes
Mt. Coronet,encounters_mt_coronet_6f.json,SPECIES_LUNATONE,dual-slot Sapphire,38,needs Pokemon Sapphire in the GBA slot and the National Dex; overwrites land slots 8 and 9,vanilla,yes
Mt. Coronet,encounters_mt_coronet_6f.json,SPECIES_GOLBAT,dual-slot Emerald,38,needs Pokemon Emerald in the GBA slot and the National Dex; overwrites land slots 8 and 9,vanilla,yes
Mt. Coronet,encounters_mt_coronet_6f.json,SPECIES_CHINGLING,dual-slot Emerald,38,needs Pokemon Emerald in the GBA slot and the National Dex; overwrites land slots 8 and 9,base-rom,no
Mt. Coronet,encounters_mt_coronet_6f.json,SPECIES_GOLBAT,dual-slot FireRed,38,needs Pokemon FireRed in the GBA slot and the National Dex; overwrites land slots 8 and 9,vanilla,yes
Mt. Coronet,encounters_mt_coronet_6f.json,SPECIES_CHINGLING,dual-slot FireRed,38,needs Pokemon FireRed in the GBA slot and the National Dex; overwrites land slots 8 and 9,base-rom,no
Mt. Coronet,encounters_mt_coronet_6f.json,SPECIES_GOLBAT,dual-slot LeafGreen,38,needs Pokemon LeafGreen in the GBA slot and the National Dex; overwrites land slots 8 and 9,vanilla,yes
Mt. Coronet,encounters_mt_coronet_6f.json,SPECIES_CHINGLING,dual-slot LeafGreen,38,needs Pokemon LeafGreen in the GBA slot and the National Dex; overwrites land slots 8 and 9,base-rom,no
Mt. Coronet,encounters_mt_coronet_b1f.json,SPECIES_MACHOKE,poke radar,34-35,"only in a Poke Radar patch (needs the Radar, National Dex and a grass tile); overwrites land slots 4, 5, 10 and 11",vanilla,no
Mt. Coronet,encounters_mt_coronet_b1f.json,SPECIES_MEDITITE,poke radar,34-35,"only in a Poke Radar patch (needs the Radar, National Dex and a grass tile); overwrites land slots 4, 5, 10 and 11",vanilla,no
Mt. Coronet,encounters_mt_coronet_b1f.json,SPECIES_GOLBAT,poke radar,34-35,"only in a Poke Radar patch (needs the Radar, National Dex and a grass tile); overwrites land slots 4, 5, 10 and 11",vanilla,yes
Mt. Coronet,encounters_mt_coronet_b1f.json,SPECIES_CHINGLING,poke radar,34-35,"only in a Poke Radar patch (needs the Radar, National Dex and a grass tile); overwrites land slots 4, 5, 10 and 11",vanilla,no
Mt. Coronet,encounters_mt_coronet_b1f.json,SPECIES_GOLBAT,dual-slot Ruby,34,needs Pokemon Ruby in the GBA slot and the National Dex; overwrites land slots 8 and 9,vanilla,yes
Mt. Coronet,encounters_mt_coronet_b1f.json,SPECIES_CHINGLING,dual-slot Ruby,34,needs Pokemon Ruby in the GBA slot and the National Dex; overwrites land slots 8 and 9,vanilla,no
Mt. Coronet,encounters_mt_coronet_b1f.json,SPECIES_GOLBAT,dual-slot Sapphire,34,needs Pokemon Sapphire in the GBA slot and the National Dex; overwrites land slots 8 and 9,vanilla,yes
Mt. Coronet,encounters_mt_coronet_b1f.json,SPECIES_CHINGLING,dual-slot Sapphire,34,needs Pokemon Sapphire in the GBA slot and the National Dex; overwrites land slots 8 and 9,vanilla,no
Mt. Coronet,encounters_mt_coronet_b1f.json,SPECIES_GOLBAT,dual-slot Emerald,34,needs Pokemon Emerald in the GBA slot and the National Dex; overwrites land slots 8 and 9,vanilla,yes
Mt. Coronet,encounters_mt_coronet_b1f.json,SPECIES_CHINGLING,dual-slot Emerald,34,needs Pokemon Emerald in the GBA slot and the National Dex; overwrites land slots 8 and 9,vanilla,no
Mt. Coronet,encounters_mt_coronet_b1f.json,SPECIES_GOLBAT,dual-slot FireRed,34,needs Pokemon FireRed in the GBA slot and the National Dex; overwrites land slots 8 and 9,vanilla,yes
Mt. Coronet,encounters_mt_coronet_b1f.json,SPECIES_CHINGLING,dual-slot FireRed,34,needs Pokemon FireRed in the GBA slot and the National Dex; overwrites land slots 8 and 9,vanilla,no
Mt. Coronet,encounters_mt_coronet_b1f.json,SPECIES_GOLBAT,dual-slot LeafGreen,34,needs Pokemon LeafGreen in the GBA slot and the National Dex; overwrites land slots 8 and 9,vanilla,yes
Mt. Coronet,encounters_mt_coronet_b1f.json,SPECIES_CHINGLING,dual-slot LeafGreen,34,needs Pokemon LeafGreen in the GBA slot and the National Dex; overwrites land slots 8 and 9,vanilla,no
Mt. Coronet,encounters_mt_coronet_b1f.json,SPECIES_FEEBAS,special tile (rod),10-20,"four tiles out of the lake's fishing tiles hold it, chosen from the record-mixing RNG and re-rolled on a record mix; Super Rod only, 50% per cast on a good tile (src/overlay006/feebas_fishing.c)",vanilla,yes
Mt. Coronet,encounters_mt_coronet_outside_north.json,SPECIES_LOUDRED,poke radar,39-40,"only in a Poke Radar patch (needs the Radar, National Dex and a grass tile); overwrites land slots 4, 5, 10 and 11",vanilla,no
Mt. Coronet,encounters_mt_coronet_outside_north.json,SPECIES_SOLROCK,dual-slot Ruby,38-39,needs Pokemon Ruby in the GBA slot and the National Dex; overwrites land slots 8 and 9,vanilla,yes
Mt. Coronet,encounters_mt_coronet_outside_north.json,SPECIES_LUNATONE,dual-slot Sapphire,38-39,needs Pokemon Sapphire in the GBA slot and the National Dex; overwrites land slots 8 and 9,vanilla,yes
Mt. Coronet,encounters_mt_coronet_outside_north.json,SPECIES_ABSOL,dual-slot Emerald,38-39,needs Pokemon Emerald in the GBA slot and the National Dex; overwrites land slots 8 and 9,vanilla,yes
Mt. Coronet,encounters_mt_coronet_outside_north.json,SPECIES_CHINGLING,dual-slot Emerald,38-39,needs Pokemon Emerald in the GBA slot and the National Dex; overwrites land slots 8 and 9,vanilla,no
Mt. Coronet,encounters_mt_coronet_outside_north.json,SPECIES_ABSOL,dual-slot FireRed,38-39,needs Pokemon FireRed in the GBA slot and the National Dex; overwrites land slots 8 and 9,vanilla,yes
Mt. Coronet,encounters_mt_coronet_outside_north.json,SPECIES_CHINGLING,dual-slot FireRed,38-39,needs Pokemon FireRed in the GBA slot and the National Dex; overwrites land slots 8 and 9,vanilla,no
Mt. Coronet,encounters_mt_coronet_outside_north.json,SPECIES_ABSOL,dual-slot LeafGreen,38-39,needs Pokemon LeafGreen in the GBA slot and the National Dex; overwrites land slots 8 and 9,vanilla,yes
Mt. Coronet,encounters_mt_coronet_outside_north.json,SPECIES_CHINGLING,dual-slot LeafGreen,38-39,needs Pokemon LeafGreen in the GBA slot and the National Dex; overwrites land slots 8 and 9,vanilla,no
Mt. Coronet,encounters_mt_coronet_outside_south.json,SPECIES_LOUDRED,poke radar,39-40,"only in a Poke Radar patch (needs the Radar, National Dex and a grass tile); overwrites land slots 4, 5, 10 and 11",vanilla,no
Mt. Coronet,encounters_mt_coronet_outside_south.json,SPECIES_SOLROCK,dual-slot Ruby,38-39,needs Pokemon Ruby in the GBA slot and the National Dex; overwrites land slots 8 and 9,vanilla,yes
Mt. Coronet,encounters_mt_coronet_outside_south.json,SPECIES_LUNATONE,dual-slot Sapphire,38-39,needs Pokemon Sapphire in the GBA slot and the National Dex; overwrites land slots 8 and 9,vanilla,yes
Mt. Coronet,encounters_mt_coronet_outside_south.json,SPECIES_ABSOL,dual-slot Emerald,38-39,needs Pokemon Emerald in the GBA slot and the National Dex; overwrites land slots 8 and 9,vanilla,yes
Mt. Coronet,encounters_mt_coronet_outside_south.json,SPECIES_CHINGLING,dual-slot Emerald,38-39,needs Pokemon Emerald in the GBA slot and the National Dex; overwrites land slots 8 and 9,vanilla,no
Mt. Coronet,encounters_mt_coronet_outside_south.json,SPECIES_ABSOL,dual-slot FireRed,38-39,needs Pokemon FireRed in the GBA slot and the National Dex; overwrites land slots 8 and 9,vanilla,yes
Mt. Coronet,encounters_mt_coronet_outside_south.json,SPECIES_CHINGLING,dual-slot FireRed,38-39,needs Pokemon FireRed in the GBA slot and the National Dex; overwrites land slots 8 and 9,vanilla,no
Mt. Coronet,encounters_mt_coronet_outside_south.json,SPECIES_ABSOL,dual-slot LeafGreen,38-39,needs Pokemon LeafGreen in the GBA slot and the National Dex; overwrites land slots 8 and 9,vanilla,yes
Mt. Coronet,encounters_mt_coronet_outside_south.json,SPECIES_CHINGLING,dual-slot LeafGreen,38-39,needs Pokemon LeafGreen in the GBA slot and the National Dex; overwrites land slots 8 and 9,vanilla,no
Old Chateau,encounters_old_chateau.json,SPECIES_GASTLY,poke radar,16-17,"only in a Poke Radar patch (needs the Radar, National Dex and a grass tile); overwrites land slots 4, 5, 10 and 11",vanilla,no
Old Chateau,encounters_old_chateau.json,SPECIES_GASTLY,dual-slot Ruby,17,needs Pokemon Ruby in the GBA slot and the National Dex; overwrites land slots 8 and 9,vanilla,no
Old Chateau,encounters_old_chateau.json,SPECIES_GASTLY,dual-slot Sapphire,17,needs Pokemon Sapphire in the GBA slot and the National Dex; overwrites land slots 8 and 9,vanilla,no
Old Chateau,encounters_old_chateau.json,SPECIES_GASTLY,dual-slot Emerald,17,needs Pokemon Emerald in the GBA slot and the National Dex; overwrites land slots 8 and 9,vanilla,no
Old Chateau,encounters_old_chateau.json,SPECIES_GASTLY,dual-slot FireRed,17,needs Pokemon FireRed in the GBA slot and the National Dex; overwrites land slots 8 and 9,vanilla,no
Old Chateau,encounters_old_chateau.json,SPECIES_GASTLY,dual-slot LeafGreen,17,needs Pokemon LeafGreen in the GBA slot and the National Dex; overwrites land slots 8 and 9,vanilla,no
Old Chateau,encounters_old_chateau_back_east_room.json,SPECIES_GASTLY,poke radar,16-17,"only in a Poke Radar patch (needs the Radar, National Dex and a grass tile); overwrites land slots 4, 5, 10 and 11",vanilla,no
Old Chateau,encounters_old_chateau_back_east_room.json,SPECIES_GASTLY,dual-slot Ruby,17,needs Pokemon Ruby in the GBA slot and the National Dex; overwrites land slots 8 and 9,vanilla,no
Old Chateau,encounters_old_chateau_back_east_room.json,SPECIES_GASTLY,dual-slot Sapphire,17,needs Pokemon Sapphire in the GBA slot and the National Dex; overwrites land slots 8 and 9,vanilla,no
Old Chateau,encounters_old_chateau_back_east_room.json,SPECIES_GASTLY,dual-slot Emerald,17,needs Pokemon Emerald in the GBA slot and the National Dex; overwrites land slots 8 and 9,vanilla,no
Old Chateau,encounters_old_chateau_back_east_room.json,SPECIES_GASTLY,dual-slot FireRed,17,needs Pokemon FireRed in the GBA slot and the National Dex; overwrites land slots 8 and 9,vanilla,no
Old Chateau,encounters_old_chateau_back_east_room.json,SPECIES_GASTLY,dual-slot LeafGreen,17,needs Pokemon LeafGreen in the GBA slot and the National Dex; overwrites land slots 8 and 9,vanilla,no
Old Chateau,encounters_old_chateau_back_middle_east_room.json,SPECIES_GASTLY,poke radar,16-17,"only in a Poke Radar patch (needs the Radar, National Dex and a grass tile); overwrites land slots 4, 5, 10 and 11",vanilla,no
Old Chateau,encounters_old_chateau_back_middle_east_room.json,SPECIES_GASTLY,dual-slot Ruby,17,needs Pokemon Ruby in the GBA slot and the National Dex; overwrites land slots 8 and 9,base-rom,no
Old Chateau,encounters_old_chateau_back_middle_east_room.json,SPECIES_GASTLY,dual-slot Sapphire,17,needs Pokemon Sapphire in the GBA slot and the National Dex; overwrites land slots 8 and 9,base-rom,no
Old Chateau,encounters_old_chateau_back_middle_east_room.json,SPECIES_GASTLY,dual-slot Emerald,17,needs Pokemon Emerald in the GBA slot and the National Dex; overwrites land slots 8 and 9,base-rom,no
Old Chateau,encounters_old_chateau_back_middle_east_room.json,SPECIES_GASTLY,dual-slot FireRed,17,needs Pokemon FireRed in the GBA slot and the National Dex; overwrites land slots 8 and 9,base-rom,no
Old Chateau,encounters_old_chateau_back_middle_east_room.json,SPECIES_GASTLY,dual-slot LeafGreen,17,needs Pokemon LeafGreen in the GBA slot and the National Dex; overwrites land slots 8 and 9,base-rom,no
Old Chateau,encounters_old_chateau_back_middle_room.json,SPECIES_GASTLY,poke radar,16-17,"only in a Poke Radar patch (needs the Radar, National Dex and a grass tile); overwrites land slots 4, 5, 10 and 11",vanilla,no
Old Chateau,encounters_old_chateau_back_middle_room.json,SPECIES_GASTLY,dual-slot Ruby,17,needs Pokemon Ruby in the GBA slot and the National Dex; overwrites land slots 8 and 9,vanilla,no
Old Chateau,encounters_old_chateau_back_middle_room.json,SPECIES_GASTLY,dual-slot Sapphire,17,needs Pokemon Sapphire in the GBA slot and the National Dex; overwrites land slots 8 and 9,vanilla,no
Old Chateau,encounters_old_chateau_back_middle_room.json,SPECIES_GASTLY,dual-slot Emerald,17,needs Pokemon Emerald in the GBA slot and the National Dex; overwrites land slots 8 and 9,vanilla,no
Old Chateau,encounters_old_chateau_back_middle_room.json,SPECIES_GASTLY,dual-slot FireRed,17,needs Pokemon FireRed in the GBA slot and the National Dex; overwrites land slots 8 and 9,vanilla,no
Old Chateau,encounters_old_chateau_back_middle_room.json,SPECIES_GASTLY,dual-slot LeafGreen,17,needs Pokemon LeafGreen in the GBA slot and the National Dex; overwrites land slots 8 and 9,vanilla,no
Old Chateau,encounters_old_chateau_back_middle_west_room.json,SPECIES_GASTLY,poke radar,16-17,"only in a Poke Radar patch (needs the Radar, National Dex and a grass tile); overwrites land slots 4, 5, 10 and 11",vanilla,no
Old Chateau,encounters_old_chateau_back_middle_west_room.json,SPECIES_GASTLY,dual-slot Ruby,17,needs Pokemon Ruby in the GBA slot and the National Dex; overwrites land slots 8 and 9,vanilla,no
Old Chateau,encounters_old_chateau_back_middle_west_room.json,SPECIES_GASTLY,dual-slot Sapphire,17,needs Pokemon Sapphire in the GBA slot and the National Dex; overwrites land slots 8 and 9,vanilla,no
Old Chateau,encounters_old_chateau_back_middle_west_room.json,SPECIES_GASTLY,dual-slot Emerald,17,needs Pokemon Emerald in the GBA slot and the National Dex; overwrites land slots 8 and 9,vanilla,no
Old Chateau,encounters_old_chateau_back_middle_west_room.json,SPECIES_GASTLY,dual-slot FireRed,17,needs Pokemon FireRed in the GBA slot and the National Dex; overwrites land slots 8 and 9,vanilla,no
Old Chateau,encounters_old_chateau_back_middle_west_room.json,SPECIES_GASTLY,dual-slot LeafGreen,17,needs Pokemon LeafGreen in the GBA slot and the National Dex; overwrites land slots 8 and 9,vanilla,no
Old Chateau,encounters_old_chateau_back_west_room.json,SPECIES_GASTLY,poke radar,16-17,"only in a Poke Radar patch (needs the Radar, National Dex and a grass tile); overwrites land slots 4, 5, 10 and 11",vanilla,no
Old Chateau,encounters_old_chateau_back_west_room.json,SPECIES_GASTLY,dual-slot Ruby,17,needs Pokemon Ruby in the GBA slot and the National Dex; overwrites land slots 8 and 9,vanilla,no
Old Chateau,encounters_old_chateau_back_west_room.json,SPECIES_GASTLY,dual-slot Sapphire,17,needs Pokemon Sapphire in the GBA slot and the National Dex; overwrites land slots 8 and 9,vanilla,no
Old Chateau,encounters_old_chateau_back_west_room.json,SPECIES_GASTLY,dual-slot Emerald,17,needs Pokemon Emerald in the GBA slot and the National Dex; overwrites land slots 8 and 9,vanilla,no
Old Chateau,encounters_old_chateau_back_west_room.json,SPECIES_GASTLY,dual-slot FireRed,17,needs Pokemon FireRed in the GBA slot and the National Dex; overwrites land slots 8 and 9,vanilla,no
Old Chateau,encounters_old_chateau_back_west_room.json,SPECIES_GASTLY,dual-slot LeafGreen,17,needs Pokemon LeafGreen in the GBA slot and the National Dex; overwrites land slots 8 and 9,vanilla,no
Old Chateau,encounters_old_chateau_corridor.json,SPECIES_GASTLY,poke radar,16-17,"only in a Poke Radar patch (needs the Radar, National Dex and a grass tile); overwrites land slots 4, 5, 10 and 11",vanilla,no
Old Chateau,encounters_old_chateau_corridor.json,SPECIES_GASTLY,dual-slot Ruby,17,needs Pokemon Ruby in the GBA slot and the National Dex; overwrites land slots 8 and 9,vanilla,no
Old Chateau,encounters_old_chateau_corridor.json,SPECIES_GASTLY,dual-slot Sapphire,17,needs Pokemon Sapphire in the GBA slot and the National Dex; overwrites land slots 8 and 9,vanilla,no
Old Chateau,encounters_old_chateau_corridor.json,SPECIES_GASTLY,dual-slot Emerald,17,needs Pokemon Emerald in the GBA slot and the National Dex; overwrites land slots 8 and 9,vanilla,no
Old Chateau,encounters_old_chateau_corridor.json,SPECIES_GASTLY,dual-slot FireRed,17,needs Pokemon FireRed in the GBA slot and the National Dex; overwrites land slots 8 and 9,vanilla,no
Old Chateau,encounters_old_chateau_corridor.json,SPECIES_GASTLY,dual-slot LeafGreen,17,needs Pokemon LeafGreen in the GBA slot and the National Dex; overwrites land slots 8 and 9,vanilla,no
Old Chateau,encounters_old_chateau_dining_area.json,SPECIES_GASTLY,poke radar,16-17,"only in a Poke Radar patch (needs the Radar, National Dex and a grass tile); overwrites land slots 4, 5, 10 and 11",vanilla,no
Old Chateau,encounters_old_chateau_dining_area.json,SPECIES_GASTLY,dual-slot Ruby,17,needs Pokemon Ruby in the GBA slot and the National Dex; overwrites land slots 8 and 9,vanilla,no
Old Chateau,encounters_old_chateau_dining_area.json,SPECIES_GASTLY,dual-slot Sapphire,17,needs Pokemon Sapphire in the GBA slot and the National Dex; overwrites land slots 8 and 9,vanilla,no
Old Chateau,encounters_old_chateau_dining_area.json,SPECIES_GASTLY,dual-slot Emerald,17,needs Pokemon Emerald in the GBA slot and the National Dex; overwrites land slots 8 and 9,vanilla,no
Old Chateau,encounters_old_chateau_dining_area.json,SPECIES_GASTLY,dual-slot FireRed,17,needs Pokemon FireRed in the GBA slot and the National Dex; overwrites land slots 8 and 9,vanilla,no
Old Chateau,encounters_old_chateau_dining_area.json,SPECIES_GASTLY,dual-slot LeafGreen,17,needs Pokemon LeafGreen in the GBA slot and the National Dex; overwrites land slots 8 and 9,vanilla,no
Old Chateau,encounters_old_chateau_side_rooms.json,SPECIES_GASTLY,poke radar,16-17,"only in a Poke Radar patch (needs the Radar, National Dex and a grass tile); overwrites land slots 4, 5, 10 and 11",vanilla,no
Old Chateau,encounters_old_chateau_side_rooms.json,SPECIES_GASTLY,dual-slot Ruby,17,needs Pokemon Ruby in the GBA slot and the National Dex; overwrites land slots 8 and 9,vanilla,no
Old Chateau,encounters_old_chateau_side_rooms.json,SPECIES_GASTLY,dual-slot Sapphire,17,needs Pokemon Sapphire in the GBA slot and the National Dex; overwrites land slots 8 and 9,vanilla,no
Old Chateau,encounters_old_chateau_side_rooms.json,SPECIES_GASTLY,dual-slot Emerald,17,needs Pokemon Emerald in the GBA slot and the National Dex; overwrites land slots 8 and 9,vanilla,no
Old Chateau,encounters_old_chateau_side_rooms.json,SPECIES_GASTLY,dual-slot FireRed,17,needs Pokemon FireRed in the GBA slot and the National Dex; overwrites land slots 8 and 9,vanilla,no
Old Chateau,encounters_old_chateau_side_rooms.json,SPECIES_GASTLY,dual-slot LeafGreen,17,needs Pokemon LeafGreen in the GBA slot and the National Dex; overwrites land slots 8 and 9,vanilla,no
Oreburgh Gate,encounters_oreburgh_gate_1f.json,SPECIES_GEODUDE,poke radar,5-8,"only in a Poke Radar patch (needs the Radar, National Dex and a grass tile); overwrites land slots 4, 5, 10 and 11",vanilla,no
Oreburgh Gate,encounters_oreburgh_gate_1f.json,SPECIES_ZUBAT,poke radar,5-8,"only in a Poke Radar patch (needs the Radar, National Dex and a grass tile); overwrites land slots 4, 5, 10 and 11",vanilla,yes
Oreburgh Gate,encounters_oreburgh_gate_1f.json,SPECIES_ZUBAT,dual-slot Ruby,7-8,needs Pokemon Ruby in the GBA slot and the National Dex; overwrites land slots 8 and 9,vanilla,yes
Oreburgh Gate,encounters_oreburgh_gate_1f.json,SPECIES_ZUBAT,dual-slot Sapphire,7-8,needs Pokemon Sapphire in the GBA slot and the National Dex; overwrites land slots 8 and 9,vanilla,yes
Oreburgh Gate,encounters_oreburgh_gate_1f.json,SPECIES_ZUBAT,dual-slot Emerald,7-8,needs Pokemon Emerald in the GBA slot and the National Dex; overwrites land slots 8 and 9,vanilla,yes
Oreburgh Gate,encounters_oreburgh_gate_1f.json,SPECIES_ZUBAT,dual-slot FireRed,7-8,needs Pokemon FireRed in the GBA slot and the National Dex; overwrites land slots 8 and 9,vanilla,yes
Oreburgh Gate,encounters_oreburgh_gate_1f.json,SPECIES_ZUBAT,dual-slot LeafGreen,7-8,needs Pokemon LeafGreen in the GBA slot and the National Dex; overwrites land slots 8 and 9,vanilla,yes
Oreburgh Gate,encounters_oreburgh_gate_b1f.json,SPECIES_GEODUDE,poke radar,6-10,"only in a Poke Radar patch (needs the Radar, National Dex and a grass tile); overwrites land slots 4, 5, 10 and 11",vanilla,no
Oreburgh Gate,encounters_oreburgh_gate_b1f.json,SPECIES_ZUBAT,poke radar,6-10,"only in a Poke Radar patch (needs the Radar, National Dex and a grass tile); overwrites land slots 4, 5, 10 and 11",vanilla,yes
Oreburgh Gate,encounters_oreburgh_gate_b1f.json,SPECIES_GOLBAT,poke radar,6-10,"only in a Poke Radar patch (needs the Radar, National Dex and a grass tile); overwrites land slots 4, 5, 10 and 11",vanilla,yes
Oreburgh Gate,encounters_oreburgh_gate_b1f.json,SPECIES_ZUBAT,dual-slot Ruby,9-10,needs Pokemon Ruby in the GBA slot and the National Dex; overwrites land slots 8 and 9,vanilla,yes
Oreburgh Gate,encounters_oreburgh_gate_b1f.json,SPECIES_GOLBAT,dual-slot Ruby,9-10,needs Pokemon Ruby in the GBA slot and the National Dex; overwrites land slots 8 and 9,vanilla,yes
Oreburgh Gate,encounters_oreburgh_gate_b1f.json,SPECIES_ZUBAT,dual-slot Sapphire,9-10,needs Pokemon Sapphire in the GBA slot and the National Dex; overwrites land slots 8 and 9,vanilla,yes
Oreburgh Gate,encounters_oreburgh_gate_b1f.json,SPECIES_GOLBAT,dual-slot Sapphire,9-10,needs Pokemon Sapphire in the GBA slot and the National Dex; overwrites land slots 8 and 9,vanilla,yes
Oreburgh Gate,encounters_oreburgh_gate_b1f.json,SPECIES_ZUBAT,dual-slot Emerald,9-10,needs Pokemon Emerald in the GBA slot and the National Dex; overwrites land slots 8 and 9,vanilla,yes
Oreburgh Gate,encounters_oreburgh_gate_b1f.json,SPECIES_GOLBAT,dual-slot Emerald,9-10,needs Pokemon Emerald in the GBA slot and the National Dex; overwrites land slots 8 and 9,vanilla,yes
Oreburgh Gate,encounters_oreburgh_gate_b1f.json,SPECIES_ZUBAT,dual-slot FireRed,9-10,needs Pokemon FireRed in the GBA slot and the National Dex; overwrites land slots 8 and 9,vanilla,yes
Oreburgh Gate,encounters_oreburgh_gate_b1f.json,SPECIES_GOLBAT,dual-slot FireRed,9-10,needs Pokemon FireRed in the GBA slot and the National Dex; overwrites land slots 8 and 9,vanilla,yes
Oreburgh Gate,encounters_oreburgh_gate_b1f.json,SPECIES_ZUBAT,dual-slot LeafGreen,9-10,needs Pokemon LeafGreen in the GBA slot and the National Dex; overwrites land slots 8 and 9,vanilla,yes
Oreburgh Gate,encounters_oreburgh_gate_b1f.json,SPECIES_GOLBAT,dual-slot LeafGreen,9-10,needs Pokemon LeafGreen in the GBA slot and the National Dex; overwrites land slots 8 and 9,vanilla,yes
Oreburgh Mine,encounters_oreburgh_mine_b1f.json,SPECIES_GEODUDE,poke radar,5-9,"only in a Poke Radar patch (needs the Radar, National Dex and a grass tile); overwrites land slots 4, 5, 10 and 11",vanilla,no
Oreburgh Mine,encounters_oreburgh_mine_b1f.json,SPECIES_GEODUDE,dual-slot Ruby,8-9,needs Pokemon Ruby in the GBA slot and the National Dex; overwrites land slots 8 and 9,vanilla,no
Oreburgh Mine,encounters_oreburgh_mine_b1f.json,SPECIES_GEODUDE,dual-slot Sapphire,8-9,needs Pokemon Sapphire in the GBA slot and the National Dex; overwrites land slots 8 and 9,vanilla,no
Oreburgh Mine,encounters_oreburgh_mine_b1f.json,SPECIES_GEODUDE,dual-slot Emerald,8-9,needs Pokemon Emerald in the GBA slot and the National Dex; overwrites land slots 8 and 9,vanilla,no
Oreburgh Mine,encounters_oreburgh_mine_b1f.json,SPECIES_GEODUDE,dual-slot FireRed,8-9,needs Pokemon FireRed in the GBA slot and the National Dex; overwrites land slots 8 and 9,vanilla,no
Oreburgh Mine,encounters_oreburgh_mine_b1f.json,SPECIES_GEODUDE,dual-slot LeafGreen,8-9,needs Pokemon LeafGreen in the GBA slot and the National Dex; overwrites land slots 8 and 9,vanilla,no
Oreburgh Mine,encounters_oreburgh_mine_b2f.json,SPECIES_GEODUDE,poke radar,5-9,"only in a Poke Radar patch (needs the Radar, National Dex and a grass tile); overwrites land slots 4, 5, 10 and 11",vanilla,no
Oreburgh Mine,encounters_oreburgh_mine_b2f.json,SPECIES_GEODUDE,dual-slot Ruby,8-9,needs Pokemon Ruby in the GBA slot and the National Dex; overwrites land slots 8 and 9,vanilla,no
Oreburgh Mine,encounters_oreburgh_mine_b2f.json,SPECIES_GEODUDE,dual-slot Sapphire,8-9,needs Pokemon Sapphire in the GBA slot and the National Dex; overwrites land slots 8 and 9,vanilla,no
Oreburgh Mine,encounters_oreburgh_mine_b2f.json,SPECIES_GEODUDE,dual-slot Emerald,8-9,needs Pokemon Emerald in the GBA slot and the National Dex; overwrites land slots 8 and 9,vanilla,no
Oreburgh Mine,encounters_oreburgh_mine_b2f.json,SPECIES_GEODUDE,dual-slot FireRed,8-9,needs Pokemon FireRed in the GBA slot and the National Dex; overwrites land slots 8 and 9,vanilla,no
Oreburgh Mine,encounters_oreburgh_mine_b2f.json,SPECIES_GEODUDE,dual-slot LeafGreen,8-9,needs Pokemon LeafGreen in the GBA slot and the National Dex; overwrites land slots 8 and 9,vanilla,no
Pastoria City,encounters_pastoria_city.json,SPECIES_NONE,poke radar,0,"only in a Poke Radar patch (needs the Radar, National Dex and a grass tile); overwrites land slots 4, 5, 10 and 11",vanilla,no
Pastoria City,encounters_pastoria_city.json,SPECIES_NONE,dual-slot Ruby,0,needs Pokemon Ruby in the GBA slot and the National Dex; overwrites land slots 8 and 9,vanilla,no
Pastoria City,encounters_pastoria_city.json,SPECIES_NONE,dual-slot Sapphire,0,needs Pokemon Sapphire in the GBA slot and the National Dex; overwrites land slots 8 and 9,vanilla,no
Pastoria City,encounters_pastoria_city.json,SPECIES_NONE,dual-slot Emerald,0,needs Pokemon Emerald in the GBA slot and the National Dex; overwrites land slots 8 and 9,vanilla,no
Pastoria City,encounters_pastoria_city.json,SPECIES_NONE,dual-slot FireRed,0,needs Pokemon FireRed in the GBA slot and the National Dex; overwrites land slots 8 and 9,vanilla,no
Pastoria City,encounters_pastoria_city.json,SPECIES_NONE,dual-slot LeafGreen,0,needs Pokemon LeafGreen in the GBA slot and the National Dex; overwrites land slots 8 and 9,vanilla,no
Pokémon League,encounters_pokemon_league.json,SPECIES_NONE,poke radar,0,"only in a Poke Radar patch (needs the Radar, National Dex and a grass tile); overwrites land slots 4, 5, 10 and 11",vanilla,no
Pokémon League,encounters_pokemon_league.json,SPECIES_NONE,dual-slot Ruby,0,needs Pokemon Ruby in the GBA slot and the National Dex; overwrites land slots 8 and 9,vanilla,no
Pokémon League,encounters_pokemon_league.json,SPECIES_NONE,dual-slot Sapphire,0,needs Pokemon Sapphire in the GBA slot and the National Dex; overwrites land slots 8 and 9,vanilla,no
Pokémon League,encounters_pokemon_league.json,SPECIES_NONE,dual-slot Emerald,0,needs Pokemon Emerald in the GBA slot and the National Dex; overwrites land slots 8 and 9,vanilla,no
Pokémon League,encounters_pokemon_league.json,SPECIES_NONE,dual-slot FireRed,0,needs Pokemon FireRed in the GBA slot and the National Dex; overwrites land slots 8 and 9,vanilla,no
Pokémon League,encounters_pokemon_league.json,SPECIES_NONE,dual-slot LeafGreen,0,needs Pokemon LeafGreen in the GBA slot and the National Dex; overwrites land slots 8 and 9,vanilla,no
Ravaged Path,encounters_ravaged_path.json,SPECIES_ZUBAT,poke radar,3-6,"only in a Poke Radar patch (needs the Radar, National Dex and a grass tile); overwrites land slots 4, 5, 10 and 11",vanilla,yes
Ravaged Path,encounters_ravaged_path.json,SPECIES_ZUBAT,dual-slot Ruby,6,needs Pokemon Ruby in the GBA slot and the National Dex; overwrites land slots 8 and 9,vanilla,yes
Ravaged Path,encounters_ravaged_path.json,SPECIES_ZUBAT,dual-slot Sapphire,6,needs Pokemon Sapphire in the GBA slot and the National Dex; overwrites land slots 8 and 9,vanilla,yes
Ravaged Path,encounters_ravaged_path.json,SPECIES_ZUBAT,dual-slot Emerald,6,needs Pokemon Emerald in the GBA slot and the National Dex; overwrites land slots 8 and 9,vanilla,yes
Ravaged Path,encounters_ravaged_path.json,SPECIES_ZUBAT,dual-slot FireRed,6,needs Pokemon FireRed in the GBA slot and the National Dex; overwrites land slots 8 and 9,vanilla,yes
Ravaged Path,encounters_ravaged_path.json,SPECIES_ZUBAT,dual-slot LeafGreen,6,needs Pokemon LeafGreen in the GBA slot and the National Dex; overwrites land slots 8 and 9,vanilla,yes
Resort Area,encounters_resort_area.json,SPECIES_NONE,poke radar,0,"only in a Poke Radar patch (needs the Radar, National Dex and a grass tile); overwrites land slots 4, 5, 10 and 11",vanilla,no
Resort Area,encounters_resort_area.json,SPECIES_NONE,dual-slot Ruby,0,needs Pokemon Ruby in the GBA slot and the National Dex; overwrites land slots 8 and 9,vanilla,no
Resort Area,encounters_resort_area.json,SPECIES_NONE,dual-slot Sapphire,0,needs Pokemon Sapphire in the GBA slot and the National Dex; overwrites land slots 8 and 9,vanilla,no
Resort Area,encounters_resort_area.json,SPECIES_NONE,dual-slot Emerald,0,needs Pokemon Emerald in the GBA slot and the National Dex; overwrites land slots 8 and 9,vanilla,no
Resort Area,encounters_resort_area.json,SPECIES_NONE,dual-slot FireRed,0,needs Pokemon FireRed in the GBA slot and the National Dex; overwrites land slots 8 and 9,vanilla,no
Resort Area,encounters_resort_area.json,SPECIES_NONE,dual-slot LeafGreen,0,needs Pokemon LeafGreen in the GBA slot and the National Dex; overwrites land slots 8 and 9,vanilla,no
Route 201,encounters_route_201.json,SPECIES_NIDORAN_M,poke radar,2-3,"only in a Poke Radar patch (needs the Radar, National Dex and a grass tile); overwrites land slots 4, 5, 10 and 11",vanilla,yes
Route 201,encounters_route_201.json,SPECIES_NIDORAN_F,poke radar,2-3,"only in a Poke Radar patch (needs the Radar, National Dex and a grass tile); overwrites land slots 4, 5, 10 and 11",vanilla,yes
Route 201,encounters_route_201.json,SPECIES_STARLY,dual-slot Ruby,2,needs Pokemon Ruby in the GBA slot and the National Dex; overwrites land slots 8 and 9,vanilla,no
Route 201,encounters_route_201.json,SPECIES_BIDOOF,dual-slot Ruby,2,needs Pokemon Ruby in the GBA slot and the National Dex; overwrites land slots 8 and 9,vanilla,no
Route 201,encounters_route_201.json,SPECIES_STARLY,dual-slot Sapphire,2,needs Pokemon Sapphire in the GBA slot and the National Dex; overwrites land slots 8 and 9,vanilla,no
Route 201,encounters_route_201.json,SPECIES_BIDOOF,dual-slot Sapphire,2,needs Pokemon Sapphire in the GBA slot and the National Dex; overwrites land slots 8 and 9,vanilla,no
Route 201,encounters_route_201.json,SPECIES_STARLY,dual-slot Emerald,2,needs Pokemon Emerald in the GBA slot and the National Dex; overwrites land slots 8 and 9,vanilla,no
Route 201,encounters_route_201.json,SPECIES_BIDOOF,dual-slot Emerald,2,needs Pokemon Emerald in the GBA slot and the National Dex; overwrites land slots 8 and 9,vanilla,no
Route 201,encounters_route_201.json,SPECIES_GROWLITHE,dual-slot FireRed,2,needs Pokemon FireRed in the GBA slot and the National Dex; overwrites land slots 8 and 9,vanilla,no
Route 201,encounters_route_201.json,SPECIES_STARLY,dual-slot LeafGreen,2,needs Pokemon LeafGreen in the GBA slot and the National Dex; overwrites land slots 8 and 9,vanilla,no
Route 201,encounters_route_201.json,SPECIES_BIDOOF,dual-slot LeafGreen,2,needs Pokemon LeafGreen in the GBA slot and the National Dex; overwrites land slots 8 and 9,vanilla,no
Route 202,encounters_route_202.json,SPECIES_SENTRET,poke radar,2-4,"only in a Poke Radar patch (needs the Radar, National Dex and a grass tile); overwrites land slots 4, 5, 10 and 11",vanilla,yes
Route 202,encounters_route_202.json,SPECIES_STARLY,dual-slot Ruby,2,needs Pokemon Ruby in the GBA slot and the National Dex; overwrites land slots 8 and 9,vanilla,no
Route 202,encounters_route_202.json,SPECIES_BIDOOF,dual-slot Ruby,2,needs Pokemon Ruby in the GBA slot and the National Dex; overwrites land slots 8 and 9,vanilla,no
Route 202,encounters_route_202.json,SPECIES_STARLY,dual-slot Sapphire,2,needs Pokemon Sapphire in the GBA slot and the National Dex; overwrites land slots 8 and 9,vanilla,no
Route 202,encounters_route_202.json,SPECIES_BIDOOF,dual-slot Sapphire,2,needs Pokemon Sapphire in the GBA slot and the National Dex; overwrites land slots 8 and 9,vanilla,no
Route 202,encounters_route_202.json,SPECIES_STARLY,dual-slot Emerald,2,needs Pokemon Emerald in the GBA slot and the National Dex; overwrites land slots 8 and 9,vanilla,no
Route 202,encounters_route_202.json,SPECIES_BIDOOF,dual-slot Emerald,2,needs Pokemon Emerald in the GBA slot and the National Dex; overwrites land slots 8 and 9,vanilla,no
Route 202,encounters_route_202.json,SPECIES_GROWLITHE,dual-slot FireRed,2,needs Pokemon FireRed in the GBA slot and the National Dex; overwrites land slots 8 and 9,vanilla,no
Route 202,encounters_route_202.json,SPECIES_STARLY,dual-slot LeafGreen,2,needs Pokemon LeafGreen in the GBA slot and the National Dex; overwrites land slots 8 and 9,vanilla,no
Route 202,encounters_route_202.json,SPECIES_BIDOOF,dual-slot LeafGreen,2,needs Pokemon LeafGreen in the GBA slot and the National Dex; overwrites land slots 8 and 9,vanilla,no
Route 203,encounters_route_203.json,SPECIES_BIDOOF,poke radar,4-5,"only in a Poke Radar patch (needs the Radar, National Dex and a grass tile); overwrites land slots 4, 5, 10 and 11",vanilla,no
Route 203,encounters_route_203.json,SPECIES_ABRA,poke radar,4-5,"only in a Poke Radar patch (needs the Radar, National Dex and a grass tile); overwrites land slots 4, 5, 10 and 11",vanilla,no
Route 203,encounters_route_203.json,SPECIES_STARLY,poke radar,4-5,"only in a Poke Radar patch (needs the Radar, National Dex and a grass tile); overwrites land slots 4, 5, 10 and 11",vanilla,no
Route 203,encounters_route_203.json,SPECIES_SEEDOT,dual-slot Ruby,5,needs Pokemon Ruby in the GBA slot and the National Dex; overwrites land slots 8 and 9,vanilla,yes
Route 203,encounters_route_203.json,SPECIES_LOTAD,dual-slot Sapphire,5,needs Pokemon Sapphire in the GBA slot and the National Dex; overwrites land slots 8 and 9,vanilla,yes
Route 203,encounters_route_203.json,SPECIES_PINECO,dual-slot Emerald,5,needs Pokemon Emerald in the GBA slot and the National Dex; overwrites land slots 8 and 9,vanilla,no
Route 203,encounters_route_203.json,SPECIES_STARLY,dual-slot FireRed,5,needs Pokemon FireRed in the GBA slot and the National Dex; overwrites land slots 8 and 9,vanilla,no
Route 203,encounters_route_203.json,SPECIES_BIDOOF,dual-slot FireRed,5,needs Pokemon FireRed in the GBA slot and the National Dex; overwrites land slots 8 and 9,vanilla,no
Route 203,encounters_route_203.json,SPECIES_STARLY,dual-slot LeafGreen,5,needs Pokemon LeafGreen in the GBA slot and the National Dex; overwrites land slots 8 and 9,vanilla,no
Route 203,encounters_route_203.json,SPECIES_BIDOOF,dual-slot LeafGreen,5,needs Pokemon LeafGreen in the GBA slot and the National Dex; overwrites land slots 8 and 9,vanilla,no
Route 204,encounters_route_204_north.json,SPECIES_SUNKERN,poke radar,9-10,"only in a Poke Radar patch (needs the Radar, National Dex and a grass tile); overwrites land slots 4, 5, 10 and 11",vanilla,no
Route 204,encounters_route_204_north.json,SPECIES_SEEDOT,dual-slot Ruby,10,needs Pokemon Ruby in the GBA slot and the National Dex; overwrites land slots 8 and 9,vanilla,yes
Route 204,encounters_route_204_north.json,SPECIES_LOTAD,dual-slot Sapphire,10,needs Pokemon Sapphire in the GBA slot and the National Dex; overwrites land slots 8 and 9,vanilla,yes
Route 204,encounters_route_204_north.json,SPECIES_PINECO,dual-slot Emerald,10,needs Pokemon Emerald in the GBA slot and the National Dex; overwrites land slots 8 and 9,vanilla,no
Route 204,encounters_route_204_north.json,SPECIES_CATERPIE,dual-slot FireRed,10,needs Pokemon FireRed in the GBA slot and the National Dex; overwrites land slots 8 and 9,vanilla,no
Route 204,encounters_route_204_north.json,SPECIES_WEEDLE,dual-slot LeafGreen,10,needs Pokemon LeafGreen in the GBA slot and the National Dex; overwrites land slots 8 and 9,vanilla,no
Route 204,encounters_route_204_south.json,SPECIES_BUDEW,poke radar,4-5,"only in a Poke Radar patch (needs the Radar, National Dex and a grass tile); overwrites land slots 4, 5, 10 and 11",vanilla,yes
Route 204,encounters_route_204_south.json,SPECIES_SHINX,poke radar,4-5,"only in a Poke Radar patch (needs the Radar, National Dex and a grass tile); overwrites land slots 4, 5, 10 and 11",vanilla,yes
Route 204,encounters_route_204_south.json,SPECIES_STARLY,poke radar,4-5,"only in a Poke Radar patch (needs the Radar, National Dex and a grass tile); overwrites land slots 4, 5, 10 and 11",vanilla,no
Route 204,encounters_route_204_south.json,SPECIES_BIDOOF,poke radar,4-5,"only in a Poke Radar patch (needs the Radar, National Dex and a grass tile); overwrites land slots 4, 5, 10 and 11",vanilla,no
Route 204,encounters_route_204_south.json,SPECIES_SEEDOT,dual-slot Ruby,5,needs Pokemon Ruby in the GBA slot and the National Dex; overwrites land slots 8 and 9,vanilla,yes
Route 204,encounters_route_204_south.json,SPECIES_LOTAD,dual-slot Sapphire,5,needs Pokemon Sapphire in the GBA slot and the National Dex; overwrites land slots 8 and 9,vanilla,yes
Route 204,encounters_route_204_south.json,SPECIES_PINECO,dual-slot Emerald,5,needs Pokemon Emerald in the GBA slot and the National Dex; overwrites land slots 8 and 9,vanilla,no
Route 204,encounters_route_204_south.json,SPECIES_CATERPIE,dual-slot FireRed,5,needs Pokemon FireRed in the GBA slot and the National Dex; overwrites land slots 8 and 9,vanilla,no
Route 204,encounters_route_204_south.json,SPECIES_WEEDLE,dual-slot LeafGreen,5,needs Pokemon LeafGreen in the GBA slot and the National Dex; overwrites land slots 8 and 9,vanilla,no
Route 205,encounters_route_205_north.json,SPECIES_SLOWPOKE,poke radar,14-15,"only in a Poke Radar patch (needs the Radar, National Dex and a grass tile); overwrites land slots 4, 5, 10 and 11",vanilla,no
Route 205,encounters_route_205_north.json,SPECIES_BUDEW,dual-slot Ruby,13-14,needs Pokemon Ruby in the GBA slot and the National Dex; overwrites land slots 8 and 9,vanilla,yes
Route 205,encounters_route_205_north.json,SPECIES_LOTAD,dual-slot Sapphire,13-14,needs Pokemon Sapphire in the GBA slot and the National Dex; overwrites land slots 8 and 9,vanilla,yes
Route 205,encounters_route_205_north.json,SPECIES_BUDEW,dual-slot Emerald,13-14,needs Pokemon Emerald in the GBA slot and the National Dex; overwrites land slots 8 and 9,vanilla,yes
Route 205,encounters_route_205_north.json,SPECIES_BUDEW,dual-slot FireRed,13-14,needs Pokemon FireRed in the GBA slot and the National Dex; overwrites land slots 8 and 9,vanilla,yes
Route 205,encounters_route_205_north.json,SPECIES_BUDEW,dual-slot LeafGreen,13-14,needs Pokemon LeafGreen in the GBA slot and the National Dex; overwrites land slots 8 and 9,vanilla,yes
Route 205,encounters_route_205_south.json,SPECIES_HOPPIP,poke radar,10-12,"only in a Poke Radar patch (needs the Radar, National Dex and a grass tile); overwrites land slots 4, 5, 10 and 11",vanilla,no
Route 205,encounters_route_205_south.json,SPECIES_BUIZEL,dual-slot Ruby,11-12,needs Pokemon Ruby in the GBA slot and the National Dex; overwrites land slots 8 and 9,vanilla,no
Route 205,encounters_route_205_south.json,SPECIES_SHELLOS,dual-slot Ruby,11-12,needs Pokemon Ruby in the GBA slot and the National Dex; overwrites land slots 8 and 9,vanilla,no
Route 205,encounters_route_205_south.json,SPECIES_BUIZEL,dual-slot Sapphire,11-12,needs Pokemon Sapphire in the GBA slot and the National Dex; overwrites land slots 8 and 9,vanilla,no
Route 205,encounters_route_205_south.json,SPECIES_SHELLOS,dual-slot Sapphire,11-12,needs Pokemon Sapphire in the GBA slot and the National Dex; overwrites land slots 8 and 9,vanilla,no
Route 205,encounters_route_205_south.json,SPECIES_BUIZEL,dual-slot Emerald,11-12,needs Pokemon Emerald in the GBA slot and the National Dex; overwrites land slots 8 and 9,vanilla,no
Route 205,encounters_route_205_south.json,SPECIES_SHELLOS,dual-slot Emerald,11-12,needs Pokemon Emerald in the GBA slot and the National Dex; overwrites land slots 8 and 9,vanilla,no
Route 205,encounters_route_205_south.json,SPECIES_BUIZEL,dual-slot FireRed,11-12,needs Pokemon FireRed in the GBA slot and the National Dex; overwrites land slots 8 and 9,vanilla,no
Route 205,encounters_route_205_south.json,SPECIES_SHELLOS,dual-slot FireRed,11-12,needs Pokemon FireRed in the GBA slot and the National Dex; overwrites land slots 8 and 9,vanilla,no
Route 205,encounters_route_205_south.json,SPECIES_BUIZEL,dual-slot LeafGreen,11-12,needs Pokemon LeafGreen in the GBA slot and the National Dex; overwrites land slots 8 and 9,vanilla,no
Route 205,encounters_route_205_south.json,SPECIES_SHELLOS,dual-slot LeafGreen,11-12,needs Pokemon LeafGreen in the GBA slot and the National Dex; overwrites land slots 8 and 9,vanilla,no
Route 206,encounters_route_206.json,SPECIES_BALTOY,poke radar,16-19,"only in a Poke Radar patch (needs the Radar, National Dex and a grass tile); overwrites land slots 4, 5, 10 and 11",vanilla,no
Route 206,encounters_route_206.json,SPECIES_MACHOP,dual-slot Ruby,18-19,needs Pokemon Ruby in the GBA slot and the National Dex; overwrites land slots 8 and 9,vanilla,no
Route 206,encounters_route_206.json,SPECIES_GEODUDE,dual-slot Ruby,18-19,needs Pokemon Ruby in the GBA slot and the National Dex; overwrites land slots 8 and 9,vanilla,no
Route 206,encounters_route_206.json,SPECIES_MACHOP,dual-slot Sapphire,18-19,needs Pokemon Sapphire in the GBA slot and the National Dex; overwrites land slots 8 and 9,vanilla,no
Route 206,encounters_route_206.json,SPECIES_GEODUDE,dual-slot Sapphire,18-19,needs Pokemon Sapphire in the GBA slot and the National Dex; overwrites land slots 8 and 9,vanilla,no
Route 206,encounters_route_206.json,SPECIES_MACHOP,dual-slot Emerald,18-19,needs Pokemon Emerald in the GBA slot and the National Dex; overwrites land slots 8 and 9,vanilla,no
Route 206,encounters_route_206.json,SPECIES_GEODUDE,dual-slot Emerald,18-19,needs Pokemon Emerald in the GBA slot and the National Dex; overwrites land slots 8 and 9,vanilla,no
Route 206,encounters_route_206.json,SPECIES_MACHOP,dual-slot FireRed,18-19,needs Pokemon FireRed in the GBA slot and the National Dex; overwrites land slots 8 and 9,vanilla,no
Route 206,encounters_route_206.json,SPECIES_GEODUDE,dual-slot FireRed,18-19,needs Pokemon FireRed in the GBA slot and the National Dex; overwrites land slots 8 and 9,vanilla,no
Route 206,encounters_route_206.json,SPECIES_MACHOP,dual-slot LeafGreen,18-19,needs Pokemon LeafGreen in the GBA slot and the National Dex; overwrites land slots 8 and 9,vanilla,no
Route 206,encounters_route_206.json,SPECIES_GEODUDE,dual-slot LeafGreen,18-19,needs Pokemon LeafGreen in the GBA slot and the National Dex; overwrites land slots 8 and 9,vanilla,no
Route 207,encounters_route_207.json,SPECIES_STANTLER,poke radar,5-7,"only in a Poke Radar patch (needs the Radar, National Dex and a grass tile); overwrites land slots 4, 5, 10 and 11",vanilla,no
Route 207,encounters_route_207.json,SPECIES_PONYTA,dual-slot Ruby,7,needs Pokemon Ruby in the GBA slot and the National Dex; overwrites land slots 8 and 9,vanilla,yes
Route 207,encounters_route_207.json,SPECIES_GEODUDE,dual-slot Ruby,7,needs Pokemon Ruby in the GBA slot and the National Dex; overwrites land slots 8 and 9,vanilla,no
Route 207,encounters_route_207.json,SPECIES_PONYTA,dual-slot Sapphire,7,needs Pokemon Sapphire in the GBA slot and the National Dex; overwrites land slots 8 and 9,vanilla,yes
Route 207,encounters_route_207.json,SPECIES_GEODUDE,dual-slot Sapphire,7,needs Pokemon Sapphire in the GBA slot and the National Dex; overwrites land slots 8 and 9,vanilla,no
Route 207,encounters_route_207.json,SPECIES_PONYTA,dual-slot Emerald,7,needs Pokemon Emerald in the GBA slot and the National Dex; overwrites land slots 8 and 9,vanilla,yes
Route 207,encounters_route_207.json,SPECIES_GEODUDE,dual-slot Emerald,7,needs Pokemon Emerald in the GBA slot and the National Dex; overwrites land slots 8 and 9,vanilla,no
Route 207,encounters_route_207.json,SPECIES_PONYTA,dual-slot FireRed,7,needs Pokemon FireRed in the GBA slot and the National Dex; overwrites land slots 8 and 9,vanilla,yes
Route 207,encounters_route_207.json,SPECIES_GEODUDE,dual-slot FireRed,7,needs Pokemon FireRed in the GBA slot and the National Dex; overwrites land slots 8 and 9,vanilla,no
Route 207,encounters_route_207.json,SPECIES_PONYTA,dual-slot LeafGreen,7,needs Pokemon LeafGreen in the GBA slot and the National Dex; overwrites land slots 8 and 9,vanilla,yes
Route 207,encounters_route_207.json,SPECIES_GEODUDE,dual-slot LeafGreen,7,needs Pokemon LeafGreen in the GBA slot and the National Dex; overwrites land slots 8 and 9,vanilla,no
Route 208,encounters_route_208.json,SPECIES_SMEARGLE,poke radar,18-20,"only in a Poke Radar patch (needs the Radar, National Dex and a grass tile); overwrites land slots 4, 5, 10 and 11",vanilla,no
Route 208,encounters_route_208.json,SPECIES_ZANGOOSE,dual-slot Ruby,20,needs Pokemon Ruby in the GBA slot and the National Dex; overwrites land slots 8 and 9,vanilla,no
Route 208,encounters_route_208.json,SPECIES_SEVIPER,dual-slot Sapphire,20,needs Pokemon Sapphire in the GBA slot and the National Dex; overwrites land slots 8 and 9,vanilla,no
Route 208,encounters_route_208.json,SPECIES_ROSELIA,dual-slot Emerald,20,needs Pokemon Emerald in the GBA slot and the National Dex; overwrites land slots 8 and 9,vanilla,yes
Route 208,encounters_route_208.json,SPECIES_BIBAREL,dual-slot Emerald,20,needs Pokemon Emerald in the GBA slot and the National Dex; overwrites land slots 8 and 9,vanilla,no
Route 208,encounters_route_208.json,SPECIES_ROSELIA,dual-slot FireRed,20,needs Pokemon FireRed in the GBA slot and the National Dex; overwrites land slots 8 and 9,vanilla,yes
Route 208,encounters_route_208.json,SPECIES_BIBAREL,dual-slot FireRed,20,needs Pokemon FireRed in the GBA slot and the National Dex; overwrites land slots 8 and 9,vanilla,no
Route 208,encounters_route_208.json,SPECIES_ROSELIA,dual-slot LeafGreen,20,needs Pokemon LeafGreen in the GBA slot and the National Dex; overwrites land slots 8 and 9,vanilla,yes
Route 208,encounters_route_208.json,SPECIES_BIBAREL,dual-slot LeafGreen,20,needs Pokemon LeafGreen in the GBA slot and the National Dex; overwrites land slots 8 and 9,vanilla,no
Route 209,encounters_route_209.json,SPECIES_KIRLIA,poke radar,18-19,"only in a Poke Radar patch (needs the Radar, National Dex and a grass tile); overwrites land slots 4, 5, 10 and 11",vanilla,yes
Route 209,encounters_route_209.json,SPECIES_RALTS,dual-slot Ruby,17-19,needs Pokemon Ruby in the GBA slot and the National Dex; overwrites land slots 8 and 9,vanilla,yes
Route 209,encounters_route_209.json,SPECIES_CHANSEY,dual-slot Ruby,17-19,needs Pokemon Ruby in the GBA slot and the National Dex; overwrites land slots 8 and 9,vanilla,no
Route 209,encounters_route_209.json,SPECIES_RALTS,dual-slot Sapphire,17-19,needs Pokemon Sapphire in the GBA slot and the National Dex; overwrites land slots 8 and 9,vanilla,yes
Route 209,encounters_route_209.json,SPECIES_CHANSEY,dual-slot Sapphire,17-19,needs Pokemon Sapphire in the GBA slot and the National Dex; overwrites land slots 8 and 9,vanilla,no
Route 209,encounters_route_209.json,SPECIES_RALTS,dual-slot Emerald,17-19,needs Pokemon Emerald in the GBA slot and the National Dex; overwrites land slots 8 and 9,vanilla,yes
Route 209,encounters_route_209.json,SPECIES_CHANSEY,dual-slot Emerald,17-19,needs Pokemon Emerald in the GBA slot and the National Dex; overwrites land slots 8 and 9,vanilla,no
Route 209,encounters_route_209.json,SPECIES_RALTS,dual-slot FireRed,17-19,needs Pokemon FireRed in the GBA slot and the National Dex; overwrites land slots 8 and 9,vanilla,yes
Route 209,encounters_route_209.json,SPECIES_CHANSEY,dual-slot FireRed,17-19,needs Pokemon FireRed in the GBA slot and the National Dex; overwrites land slots 8 and 9,vanilla,no
Route 209,encounters_route_209.json,SPECIES_VULPIX,dual-slot LeafGreen,17-19,needs Pokemon LeafGreen in the GBA slot and the National Dex; overwrites land slots 8 and 9,vanilla,yes
Route 209,encounters_route_209_lost_tower_1f.json,SPECIES_ZUBAT,poke radar,17-20,"only in a Poke Radar patch (needs the Radar, National Dex and a grass tile); overwrites land slots 4, 5, 10 and 11",vanilla,yes
Route 209,encounters_route_209_lost_tower_1f.json,SPECIES_GASTLY,poke radar,17-20,"only in a Poke Radar patch (needs the Radar, National Dex and a grass tile); overwrites land slots 4, 5, 10 and 11",vanilla,no
Route 209,encounters_route_209_lost_tower_1f.json,SPECIES_GASTLY,dual-slot Ruby,20,needs Pokemon Ruby in the GBA slot and the National Dex; overwrites land slots 8 and 9,vanilla,no
Route 209,encounters_route_209_lost_tower_1f.json,SPECIES_GASTLY,dual-slot Sapphire,20,needs Pokemon Sapphire in the GBA slot and the National Dex; overwrites land slots 8 and 9,vanilla,no
Route 209,encounters_route_209_lost_tower_1f.json,SPECIES_GASTLY,dual-slot Emerald,20,needs Pokemon Emerald in the GBA slot and the National Dex; overwrites land slots 8 and 9,vanilla,no
Route 209,encounters_route_209_lost_tower_1f.json,SPECIES_GASTLY,dual-slot FireRed,20,needs Pokemon FireRed in the GBA slot and the National Dex; overwrites land slots 8 and 9,vanilla,no
Route 209,encounters_route_209_lost_tower_1f.json,SPECIES_GASTLY,dual-slot LeafGreen,20,needs Pokemon LeafGreen in the GBA slot and the National Dex; overwrites land slots 8 and 9,vanilla,no
Route 209,encounters_route_209_lost_tower_2f.json,SPECIES_ZUBAT,poke radar,17-20,"only in a Poke Radar patch (needs the Radar, National Dex and a grass tile); overwrites land slots 4, 5, 10 and 11",vanilla,yes
Route 209,encounters_route_209_lost_tower_2f.json,SPECIES_GASTLY,poke radar,17-20,"only in a Poke Radar patch (needs the Radar, National Dex and a grass tile); overwrites land slots 4, 5, 10 and 11",vanilla,no
Route 209,encounters_route_209_lost_tower_2f.json,SPECIES_GASTLY,dual-slot Ruby,20,needs Pokemon Ruby in the GBA slot and the National Dex; overwrites land slots 8 and 9,vanilla,no
Route 209,encounters_route_209_lost_tower_2f.json,SPECIES_GASTLY,dual-slot Sapphire,20,needs Pokemon Sapphire in the GBA slot and the National Dex; overwrites land slots 8 and 9,vanilla,no
Route 209,encounters_route_209_lost_tower_2f.json,SPECIES_GASTLY,dual-slot Emerald,20,needs Pokemon Emerald in the GBA slot and the National Dex; overwrites land slots 8 and 9,vanilla,no
Route 209,encounters_route_209_lost_tower_2f.json,SPECIES_GASTLY,dual-slot FireRed,20,needs Pokemon FireRed in the GBA slot and the National Dex; overwrites land slots 8 and 9,vanilla,no
Route 209,encounters_route_209_lost_tower_2f.json,SPECIES_GASTLY,dual-slot LeafGreen,20,needs Pokemon LeafGreen in the GBA slot and the National Dex; overwrites land slots 8 and 9,vanilla,no
Route 209,encounters_route_209_lost_tower_3f.json,SPECIES_ZUBAT,poke radar,17-20,"only in a Poke Radar patch (needs the Radar, National Dex and a grass tile); overwrites land slots 4, 5, 10 and 11",vanilla,yes
Route 209,encounters_route_209_lost_tower_3f.json,SPECIES_GASTLY,poke radar,17-20,"only in a Poke Radar patch (needs the Radar, National Dex and a grass tile); overwrites land slots 4, 5, 10 and 11",vanilla,no
Route 209,encounters_route_209_lost_tower_3f.json,SPECIES_GASTLY,dual-slot Ruby,20,needs Pokemon Ruby in the GBA slot and the National Dex; overwrites land slots 8 and 9,vanilla,no
Route 209,encounters_route_209_lost_tower_3f.json,SPECIES_GASTLY,dual-slot Sapphire,20,needs Pokemon Sapphire in the GBA slot and the National Dex; overwrites land slots 8 and 9,vanilla,no
Route 209,encounters_route_209_lost_tower_3f.json,SPECIES_GASTLY,dual-slot Emerald,20,needs Pokemon Emerald in the GBA slot and the National Dex; overwrites land slots 8 and 9,vanilla,no
Route 209,encounters_route_209_lost_tower_3f.json,SPECIES_GASTLY,dual-slot FireRed,20,needs Pokemon FireRed in the GBA slot and the National Dex; overwrites land slots 8 and 9,vanilla,no
Route 209,encounters_route_209_lost_tower_3f.json,SPECIES_GASTLY,dual-slot LeafGreen,20,needs Pokemon LeafGreen in the GBA slot and the National Dex; overwrites land slots 8 and 9,vanilla,no
Route 209,encounters_route_209_lost_tower_4f.json,SPECIES_ZUBAT,poke radar,17-20,"only in a Poke Radar patch (needs the Radar, National Dex and a grass tile); overwrites land slots 4, 5, 10 and 11",vanilla,yes
Route 209,encounters_route_209_lost_tower_4f.json,SPECIES_GASTLY,poke radar,17-20,"only in a Poke Radar patch (needs the Radar, National Dex and a grass tile); overwrites land slots 4, 5, 10 and 11",vanilla,no
Route 209,encounters_route_209_lost_tower_4f.json,SPECIES_GASTLY,dual-slot Ruby,20,needs Pokemon Ruby in the GBA slot and the National Dex; overwrites land slots 8 and 9,vanilla,no
Route 209,encounters_route_209_lost_tower_4f.json,SPECIES_GASTLY,dual-slot Sapphire,20,needs Pokemon Sapphire in the GBA slot and the National Dex; overwrites land slots 8 and 9,vanilla,no
Route 209,encounters_route_209_lost_tower_4f.json,SPECIES_GASTLY,dual-slot Emerald,20,needs Pokemon Emerald in the GBA slot and the National Dex; overwrites land slots 8 and 9,vanilla,no
Route 209,encounters_route_209_lost_tower_4f.json,SPECIES_GASTLY,dual-slot FireRed,20,needs Pokemon FireRed in the GBA slot and the National Dex; overwrites land slots 8 and 9,vanilla,no
Route 209,encounters_route_209_lost_tower_4f.json,SPECIES_GASTLY,dual-slot LeafGreen,20,needs Pokemon LeafGreen in the GBA slot and the National Dex; overwrites land slots 8 and 9,vanilla,no
Route 209,encounters_route_209_lost_tower_5f.json,SPECIES_ZUBAT,poke radar,17-20,"only in a Poke Radar patch (needs the Radar, National Dex and a grass tile); overwrites land slots 4, 5, 10 and 11",vanilla,yes
Route 209,encounters_route_209_lost_tower_5f.json,SPECIES_GASTLY,poke radar,17-20,"only in a Poke Radar patch (needs the Radar, National Dex and a grass tile); overwrites land slots 4, 5, 10 and 11",vanilla,no
Route 209,encounters_route_209_lost_tower_5f.json,SPECIES_GASTLY,dual-slot Ruby,20,needs Pokemon Ruby in the GBA slot and the National Dex; overwrites land slots 8 and 9,vanilla,no
Route 209,encounters_route_209_lost_tower_5f.json,SPECIES_GASTLY,dual-slot Sapphire,20,needs Pokemon Sapphire in the GBA slot and the National Dex; overwrites land slots 8 and 9,vanilla,no
Route 209,encounters_route_209_lost_tower_5f.json,SPECIES_GASTLY,dual-slot Emerald,20,needs Pokemon Emerald in the GBA slot and the National Dex; overwrites land slots 8 and 9,vanilla,no
Route 209,encounters_route_209_lost_tower_5f.json,SPECIES_GASTLY,dual-slot FireRed,20,needs Pokemon FireRed in the GBA slot and the National Dex; overwrites land slots 8 and 9,vanilla,no
Route 209,encounters_route_209_lost_tower_5f.json,SPECIES_GASTLY,dual-slot LeafGreen,20,needs Pokemon LeafGreen in the GBA slot and the National Dex; overwrites land slots 8 and 9,vanilla,no
Route 210,encounters_route_210_north.json,SPECIES_BAGON,poke radar,28-30,"only in a Poke Radar patch (needs the Radar, National Dex and a grass tile); overwrites land slots 4, 5, 10 and 11",vanilla,no
Route 210,encounters_route_210_north.json,SPECIES_ZANGOOSE,dual-slot Ruby,29-30,needs Pokemon Ruby in the GBA slot and the National Dex; overwrites land slots 8 and 9,vanilla,no
Route 210,encounters_route_210_north.json,SPECIES_SEVIPER,dual-slot Sapphire,29-30,needs Pokemon Sapphire in the GBA slot and the National Dex; overwrites land slots 8 and 9,vanilla,no
Route 210,encounters_route_210_north.json,SPECIES_MACHOP,dual-slot Emerald,29-30,needs Pokemon Emerald in the GBA slot and the National Dex; overwrites land slots 8 and 9,vanilla,no
Route 210,encounters_route_210_north.json,SPECIES_MACHOKE,dual-slot Emerald,29-30,needs Pokemon Emerald in the GBA slot and the National Dex; overwrites land slots 8 and 9,vanilla,no
Route 210,encounters_route_210_north.json,SPECIES_MACHOP,dual-slot FireRed,29-30,needs Pokemon FireRed in the GBA slot and the National Dex; overwrites land slots 8 and 9,vanilla,no
Route 210,encounters_route_210_north.json,SPECIES_MACHOKE,dual-slot FireRed,29-30,needs Pokemon FireRed in the GBA slot and the National Dex; overwrites land slots 8 and 9,vanilla,no
Route 210,encounters_route_210_north.json,SPECIES_MACHOP,dual-slot LeafGreen,29-30,needs Pokemon LeafGreen in the GBA slot and the National Dex; overwrites land slots 8 and 9,vanilla,no
Route 210,encounters_route_210_north.json,SPECIES_MACHOKE,dual-slot LeafGreen,29-30,needs Pokemon LeafGreen in the GBA slot and the National Dex; overwrites land slots 8 and 9,vanilla,no
Route 210,encounters_route_210_south.json,SPECIES_MILTANK,poke radar,19-21,"only in a Poke Radar patch (needs the Radar, National Dex and a grass tile); overwrites land slots 4, 5, 10 and 11",vanilla,no
Route 210,encounters_route_210_south.json,SPECIES_TAUROS,poke radar,19-21,"only in a Poke Radar patch (needs the Radar, National Dex and a grass tile); overwrites land slots 4, 5, 10 and 11",vanilla,no
Route 210,encounters_route_210_south.json,SPECIES_SEEDOT,dual-slot Ruby,19-21,needs Pokemon Ruby in the GBA slot and the National Dex; overwrites land slots 8 and 9,vanilla,yes
Route 210,encounters_route_210_south.json,SPECIES_NUZLEAF,dual-slot Ruby,19-21,needs Pokemon Ruby in the GBA slot and the National Dex; overwrites land slots 8 and 9,vanilla,yes
Route 210,encounters_route_210_south.json,SPECIES_PONYTA,dual-slot Sapphire,19-21,needs Pokemon Sapphire in the GBA slot and the National Dex; overwrites land slots 8 and 9,vanilla,yes
Route 210,encounters_route_210_south.json,SPECIES_CHANSEY,dual-slot Sapphire,19-21,needs Pokemon Sapphire in the GBA slot and the National Dex; overwrites land slots 8 and 9,vanilla,no
Route 210,encounters_route_210_south.json,SPECIES_PINECO,dual-slot Emerald,19-21,needs Pokemon Emerald in the GBA slot and the National Dex; overwrites land slots 8 and 9,vanilla,no
Route 210,encounters_route_210_south.json,SPECIES_PONYTA,dual-slot FireRed,19-21,needs Pokemon FireRed in the GBA slot and the National Dex; overwrites land slots 8 and 9,vanilla,yes
Route 210,encounters_route_210_south.json,SPECIES_CHANSEY,dual-slot FireRed,19-21,needs Pokemon FireRed in the GBA slot and the National Dex; overwrites land slots 8 and 9,vanilla,no
Route 210,encounters_route_210_south.json,SPECIES_PONYTA,dual-slot LeafGreen,19-21,needs Pokemon LeafGreen in the GBA slot and the National Dex; overwrites land slots 8 and 9,vanilla,yes
Route 210,encounters_route_210_south.json,SPECIES_CHANSEY,dual-slot LeafGreen,19-21,needs Pokemon LeafGreen in the GBA slot and the National Dex; overwrites land slots 8 and 9,vanilla,no
Route 211,encounters_route_211_east.json,SPECIES_CHINGLING,poke radar,28-30,"only in a Poke Radar patch (needs the Radar, National Dex and a grass tile); overwrites land slots 4, 5, 10 and 11",vanilla,no
Route 211,encounters_route_211_east.json,SPECIES_MACHOKE,poke radar,28-30,"only in a Poke Radar patch (needs the Radar, National Dex and a grass tile); overwrites land slots 4, 5, 10 and 11",vanilla,no
Route 211,encounters_route_211_east.json,SPECIES_BRONZOR,poke radar,28-30,"only in a Poke Radar patch (needs the Radar, National Dex and a grass tile); overwrites land slots 4, 5, 10 and 11",vanilla,yes
Route 211,encounters_route_211_east.json,SPECIES_MACHOKE,dual-slot Ruby,29-30,needs Pokemon Ruby in the GBA slot and the National Dex; overwrites land slots 8 and 9,vanilla,no
Route 211,encounters_route_211_east.json,SPECIES_BRONZOR,dual-slot Ruby,29-30,needs Pokemon Ruby in the GBA slot and the National Dex; overwrites land slots 8 and 9,vanilla,yes
Route 211,encounters_route_211_east.json,SPECIES_MACHOKE,dual-slot Sapphire,29-30,needs Pokemon Sapphire in the GBA slot and the National Dex; overwrites land slots 8 and 9,vanilla,no
Route 211,encounters_route_211_east.json,SPECIES_BRONZOR,dual-slot Sapphire,29-30,needs Pokemon Sapphire in the GBA slot and the National Dex; overwrites land slots 8 and 9,vanilla,yes
Route 211,encounters_route_211_east.json,SPECIES_MACHOKE,dual-slot Emerald,29-30,needs Pokemon Emerald in the GBA slot and the National Dex; overwrites land slots 8 and 9,vanilla,no
Route 211,encounters_route_211_east.json,SPECIES_BRONZOR,dual-slot Emerald,29-30,needs Pokemon Emerald in the GBA slot and the National Dex; overwrites land slots 8 and 9,vanilla,yes
Route 211,encounters_route_211_east.json,SPECIES_MACHOKE,dual-slot FireRed,29-30,needs Pokemon FireRed in the GBA slot and the National Dex; overwrites land slots 8 and 9,vanilla,no
Route 211,encounters_route_211_east.json,SPECIES_BRONZOR,dual-slot FireRed,29-30,needs Pokemon FireRed in the GBA slot and the National Dex; overwrites land slots 8 and 9,vanilla,yes
Route 211,encounters_route_211_east.json,SPECIES_MACHOKE,dual-slot LeafGreen,29-30,needs Pokemon LeafGreen in the GBA slot and the National Dex; overwrites land slots 8 and 9,vanilla,no
Route 211,encounters_route_211_east.json,SPECIES_BRONZOR,dual-slot LeafGreen,29-30,needs Pokemon LeafGreen in the GBA slot and the National Dex; overwrites land slots 8 and 9,vanilla,yes
Route 211,encounters_route_211_west.json,SPECIES_TYROGUE,poke radar,14-16,"only in a Poke Radar patch (needs the Radar, National Dex and a grass tile); overwrites land slots 4, 5, 10 and 11",vanilla,no
Route 211,encounters_route_211_west.json,SPECIES_MACHOP,dual-slot Ruby,15-16,needs Pokemon Ruby in the GBA slot and the National Dex; overwrites land slots 8 and 9,vanilla,no
Route 211,encounters_route_211_west.json,SPECIES_BRONZOR,dual-slot Ruby,15-16,needs Pokemon Ruby in the GBA slot and the National Dex; overwrites land slots 8 and 9,vanilla,yes
Route 211,encounters_route_211_west.json,SPECIES_MACHOP,dual-slot Sapphire,15-16,needs Pokemon Sapphire in the GBA slot and the National Dex; overwrites land slots 8 and 9,vanilla,no
Route 211,encounters_route_211_west.json,SPECIES_BRONZOR,dual-slot Sapphire,15-16,needs Pokemon Sapphire in the GBA slot and the National Dex; overwrites land slots 8 and 9,vanilla,yes
Route 211,encounters_route_211_west.json,SPECIES_TEDDIURSA,dual-slot Emerald,15-16,needs Pokemon Emerald in the GBA slot and the National Dex; overwrites land slots 8 and 9,vanilla,no
Route 211,encounters_route_211_west.json,SPECIES_MACHOP,dual-slot FireRed,15-16,needs Pokemon FireRed in the GBA slot and the National Dex; overwrites land slots 8 and 9,vanilla,no
Route 211,encounters_route_211_west.json,SPECIES_BRONZOR,dual-slot FireRed,15-16,needs Pokemon FireRed in the GBA slot and the National Dex; overwrites land slots 8 and 9,vanilla,yes
Route 211,encounters_route_211_west.json,SPECIES_MACHOP,dual-slot LeafGreen,15-16,needs Pokemon LeafGreen in the GBA slot and the National Dex; overwrites land slots 8 and 9,vanilla,no
Route 211,encounters_route_211_west.json,SPECIES_BRONZOR,dual-slot LeafGreen,15-16,needs Pokemon LeafGreen in the GBA slot and the National Dex; overwrites land slots 8 and 9,vanilla,yes
Route 212,encounters_route_212_north.json,SPECIES_SMEARGLE,poke radar,21-24,"only in a Poke Radar patch (needs the Radar, National Dex and a grass tile); overwrites land slots 4, 5, 10 and 11",vanilla,no
Route 212,encounters_route_212_north.json,SPECIES_ROSELIA,dual-slot Ruby,23-24,needs Pokemon Ruby in the GBA slot and the National Dex; overwrites land slots 8 and 9,vanilla,yes
Route 212,encounters_route_212_north.json,SPECIES_MARILL,dual-slot Ruby,23-24,needs Pokemon Ruby in the GBA slot and the National Dex; overwrites land slots 8 and 9,vanilla,no
Route 212,encounters_route_212_north.json,SPECIES_ROSELIA,dual-slot Sapphire,23-24,needs Pokemon Sapphire in the GBA slot and the National Dex; overwrites land slots 8 and 9,vanilla,yes
Route 212,encounters_route_212_north.json,SPECIES_MARILL,dual-slot Sapphire,23-24,needs Pokemon Sapphire in the GBA slot and the National Dex; overwrites land slots 8 and 9,vanilla,no
Route 212,encounters_route_212_north.json,SPECIES_ROSELIA,dual-slot Emerald,23-24,needs Pokemon Emerald in the GBA slot and the National Dex; overwrites land slots 8 and 9,vanilla,yes
Route 212,encounters_route_212_north.json,SPECIES_MARILL,dual-slot Emerald,23-24,needs Pokemon Emerald in the GBA slot and the National Dex; overwrites land slots 8 and 9,vanilla,no
Route 212,encounters_route_212_north.json,SPECIES_ROSELIA,dual-slot FireRed,23-24,needs Pokemon FireRed in the GBA slot and the National Dex; overwrites land slots 8 and 9,vanilla,yes
Route 212,encounters_route_212_north.json,SPECIES_MARILL,dual-slot FireRed,23-24,needs Pokemon FireRed in the GBA slot and the National Dex; overwrites land slots 8 and 9,vanilla,no
Route 212,encounters_route_212_north.json,SPECIES_ROSELIA,dual-slot LeafGreen,23-24,needs Pokemon LeafGreen in the GBA slot and the National Dex; overwrites land slots 8 and 9,vanilla,yes
Route 212,encounters_route_212_north.json,SPECIES_MARILL,dual-slot LeafGreen,23-24,needs Pokemon LeafGreen in the GBA slot and the National Dex; overwrites land slots 8 and 9,vanilla,no
Route 212,encounters_route_212_south.json,SPECIES_SMEARGLE,poke radar,21-24,"only in a Poke Radar patch (needs the Radar, National Dex and a grass tile); overwrites land slots 4, 5, 10 and 11",base-rom,no
Route 212,encounters_route_212_south.json,SPECIES_ROSELIA,dual-slot Ruby,23-24,needs Pokemon Ruby in the GBA slot and the National Dex; overwrites land slots 8 and 9,base-rom,yes
Route 212,encounters_route_212_south.json,SPECIES_MARILL,dual-slot Ruby,23-24,needs Pokemon Ruby in the GBA slot and the National Dex; overwrites land slots 8 and 9,base-rom,no
Route 212,encounters_route_212_south.json,SPECIES_ROSELIA,dual-slot Sapphire,23-24,needs Pokemon Sapphire in the GBA slot and the National Dex; overwrites land slots 8 and 9,base-rom,yes
Route 212,encounters_route_212_south.json,SPECIES_MARILL,dual-slot Sapphire,23-24,needs Pokemon Sapphire in the GBA slot and the National Dex; overwrites land slots 8 and 9,base-rom,no
Route 212,encounters_route_212_south.json,SPECIES_ROSELIA,dual-slot Emerald,23-24,needs Pokemon Emerald in the GBA slot and the National Dex; overwrites land slots 8 and 9,base-rom,yes
Route 212,encounters_route_212_south.json,SPECIES_MARILL,dual-slot Emerald,23-24,needs Pokemon Emerald in the GBA slot and the National Dex; overwrites land slots 8 and 9,base-rom,no
Route 212,encounters_route_212_south.json,SPECIES_ROSELIA,dual-slot FireRed,23-24,needs Pokemon FireRed in the GBA slot and the National Dex; overwrites land slots 8 and 9,base-rom,yes
Route 212,encounters_route_212_south.json,SPECIES_MARILL,dual-slot FireRed,23-24,needs Pokemon FireRed in the GBA slot and the National Dex; overwrites land slots 8 and 9,base-rom,no
Route 212,encounters_route_212_south.json,SPECIES_ROSELIA,dual-slot LeafGreen,23-24,needs Pokemon LeafGreen in the GBA slot and the National Dex; overwrites land slots 8 and 9,base-rom,yes
Route 212,encounters_route_212_south.json,SPECIES_MARILL,dual-slot LeafGreen,23-24,needs Pokemon LeafGreen in the GBA slot and the National Dex; overwrites land slots 8 and 9,base-rom,no
Route 213,encounters_route_213.json,SPECIES_SWELLOW,poke radar,25-26,"only in a Poke Radar patch (needs the Radar, National Dex and a grass tile); overwrites land slots 4, 5, 10 and 11",vanilla,no
Route 213,encounters_route_213.json,SPECIES_BUIZEL,dual-slot Ruby,25-26,needs Pokemon Ruby in the GBA slot and the National Dex; overwrites land slots 8 and 9,vanilla,no
Route 213,encounters_route_213.json,SPECIES_SHELLOS,dual-slot Ruby,25-26,needs Pokemon Ruby in the GBA slot and the National Dex; overwrites land slots 8 and 9,vanilla,no
Route 213,encounters_route_213.json,SPECIES_BUIZEL,dual-slot Sapphire,25-26,needs Pokemon Sapphire in the GBA slot and the National Dex; overwrites land slots 8 and 9,vanilla,no
Route 213,encounters_route_213.json,SPECIES_SHELLOS,dual-slot Sapphire,25-26,needs Pokemon Sapphire in the GBA slot and the National Dex; overwrites land slots 8 and 9,vanilla,no
Route 213,encounters_route_213.json,SPECIES_BUIZEL,dual-slot Emerald,25-26,needs Pokemon Emerald in the GBA slot and the National Dex; overwrites land slots 8 and 9,vanilla,no
Route 213,encounters_route_213.json,SPECIES_SHELLOS,dual-slot Emerald,25-26,needs Pokemon Emerald in the GBA slot and the National Dex; overwrites land slots 8 and 9,vanilla,no
Route 213,encounters_route_213.json,SPECIES_BUIZEL,dual-slot FireRed,25-26,needs Pokemon FireRed in the GBA slot and the National Dex; overwrites land slots 8 and 9,vanilla,no
Route 213,encounters_route_213.json,SPECIES_SHELLOS,dual-slot FireRed,25-26,needs Pokemon FireRed in the GBA slot and the National Dex; overwrites land slots 8 and 9,vanilla,no
Route 213,encounters_route_213.json,SPECIES_BUIZEL,dual-slot LeafGreen,25-26,needs Pokemon LeafGreen in the GBA slot and the National Dex; overwrites land slots 8 and 9,vanilla,no
Route 213,encounters_route_213.json,SPECIES_SHELLOS,dual-slot LeafGreen,25-26,needs Pokemon LeafGreen in the GBA slot and the National Dex; overwrites land slots 8 and 9,vanilla,no
Route 214,encounters_route_214.json,SPECIES_POOCHYENA,poke radar,28-29,"only in a Poke Radar patch (needs the Radar, National Dex and a grass tile); overwrites land slots 4, 5, 10 and 11",vanilla,yes
Route 214,encounters_route_214.json,SPECIES_HOUNDOUR,dual-slot Ruby,29,needs Pokemon Ruby in the GBA slot and the National Dex; overwrites land slots 8 and 9,vanilla,yes
Route 214,encounters_route_214.json,SPECIES_RHYHORN,dual-slot Ruby,29,needs Pokemon Ruby in the GBA slot and the National Dex; overwrites land slots 8 and 9,vanilla,yes
Route 214,encounters_route_214.json,SPECIES_HOUNDOUR,dual-slot Sapphire,29,needs Pokemon Sapphire in the GBA slot and the National Dex; overwrites land slots 8 and 9,vanilla,yes
Route 214,encounters_route_214.json,SPECIES_RHYHORN,dual-slot Sapphire,29,needs Pokemon Sapphire in the GBA slot and the National Dex; overwrites land slots 8 and 9,vanilla,yes
Route 214,encounters_route_214.json,SPECIES_HOUNDOUR,dual-slot Emerald,29,needs Pokemon Emerald in the GBA slot and the National Dex; overwrites land slots 8 and 9,vanilla,yes
Route 214,encounters_route_214.json,SPECIES_RHYHORN,dual-slot Emerald,29,needs Pokemon Emerald in the GBA slot and the National Dex; overwrites land slots 8 and 9,vanilla,yes
Route 214,encounters_route_214.json,SPECIES_HOUNDOUR,dual-slot FireRed,29,needs Pokemon FireRed in the GBA slot and the National Dex; overwrites land slots 8 and 9,vanilla,yes
Route 214,encounters_route_214.json,SPECIES_RHYHORN,dual-slot FireRed,29,needs Pokemon FireRed in the GBA slot and the National Dex; overwrites land slots 8 and 9,vanilla,yes
Route 214,encounters_route_214.json,SPECIES_VULPIX,dual-slot LeafGreen,29,needs Pokemon LeafGreen in the GBA slot and the National Dex; overwrites land slots 8 and 9,vanilla,yes
Route 215,encounters_route_215.json,SPECIES_LICKITUNG,poke radar,19-22,"only in a Poke Radar patch (needs the Radar, National Dex and a grass tile); overwrites land slots 4, 5, 10 and 11",vanilla,no
Route 215,encounters_route_215.json,SPECIES_ABRA,poke radar,19-22,"only in a Poke Radar patch (needs the Radar, National Dex and a grass tile); overwrites land slots 4, 5, 10 and 11",vanilla,no
Route 215,encounters_route_215.json,SPECIES_MARILL,poke radar,19-22,"only in a Poke Radar patch (needs the Radar, National Dex and a grass tile); overwrites land slots 4, 5, 10 and 11",vanilla,no
Route 215,encounters_route_215.json,SPECIES_KADABRA,poke radar,19-22,"only in a Poke Radar patch (needs the Radar, National Dex and a grass tile); overwrites land slots 4, 5, 10 and 11",vanilla,no
Route 215,encounters_route_215.json,SPECIES_MARILL,dual-slot Ruby,22,needs Pokemon Ruby in the GBA slot and the National Dex; overwrites land slots 8 and 9,vanilla,no
Route 215,encounters_route_215.json,SPECIES_KADABRA,dual-slot Ruby,22,needs Pokemon Ruby in the GBA slot and the National Dex; overwrites land slots 8 and 9,vanilla,no
Route 215,encounters_route_215.json,SPECIES_MARILL,dual-slot Sapphire,22,needs Pokemon Sapphire in the GBA slot and the National Dex; overwrites land slots 8 and 9,vanilla,no
Route 215,encounters_route_215.json,SPECIES_KADABRA,dual-slot Sapphire,22,needs Pokemon Sapphire in the GBA slot and the National Dex; overwrites land slots 8 and 9,vanilla,no
Route 215,encounters_route_215.json,SPECIES_MARILL,dual-slot Emerald,22,needs Pokemon Emerald in the GBA slot and the National Dex; overwrites land slots 8 and 9,vanilla,no
Route 215,encounters_route_215.json,SPECIES_KADABRA,dual-slot Emerald,22,needs Pokemon Emerald in the GBA slot and the National Dex; overwrites land slots 8 and 9,vanilla,no
Route 215,encounters_route_215.json,SPECIES_MARILL,dual-slot FireRed,22,needs Pokemon FireRed in the GBA slot and the National Dex; overwrites land slots 8 and 9,vanilla,no
Route 215,encounters_route_215.json,SPECIES_KADABRA,dual-slot FireRed,22,needs Pokemon FireRed in the GBA slot and the National Dex; overwrites land slots 8 and 9,vanilla,no
Route 215,encounters_route_215.json,SPECIES_MARILL,dual-slot LeafGreen,22,needs Pokemon LeafGreen in the GBA slot and the National Dex; overwrites land slots 8 and 9,vanilla,no
Route 215,encounters_route_215.json,SPECIES_KADABRA,dual-slot LeafGreen,22,needs Pokemon LeafGreen in the GBA slot and the National Dex; overwrites land slots 8 and 9,vanilla,no
Route 216,encounters_route_216.json,SPECIES_MEDITITE,poke radar,33-35,"only in a Poke Radar patch (needs the Radar, National Dex and a grass tile); overwrites land slots 4, 5, 10 and 11",vanilla,no
Route 216,encounters_route_216.json,SPECIES_SNEASEL,poke radar,33-35,"only in a Poke Radar patch (needs the Radar, National Dex and a grass tile); overwrites land slots 4, 5, 10 and 11",vanilla,yes
Route 216,encounters_route_216.json,SPECIES_GRAVELER,poke radar,33-35,"only in a Poke Radar patch (needs the Radar, National Dex and a grass tile); overwrites land slots 4, 5, 10 and 11",vanilla,no
Route 216,encounters_route_216.json,SPECIES_SNOVER,poke radar,33-35,"only in a Poke Radar patch (needs the Radar, National Dex and a grass tile); overwrites land slots 4, 5, 10 and 11",vanilla,yes
Route 216,encounters_route_216.json,SPECIES_GRAVELER,dual-slot Ruby,35,needs Pokemon Ruby in the GBA slot and the National Dex; overwrites land slots 8 and 9,vanilla,no
Route 216,encounters_route_216.json,SPECIES_SNOVER,dual-slot Ruby,35,needs Pokemon Ruby in the GBA slot and the National Dex; overwrites land slots 8 and 9,vanilla,yes
Route 216,encounters_route_216.json,SPECIES_GRAVELER,dual-slot Sapphire,35,needs Pokemon Sapphire in the GBA slot and the National Dex; overwrites land slots 8 and 9,vanilla,no
Route 216,encounters_route_216.json,SPECIES_SNOVER,dual-slot Sapphire,35,needs Pokemon Sapphire in the GBA slot and the National Dex; overwrites land slots 8 and 9,vanilla,yes
Route 216,encounters_route_216.json,SPECIES_URSARING,dual-slot Emerald,35,needs Pokemon Emerald in the GBA slot and the National Dex; overwrites land slots 8 and 9,vanilla,no
Route 216,encounters_route_216.json,SPECIES_GRAVELER,dual-slot FireRed,35,needs Pokemon FireRed in the GBA slot and the National Dex; overwrites land slots 8 and 9,vanilla,no
Route 216,encounters_route_216.json,SPECIES_SNOVER,dual-slot FireRed,35,needs Pokemon FireRed in the GBA slot and the National Dex; overwrites land slots 8 and 9,vanilla,yes
Route 216,encounters_route_216.json,SPECIES_GRAVELER,dual-slot LeafGreen,35,needs Pokemon LeafGreen in the GBA slot and the National Dex; overwrites land slots 8 and 9,vanilla,no
Route 216,encounters_route_216.json,SPECIES_SNOVER,dual-slot LeafGreen,35,needs Pokemon LeafGreen in the GBA slot and the National Dex; overwrites land slots 8 and 9,vanilla,yes
Route 217,encounters_route_217.json,SPECIES_PILOSWINE,poke radar,34-35,"only in a Poke Radar patch (needs the Radar, National Dex and a grass tile); overwrites land slots 4, 5, 10 and 11",vanilla,yes
Route 217,encounters_route_217.json,SPECIES_SNEASEL,dual-slot Ruby,35,needs Pokemon Ruby in the GBA slot and the National Dex; overwrites land slots 8 and 9,vanilla,yes
Route 217,encounters_route_217.json,SPECIES_SNOVER,dual-slot Ruby,35,needs Pokemon Ruby in the GBA slot and the National Dex; overwrites land slots 8 and 9,vanilla,yes
Route 217,encounters_route_217.json,SPECIES_SNEASEL,dual-slot Sapphire,35,needs Pokemon Sapphire in the GBA slot and the National Dex; overwrites land slots 8 and 9,vanilla,yes
Route 217,encounters_route_217.json,SPECIES_SNOVER,dual-slot Sapphire,35,needs Pokemon Sapphire in the GBA slot and the National Dex; overwrites land slots 8 and 9,vanilla,yes
Route 217,encounters_route_217.json,SPECIES_URSARING,dual-slot Emerald,35,needs Pokemon Emerald in the GBA slot and the National Dex; overwrites land slots 8 and 9,vanilla,no
Route 217,encounters_route_217.json,SPECIES_SNEASEL,dual-slot FireRed,35,needs Pokemon FireRed in the GBA slot and the National Dex; overwrites land slots 8 and 9,vanilla,yes
Route 217,encounters_route_217.json,SPECIES_SNOVER,dual-slot FireRed,35,needs Pokemon FireRed in the GBA slot and the National Dex; overwrites land slots 8 and 9,vanilla,yes
Route 217,encounters_route_217.json,SPECIES_SNEASEL,dual-slot LeafGreen,35,needs Pokemon LeafGreen in the GBA slot and the National Dex; overwrites land slots 8 and 9,vanilla,yes
Route 217,encounters_route_217.json,SPECIES_SNOVER,dual-slot LeafGreen,35,needs Pokemon LeafGreen in the GBA slot and the National Dex; overwrites land slots 8 and 9,vanilla,yes
Route 218,encounters_route_218.json,SPECIES_MR_MIME,poke radar,29-31,"only in a Poke Radar patch (needs the Radar, National Dex and a grass tile); overwrites land slots 4, 5, 10 and 11",vanilla,no
Route 218,encounters_route_218.json,SPECIES_FLOATZEL,poke radar,29-31,"only in a Poke Radar patch (needs the Radar, National Dex and a grass tile); overwrites land slots 4, 5, 10 and 11",vanilla,no
Route 218,encounters_route_218.json,SPECIES_GASTRODON,poke radar,29-31,"only in a Poke Radar patch (needs the Radar, National Dex and a grass tile); overwrites land slots 4, 5, 10 and 11",vanilla,no
Route 218,encounters_route_218.json,SPECIES_FLOATZEL,dual-slot Ruby,30-31,needs Pokemon Ruby in the GBA slot and the National Dex; overwrites land slots 8 and 9,vanilla,no
Route 218,encounters_route_218.json,SPECIES_GASTRODON,dual-slot Ruby,30-31,needs Pokemon Ruby in the GBA slot and the National Dex; overwrites land slots 8 and 9,vanilla,no
Route 218,encounters_route_218.json,SPECIES_FLOATZEL,dual-slot Sapphire,30-31,needs Pokemon Sapphire in the GBA slot and the National Dex; overwrites land slots 8 and 9,vanilla,no
Route 218,encounters_route_218.json,SPECIES_GASTRODON,dual-slot Sapphire,30-31,needs Pokemon Sapphire in the GBA slot and the National Dex; overwrites land slots 8 and 9,vanilla,no
Route 218,encounters_route_218.json,SPECIES_FLOATZEL,dual-slot Emerald,30-31,needs Pokemon Emerald in the GBA slot and the National Dex; overwrites land slots 8 and 9,vanilla,no
Route 218,encounters_route_218.json,SPECIES_GASTRODON,dual-slot Emerald,30-31,needs Pokemon Emerald in the GBA slot and the National Dex; overwrites land slots 8 and 9,vanilla,no
Route 218,encounters_route_218.json,SPECIES_FLOATZEL,dual-slot FireRed,30-31,needs Pokemon FireRed in the GBA slot and the National Dex; overwrites land slots 8 and 9,vanilla,no
Route 218,encounters_route_218.json,SPECIES_GASTRODON,dual-slot FireRed,30-31,needs Pokemon FireRed in the GBA slot and the National Dex; overwrites land slots 8 and 9,vanilla,no
Route 218,encounters_route_218.json,SPECIES_FLOATZEL,dual-slot LeafGreen,30-31,needs Pokemon LeafGreen in the GBA slot and the National Dex; overwrites land slots 8 and 9,vanilla,no
Route 218,encounters_route_218.json,SPECIES_GASTRODON,dual-slot LeafGreen,30-31,needs Pokemon LeafGreen in the GBA slot and the National Dex; overwrites land slots 8 and 9,vanilla,no
Route 219,encounters_route_219.json,SPECIES_NONE,poke radar,0,"only in a Poke Radar patch (needs the Radar, National Dex and a grass tile); overwrites land slots 4, 5, 10 and 11",vanilla,no
Route 219,encounters_route_219.json,SPECIES_NONE,dual-slot Ruby,0,needs Pokemon Ruby in the GBA slot and the National Dex; overwrites land slots 8 and 9,vanilla,no
Route 219,encounters_route_219.json,SPECIES_NONE,dual-slot Sapphire,0,needs Pokemon Sapphire in the GBA slot and the National Dex; overwrites land slots 8 and 9,vanilla,no
Route 219,encounters_route_219.json,SPECIES_NONE,dual-slot Emerald,0,needs Pokemon Emerald in the GBA slot and the National Dex; overwrites land slots 8 and 9,vanilla,no
Route 219,encounters_route_219.json,SPECIES_NONE,dual-slot FireRed,0,needs Pokemon FireRed in the GBA slot and the National Dex; overwrites land slots 8 and 9,vanilla,no
Route 219,encounters_route_219.json,SPECIES_NONE,dual-slot LeafGreen,0,needs Pokemon LeafGreen in the GBA slot and the National Dex; overwrites land slots 8 and 9,vanilla,no
Route 220,encounters_route_220.json,SPECIES_NONE,poke radar,0,"only in a Poke Radar patch (needs the Radar, National Dex and a grass tile); overwrites land slots 4, 5, 10 and 11",vanilla,no
Route 220,encounters_route_220.json,SPECIES_NONE,dual-slot Ruby,0,needs Pokemon Ruby in the GBA slot and the National Dex; overwrites land slots 8 and 9,vanilla,no
Route 220,encounters_route_220.json,SPECIES_NONE,dual-slot Sapphire,0,needs Pokemon Sapphire in the GBA slot and the National Dex; overwrites land slots 8 and 9,vanilla,no
Route 220,encounters_route_220.json,SPECIES_NONE,dual-slot Emerald,0,needs Pokemon Emerald in the GBA slot and the National Dex; overwrites land slots 8 and 9,vanilla,no
Route 220,encounters_route_220.json,SPECIES_NONE,dual-slot FireRed,0,needs Pokemon FireRed in the GBA slot and the National Dex; overwrites land slots 8 and 9,vanilla,no
Route 220,encounters_route_220.json,SPECIES_NONE,dual-slot LeafGreen,0,needs Pokemon LeafGreen in the GBA slot and the National Dex; overwrites land slots 8 and 9,vanilla,no
Route 221,encounters_route_221.json,SPECIES_NIDORINO,poke radar,30-31,"only in a Poke Radar patch (needs the Radar, National Dex and a grass tile); overwrites land slots 4, 5, 10 and 11",vanilla,yes
Route 221,encounters_route_221.json,SPECIES_NIDORINA,poke radar,30-31,"only in a Poke Radar patch (needs the Radar, National Dex and a grass tile); overwrites land slots 4, 5, 10 and 11",vanilla,yes
Route 221,encounters_route_221.json,SPECIES_FLOATZEL,dual-slot Ruby,30-31,needs Pokemon Ruby in the GBA slot and the National Dex; overwrites land slots 8 and 9,vanilla,no
Route 221,encounters_route_221.json,SPECIES_ROSELIA,dual-slot Ruby,30-31,needs Pokemon Ruby in the GBA slot and the National Dex; overwrites land slots 8 and 9,vanilla,yes
Route 221,encounters_route_221.json,SPECIES_FLOATZEL,dual-slot Sapphire,30-31,needs Pokemon Sapphire in the GBA slot and the National Dex; overwrites land slots 8 and 9,vanilla,no
Route 221,encounters_route_221.json,SPECIES_ROSELIA,dual-slot Sapphire,30-31,needs Pokemon Sapphire in the GBA slot and the National Dex; overwrites land slots 8 and 9,vanilla,yes
Route 221,encounters_route_221.json,SPECIES_FLOATZEL,dual-slot Emerald,30-31,needs Pokemon Emerald in the GBA slot and the National Dex; overwrites land slots 8 and 9,vanilla,no
Route 221,encounters_route_221.json,SPECIES_ROSELIA,dual-slot Emerald,30-31,needs Pokemon Emerald in the GBA slot and the National Dex; overwrites land slots 8 and 9,vanilla,yes
Route 221,encounters_route_221.json,SPECIES_FLOATZEL,dual-slot FireRed,30-31,needs Pokemon FireRed in the GBA slot and the National Dex; overwrites land slots 8 and 9,vanilla,no
Route 221,encounters_route_221.json,SPECIES_ROSELIA,dual-slot FireRed,30-31,needs Pokemon FireRed in the GBA slot and the National Dex; overwrites land slots 8 and 9,vanilla,yes
Route 221,encounters_route_221.json,SPECIES_FLOATZEL,dual-slot LeafGreen,30-31,needs Pokemon LeafGreen in the GBA slot and the National Dex; overwrites land slots 8 and 9,vanilla,no
Route 221,encounters_route_221.json,SPECIES_ROSELIA,dual-slot LeafGreen,30-31,needs Pokemon LeafGreen in the GBA slot and the National Dex; overwrites land slots 8 and 9,vanilla,yes
Route 222,encounters_route_222.json,SPECIES_FLAAFFY,poke radar,38-41,"only in a Poke Radar patch (needs the Radar, National Dex and a grass tile); overwrites land slots 4, 5, 10 and 11",vanilla,no
Route 222,encounters_route_222.json,SPECIES_PELIPPER,dual-slot Ruby,40-41,needs Pokemon Ruby in the GBA slot and the National Dex; overwrites land slots 8 and 9,vanilla,no
Route 222,encounters_route_222.json,SPECIES_MAGNETON,dual-slot Ruby,40-41,needs Pokemon Ruby in the GBA slot and the National Dex; overwrites land slots 8 and 9,vanilla,no
Route 222,encounters_route_222.json,SPECIES_PELIPPER,dual-slot Sapphire,40-41,needs Pokemon Sapphire in the GBA slot and the National Dex; overwrites land slots 8 and 9,vanilla,no
Route 222,encounters_route_222.json,SPECIES_MAGNETON,dual-slot Sapphire,40-41,needs Pokemon Sapphire in the GBA slot and the National Dex; overwrites land slots 8 and 9,vanilla,no
Route 222,encounters_route_222.json,SPECIES_PELIPPER,dual-slot Emerald,40-41,needs Pokemon Emerald in the GBA slot and the National Dex; overwrites land slots 8 and 9,vanilla,no
Route 222,encounters_route_222.json,SPECIES_MAGNETON,dual-slot Emerald,40-41,needs Pokemon Emerald in the GBA slot and the National Dex; overwrites land slots 8 and 9,vanilla,no
Route 222,encounters_route_222.json,SPECIES_PELIPPER,dual-slot FireRed,40-41,needs Pokemon FireRed in the GBA slot and the National Dex; overwrites land slots 8 and 9,vanilla,no
Route 222,encounters_route_222.json,SPECIES_MAGNETON,dual-slot FireRed,40-41,needs Pokemon FireRed in the GBA slot and the National Dex; overwrites land slots 8 and 9,vanilla,no
Route 222,encounters_route_222.json,SPECIES_PELIPPER,dual-slot LeafGreen,40-41,needs Pokemon LeafGreen in the GBA slot and the National Dex; overwrites land slots 8 and 9,vanilla,no
Route 222,encounters_route_222.json,SPECIES_MAGNETON,dual-slot LeafGreen,40-41,needs Pokemon LeafGreen in the GBA slot and the National Dex; overwrites land slots 8 and 9,vanilla,no
Route 223,encounters_route_223.json,SPECIES_NONE,poke radar,0,"only in a Poke Radar patch (needs the Radar, National Dex and a grass tile); overwrites land slots 4, 5, 10 and 11",vanilla,no
Route 223,encounters_route_223.json,SPECIES_NONE,dual-slot Ruby,0,needs Pokemon Ruby in the GBA slot and the National Dex; overwrites land slots 8 and 9,vanilla,no
Route 223,encounters_route_223.json,SPECIES_NONE,dual-slot Sapphire,0,needs Pokemon Sapphire in the GBA slot and the National Dex; overwrites land slots 8 and 9,vanilla,no
Route 223,encounters_route_223.json,SPECIES_NONE,dual-slot Emerald,0,needs Pokemon Emerald in the GBA slot and the National Dex; overwrites land slots 8 and 9,vanilla,no
Route 223,encounters_route_223.json,SPECIES_NONE,dual-slot FireRed,0,needs Pokemon FireRed in the GBA slot and the National Dex; overwrites land slots 8 and 9,vanilla,no
Route 223,encounters_route_223.json,SPECIES_NONE,dual-slot LeafGreen,0,needs Pokemon LeafGreen in the GBA slot and the National Dex; overwrites land slots 8 and 9,vanilla,no
Route 224,encounters_route_224.json,SPECIES_PELIPPER,poke radar,49-52,"only in a Poke Radar patch (needs the Radar, National Dex and a grass tile); overwrites land slots 4, 5, 10 and 11",vanilla,no
Route 224,encounters_route_224.json,SPECIES_GASTRODON,poke radar,49-52,"only in a Poke Radar patch (needs the Radar, National Dex and a grass tile); overwrites land slots 4, 5, 10 and 11",vanilla,no
Route 224,encounters_route_224.json,SPECIES_BEAUTIFLY,poke radar,49-52,"only in a Poke Radar patch (needs the Radar, National Dex and a grass tile); overwrites land slots 4, 5, 10 and 11",vanilla,no
Route 224,encounters_route_224.json,SPECIES_DUSTOX,poke radar,49-52,"only in a Poke Radar patch (needs the Radar, National Dex and a grass tile); overwrites land slots 4, 5, 10 and 11",vanilla,no
Route 224,encounters_route_224.json,SPECIES_BEAUTIFLY,dual-slot Ruby,52,needs Pokemon Ruby in the GBA slot and the National Dex; overwrites land slots 8 and 9,vanilla,no
Route 224,encounters_route_224.json,SPECIES_DUSTOX,dual-slot Ruby,52,needs Pokemon Ruby in the GBA slot and the National Dex; overwrites land slots 8 and 9,vanilla,no
Route 224,encounters_route_224.json,SPECIES_BEAUTIFLY,dual-slot Sapphire,52,needs Pokemon Sapphire in the GBA slot and the National Dex; overwrites land slots 8 and 9,vanilla,no
Route 224,encounters_route_224.json,SPECIES_DUSTOX,dual-slot Sapphire,52,needs Pokemon Sapphire in the GBA slot and the National Dex; overwrites land slots 8 and 9,vanilla,no
Route 224,encounters_route_224.json,SPECIES_SHUCKLE,dual-slot Emerald,52,needs Pokemon Emerald in the GBA slot and the National Dex; overwrites land slots 8 and 9,vanilla,no
Route 224,encounters_route_224.json,SPECIES_BEAUTIFLY,dual-slot FireRed,52,needs Pokemon FireRed in the GBA slot and the National Dex; overwrites land slots 8 and 9,vanilla,no
Route 224,encounters_route_224.json,SPECIES_DUSTOX,dual-slot FireRed,52,needs Pokemon FireRed in the GBA slot and the National Dex; overwrites land slots 8 and 9,vanilla,no
Route 224,encounters_route_224.json,SPECIES_BEAUTIFLY,dual-slot LeafGreen,52,needs Pokemon LeafGreen in the GBA slot and the National Dex; overwrites land slots 8 and 9,vanilla,no
Route 224,encounters_route_224.json,SPECIES_DUSTOX,dual-slot LeafGreen,52,needs Pokemon LeafGreen in the GBA slot and the National Dex; overwrites land slots 8 and 9,vanilla,no
Route 225,encounters_route_225.json,SPECIES_PRIMEAPE,poke radar,47-50,"only in a Poke Radar patch (needs the Radar, National Dex and a grass tile); overwrites land slots 4, 5, 10 and 11",vanilla,yes
Route 225,encounters_route_225.json,SPECIES_MANKEY,poke radar,47-50,"only in a Poke Radar patch (needs the Radar, National Dex and a grass tile); overwrites land slots 4, 5, 10 and 11",vanilla,yes
Route 225,encounters_route_225.json,SPECIES_SPEAROW,dual-slot Ruby,47,needs Pokemon Ruby in the GBA slot and the National Dex; overwrites land slots 8 and 9,vanilla,no
Route 225,encounters_route_225.json,SPECIES_RATTATA,dual-slot Ruby,47,needs Pokemon Ruby in the GBA slot and the National Dex; overwrites land slots 8 and 9,vanilla,no
Route 225,encounters_route_225.json,SPECIES_SPEAROW,dual-slot Sapphire,47,needs Pokemon Sapphire in the GBA slot and the National Dex; overwrites land slots 8 and 9,vanilla,no
Route 225,encounters_route_225.json,SPECIES_RATTATA,dual-slot Sapphire,47,needs Pokemon Sapphire in the GBA slot and the National Dex; overwrites land slots 8 and 9,vanilla,no
Route 225,encounters_route_225.json,SPECIES_SPEAROW,dual-slot Emerald,47,needs Pokemon Emerald in the GBA slot and the National Dex; overwrites land slots 8 and 9,vanilla,no
Route 225,encounters_route_225.json,SPECIES_RATTATA,dual-slot Emerald,47,needs Pokemon Emerald in the GBA slot and the National Dex; overwrites land slots 8 and 9,vanilla,no
Route 225,encounters_route_225.json,SPECIES_SPEAROW,dual-slot FireRed,47,needs Pokemon FireRed in the GBA slot and the National Dex; overwrites land slots 8 and 9,vanilla,no
Route 225,encounters_route_225.json,SPECIES_RATTATA,dual-slot FireRed,47,needs Pokemon FireRed in the GBA slot and the National Dex; overwrites land slots 8 and 9,vanilla,no
Route 225,encounters_route_225.json,SPECIES_SPEAROW,dual-slot LeafGreen,47,needs Pokemon LeafGreen in the GBA slot and the National Dex; overwrites land slots 8 and 9,vanilla,no
Route 225,encounters_route_225.json,SPECIES_RATTATA,dual-slot LeafGreen,47,needs Pokemon LeafGreen in the GBA slot and the National Dex; overwrites land slots 8 and 9,vanilla,no
Route 226,encounters_route_226.json,SPECIES_PRIMEAPE,poke radar,47-50,"only in a Poke Radar patch (needs the Radar, National Dex and a grass tile); overwrites land slots 4, 5, 10 and 11",vanilla,yes
Route 226,encounters_route_226.json,SPECIES_MANKEY,poke radar,47-50,"only in a Poke Radar patch (needs the Radar, National Dex and a grass tile); overwrites land slots 4, 5, 10 and 11",vanilla,yes
Route 226,encounters_route_226.json,SPECIES_WINGULL,dual-slot Ruby,47,needs Pokemon Ruby in the GBA slot and the National Dex; overwrites land slots 8 and 9,vanilla,no
Route 226,encounters_route_226.json,SPECIES_RATTATA,dual-slot Ruby,47,needs Pokemon Ruby in the GBA slot and the National Dex; overwrites land slots 8 and 9,vanilla,no
Route 226,encounters_route_226.json,SPECIES_WINGULL,dual-slot Sapphire,47,needs Pokemon Sapphire in the GBA slot and the National Dex; overwrites land slots 8 and 9,vanilla,no
Route 226,encounters_route_226.json,SPECIES_RATTATA,dual-slot Sapphire,47,needs Pokemon Sapphire in the GBA slot and the National Dex; overwrites land slots 8 and 9,vanilla,no
Route 226,encounters_route_226.json,SPECIES_WINGULL,dual-slot Emerald,47,needs Pokemon Emerald in the GBA slot and the National Dex; overwrites land slots 8 and 9,vanilla,no
Route 226,encounters_route_226.json,SPECIES_RATTATA,dual-slot Emerald,47,needs Pokemon Emerald in the GBA slot and the National Dex; overwrites land slots 8 and 9,vanilla,no
Route 226,encounters_route_226.json,SPECIES_WINGULL,dual-slot FireRed,47,needs Pokemon FireRed in the GBA slot and the National Dex; overwrites land slots 8 and 9,vanilla,no
Route 226,encounters_route_226.json,SPECIES_RATTATA,dual-slot FireRed,47,needs Pokemon FireRed in the GBA slot and the National Dex; overwrites land slots 8 and 9,vanilla,no
Route 226,encounters_route_226.json,SPECIES_WINGULL,dual-slot LeafGreen,47,needs Pokemon LeafGreen in the GBA slot and the National Dex; overwrites land slots 8 and 9,vanilla,no
Route 226,encounters_route_226.json,SPECIES_RATTATA,dual-slot LeafGreen,47,needs Pokemon LeafGreen in the GBA slot and the National Dex; overwrites land slots 8 and 9,vanilla,no
Route 227,encounters_route_227.json,SPECIES_TORKOAL,poke radar,51-53,"only in a Poke Radar patch (needs the Radar, National Dex and a grass tile); overwrites land slots 4, 5, 10 and 11",vanilla,no
Route 227,encounters_route_227.json,SPECIES_NUMEL,dual-slot Ruby,51-52,needs Pokemon Ruby in the GBA slot and the National Dex; overwrites land slots 8 and 9,vanilla,no
Route 227,encounters_route_227.json,SPECIES_RHYHORN,dual-slot Ruby,51-52,needs Pokemon Ruby in the GBA slot and the National Dex; overwrites land slots 8 and 9,vanilla,yes
Route 227,encounters_route_227.json,SPECIES_NUMEL,dual-slot Sapphire,51-52,needs Pokemon Sapphire in the GBA slot and the National Dex; overwrites land slots 8 and 9,vanilla,no
Route 227,encounters_route_227.json,SPECIES_RHYHORN,dual-slot Sapphire,51-52,needs Pokemon Sapphire in the GBA slot and the National Dex; overwrites land slots 8 and 9,vanilla,yes
Route 227,encounters_route_227.json,SPECIES_NUMEL,dual-slot Emerald,51-52,needs Pokemon Emerald in the GBA slot and the National Dex; overwrites land slots 8 and 9,vanilla,no
Route 227,encounters_route_227.json,SPECIES_RHYHORN,dual-slot Emerald,51-52,needs Pokemon Emerald in the GBA slot and the National Dex; overwrites land slots 8 and 9,vanilla,yes
Route 227,encounters_route_227.json,SPECIES_NUMEL,dual-slot FireRed,51-52,needs Pokemon FireRed in the GBA slot and the National Dex; overwrites land slots 8 and 9,vanilla,no
Route 227,encounters_route_227.json,SPECIES_RHYHORN,dual-slot FireRed,51-52,needs Pokemon FireRed in the GBA slot and the National Dex; overwrites land slots 8 and 9,vanilla,yes
Route 227,encounters_route_227.json,SPECIES_NUMEL,dual-slot LeafGreen,51-52,needs Pokemon LeafGreen in the GBA slot and the National Dex; overwrites land slots 8 and 9,vanilla,no
Route 227,encounters_route_227.json,SPECIES_RHYHORN,dual-slot LeafGreen,51-52,needs Pokemon LeafGreen in the GBA slot and the National Dex; overwrites land slots 8 and 9,vanilla,yes
Route 228,encounters_route_228.json,SPECIES_RHYDON,poke radar,49-52,"only in a Poke Radar patch (needs the Radar, National Dex and a grass tile); overwrites land slots 4, 5, 10 and 11",vanilla,yes
Route 228,encounters_route_228.json,SPECIES_HIPPOWDON,poke radar,49-52,"only in a Poke Radar patch (needs the Radar, National Dex and a grass tile); overwrites land slots 4, 5, 10 and 11",vanilla,yes
Route 228,encounters_route_228.json,SPECIES_DIGLETT,poke radar,49-52,"only in a Poke Radar patch (needs the Radar, National Dex and a grass tile); overwrites land slots 4, 5, 10 and 11",vanilla,no
Route 228,encounters_route_228.json,SPECIES_CACNEA,poke radar,49-52,"only in a Poke Radar patch (needs the Radar, National Dex and a grass tile); overwrites land slots 4, 5, 10 and 11",vanilla,no
Route 228,encounters_route_228.json,SPECIES_DIGLETT,dual-slot Ruby,49-50,needs Pokemon Ruby in the GBA slot and the National Dex; overwrites land slots 8 and 9,vanilla,no
Route 228,encounters_route_228.json,SPECIES_CACNEA,dual-slot Ruby,49-50,needs Pokemon Ruby in the GBA slot and the National Dex; overwrites land slots 8 and 9,vanilla,no
Route 228,encounters_route_228.json,SPECIES_DIGLETT,dual-slot Sapphire,49-50,needs Pokemon Sapphire in the GBA slot and the National Dex; overwrites land slots 8 and 9,vanilla,no
Route 228,encounters_route_228.json,SPECIES_CACNEA,dual-slot Sapphire,49-50,needs Pokemon Sapphire in the GBA slot and the National Dex; overwrites land slots 8 and 9,vanilla,no
Route 228,encounters_route_228.json,SPECIES_DIGLETT,dual-slot Emerald,49-50,needs Pokemon Emerald in the GBA slot and the National Dex; overwrites land slots 8 and 9,vanilla,no
Route 228,encounters_route_228.json,SPECIES_CACNEA,dual-slot Emerald,49-50,needs Pokemon Emerald in the GBA slot and the National Dex; overwrites land slots 8 and 9,vanilla,no
Route 228,encounters_route_228.json,SPECIES_DIGLETT,dual-slot FireRed,49-50,needs Pokemon FireRed in the GBA slot and the National Dex; overwrites land slots 8 and 9,vanilla,no
Route 228,encounters_route_228.json,SPECIES_CACNEA,dual-slot FireRed,49-50,needs Pokemon FireRed in the GBA slot and the National Dex; overwrites land slots 8 and 9,vanilla,no
Route 228,encounters_route_228.json,SPECIES_SANDSLASH,dual-slot LeafGreen,49-50,needs Pokemon LeafGreen in the GBA slot and the National Dex; overwrites land slots 8 and 9,vanilla,no
Route 229,encounters_route_229.json,SPECIES_VENOMOTH,poke radar,48-49,"only in a Poke Radar patch (needs the Radar, National Dex and a grass tile); overwrites land slots 4, 5, 10 and 11",vanilla,no
Route 229,encounters_route_229.json,SPECIES_VENONAT,poke radar,48-49,"only in a Poke Radar patch (needs the Radar, National Dex and a grass tile); overwrites land slots 4, 5, 10 and 11",vanilla,no
Route 229,encounters_route_229.json,SPECIES_NUZLEAF,dual-slot Ruby,48,needs Pokemon Ruby in the GBA slot and the National Dex; overwrites land slots 8 and 9,vanilla,yes
Route 229,encounters_route_229.json,SPECIES_LOMBRE,dual-slot Sapphire,48,needs Pokemon Sapphire in the GBA slot and the National Dex; overwrites land slots 8 and 9,vanilla,yes
Route 229,encounters_route_229.json,SPECIES_PINECO,dual-slot Emerald,48,needs Pokemon Emerald in the GBA slot and the National Dex; overwrites land slots 8 and 9,vanilla,no
Route 229,encounters_route_229.json,SPECIES_BEAUTIFLY,dual-slot FireRed,48,needs Pokemon FireRed in the GBA slot and the National Dex; overwrites land slots 8 and 9,vanilla,no
Route 229,encounters_route_229.json,SPECIES_DUSTOX,dual-slot FireRed,48,needs Pokemon FireRed in the GBA slot and the National Dex; overwrites land slots 8 and 9,vanilla,no
Route 229,encounters_route_229.json,SPECIES_BEAUTIFLY,dual-slot LeafGreen,48,needs Pokemon LeafGreen in the GBA slot and the National Dex; overwrites land slots 8 and 9,vanilla,no
Route 229,encounters_route_229.json,SPECIES_DUSTOX,dual-slot LeafGreen,48,needs Pokemon LeafGreen in the GBA slot and the National Dex; overwrites land slots 8 and 9,vanilla,no
Route 230,encounters_route_230.json,SPECIES_TOGEPI,poke radar,48-50,"only in a Poke Radar patch (needs the Radar, National Dex and a grass tile); overwrites land slots 4, 5, 10 and 11",vanilla,yes
Route 230,encounters_route_230.json,SPECIES_PELIPPER,dual-slot Ruby,48-50,needs Pokemon Ruby in the GBA slot and the National Dex; overwrites land slots 8 and 9,vanilla,no
Route 230,encounters_route_230.json,SPECIES_FLOATZEL,dual-slot Ruby,48-50,needs Pokemon Ruby in the GBA slot and the National Dex; overwrites land slots 8 and 9,vanilla,no
Route 230,encounters_route_230.json,SPECIES_PELIPPER,dual-slot Sapphire,48-50,needs Pokemon Sapphire in the GBA slot and the National Dex; overwrites land slots 8 and 9,vanilla,no
Route 230,encounters_route_230.json,SPECIES_FLOATZEL,dual-slot Sapphire,48-50,needs Pokemon Sapphire in the GBA slot and the National Dex; overwrites land slots 8 and 9,vanilla,no
Route 230,encounters_route_230.json,SPECIES_PELIPPER,dual-slot Emerald,48-50,needs Pokemon Emerald in the GBA slot and the National Dex; overwrites land slots 8 and 9,vanilla,no
Route 230,encounters_route_230.json,SPECIES_FLOATZEL,dual-slot Emerald,48-50,needs Pokemon Emerald in the GBA slot and the National Dex; overwrites land slots 8 and 9,vanilla,no
Route 230,encounters_route_230.json,SPECIES_PELIPPER,dual-slot FireRed,48-50,needs Pokemon FireRed in the GBA slot and the National Dex; overwrites land slots 8 and 9,vanilla,no
Route 230,encounters_route_230.json,SPECIES_FLOATZEL,dual-slot FireRed,48-50,needs Pokemon FireRed in the GBA slot and the National Dex; overwrites land slots 8 and 9,vanilla,no
Route 230,encounters_route_230.json,SPECIES_PELIPPER,dual-slot LeafGreen,48-50,needs Pokemon LeafGreen in the GBA slot and the National Dex; overwrites land slots 8 and 9,vanilla,no
Route 230,encounters_route_230.json,SPECIES_FLOATZEL,dual-slot LeafGreen,48-50,needs Pokemon LeafGreen in the GBA slot and the National Dex; overwrites land slots 8 and 9,vanilla,no
Ruin Maniac Cave,encounters_ruin_maniac_cave_long.json,SPECIES_GEODUDE,poke radar,23-24,"only in a Poke Radar patch (needs the Radar, National Dex and a grass tile); overwrites land slots 4, 5, 10 and 11",vanilla,no
Ruin Maniac Cave,encounters_ruin_maniac_cave_long.json,SPECIES_HIPPOPOTAS,poke radar,23-24,"only in a Poke Radar patch (needs the Radar, National Dex and a grass tile); overwrites land slots 4, 5, 10 and 11",vanilla,yes
Ruin Maniac Cave,encounters_ruin_maniac_cave_long.json,SPECIES_GEODUDE,dual-slot Ruby,22-23,needs Pokemon Ruby in the GBA slot and the National Dex; overwrites land slots 8 and 9,vanilla,no
Ruin Maniac Cave,encounters_ruin_maniac_cave_long.json,SPECIES_HIPPOPOTAS,dual-slot Ruby,22-23,needs Pokemon Ruby in the GBA slot and the National Dex; overwrites land slots 8 and 9,vanilla,yes
Ruin Maniac Cave,encounters_ruin_maniac_cave_long.json,SPECIES_GEODUDE,dual-slot Sapphire,22-23,needs Pokemon Sapphire in the GBA slot and the National Dex; overwrites land slots 8 and 9,vanilla,no
Ruin Maniac Cave,encounters_ruin_maniac_cave_long.json,SPECIES_HIPPOPOTAS,dual-slot Sapphire,22-23,needs Pokemon Sapphire in the GBA slot and the National Dex; overwrites land slots 8 and 9,vanilla,yes
Ruin Maniac Cave,encounters_ruin_maniac_cave_long.json,SPECIES_GEODUDE,dual-slot Emerald,22-23,needs Pokemon Emerald in the GBA slot and the National Dex; overwrites land slots 8 and 9,vanilla,no
Ruin Maniac Cave,encounters_ruin_maniac_cave_long.json,SPECIES_HIPPOPOTAS,dual-slot Emerald,22-23,needs Pokemon Emerald in the GBA slot and the National Dex; overwrites land slots 8 and 9,vanilla,yes
Ruin Maniac Cave,encounters_ruin_maniac_cave_long.json,SPECIES_GEODUDE,dual-slot FireRed,22-23,needs Pokemon FireRed in the GBA slot and the National Dex; overwrites land slots 8 and 9,vanilla,no
Ruin Maniac Cave,encounters_ruin_maniac_cave_long.json,SPECIES_HIPPOPOTAS,dual-slot FireRed,22-23,needs Pokemon FireRed in the GBA slot and the National Dex; overwrites land slots 8 and 9,vanilla,yes
Ruin Maniac Cave,encounters_ruin_maniac_cave_long.json,SPECIES_GEODUDE,dual-slot LeafGreen,22-23,needs Pokemon LeafGreen in the GBA slot and the National Dex; overwrites land slots 8 and 9,vanilla,no
Ruin Maniac Cave,encounters_ruin_maniac_cave_long.json,SPECIES_HIPPOPOTAS,dual-slot LeafGreen,22-23,needs Pokemon LeafGreen in the GBA slot and the National Dex; overwrites land slots 8 and 9,vanilla,yes
Ruin Maniac Cave,encounters_ruin_maniac_cave_short.json,SPECIES_GEODUDE,poke radar,23-24,"only in a Poke Radar patch (needs the Radar, National Dex and a grass tile); overwrites land slots 4, 5, 10 and 11",vanilla,no
Ruin Maniac Cave,encounters_ruin_maniac_cave_short.json,SPECIES_HIPPOPOTAS,poke radar,23-24,"only in a Poke Radar patch (needs the Radar, National Dex and a grass tile); overwrites land slots 4, 5, 10 and 11",vanilla,yes
Ruin Maniac Cave,encounters_ruin_maniac_cave_short.json,SPECIES_GEODUDE,dual-slot Ruby,22-23,needs Pokemon Ruby in the GBA slot and the National Dex; overwrites land slots 8 and 9,vanilla,no
Ruin Maniac Cave,encounters_ruin_maniac_cave_short.json,SPECIES_HIPPOPOTAS,dual-slot Ruby,22-23,needs Pokemon Ruby in the GBA slot and the National Dex; overwrites land slots 8 and 9,vanilla,yes
Ruin Maniac Cave,encounters_ruin_maniac_cave_short.json,SPECIES_GEODUDE,dual-slot Sapphire,22-23,needs Pokemon Sapphire in the GBA slot and the National Dex; overwrites land slots 8 and 9,vanilla,no
Ruin Maniac Cave,encounters_ruin_maniac_cave_short.json,SPECIES_HIPPOPOTAS,dual-slot Sapphire,22-23,needs Pokemon Sapphire in the GBA slot and the National Dex; overwrites land slots 8 and 9,vanilla,yes
Ruin Maniac Cave,encounters_ruin_maniac_cave_short.json,SPECIES_GEODUDE,dual-slot Emerald,22-23,needs Pokemon Emerald in the GBA slot and the National Dex; overwrites land slots 8 and 9,vanilla,no
Ruin Maniac Cave,encounters_ruin_maniac_cave_short.json,SPECIES_HIPPOPOTAS,dual-slot Emerald,22-23,needs Pokemon Emerald in the GBA slot and the National Dex; overwrites land slots 8 and 9,vanilla,yes
Ruin Maniac Cave,encounters_ruin_maniac_cave_short.json,SPECIES_GEODUDE,dual-slot FireRed,22-23,needs Pokemon FireRed in the GBA slot and the National Dex; overwrites land slots 8 and 9,vanilla,no
Ruin Maniac Cave,encounters_ruin_maniac_cave_short.json,SPECIES_HIPPOPOTAS,dual-slot FireRed,22-23,needs Pokemon FireRed in the GBA slot and the National Dex; overwrites land slots 8 and 9,vanilla,yes
Ruin Maniac Cave,encounters_ruin_maniac_cave_short.json,SPECIES_GEODUDE,dual-slot LeafGreen,22-23,needs Pokemon LeafGreen in the GBA slot and the National Dex; overwrites land slots 8 and 9,vanilla,no
Ruin Maniac Cave,encounters_ruin_maniac_cave_short.json,SPECIES_HIPPOPOTAS,dual-slot LeafGreen,22-23,needs Pokemon LeafGreen in the GBA slot and the National Dex; overwrites land slots 8 and 9,vanilla,yes
Sendoff Spring,encounters_sendoff_spring.json,SPECIES_BIBAREL,poke radar,38-40,"only in a Poke Radar patch (needs the Radar, National Dex and a grass tile); overwrites land slots 4, 5, 10 and 11",vanilla,no
Sendoff Spring,encounters_sendoff_spring.json,SPECIES_STARAVIA,poke radar,38-40,"only in a Poke Radar patch (needs the Radar, National Dex and a grass tile); overwrites land slots 4, 5, 10 and 11",vanilla,no
Sendoff Spring,encounters_sendoff_spring.json,SPECIES_DUSCLOPS,poke radar,38-40,"only in a Poke Radar patch (needs the Radar, National Dex and a grass tile); overwrites land slots 4, 5, 10 and 11",vanilla,yes
Sendoff Spring,encounters_sendoff_spring.json,SPECIES_CHINGLING,poke radar,38-40,"only in a Poke Radar patch (needs the Radar, National Dex and a grass tile); overwrites land slots 4, 5, 10 and 11",vanilla,no
Sendoff Spring,encounters_sendoff_spring.json,SPECIES_SOLROCK,dual-slot Ruby,39-40,needs Pokemon Ruby in the GBA slot and the National Dex; overwrites land slots 8 and 9,vanilla,yes
Sendoff Spring,encounters_sendoff_spring.json,SPECIES_LUNATONE,dual-slot Sapphire,39-40,needs Pokemon Sapphire in the GBA slot and the National Dex; overwrites land slots 8 and 9,vanilla,yes
Sendoff Spring,encounters_sendoff_spring.json,SPECIES_DUSCLOPS,dual-slot Emerald,39-40,needs Pokemon Emerald in the GBA slot and the National Dex; overwrites land slots 8 and 9,vanilla,yes
Sendoff Spring,encounters_sendoff_spring.json,SPECIES_CHINGLING,dual-slot Emerald,39-40,needs Pokemon Emerald in the GBA slot and the National Dex; overwrites land slots 8 and 9,vanilla,no
Sendoff Spring,encounters_sendoff_spring.json,SPECIES_DUSCLOPS,dual-slot FireRed,39-40,needs Pokemon FireRed in the GBA slot and the National Dex; overwrites land slots 8 and 9,vanilla,yes
Sendoff Spring,encounters_sendoff_spring.json,SPECIES_CHINGLING,dual-slot FireRed,39-40,needs Pokemon FireRed in the GBA slot and the National Dex; overwrites land slots 8 and 9,vanilla,no
Sendoff Spring,encounters_sendoff_spring.json,SPECIES_DUSCLOPS,dual-slot LeafGreen,39-40,needs Pokemon LeafGreen in the GBA slot and the National Dex; overwrites land slots 8 and 9,vanilla,yes
Sendoff Spring,encounters_sendoff_spring.json,SPECIES_CHINGLING,dual-slot LeafGreen,39-40,needs Pokemon LeafGreen in the GBA slot and the National Dex; overwrites land slots 8 and 9,vanilla,no
Snowpoint Temple,encounters_snowpoint_temple_1f.json,SPECIES_GOLBAT,poke radar,47-49,"only in a Poke Radar patch (needs the Radar, National Dex and a grass tile); overwrites land slots 4, 5, 10 and 11",vanilla,yes
Snowpoint Temple,encounters_snowpoint_temple_1f.json,SPECIES_SNEASEL,poke radar,47-49,"only in a Poke Radar patch (needs the Radar, National Dex and a grass tile); overwrites land slots 4, 5, 10 and 11",vanilla,yes
Snowpoint Temple,encounters_snowpoint_temple_1f.json,SPECIES_SMOOCHUM,poke radar,47-49,"only in a Poke Radar patch (needs the Radar, National Dex and a grass tile); overwrites land slots 4, 5, 10 and 11",vanilla,no
Snowpoint Temple,encounters_snowpoint_temple_1f.json,SPECIES_SMOOCHUM,dual-slot Ruby,47-49,needs Pokemon Ruby in the GBA slot and the National Dex; overwrites land slots 8 and 9,vanilla,no
Snowpoint Temple,encounters_snowpoint_temple_1f.json,SPECIES_GOLBAT,dual-slot Ruby,47-49,needs Pokemon Ruby in the GBA slot and the National Dex; overwrites land slots 8 and 9,vanilla,yes
Snowpoint Temple,encounters_snowpoint_temple_1f.json,SPECIES_SMOOCHUM,dual-slot Sapphire,47-49,needs Pokemon Sapphire in the GBA slot and the National Dex; overwrites land slots 8 and 9,vanilla,no
Snowpoint Temple,encounters_snowpoint_temple_1f.json,SPECIES_GOLBAT,dual-slot Sapphire,47-49,needs Pokemon Sapphire in the GBA slot and the National Dex; overwrites land slots 8 and 9,vanilla,yes
Snowpoint Temple,encounters_snowpoint_temple_1f.json,SPECIES_SMOOCHUM,dual-slot Emerald,47-49,needs Pokemon Emerald in the GBA slot and the National Dex; overwrites land slots 8 and 9,vanilla,no
Snowpoint Temple,encounters_snowpoint_temple_1f.json,SPECIES_GOLBAT,dual-slot Emerald,47-49,needs Pokemon Emerald in the GBA slot and the National Dex; overwrites land slots 8 and 9,vanilla,yes
Snowpoint Temple,encounters_snowpoint_temple_1f.json,SPECIES_SMOOCHUM,dual-slot FireRed,47-49,needs Pokemon FireRed in the GBA slot and the National Dex; overwrites land slots 8 and 9,vanilla,no
Snowpoint Temple,encounters_snowpoint_temple_1f.json,SPECIES_GOLBAT,dual-slot FireRed,47-49,needs Pokemon FireRed in the GBA slot and the National Dex; overwrites land slots 8 and 9,vanilla,yes
Snowpoint Temple,encounters_snowpoint_temple_1f.json,SPECIES_SMOOCHUM,dual-slot LeafGreen,47-49,needs Pokemon LeafGreen in the GBA slot and the National Dex; overwrites land slots 8 and 9,vanilla,no
Snowpoint Temple,encounters_snowpoint_temple_1f.json,SPECIES_GOLBAT,dual-slot LeafGreen,47-49,needs Pokemon LeafGreen in the GBA slot and the National Dex; overwrites land slots 8 and 9,vanilla,yes
Snowpoint Temple,encounters_snowpoint_temple_b1f.json,SPECIES_GOLBAT,poke radar,47-49,"only in a Poke Radar patch (needs the Radar, National Dex and a grass tile); overwrites land slots 4, 5, 10 and 11",vanilla,yes
Snowpoint Temple,encounters_snowpoint_temple_b1f.json,SPECIES_SNEASEL,poke radar,47-49,"only in a Poke Radar patch (needs the Radar, National Dex and a grass tile); overwrites land slots 4, 5, 10 and 11",vanilla,yes
Snowpoint Temple,encounters_snowpoint_temple_b1f.json,SPECIES_JYNX,poke radar,47-49,"only in a Poke Radar patch (needs the Radar, National Dex and a grass tile); overwrites land slots 4, 5, 10 and 11",vanilla,no
Snowpoint Temple,encounters_snowpoint_temple_b1f.json,SPECIES_JYNX,dual-slot Ruby,47-49,needs Pokemon Ruby in the GBA slot and the National Dex; overwrites land slots 8 and 9,vanilla,no
Snowpoint Temple,encounters_snowpoint_temple_b1f.json,SPECIES_GOLBAT,dual-slot Ruby,47-49,needs Pokemon Ruby in the GBA slot and the National Dex; overwrites land slots 8 and 9,vanilla,yes
Snowpoint Temple,encounters_snowpoint_temple_b1f.json,SPECIES_JYNX,dual-slot Sapphire,47-49,needs Pokemon Sapphire in the GBA slot and the National Dex; overwrites land slots 8 and 9,vanilla,no
Snowpoint Temple,encounters_snowpoint_temple_b1f.json,SPECIES_GOLBAT,dual-slot Sapphire,47-49,needs Pokemon Sapphire in the GBA slot and the National Dex; overwrites land slots 8 and 9,vanilla,yes
Snowpoint Temple,encounters_snowpoint_temple_b1f.json,SPECIES_JYNX,dual-slot Emerald,47-49,needs Pokemon Emerald in the GBA slot and the National Dex; overwrites land slots 8 and 9,vanilla,no
Snowpoint Temple,encounters_snowpoint_temple_b1f.json,SPECIES_GOLBAT,dual-slot Emerald,47-49,needs Pokemon Emerald in the GBA slot and the National Dex; overwrites land slots 8 and 9,vanilla,yes
Snowpoint Temple,encounters_snowpoint_temple_b1f.json,SPECIES_JYNX,dual-slot FireRed,47-49,needs Pokemon FireRed in the GBA slot and the National Dex; overwrites land slots 8 and 9,vanilla,no
Snowpoint Temple,encounters_snowpoint_temple_b1f.json,SPECIES_GOLBAT,dual-slot FireRed,47-49,needs Pokemon FireRed in the GBA slot and the National Dex; overwrites land slots 8 and 9,vanilla,yes
Snowpoint Temple,encounters_snowpoint_temple_b1f.json,SPECIES_JYNX,dual-slot LeafGreen,47-49,needs Pokemon LeafGreen in the GBA slot and the National Dex; overwrites land slots 8 and 9,vanilla,no
Snowpoint Temple,encounters_snowpoint_temple_b1f.json,SPECIES_GOLBAT,dual-slot LeafGreen,47-49,needs Pokemon LeafGreen in the GBA slot and the National Dex; overwrites land slots 8 and 9,vanilla,yes
Snowpoint Temple,encounters_snowpoint_temple_b2f.json,SPECIES_GOLBAT,poke radar,47-50,"only in a Poke Radar patch (needs the Radar, National Dex and a grass tile); overwrites land slots 4, 5, 10 and 11",vanilla,yes
Snowpoint Temple,encounters_snowpoint_temple_b2f.json,SPECIES_SNEASEL,poke radar,47-50,"only in a Poke Radar patch (needs the Radar, National Dex and a grass tile); overwrites land slots 4, 5, 10 and 11",vanilla,yes
Snowpoint Temple,encounters_snowpoint_temple_b2f.json,SPECIES_JYNX,poke radar,47-50,"only in a Poke Radar patch (needs the Radar, National Dex and a grass tile); overwrites land slots 4, 5, 10 and 11",vanilla,no
Snowpoint Temple,encounters_snowpoint_temple_b2f.json,SPECIES_JYNX,dual-slot Ruby,47-50,needs Pokemon Ruby in the GBA slot and the National Dex; overwrites land slots 8 and 9,vanilla,no
Snowpoint Temple,encounters_snowpoint_temple_b2f.json,SPECIES_GOLBAT,dual-slot Ruby,47-50,needs Pokemon Ruby in the GBA slot and the National Dex; overwrites land slots 8 and 9,vanilla,yes
Snowpoint Temple,encounters_snowpoint_temple_b2f.json,SPECIES_JYNX,dual-slot Sapphire,47-50,needs Pokemon Sapphire in the GBA slot and the National Dex; overwrites land slots 8 and 9,vanilla,no
Snowpoint Temple,encounters_snowpoint_temple_b2f.json,SPECIES_GOLBAT,dual-slot Sapphire,47-50,needs Pokemon Sapphire in the GBA slot and the National Dex; overwrites land slots 8 and 9,vanilla,yes
Snowpoint Temple,encounters_snowpoint_temple_b2f.json,SPECIES_JYNX,dual-slot Emerald,47-50,needs Pokemon Emerald in the GBA slot and the National Dex; overwrites land slots 8 and 9,vanilla,no
Snowpoint Temple,encounters_snowpoint_temple_b2f.json,SPECIES_GOLBAT,dual-slot Emerald,47-50,needs Pokemon Emerald in the GBA slot and the National Dex; overwrites land slots 8 and 9,vanilla,yes
Snowpoint Temple,encounters_snowpoint_temple_b2f.json,SPECIES_JYNX,dual-slot FireRed,47-50,needs Pokemon FireRed in the GBA slot and the National Dex; overwrites land slots 8 and 9,vanilla,no
Snowpoint Temple,encounters_snowpoint_temple_b2f.json,SPECIES_GOLBAT,dual-slot FireRed,47-50,needs Pokemon FireRed in the GBA slot and the National Dex; overwrites land slots 8 and 9,vanilla,yes
Snowpoint Temple,encounters_snowpoint_temple_b2f.json,SPECIES_JYNX,dual-slot LeafGreen,47-50,needs Pokemon LeafGreen in the GBA slot and the National Dex; overwrites land slots 8 and 9,vanilla,no
Snowpoint Temple,encounters_snowpoint_temple_b2f.json,SPECIES_GOLBAT,dual-slot LeafGreen,47-50,needs Pokemon LeafGreen in the GBA slot and the National Dex; overwrites land slots 8 and 9,vanilla,yes
Snowpoint Temple,encounters_snowpoint_temple_b3f.json,SPECIES_GOLBAT,poke radar,47-50,"only in a Poke Radar patch (needs the Radar, National Dex and a grass tile); overwrites land slots 4, 5, 10 and 11",vanilla,yes
Snowpoint Temple,encounters_snowpoint_temple_b3f.json,SPECIES_SNEASEL,poke radar,47-50,"only in a Poke Radar patch (needs the Radar, National Dex and a grass tile); overwrites land slots 4, 5, 10 and 11",vanilla,yes
Snowpoint Temple,encounters_snowpoint_temple_b3f.json,SPECIES_JYNX,poke radar,47-50,"only in a Poke Radar patch (needs the Radar, National Dex and a grass tile); overwrites land slots 4, 5, 10 and 11",vanilla,no
Snowpoint Temple,encounters_snowpoint_temple_b3f.json,SPECIES_JYNX,dual-slot Ruby,47-50,needs Pokemon Ruby in the GBA slot and the National Dex; overwrites land slots 8 and 9,vanilla,no
Snowpoint Temple,encounters_snowpoint_temple_b3f.json,SPECIES_GOLBAT,dual-slot Ruby,47-50,needs Pokemon Ruby in the GBA slot and the National Dex; overwrites land slots 8 and 9,vanilla,yes
Snowpoint Temple,encounters_snowpoint_temple_b3f.json,SPECIES_JYNX,dual-slot Sapphire,47-50,needs Pokemon Sapphire in the GBA slot and the National Dex; overwrites land slots 8 and 9,vanilla,no
Snowpoint Temple,encounters_snowpoint_temple_b3f.json,SPECIES_GOLBAT,dual-slot Sapphire,47-50,needs Pokemon Sapphire in the GBA slot and the National Dex; overwrites land slots 8 and 9,vanilla,yes
Snowpoint Temple,encounters_snowpoint_temple_b3f.json,SPECIES_JYNX,dual-slot Emerald,47-50,needs Pokemon Emerald in the GBA slot and the National Dex; overwrites land slots 8 and 9,vanilla,no
Snowpoint Temple,encounters_snowpoint_temple_b3f.json,SPECIES_GOLBAT,dual-slot Emerald,47-50,needs Pokemon Emerald in the GBA slot and the National Dex; overwrites land slots 8 and 9,vanilla,yes
Snowpoint Temple,encounters_snowpoint_temple_b3f.json,SPECIES_JYNX,dual-slot FireRed,47-50,needs Pokemon FireRed in the GBA slot and the National Dex; overwrites land slots 8 and 9,vanilla,no
Snowpoint Temple,encounters_snowpoint_temple_b3f.json,SPECIES_GOLBAT,dual-slot FireRed,47-50,needs Pokemon FireRed in the GBA slot and the National Dex; overwrites land slots 8 and 9,vanilla,yes
Snowpoint Temple,encounters_snowpoint_temple_b3f.json,SPECIES_JYNX,dual-slot LeafGreen,47-50,needs Pokemon LeafGreen in the GBA slot and the National Dex; overwrites land slots 8 and 9,vanilla,no
Snowpoint Temple,encounters_snowpoint_temple_b3f.json,SPECIES_GOLBAT,dual-slot LeafGreen,47-50,needs Pokemon LeafGreen in the GBA slot and the National Dex; overwrites land slots 8 and 9,vanilla,yes
Snowpoint Temple,encounters_snowpoint_temple_b4f.json,SPECIES_GOLBAT,poke radar,47-51,"only in a Poke Radar patch (needs the Radar, National Dex and a grass tile); overwrites land slots 4, 5, 10 and 11",vanilla,yes
Snowpoint Temple,encounters_snowpoint_temple_b4f.json,SPECIES_SNEASEL,poke radar,47-51,"only in a Poke Radar patch (needs the Radar, National Dex and a grass tile); overwrites land slots 4, 5, 10 and 11",vanilla,yes
Snowpoint Temple,encounters_snowpoint_temple_b4f.json,SPECIES_JYNX,poke radar,47-51,"only in a Poke Radar patch (needs the Radar, National Dex and a grass tile); overwrites land slots 4, 5, 10 and 11",vanilla,no
Snowpoint Temple,encounters_snowpoint_temple_b4f.json,SPECIES_JYNX,dual-slot Ruby,47-51,needs Pokemon Ruby in the GBA slot and the National Dex; overwrites land slots 8 and 9,vanilla,no
Snowpoint Temple,encounters_snowpoint_temple_b4f.json,SPECIES_GOLBAT,dual-slot Ruby,47-51,needs Pokemon Ruby in the GBA slot and the National Dex; overwrites land slots 8 and 9,vanilla,yes
Snowpoint Temple,encounters_snowpoint_temple_b4f.json,SPECIES_JYNX,dual-slot Sapphire,47-51,needs Pokemon Sapphire in the GBA slot and the National Dex; overwrites land slots 8 and 9,vanilla,no
Snowpoint Temple,encounters_snowpoint_temple_b4f.json,SPECIES_GOLBAT,dual-slot Sapphire,47-51,needs Pokemon Sapphire in the GBA slot and the National Dex; overwrites land slots 8 and 9,vanilla,yes
Snowpoint Temple,encounters_snowpoint_temple_b4f.json,SPECIES_JYNX,dual-slot Emerald,47-51,needs Pokemon Emerald in the GBA slot and the National Dex; overwrites land slots 8 and 9,vanilla,no
Snowpoint Temple,encounters_snowpoint_temple_b4f.json,SPECIES_GOLBAT,dual-slot Emerald,47-51,needs Pokemon Emerald in the GBA slot and the National Dex; overwrites land slots 8 and 9,vanilla,yes
Snowpoint Temple,encounters_snowpoint_temple_b4f.json,SPECIES_JYNX,dual-slot FireRed,47-51,needs Pokemon FireRed in the GBA slot and the National Dex; overwrites land slots 8 and 9,vanilla,no
Snowpoint Temple,encounters_snowpoint_temple_b4f.json,SPECIES_GOLBAT,dual-slot FireRed,47-51,needs Pokemon FireRed in the GBA slot and the National Dex; overwrites land slots 8 and 9,vanilla,yes
Snowpoint Temple,encounters_snowpoint_temple_b4f.json,SPECIES_JYNX,dual-slot LeafGreen,47-51,needs Pokemon LeafGreen in the GBA slot and the National Dex; overwrites land slots 8 and 9,vanilla,no
Snowpoint Temple,encounters_snowpoint_temple_b4f.json,SPECIES_GOLBAT,dual-slot LeafGreen,47-51,needs Pokemon LeafGreen in the GBA slot and the National Dex; overwrites land slots 8 and 9,vanilla,yes
Snowpoint Temple,encounters_snowpoint_temple_b5f.json,SPECIES_GOLBAT,poke radar,47-51,"only in a Poke Radar patch (needs the Radar, National Dex and a grass tile); overwrites land slots 4, 5, 10 and 11",vanilla,yes
Snowpoint Temple,encounters_snowpoint_temple_b5f.json,SPECIES_SNEASEL,poke radar,47-51,"only in a Poke Radar patch (needs the Radar, National Dex and a grass tile); overwrites land slots 4, 5, 10 and 11",vanilla,yes
Snowpoint Temple,encounters_snowpoint_temple_b5f.json,SPECIES_JYNX,poke radar,47-51,"only in a Poke Radar patch (needs the Radar, National Dex and a grass tile); overwrites land slots 4, 5, 10 and 11",vanilla,no
Snowpoint Temple,encounters_snowpoint_temple_b5f.json,SPECIES_JYNX,dual-slot Ruby,47-51,needs Pokemon Ruby in the GBA slot and the National Dex; overwrites land slots 8 and 9,vanilla,no
Snowpoint Temple,encounters_snowpoint_temple_b5f.json,SPECIES_GOLBAT,dual-slot Ruby,47-51,needs Pokemon Ruby in the GBA slot and the National Dex; overwrites land slots 8 and 9,vanilla,yes
Snowpoint Temple,encounters_snowpoint_temple_b5f.json,SPECIES_JYNX,dual-slot Sapphire,47-51,needs Pokemon Sapphire in the GBA slot and the National Dex; overwrites land slots 8 and 9,vanilla,no
Snowpoint Temple,encounters_snowpoint_temple_b5f.json,SPECIES_GOLBAT,dual-slot Sapphire,47-51,needs Pokemon Sapphire in the GBA slot and the National Dex; overwrites land slots 8 and 9,vanilla,yes
Snowpoint Temple,encounters_snowpoint_temple_b5f.json,SPECIES_JYNX,dual-slot Emerald,47-51,needs Pokemon Emerald in the GBA slot and the National Dex; overwrites land slots 8 and 9,vanilla,no
Snowpoint Temple,encounters_snowpoint_temple_b5f.json,SPECIES_GOLBAT,dual-slot Emerald,47-51,needs Pokemon Emerald in the GBA slot and the National Dex; overwrites land slots 8 and 9,vanilla,yes
Snowpoint Temple,encounters_snowpoint_temple_b5f.json,SPECIES_JYNX,dual-slot FireRed,47-51,needs Pokemon FireRed in the GBA slot and the National Dex; overwrites land slots 8 and 9,vanilla,no
Snowpoint Temple,encounters_snowpoint_temple_b5f.json,SPECIES_GOLBAT,dual-slot FireRed,47-51,needs Pokemon FireRed in the GBA slot and the National Dex; overwrites land slots 8 and 9,vanilla,yes
Snowpoint Temple,encounters_snowpoint_temple_b5f.json,SPECIES_JYNX,dual-slot LeafGreen,47-51,needs Pokemon LeafGreen in the GBA slot and the National Dex; overwrites land slots 8 and 9,vanilla,no
Snowpoint Temple,encounters_snowpoint_temple_b5f.json,SPECIES_GOLBAT,dual-slot LeafGreen,47-51,needs Pokemon LeafGreen in the GBA slot and the National Dex; overwrites land slots 8 and 9,vanilla,yes
Solaceon Ruins,encounters_solaceon_ruins_maniac_tunnel_room.json,SPECIES_UNOWN,poke radar,24-30,"only in a Poke Radar patch (needs the Radar, National Dex and a grass tile); overwrites land slots 4, 5, 10 and 11",vanilla,no
Solaceon Ruins,encounters_solaceon_ruins_maniac_tunnel_room.json,SPECIES_UNOWN,dual-slot Ruby,28-29,needs Pokemon Ruby in the GBA slot and the National Dex; overwrites land slots 8 and 9,vanilla,no
Solaceon Ruins,encounters_solaceon_ruins_maniac_tunnel_room.json,SPECIES_UNOWN,dual-slot Sapphire,28-29,needs Pokemon Sapphire in the GBA slot and the National Dex; overwrites land slots 8 and 9,vanilla,no
Solaceon Ruins,encounters_solaceon_ruins_maniac_tunnel_room.json,SPECIES_UNOWN,dual-slot Emerald,28-29,needs Pokemon Emerald in the GBA slot and the National Dex; overwrites land slots 8 and 9,vanilla,no
Solaceon Ruins,encounters_solaceon_ruins_maniac_tunnel_room.json,SPECIES_UNOWN,dual-slot FireRed,28-29,needs Pokemon FireRed in the GBA slot and the National Dex; overwrites land slots 8 and 9,vanilla,no
Solaceon Ruins,encounters_solaceon_ruins_maniac_tunnel_room.json,SPECIES_UNOWN,dual-slot LeafGreen,28-29,needs Pokemon LeafGreen in the GBA slot and the National Dex; overwrites land slots 8 and 9,vanilla,no
Solaceon Ruins,encounters_solaceon_ruins_maniac_tunnel_room.json,SPECIES_UNOWN,unown room,20,"the room's Unown forms are fixed by unown_table 8: ! ?; the Maniac Tunnel secret room, open after all 26 other forms have been seen",vanilla,no
Solaceon Ruins,encounters_solaceon_ruins_room_1_northwest_dead_end.json,SPECIES_UNOWN,poke radar,24-30,"only in a Poke Radar patch (needs the Radar, National Dex and a grass tile); overwrites land slots 4, 5, 10 and 11",vanilla,no
Solaceon Ruins,encounters_solaceon_ruins_room_1_northwest_dead_end.json,SPECIES_UNOWN,dual-slot Ruby,28-29,needs Pokemon Ruby in the GBA slot and the National Dex; overwrites land slots 8 and 9,vanilla,no
Solaceon Ruins,encounters_solaceon_ruins_room_1_northwest_dead_end.json,SPECIES_UNOWN,dual-slot Sapphire,28-29,needs Pokemon Sapphire in the GBA slot and the National Dex; overwrites land slots 8 and 9,vanilla,no
Solaceon Ruins,encounters_solaceon_ruins_room_1_northwest_dead_end.json,SPECIES_UNOWN,dual-slot Emerald,28-29,needs Pokemon Emerald in the GBA slot and the National Dex; overwrites land slots 8 and 9,vanilla,no
Solaceon Ruins,encounters_solaceon_ruins_room_1_northwest_dead_end.json,SPECIES_UNOWN,dual-slot FireRed,28-29,needs Pokemon FireRed in the GBA slot and the National Dex; overwrites land slots 8 and 9,vanilla,no
Solaceon Ruins,encounters_solaceon_ruins_room_1_northwest_dead_end.json,SPECIES_UNOWN,dual-slot LeafGreen,28-29,needs Pokemon LeafGreen in the GBA slot and the National Dex; overwrites land slots 8 and 9,vanilla,no
Solaceon Ruins,encounters_solaceon_ruins_room_1_northwest_dead_end.json,SPECIES_UNOWN,unown room,20,the room's Unown forms are fixed by unown_table 1: A B C G H J K L M O P Q S T U V W X Y Z (a dead-end room),vanilla,no
Solaceon Ruins,encounters_solaceon_ruins_room_1_southeast_dead_end.json,SPECIES_UNOWN,poke radar,24-30,"only in a Poke Radar patch (needs the Radar, National Dex and a grass tile); overwrites land slots 4, 5, 10 and 11",vanilla,no
Solaceon Ruins,encounters_solaceon_ruins_room_1_southeast_dead_end.json,SPECIES_UNOWN,dual-slot Ruby,28-29,needs Pokemon Ruby in the GBA slot and the National Dex; overwrites land slots 8 and 9,vanilla,no
Solaceon Ruins,encounters_solaceon_ruins_room_1_southeast_dead_end.json,SPECIES_UNOWN,dual-slot Sapphire,28-29,needs Pokemon Sapphire in the GBA slot and the National Dex; overwrites land slots 8 and 9,vanilla,no
Solaceon Ruins,encounters_solaceon_ruins_room_1_southeast_dead_end.json,SPECIES_UNOWN,dual-slot Emerald,28-29,needs Pokemon Emerald in the GBA slot and the National Dex; overwrites land slots 8 and 9,vanilla,no
Solaceon Ruins,encounters_solaceon_ruins_room_1_southeast_dead_end.json,SPECIES_UNOWN,dual-slot FireRed,28-29,needs Pokemon FireRed in the GBA slot and the National Dex; overwrites land slots 8 and 9,vanilla,no
Solaceon Ruins,encounters_solaceon_ruins_room_1_southeast_dead_end.json,SPECIES_UNOWN,dual-slot LeafGreen,28-29,needs Pokemon LeafGreen in the GBA slot and the National Dex; overwrites land slots 8 and 9,vanilla,no
Solaceon Ruins,encounters_solaceon_ruins_room_1_southeast_dead_end.json,SPECIES_UNOWN,unown room,20,the room's Unown forms are fixed by unown_table 1: A B C G H J K L M O P Q S T U V W X Y Z (a dead-end room),vanilla,no
Solaceon Ruins,encounters_solaceon_ruins_room_2.json,SPECIES_UNOWN,poke radar,24-30,"only in a Poke Radar patch (needs the Radar, National Dex and a grass tile); overwrites land slots 4, 5, 10 and 11",vanilla,no
Solaceon Ruins,encounters_solaceon_ruins_room_2.json,SPECIES_UNOWN,dual-slot Ruby,28-29,needs Pokemon Ruby in the GBA slot and the National Dex; overwrites land slots 8 and 9,vanilla,no
Solaceon Ruins,encounters_solaceon_ruins_room_2.json,SPECIES_UNOWN,dual-slot Sapphire,28-29,needs Pokemon Sapphire in the GBA slot and the National Dex; overwrites land slots 8 and 9,vanilla,no
Solaceon Ruins,encounters_solaceon_ruins_room_2.json,SPECIES_UNOWN,dual-slot Emerald,28-29,needs Pokemon Emerald in the GBA slot and the National Dex; overwrites land slots 8 and 9,vanilla,no
Solaceon Ruins,encounters_solaceon_ruins_room_2.json,SPECIES_UNOWN,dual-slot FireRed,28-29,needs Pokemon FireRed in the GBA slot and the National Dex; overwrites land slots 8 and 9,vanilla,no
Solaceon Ruins,encounters_solaceon_ruins_room_2.json,SPECIES_UNOWN,dual-slot LeafGreen,28-29,needs Pokemon LeafGreen in the GBA slot and the National Dex; overwrites land slots 8 and 9,vanilla,no
Solaceon Ruins,encounters_solaceon_ruins_room_2.json,SPECIES_UNOWN,unown room,20,the room's Unown forms are fixed by unown_table 2: F (a room on the F-R-I-E-N-D path),vanilla,no
Solaceon Ruins,encounters_solaceon_ruins_room_2_northeast_dead_end.json,SPECIES_UNOWN,poke radar,24-30,"only in a Poke Radar patch (needs the Radar, National Dex and a grass tile); overwrites land slots 4, 5, 10 and 11",vanilla,no
Solaceon Ruins,encounters_solaceon_ruins_room_2_northeast_dead_end.json,SPECIES_UNOWN,dual-slot Ruby,28-29,needs Pokemon Ruby in the GBA slot and the National Dex; overwrites land slots 8 and 9,vanilla,no
Solaceon Ruins,encounters_solaceon_ruins_room_2_northeast_dead_end.json,SPECIES_UNOWN,dual-slot Sapphire,28-29,needs Pokemon Sapphire in the GBA slot and the National Dex; overwrites land slots 8 and 9,vanilla,no
Solaceon Ruins,encounters_solaceon_ruins_room_2_northeast_dead_end.json,SPECIES_UNOWN,dual-slot Emerald,28-29,needs Pokemon Emerald in the GBA slot and the National Dex; overwrites land slots 8 and 9,vanilla,no
Solaceon Ruins,encounters_solaceon_ruins_room_2_northeast_dead_end.json,SPECIES_UNOWN,dual-slot FireRed,28-29,needs Pokemon FireRed in the GBA slot and the National Dex; overwrites land slots 8 and 9,vanilla,no
Solaceon Ruins,encounters_solaceon_ruins_room_2_northeast_dead_end.json,SPECIES_UNOWN,dual-slot LeafGreen,28-29,needs Pokemon LeafGreen in the GBA slot and the National Dex; overwrites land slots 8 and 9,vanilla,no
Solaceon Ruins,encounters_solaceon_ruins_room_2_northeast_dead_end.json,SPECIES_UNOWN,unown room,20,the room's Unown forms are fixed by unown_table 1: A B C G H J K L M O P Q S T U V W X Y Z (a dead-end room),vanilla,no
Solaceon Ruins,encounters_solaceon_ruins_room_2_southeast_dead_end.json,SPECIES_UNOWN,poke radar,24-30,"only in a Poke Radar patch (needs the Radar, National Dex and a grass tile); overwrites land slots 4, 5, 10 and 11",vanilla,no
Solaceon Ruins,encounters_solaceon_ruins_room_2_southeast_dead_end.json,SPECIES_UNOWN,dual-slot Ruby,28-29,needs Pokemon Ruby in the GBA slot and the National Dex; overwrites land slots 8 and 9,vanilla,no
Solaceon Ruins,encounters_solaceon_ruins_room_2_southeast_dead_end.json,SPECIES_UNOWN,dual-slot Sapphire,28-29,needs Pokemon Sapphire in the GBA slot and the National Dex; overwrites land slots 8 and 9,vanilla,no
Solaceon Ruins,encounters_solaceon_ruins_room_2_southeast_dead_end.json,SPECIES_UNOWN,dual-slot Emerald,28-29,needs Pokemon Emerald in the GBA slot and the National Dex; overwrites land slots 8 and 9,vanilla,no
Solaceon Ruins,encounters_solaceon_ruins_room_2_southeast_dead_end.json,SPECIES_UNOWN,dual-slot FireRed,28-29,needs Pokemon FireRed in the GBA slot and the National Dex; overwrites land slots 8 and 9,vanilla,no
Solaceon Ruins,encounters_solaceon_ruins_room_2_southeast_dead_end.json,SPECIES_UNOWN,dual-slot LeafGreen,28-29,needs Pokemon LeafGreen in the GBA slot and the National Dex; overwrites land slots 8 and 9,vanilla,no
Solaceon Ruins,encounters_solaceon_ruins_room_2_southeast_dead_end.json,SPECIES_UNOWN,unown room,20,the room's Unown forms are fixed by unown_table 1: A B C G H J K L M O P Q S T U V W X Y Z (a dead-end room),vanilla,no
Solaceon Ruins,encounters_solaceon_ruins_room_3.json,SPECIES_UNOWN,poke radar,24-30,"only in a Poke Radar patch (needs the Radar, National Dex and a grass tile); overwrites land slots 4, 5, 10 and 11",vanilla,no
Solaceon Ruins,encounters_solaceon_ruins_room_3.json,SPECIES_UNOWN,dual-slot Ruby,28-29,needs Pokemon Ruby in the GBA slot and the National Dex; overwrites land slots 8 and 9,vanilla,no
Solaceon Ruins,encounters_solaceon_ruins_room_3.json,SPECIES_UNOWN,dual-slot Sapphire,28-29,needs Pokemon Sapphire in the GBA slot and the National Dex; overwrites land slots 8 and 9,vanilla,no
Solaceon Ruins,encounters_solaceon_ruins_room_3.json,SPECIES_UNOWN,dual-slot Emerald,28-29,needs Pokemon Emerald in the GBA slot and the National Dex; overwrites land slots 8 and 9,vanilla,no
Solaceon Ruins,encounters_solaceon_ruins_room_3.json,SPECIES_UNOWN,dual-slot FireRed,28-29,needs Pokemon FireRed in the GBA slot and the National Dex; overwrites land slots 8 and 9,vanilla,no
Solaceon Ruins,encounters_solaceon_ruins_room_3.json,SPECIES_UNOWN,dual-slot LeafGreen,28-29,needs Pokemon LeafGreen in the GBA slot and the National Dex; overwrites land slots 8 and 9,vanilla,no
Solaceon Ruins,encounters_solaceon_ruins_room_3.json,SPECIES_UNOWN,unown room,20,the room's Unown forms are fixed by unown_table 3: R (a room on the F-R-I-E-N-D path),vanilla,no
Solaceon Ruins,encounters_solaceon_ruins_room_3_northwest_dead_end.json,SPECIES_UNOWN,poke radar,24-30,"only in a Poke Radar patch (needs the Radar, National Dex and a grass tile); overwrites land slots 4, 5, 10 and 11",vanilla,no
Solaceon Ruins,encounters_solaceon_ruins_room_3_northwest_dead_end.json,SPECIES_UNOWN,dual-slot Ruby,28-29,needs Pokemon Ruby in the GBA slot and the National Dex; overwrites land slots 8 and 9,vanilla,no
Solaceon Ruins,encounters_solaceon_ruins_room_3_northwest_dead_end.json,SPECIES_UNOWN,dual-slot Sapphire,28-29,needs Pokemon Sapphire in the GBA slot and the National Dex; overwrites land slots 8 and 9,vanilla,no
Solaceon Ruins,encounters_solaceon_ruins_room_3_northwest_dead_end.json,SPECIES_UNOWN,dual-slot Emerald,28-29,needs Pokemon Emerald in the GBA slot and the National Dex; overwrites land slots 8 and 9,vanilla,no
Solaceon Ruins,encounters_solaceon_ruins_room_3_northwest_dead_end.json,SPECIES_UNOWN,dual-slot FireRed,28-29,needs Pokemon FireRed in the GBA slot and the National Dex; overwrites land slots 8 and 9,vanilla,no
Solaceon Ruins,encounters_solaceon_ruins_room_3_northwest_dead_end.json,SPECIES_UNOWN,dual-slot LeafGreen,28-29,needs Pokemon LeafGreen in the GBA slot and the National Dex; overwrites land slots 8 and 9,vanilla,no
Solaceon Ruins,encounters_solaceon_ruins_room_3_northwest_dead_end.json,SPECIES_UNOWN,unown room,20,the room's Unown forms are fixed by unown_table 1: A B C G H J K L M O P Q S T U V W X Y Z (a dead-end room),vanilla,no
Solaceon Ruins,encounters_solaceon_ruins_room_3_southwest_dead_end.json,SPECIES_UNOWN,poke radar,24-30,"only in a Poke Radar patch (needs the Radar, National Dex and a grass tile); overwrites land slots 4, 5, 10 and 11",vanilla,no
Solaceon Ruins,encounters_solaceon_ruins_room_3_southwest_dead_end.json,SPECIES_UNOWN,dual-slot Ruby,28-29,needs Pokemon Ruby in the GBA slot and the National Dex; overwrites land slots 8 and 9,vanilla,no
Solaceon Ruins,encounters_solaceon_ruins_room_3_southwest_dead_end.json,SPECIES_UNOWN,dual-slot Sapphire,28-29,needs Pokemon Sapphire in the GBA slot and the National Dex; overwrites land slots 8 and 9,vanilla,no
Solaceon Ruins,encounters_solaceon_ruins_room_3_southwest_dead_end.json,SPECIES_UNOWN,dual-slot Emerald,28-29,needs Pokemon Emerald in the GBA slot and the National Dex; overwrites land slots 8 and 9,vanilla,no
Solaceon Ruins,encounters_solaceon_ruins_room_3_southwest_dead_end.json,SPECIES_UNOWN,dual-slot FireRed,28-29,needs Pokemon FireRed in the GBA slot and the National Dex; overwrites land slots 8 and 9,vanilla,no
Solaceon Ruins,encounters_solaceon_ruins_room_3_southwest_dead_end.json,SPECIES_UNOWN,dual-slot LeafGreen,28-29,needs Pokemon LeafGreen in the GBA slot and the National Dex; overwrites land slots 8 and 9,vanilla,no
Solaceon Ruins,encounters_solaceon_ruins_room_3_southwest_dead_end.json,SPECIES_UNOWN,unown room,20,the room's Unown forms are fixed by unown_table 1: A B C G H J K L M O P Q S T U V W X Y Z (a dead-end room),vanilla,no
Solaceon Ruins,encounters_solaceon_ruins_room_4.json,SPECIES_UNOWN,poke radar,24-30,"only in a Poke Radar patch (needs the Radar, National Dex and a grass tile); overwrites land slots 4, 5, 10 and 11",vanilla,no
Solaceon Ruins,encounters_solaceon_ruins_room_4.json,SPECIES_UNOWN,dual-slot Ruby,28-29,needs Pokemon Ruby in the GBA slot and the National Dex; overwrites land slots 8 and 9,vanilla,no
Solaceon Ruins,encounters_solaceon_ruins_room_4.json,SPECIES_UNOWN,dual-slot Sapphire,28-29,needs Pokemon Sapphire in the GBA slot and the National Dex; overwrites land slots 8 and 9,vanilla,no
Solaceon Ruins,encounters_solaceon_ruins_room_4.json,SPECIES_UNOWN,dual-slot Emerald,28-29,needs Pokemon Emerald in the GBA slot and the National Dex; overwrites land slots 8 and 9,vanilla,no
Solaceon Ruins,encounters_solaceon_ruins_room_4.json,SPECIES_UNOWN,dual-slot FireRed,28-29,needs Pokemon FireRed in the GBA slot and the National Dex; overwrites land slots 8 and 9,vanilla,no
Solaceon Ruins,encounters_solaceon_ruins_room_4.json,SPECIES_UNOWN,dual-slot LeafGreen,28-29,needs Pokemon LeafGreen in the GBA slot and the National Dex; overwrites land slots 8 and 9,vanilla,no
Solaceon Ruins,encounters_solaceon_ruins_room_4.json,SPECIES_UNOWN,unown room,20,the room's Unown forms are fixed by unown_table 4: I (a room on the F-R-I-E-N-D path),vanilla,no
Solaceon Ruins,encounters_solaceon_ruins_room_4_southeast_dead_end.json,SPECIES_UNOWN,poke radar,24-30,"only in a Poke Radar patch (needs the Radar, National Dex and a grass tile); overwrites land slots 4, 5, 10 and 11",vanilla,no
Solaceon Ruins,encounters_solaceon_ruins_room_4_southeast_dead_end.json,SPECIES_UNOWN,dual-slot Ruby,28-29,needs Pokemon Ruby in the GBA slot and the National Dex; overwrites land slots 8 and 9,vanilla,no
Solaceon Ruins,encounters_solaceon_ruins_room_4_southeast_dead_end.json,SPECIES_UNOWN,dual-slot Sapphire,28-29,needs Pokemon Sapphire in the GBA slot and the National Dex; overwrites land slots 8 and 9,vanilla,no
Solaceon Ruins,encounters_solaceon_ruins_room_4_southeast_dead_end.json,SPECIES_UNOWN,dual-slot Emerald,28-29,needs Pokemon Emerald in the GBA slot and the National Dex; overwrites land slots 8 and 9,vanilla,no
Solaceon Ruins,encounters_solaceon_ruins_room_4_southeast_dead_end.json,SPECIES_UNOWN,dual-slot FireRed,28-29,needs Pokemon FireRed in the GBA slot and the National Dex; overwrites land slots 8 and 9,vanilla,no
Solaceon Ruins,encounters_solaceon_ruins_room_4_southeast_dead_end.json,SPECIES_UNOWN,dual-slot LeafGreen,28-29,needs Pokemon LeafGreen in the GBA slot and the National Dex; overwrites land slots 8 and 9,vanilla,no
Solaceon Ruins,encounters_solaceon_ruins_room_4_southeast_dead_end.json,SPECIES_UNOWN,unown room,20,the room's Unown forms are fixed by unown_table 1: A B C G H J K L M O P Q S T U V W X Y Z (a dead-end room),vanilla,no
Solaceon Ruins,encounters_solaceon_ruins_room_5.json,SPECIES_UNOWN,poke radar,24-30,"only in a Poke Radar patch (needs the Radar, National Dex and a grass tile); overwrites land slots 4, 5, 10 and 11",vanilla,no
Solaceon Ruins,encounters_solaceon_ruins_room_5.json,SPECIES_UNOWN,dual-slot Ruby,28-29,needs Pokemon Ruby in the GBA slot and the National Dex; overwrites land slots 8 and 9,vanilla,no
Solaceon Ruins,encounters_solaceon_ruins_room_5.json,SPECIES_UNOWN,dual-slot Sapphire,28-29,needs Pokemon Sapphire in the GBA slot and the National Dex; overwrites land slots 8 and 9,vanilla,no
Solaceon Ruins,encounters_solaceon_ruins_room_5.json,SPECIES_UNOWN,dual-slot Emerald,28-29,needs Pokemon Emerald in the GBA slot and the National Dex; overwrites land slots 8 and 9,vanilla,no
Solaceon Ruins,encounters_solaceon_ruins_room_5.json,SPECIES_UNOWN,dual-slot FireRed,28-29,needs Pokemon FireRed in the GBA slot and the National Dex; overwrites land slots 8 and 9,vanilla,no
Solaceon Ruins,encounters_solaceon_ruins_room_5.json,SPECIES_UNOWN,dual-slot LeafGreen,28-29,needs Pokemon LeafGreen in the GBA slot and the National Dex; overwrites land slots 8 and 9,vanilla,no
Solaceon Ruins,encounters_solaceon_ruins_room_5.json,SPECIES_UNOWN,unown room,20,the room's Unown forms are fixed by unown_table 6: E (a room on the F-R-I-E-N-D path),vanilla,no
Solaceon Ruins,encounters_solaceon_ruins_room_5_southeast_deadend.json,SPECIES_UNOWN,poke radar,24-30,"only in a Poke Radar patch (needs the Radar, National Dex and a grass tile); overwrites land slots 4, 5, 10 and 11",vanilla,no
Solaceon Ruins,encounters_solaceon_ruins_room_5_southeast_deadend.json,SPECIES_UNOWN,dual-slot Ruby,28-29,needs Pokemon Ruby in the GBA slot and the National Dex; overwrites land slots 8 and 9,vanilla,no
Solaceon Ruins,encounters_solaceon_ruins_room_5_southeast_deadend.json,SPECIES_UNOWN,dual-slot Sapphire,28-29,needs Pokemon Sapphire in the GBA slot and the National Dex; overwrites land slots 8 and 9,vanilla,no
Solaceon Ruins,encounters_solaceon_ruins_room_5_southeast_deadend.json,SPECIES_UNOWN,dual-slot Emerald,28-29,needs Pokemon Emerald in the GBA slot and the National Dex; overwrites land slots 8 and 9,vanilla,no
Solaceon Ruins,encounters_solaceon_ruins_room_5_southeast_deadend.json,SPECIES_UNOWN,dual-slot FireRed,28-29,needs Pokemon FireRed in the GBA slot and the National Dex; overwrites land slots 8 and 9,vanilla,no
Solaceon Ruins,encounters_solaceon_ruins_room_5_southeast_deadend.json,SPECIES_UNOWN,dual-slot LeafGreen,28-29,needs Pokemon LeafGreen in the GBA slot and the National Dex; overwrites land slots 8 and 9,vanilla,no
Solaceon Ruins,encounters_solaceon_ruins_room_5_southeast_deadend.json,SPECIES_UNOWN,unown room,20,the room's Unown forms are fixed by unown_table 1: A B C G H J K L M O P Q S T U V W X Y Z (a dead-end room),vanilla,no
Solaceon Ruins,encounters_solaceon_ruins_room_5_southwest_dead_end.json,SPECIES_UNOWN,poke radar,24-30,"only in a Poke Radar patch (needs the Radar, National Dex and a grass tile); overwrites land slots 4, 5, 10 and 11",vanilla,no
Solaceon Ruins,encounters_solaceon_ruins_room_5_southwest_dead_end.json,SPECIES_UNOWN,dual-slot Ruby,28-29,needs Pokemon Ruby in the GBA slot and the National Dex; overwrites land slots 8 and 9,vanilla,no
Solaceon Ruins,encounters_solaceon_ruins_room_5_southwest_dead_end.json,SPECIES_UNOWN,dual-slot Sapphire,28-29,needs Pokemon Sapphire in the GBA slot and the National Dex; overwrites land slots 8 and 9,vanilla,no
Solaceon Ruins,encounters_solaceon_ruins_room_5_southwest_dead_end.json,SPECIES_UNOWN,dual-slot Emerald,28-29,needs Pokemon Emerald in the GBA slot and the National Dex; overwrites land slots 8 and 9,vanilla,no
Solaceon Ruins,encounters_solaceon_ruins_room_5_southwest_dead_end.json,SPECIES_UNOWN,dual-slot FireRed,28-29,needs Pokemon FireRed in the GBA slot and the National Dex; overwrites land slots 8 and 9,vanilla,no
Solaceon Ruins,encounters_solaceon_ruins_room_5_southwest_dead_end.json,SPECIES_UNOWN,dual-slot LeafGreen,28-29,needs Pokemon LeafGreen in the GBA slot and the National Dex; overwrites land slots 8 and 9,vanilla,no
Solaceon Ruins,encounters_solaceon_ruins_room_5_southwest_dead_end.json,SPECIES_UNOWN,unown room,20,the room's Unown forms are fixed by unown_table 1: A B C G H J K L M O P Q S T U V W X Y Z (a dead-end room),vanilla,no
Solaceon Ruins,encounters_solaceon_ruins_room_6.json,SPECIES_UNOWN,poke radar,24-30,"only in a Poke Radar patch (needs the Radar, National Dex and a grass tile); overwrites land slots 4, 5, 10 and 11",vanilla,no
Solaceon Ruins,encounters_solaceon_ruins_room_6.json,SPECIES_UNOWN,dual-slot Ruby,28-29,needs Pokemon Ruby in the GBA slot and the National Dex; overwrites land slots 8 and 9,vanilla,no
Solaceon Ruins,encounters_solaceon_ruins_room_6.json,SPECIES_UNOWN,dual-slot Sapphire,28-29,needs Pokemon Sapphire in the GBA slot and the National Dex; overwrites land slots 8 and 9,vanilla,no
Solaceon Ruins,encounters_solaceon_ruins_room_6.json,SPECIES_UNOWN,dual-slot Emerald,28-29,needs Pokemon Emerald in the GBA slot and the National Dex; overwrites land slots 8 and 9,vanilla,no
Solaceon Ruins,encounters_solaceon_ruins_room_6.json,SPECIES_UNOWN,dual-slot FireRed,28-29,needs Pokemon FireRed in the GBA slot and the National Dex; overwrites land slots 8 and 9,vanilla,no
Solaceon Ruins,encounters_solaceon_ruins_room_6.json,SPECIES_UNOWN,dual-slot LeafGreen,28-29,needs Pokemon LeafGreen in the GBA slot and the National Dex; overwrites land slots 8 and 9,vanilla,no
Solaceon Ruins,encounters_solaceon_ruins_room_6.json,SPECIES_UNOWN,unown room,20,the room's Unown forms are fixed by unown_table 5: N (a room on the F-R-I-E-N-D path),vanilla,no
Solaceon Ruins,encounters_solaceon_ruins_room_6_northwest_dead_end.json,SPECIES_UNOWN,poke radar,24-30,"only in a Poke Radar patch (needs the Radar, National Dex and a grass tile); overwrites land slots 4, 5, 10 and 11",vanilla,no
Solaceon Ruins,encounters_solaceon_ruins_room_6_northwest_dead_end.json,SPECIES_UNOWN,dual-slot Ruby,28-29,needs Pokemon Ruby in the GBA slot and the National Dex; overwrites land slots 8 and 9,vanilla,no
Solaceon Ruins,encounters_solaceon_ruins_room_6_northwest_dead_end.json,SPECIES_UNOWN,dual-slot Sapphire,28-29,needs Pokemon Sapphire in the GBA slot and the National Dex; overwrites land slots 8 and 9,vanilla,no
Solaceon Ruins,encounters_solaceon_ruins_room_6_northwest_dead_end.json,SPECIES_UNOWN,dual-slot Emerald,28-29,needs Pokemon Emerald in the GBA slot and the National Dex; overwrites land slots 8 and 9,vanilla,no
Solaceon Ruins,encounters_solaceon_ruins_room_6_northwest_dead_end.json,SPECIES_UNOWN,dual-slot FireRed,28-29,needs Pokemon FireRed in the GBA slot and the National Dex; overwrites land slots 8 and 9,vanilla,no
Solaceon Ruins,encounters_solaceon_ruins_room_6_northwest_dead_end.json,SPECIES_UNOWN,dual-slot LeafGreen,28-29,needs Pokemon LeafGreen in the GBA slot and the National Dex; overwrites land slots 8 and 9,vanilla,no
Solaceon Ruins,encounters_solaceon_ruins_room_6_northwest_dead_end.json,SPECIES_UNOWN,unown room,20,the room's Unown forms are fixed by unown_table 1: A B C G H J K L M O P Q S T U V W X Y Z (a dead-end room),vanilla,no
Solaceon Ruins,encounters_solaceon_ruins_room_6_southeast_dead_end.json,SPECIES_UNOWN,poke radar,24-30,"only in a Poke Radar patch (needs the Radar, National Dex and a grass tile); overwrites land slots 4, 5, 10 and 11",vanilla,no
Solaceon Ruins,encounters_solaceon_ruins_room_6_southeast_dead_end.json,SPECIES_UNOWN,dual-slot Ruby,28-29,needs Pokemon Ruby in the GBA slot and the National Dex; overwrites land slots 8 and 9,vanilla,no
Solaceon Ruins,encounters_solaceon_ruins_room_6_southeast_dead_end.json,SPECIES_UNOWN,dual-slot Sapphire,28-29,needs Pokemon Sapphire in the GBA slot and the National Dex; overwrites land slots 8 and 9,vanilla,no
Solaceon Ruins,encounters_solaceon_ruins_room_6_southeast_dead_end.json,SPECIES_UNOWN,dual-slot Emerald,28-29,needs Pokemon Emerald in the GBA slot and the National Dex; overwrites land slots 8 and 9,vanilla,no
Solaceon Ruins,encounters_solaceon_ruins_room_6_southeast_dead_end.json,SPECIES_UNOWN,dual-slot FireRed,28-29,needs Pokemon FireRed in the GBA slot and the National Dex; overwrites land slots 8 and 9,vanilla,no
Solaceon Ruins,encounters_solaceon_ruins_room_6_southeast_dead_end.json,SPECIES_UNOWN,dual-slot LeafGreen,28-29,needs Pokemon LeafGreen in the GBA slot and the National Dex; overwrites land slots 8 and 9,vanilla,no
Solaceon Ruins,encounters_solaceon_ruins_room_6_southeast_dead_end.json,SPECIES_UNOWN,unown room,20,the room's Unown forms are fixed by unown_table 1: A B C G H J K L M O P Q S T U V W X Y Z (a dead-end room),vanilla,no
Solaceon Ruins,encounters_solaceon_ruins_room_7.json,SPECIES_UNOWN,poke radar,24-30,"only in a Poke Radar patch (needs the Radar, National Dex and a grass tile); overwrites land slots 4, 5, 10 and 11",vanilla,no
Solaceon Ruins,encounters_solaceon_ruins_room_7.json,SPECIES_UNOWN,dual-slot Ruby,28-29,needs Pokemon Ruby in the GBA slot and the National Dex; overwrites land slots 8 and 9,vanilla,no
Solaceon Ruins,encounters_solaceon_ruins_room_7.json,SPECIES_UNOWN,dual-slot Sapphire,28-29,needs Pokemon Sapphire in the GBA slot and the National Dex; overwrites land slots 8 and 9,vanilla,no
Solaceon Ruins,encounters_solaceon_ruins_room_7.json,SPECIES_UNOWN,dual-slot Emerald,28-29,needs Pokemon Emerald in the GBA slot and the National Dex; overwrites land slots 8 and 9,vanilla,no
Solaceon Ruins,encounters_solaceon_ruins_room_7.json,SPECIES_UNOWN,dual-slot FireRed,28-29,needs Pokemon FireRed in the GBA slot and the National Dex; overwrites land slots 8 and 9,vanilla,no
Solaceon Ruins,encounters_solaceon_ruins_room_7.json,SPECIES_UNOWN,dual-slot LeafGreen,28-29,needs Pokemon LeafGreen in the GBA slot and the National Dex; overwrites land slots 8 and 9,vanilla,no
Solaceon Ruins,encounters_solaceon_ruins_room_7.json,SPECIES_UNOWN,unown room,20,the room's Unown forms are fixed by unown_table 7: D (a room on the F-R-I-E-N-D path),vanilla,no
Stark Mountain,encounters_stark_mountain_outside.json,SPECIES_TORKOAL,poke radar,51-53,"only in a Poke Radar patch (needs the Radar, National Dex and a grass tile); overwrites land slots 4, 5, 10 and 11",vanilla,no
Stark Mountain,encounters_stark_mountain_outside.json,SPECIES_NUMEL,dual-slot Ruby,51-52,needs Pokemon Ruby in the GBA slot and the National Dex; overwrites land slots 8 and 9,vanilla,no
Stark Mountain,encounters_stark_mountain_outside.json,SPECIES_RHYHORN,dual-slot Ruby,51-52,needs Pokemon Ruby in the GBA slot and the National Dex; overwrites land slots 8 and 9,vanilla,yes
Stark Mountain,encounters_stark_mountain_outside.json,SPECIES_NUMEL,dual-slot Sapphire,51-52,needs Pokemon Sapphire in the GBA slot and the National Dex; overwrites land slots 8 and 9,vanilla,no
Stark Mountain,encounters_stark_mountain_outside.json,SPECIES_RHYHORN,dual-slot Sapphire,51-52,needs Pokemon Sapphire in the GBA slot and the National Dex; overwrites land slots 8 and 9,vanilla,yes
Stark Mountain,encounters_stark_mountain_outside.json,SPECIES_NUMEL,dual-slot Emerald,51-52,needs Pokemon Emerald in the GBA slot and the National Dex; overwrites land slots 8 and 9,vanilla,no
Stark Mountain,encounters_stark_mountain_outside.json,SPECIES_RHYHORN,dual-slot Emerald,51-52,needs Pokemon Emerald in the GBA slot and the National Dex; overwrites land slots 8 and 9,vanilla,yes
Stark Mountain,encounters_stark_mountain_outside.json,SPECIES_NUMEL,dual-slot FireRed,51-52,needs Pokemon FireRed in the GBA slot and the National Dex; overwrites land slots 8 and 9,vanilla,no
Stark Mountain,encounters_stark_mountain_outside.json,SPECIES_RHYHORN,dual-slot FireRed,51-52,needs Pokemon FireRed in the GBA slot and the National Dex; overwrites land slots 8 and 9,vanilla,yes
Stark Mountain,encounters_stark_mountain_outside.json,SPECIES_NUMEL,dual-slot LeafGreen,51-52,needs Pokemon LeafGreen in the GBA slot and the National Dex; overwrites land slots 8 and 9,vanilla,no
Stark Mountain,encounters_stark_mountain_outside.json,SPECIES_RHYHORN,dual-slot LeafGreen,51-52,needs Pokemon LeafGreen in the GBA slot and the National Dex; overwrites land slots 8 and 9,vanilla,yes
Stark Mountain,encounters_stark_mountain_room_1.json,SPECIES_GOLBAT,poke radar,52-53,"only in a Poke Radar patch (needs the Radar, National Dex and a grass tile); overwrites land slots 4, 5, 10 and 11",vanilla,yes
Stark Mountain,encounters_stark_mountain_room_1.json,SPECIES_WEEZING,poke radar,52-53,"only in a Poke Radar patch (needs the Radar, National Dex and a grass tile); overwrites land slots 4, 5, 10 and 11",vanilla,yes
Stark Mountain,encounters_stark_mountain_room_1.json,SPECIES_SLUGMA,poke radar,52-53,"only in a Poke Radar patch (needs the Radar, National Dex and a grass tile); overwrites land slots 4, 5, 10 and 11",vanilla,yes
Stark Mountain,encounters_stark_mountain_room_1.json,SPECIES_RHYHORN,poke radar,52-53,"only in a Poke Radar patch (needs the Radar, National Dex and a grass tile); overwrites land slots 4, 5, 10 and 11",vanilla,yes
Stark Mountain,encounters_stark_mountain_room_1.json,SPECIES_SLUGMA,dual-slot Ruby,52,needs Pokemon Ruby in the GBA slot and the National Dex; overwrites land slots 8 and 9,vanilla,yes
Stark Mountain,encounters_stark_mountain_room_1.json,SPECIES_RHYHORN,dual-slot Ruby,52,needs Pokemon Ruby in the GBA slot and the National Dex; overwrites land slots 8 and 9,vanilla,yes
Stark Mountain,encounters_stark_mountain_room_1.json,SPECIES_SLUGMA,dual-slot Sapphire,52,needs Pokemon Sapphire in the GBA slot and the National Dex; overwrites land slots 8 and 9,vanilla,yes
Stark Mountain,encounters_stark_mountain_room_1.json,SPECIES_RHYHORN,dual-slot Sapphire,52,needs Pokemon Sapphire in the GBA slot and the National Dex; overwrites land slots 8 and 9,vanilla,yes
Stark Mountain,encounters_stark_mountain_room_1.json,SPECIES_SLUGMA,dual-slot Emerald,52,needs Pokemon Emerald in the GBA slot and the National Dex; overwrites land slots 8 and 9,vanilla,yes
Stark Mountain,encounters_stark_mountain_room_1.json,SPECIES_RHYHORN,dual-slot Emerald,52,needs Pokemon Emerald in the GBA slot and the National Dex; overwrites land slots 8 and 9,vanilla,yes
Stark Mountain,encounters_stark_mountain_room_1.json,SPECIES_SLUGMA,dual-slot FireRed,52,needs Pokemon FireRed in the GBA slot and the National Dex; overwrites land slots 8 and 9,vanilla,yes
Stark Mountain,encounters_stark_mountain_room_1.json,SPECIES_RHYHORN,dual-slot FireRed,52,needs Pokemon FireRed in the GBA slot and the National Dex; overwrites land slots 8 and 9,vanilla,yes
Stark Mountain,encounters_stark_mountain_room_1.json,SPECIES_SLUGMA,dual-slot LeafGreen,52,needs Pokemon LeafGreen in the GBA slot and the National Dex; overwrites land slots 8 and 9,vanilla,yes
Stark Mountain,encounters_stark_mountain_room_1.json,SPECIES_RHYHORN,dual-slot LeafGreen,52,needs Pokemon LeafGreen in the GBA slot and the National Dex; overwrites land slots 8 and 9,vanilla,yes
Stark Mountain,encounters_stark_mountain_room_2.json,SPECIES_RHYDON,poke radar,53-55,"only in a Poke Radar patch (needs the Radar, National Dex and a grass tile); overwrites land slots 4, 5, 10 and 11",vanilla,yes
Stark Mountain,encounters_stark_mountain_room_2.json,SPECIES_WEEZING,poke radar,53-55,"only in a Poke Radar patch (needs the Radar, National Dex and a grass tile); overwrites land slots 4, 5, 10 and 11",vanilla,yes
Stark Mountain,encounters_stark_mountain_room_2.json,SPECIES_SLUGMA,poke radar,53-55,"only in a Poke Radar patch (needs the Radar, National Dex and a grass tile); overwrites land slots 4, 5, 10 and 11",vanilla,yes
Stark Mountain,encounters_stark_mountain_room_2.json,SPECIES_KOFFING,poke radar,53-55,"only in a Poke Radar patch (needs the Radar, National Dex and a grass tile); overwrites land slots 4, 5, 10 and 11",vanilla,yes
Stark Mountain,encounters_stark_mountain_room_2.json,SPECIES_SLUGMA,dual-slot Ruby,53,needs Pokemon Ruby in the GBA slot and the National Dex; overwrites land slots 8 and 9,vanilla,yes
Stark Mountain,encounters_stark_mountain_room_2.json,SPECIES_KOFFING,dual-slot Ruby,53,needs Pokemon Ruby in the GBA slot and the National Dex; overwrites land slots 8 and 9,vanilla,yes
Stark Mountain,encounters_stark_mountain_room_2.json,SPECIES_SLUGMA,dual-slot Sapphire,53,needs Pokemon Sapphire in the GBA slot and the National Dex; overwrites land slots 8 and 9,vanilla,yes
Stark Mountain,encounters_stark_mountain_room_2.json,SPECIES_KOFFING,dual-slot Sapphire,53,needs Pokemon Sapphire in the GBA slot and the National Dex; overwrites land slots 8 and 9,vanilla,yes
Stark Mountain,encounters_stark_mountain_room_2.json,SPECIES_SLUGMA,dual-slot Emerald,53,needs Pokemon Emerald in the GBA slot and the National Dex; overwrites land slots 8 and 9,vanilla,yes
Stark Mountain,encounters_stark_mountain_room_2.json,SPECIES_KOFFING,dual-slot Emerald,53,needs Pokemon Emerald in the GBA slot and the National Dex; overwrites land slots 8 and 9,vanilla,yes
Stark Mountain,encounters_stark_mountain_room_2.json,SPECIES_SLUGMA,dual-slot FireRed,53,needs Pokemon FireRed in the GBA slot and the National Dex; overwrites land slots 8 and 9,vanilla,yes
Stark Mountain,encounters_stark_mountain_room_2.json,SPECIES_KOFFING,dual-slot FireRed,53,needs Pokemon FireRed in the GBA slot and the National Dex; overwrites land slots 8 and 9,vanilla,yes
Stark Mountain,encounters_stark_mountain_room_2.json,SPECIES_SLUGMA,dual-slot LeafGreen,53,needs Pokemon LeafGreen in the GBA slot and the National Dex; overwrites land slots 8 and 9,vanilla,yes
Stark Mountain,encounters_stark_mountain_room_2.json,SPECIES_KOFFING,dual-slot LeafGreen,53,needs Pokemon LeafGreen in the GBA slot and the National Dex; overwrites land slots 8 and 9,vanilla,yes
Sunyshore City,encounters_sunyshore_city.json,SPECIES_NONE,poke radar,0,"only in a Poke Radar patch (needs the Radar, National Dex and a grass tile); overwrites land slots 4, 5, 10 and 11",vanilla,no
Sunyshore City,encounters_sunyshore_city.json,SPECIES_NONE,dual-slot Ruby,0,needs Pokemon Ruby in the GBA slot and the National Dex; overwrites land slots 8 and 9,vanilla,no
Sunyshore City,encounters_sunyshore_city.json,SPECIES_NONE,dual-slot Sapphire,0,needs Pokemon Sapphire in the GBA slot and the National Dex; overwrites land slots 8 and 9,vanilla,no
Sunyshore City,encounters_sunyshore_city.json,SPECIES_NONE,dual-slot Emerald,0,needs Pokemon Emerald in the GBA slot and the National Dex; overwrites land slots 8 and 9,vanilla,no
Sunyshore City,encounters_sunyshore_city.json,SPECIES_NONE,dual-slot FireRed,0,needs Pokemon FireRed in the GBA slot and the National Dex; overwrites land slots 8 and 9,vanilla,no
Sunyshore City,encounters_sunyshore_city.json,SPECIES_NONE,dual-slot LeafGreen,0,needs Pokemon LeafGreen in the GBA slot and the National Dex; overwrites land slots 8 and 9,vanilla,no
Trophy Garden,encounters_trophy_garden.json,SPECIES_ROSELIA,poke radar,22,"only in a Poke Radar patch (needs the Radar, National Dex and a grass tile); overwrites land slots 4, 5, 10 and 11",vanilla,yes
Trophy Garden,encounters_trophy_garden.json,SPECIES_STARAVIA,poke radar,22,"only in a Poke Radar patch (needs the Radar, National Dex and a grass tile); overwrites land slots 4, 5, 10 and 11",vanilla,no
Trophy Garden,encounters_trophy_garden.json,SPECIES_PIKACHU,poke radar,22,"only in a Poke Radar patch (needs the Radar, National Dex and a grass tile); overwrites land slots 4, 5, 10 and 11",vanilla,yes
Trophy Garden,encounters_trophy_garden.json,SPECIES_PICHU,poke radar,22,"only in a Poke Radar patch (needs the Radar, National Dex and a grass tile); overwrites land slots 4, 5, 10 and 11",vanilla,yes
Trophy Garden,encounters_trophy_garden.json,SPECIES_PIKACHU,dual-slot Ruby,22,needs Pokemon Ruby in the GBA slot and the National Dex; overwrites land slots 8 and 9,vanilla,yes
Trophy Garden,encounters_trophy_garden.json,SPECIES_PICHU,dual-slot Ruby,22,needs Pokemon Ruby in the GBA slot and the National Dex; overwrites land slots 8 and 9,vanilla,yes
Trophy Garden,encounters_trophy_garden.json,SPECIES_PIKACHU,dual-slot Sapphire,22,needs Pokemon Sapphire in the GBA slot and the National Dex; overwrites land slots 8 and 9,vanilla,yes
Trophy Garden,encounters_trophy_garden.json,SPECIES_PICHU,dual-slot Sapphire,22,needs Pokemon Sapphire in the GBA slot and the National Dex; overwrites land slots 8 and 9,vanilla,yes
Trophy Garden,encounters_trophy_garden.json,SPECIES_PIKACHU,dual-slot Emerald,22,needs Pokemon Emerald in the GBA slot and the National Dex; overwrites land slots 8 and 9,vanilla,yes
Trophy Garden,encounters_trophy_garden.json,SPECIES_PICHU,dual-slot Emerald,22,needs Pokemon Emerald in the GBA slot and the National Dex; overwrites land slots 8 and 9,vanilla,yes
Trophy Garden,encounters_trophy_garden.json,SPECIES_PIKACHU,dual-slot FireRed,22,needs Pokemon FireRed in the GBA slot and the National Dex; overwrites land slots 8 and 9,vanilla,yes
Trophy Garden,encounters_trophy_garden.json,SPECIES_PICHU,dual-slot FireRed,22,needs Pokemon FireRed in the GBA slot and the National Dex; overwrites land slots 8 and 9,vanilla,yes
Trophy Garden,encounters_trophy_garden.json,SPECIES_PIKACHU,dual-slot LeafGreen,22,needs Pokemon LeafGreen in the GBA slot and the National Dex; overwrites land slots 8 and 9,vanilla,yes
Trophy Garden,encounters_trophy_garden.json,SPECIES_PICHU,dual-slot LeafGreen,22,needs Pokemon LeafGreen in the GBA slot and the National Dex; overwrites land slots 8 and 9,vanilla,yes
Trophy Garden,encounters_trophy_garden.json,SPECIES_EEVEE,trophy garden daily,22,"two of the sixteen are in the garden each day, rotated by TrophyGarden_AddNewMon when the Mansion's owner is spoken to; needs the National Dex; overwrites land slots 6 and 7",vanilla,yes
Trophy Garden,encounters_trophy_garden.json,SPECIES_BONSLY,trophy garden daily,22,"two of the sixteen are in the garden each day, rotated by TrophyGarden_AddNewMon when the Mansion's owner is spoken to; needs the National Dex; overwrites land slots 6 and 7",vanilla,no
Trophy Garden,encounters_trophy_garden.json,SPECIES_HAPPINY,trophy garden daily,22,"two of the sixteen are in the garden each day, rotated by TrophyGarden_AddNewMon when the Mansion's owner is spoken to; needs the National Dex; overwrites land slots 6 and 7",vanilla,no
Trophy Garden,encounters_trophy_garden.json,SPECIES_MEOWTH,trophy garden daily,22,"two of the sixteen are in the garden each day, rotated by TrophyGarden_AddNewMon when the Mansion's owner is spoken to; needs the National Dex; overwrites land slots 6 and 7",vanilla,no
Trophy Garden,encounters_trophy_garden.json,SPECIES_CLEFFA,trophy garden daily,22,"two of the sixteen are in the garden each day, rotated by TrophyGarden_AddNewMon when the Mansion's owner is spoken to; needs the National Dex; overwrites land slots 6 and 7",vanilla,no
Trophy Garden,encounters_trophy_garden.json,SPECIES_CLEFAIRY,trophy garden daily,22,"two of the sixteen are in the garden each day, rotated by TrophyGarden_AddNewMon when the Mansion's owner is spoken to; needs the National Dex; overwrites land slots 6 and 7",vanilla,no
Trophy Garden,encounters_trophy_garden.json,SPECIES_IGGLYBUFF,trophy garden daily,22,"two of the sixteen are in the garden each day, rotated by TrophyGarden_AddNewMon when the Mansion's owner is spoken to; needs the National Dex; overwrites land slots 6 and 7",vanilla,no
Trophy Garden,encounters_trophy_garden.json,SPECIES_PLUSLE,trophy garden daily,22,"two of the sixteen are in the garden each day, rotated by TrophyGarden_AddNewMon when the Mansion's owner is spoken to; needs the National Dex; overwrites land slots 6 and 7",vanilla,no
Trophy Garden,encounters_trophy_garden.json,SPECIES_JIGGLYPUFF,trophy garden daily,22,"two of the sixteen are in the garden each day, rotated by TrophyGarden_AddNewMon when the Mansion's owner is spoken to; needs the National Dex; overwrites land slots 6 and 7",vanilla,no
Trophy Garden,encounters_trophy_garden.json,SPECIES_DITTO,trophy garden daily,22,"two of the sixteen are in the garden each day, rotated by TrophyGarden_AddNewMon when the Mansion's owner is spoken to; needs the National Dex; overwrites land slots 6 and 7",vanilla,no
Trophy Garden,encounters_trophy_garden.json,SPECIES_CASTFORM,trophy garden daily,22,"two of the sixteen are in the garden each day, rotated by TrophyGarden_AddNewMon when the Mansion's owner is spoken to; needs the National Dex; overwrites land slots 6 and 7",vanilla,yes
Trophy Garden,encounters_trophy_garden.json,SPECIES_MINUN,trophy garden daily,22,"two of the sixteen are in the garden each day, rotated by TrophyGarden_AddNewMon when the Mansion's owner is spoken to; needs the National Dex; overwrites land slots 6 and 7",vanilla,no
Trophy Garden,encounters_trophy_garden.json,SPECIES_MIME_JR,trophy garden daily,22,"two of the sixteen are in the garden each day, rotated by TrophyGarden_AddNewMon when the Mansion's owner is spoken to; needs the National Dex; overwrites land slots 6 and 7",vanilla,no
Trophy Garden,encounters_trophy_garden.json,SPECIES_MARILL,trophy garden daily,22,"two of the sixteen are in the garden each day, rotated by TrophyGarden_AddNewMon when the Mansion's owner is spoken to; needs the National Dex; overwrites land slots 6 and 7",vanilla,no
Trophy Garden,encounters_trophy_garden.json,SPECIES_CHANSEY,trophy garden daily,22,"two of the sixteen are in the garden each day, rotated by TrophyGarden_AddNewMon when the Mansion's owner is spoken to; needs the National Dex; overwrites land slots 6 and 7",vanilla,no
Trophy Garden,encounters_trophy_garden.json,SPECIES_AZURILL,trophy garden daily,22,"two of the sixteen are in the garden each day, rotated by TrophyGarden_AddNewMon when the Mansion's owner is spoken to; needs the National Dex; overwrites land slots 6 and 7",vanilla,no
Turnback Cave Entrance,encounters_turnback_cave_entrance.json,SPECIES_GASTLY,poke radar,17-18,"only in a Poke Radar patch (needs the Radar, National Dex and a grass tile); overwrites land slots 4, 5, 10 and 11",vanilla,no
Turnback Cave Entrance,encounters_turnback_cave_entrance.json,SPECIES_GOLBAT,poke radar,17-18,"only in a Poke Radar patch (needs the Radar, National Dex and a grass tile); overwrites land slots 4, 5, 10 and 11",vanilla,yes
Turnback Cave Entrance,encounters_turnback_cave_entrance.json,SPECIES_DUSCLOPS,poke radar,17-18,"only in a Poke Radar patch (needs the Radar, National Dex and a grass tile); overwrites land slots 4, 5, 10 and 11",vanilla,yes
Turnback Cave Entrance,encounters_turnback_cave_entrance.json,SPECIES_CHINGLING,poke radar,17-18,"only in a Poke Radar patch (needs the Radar, National Dex and a grass tile); overwrites land slots 4, 5, 10 and 11",vanilla,no
Turnback Cave Entrance,encounters_turnback_cave_entrance.json,SPECIES_SOLROCK,dual-slot Ruby,18,needs Pokemon Ruby in the GBA slot and the National Dex; overwrites land slots 8 and 9,vanilla,yes
Turnback Cave Entrance,encounters_turnback_cave_entrance.json,SPECIES_LUNATONE,dual-slot Sapphire,18,needs Pokemon Sapphire in the GBA slot and the National Dex; overwrites land slots 8 and 9,vanilla,yes
Turnback Cave Entrance,encounters_turnback_cave_entrance.json,SPECIES_DUSCLOPS,dual-slot Emerald,18,needs Pokemon Emerald in the GBA slot and the National Dex; overwrites land slots 8 and 9,vanilla,yes
Turnback Cave Entrance,encounters_turnback_cave_entrance.json,SPECIES_CHINGLING,dual-slot Emerald,18,needs Pokemon Emerald in the GBA slot and the National Dex; overwrites land slots 8 and 9,vanilla,no
Turnback Cave Entrance,encounters_turnback_cave_entrance.json,SPECIES_DUSCLOPS,dual-slot FireRed,18,needs Pokemon FireRed in the GBA slot and the National Dex; overwrites land slots 8 and 9,vanilla,yes
Turnback Cave Entrance,encounters_turnback_cave_entrance.json,SPECIES_CHINGLING,dual-slot FireRed,18,needs Pokemon FireRed in the GBA slot and the National Dex; overwrites land slots 8 and 9,vanilla,no
Turnback Cave Entrance,encounters_turnback_cave_entrance.json,SPECIES_DUSCLOPS,dual-slot LeafGreen,18,needs Pokemon LeafGreen in the GBA slot and the National Dex; overwrites land slots 8 and 9,vanilla,yes
Turnback Cave Entrance,encounters_turnback_cave_entrance.json,SPECIES_CHINGLING,dual-slot LeafGreen,18,needs Pokemon LeafGreen in the GBA slot and the National Dex; overwrites land slots 8 and 9,vanilla,no
Turnback Cave Giratina Room,encounters_turnback_cave_giratina_room.json,SPECIES_HAUNTER,poke radar,37,"only in a Poke Radar patch (needs the Radar, National Dex and a grass tile); overwrites land slots 4, 5, 10 and 11",vanilla,no
Turnback Cave Giratina Room,encounters_turnback_cave_giratina_room.json,SPECIES_GOLBAT,poke radar,37,"only in a Poke Radar patch (needs the Radar, National Dex and a grass tile); overwrites land slots 4, 5, 10 and 11",vanilla,yes
Turnback Cave Giratina Room,encounters_turnback_cave_giratina_room.json,SPECIES_DUSCLOPS,poke radar,37,"only in a Poke Radar patch (needs the Radar, National Dex and a grass tile); overwrites land slots 4, 5, 10 and 11",vanilla,yes
Turnback Cave Giratina Room,encounters_turnback_cave_giratina_room.json,SPECIES_CHIMECHO,poke radar,37,"only in a Poke Radar patch (needs the Radar, National Dex and a grass tile); overwrites land slots 4, 5, 10 and 11",vanilla,no
Turnback Cave Giratina Room,encounters_turnback_cave_giratina_room.json,SPECIES_SOLROCK,dual-slot Ruby,37,needs Pokemon Ruby in the GBA slot and the National Dex; overwrites land slots 8 and 9,vanilla,yes
Turnback Cave Giratina Room,encounters_turnback_cave_giratina_room.json,SPECIES_LUNATONE,dual-slot Sapphire,37,needs Pokemon Sapphire in the GBA slot and the National Dex; overwrites land slots 8 and 9,vanilla,yes
Turnback Cave Giratina Room,encounters_turnback_cave_giratina_room.json,SPECIES_DUSCLOPS,dual-slot Emerald,37,needs Pokemon Emerald in the GBA slot and the National Dex; overwrites land slots 8 and 9,vanilla,yes
Turnback Cave Giratina Room,encounters_turnback_cave_giratina_room.json,SPECIES_CHIMECHO,dual-slot Emerald,37,needs Pokemon Emerald in the GBA slot and the National Dex; overwrites land slots 8 and 9,vanilla,no
Turnback Cave Giratina Room,encounters_turnback_cave_giratina_room.json,SPECIES_DUSCLOPS,dual-slot FireRed,37,needs Pokemon FireRed in the GBA slot and the National Dex; overwrites land slots 8 and 9,vanilla,yes
Turnback Cave Giratina Room,encounters_turnback_cave_giratina_room.json,SPECIES_CHIMECHO,dual-slot FireRed,37,needs Pokemon FireRed in the GBA slot and the National Dex; overwrites land slots 8 and 9,vanilla,no
Turnback Cave Giratina Room,encounters_turnback_cave_giratina_room.json,SPECIES_DUSCLOPS,dual-slot LeafGreen,37,needs Pokemon LeafGreen in the GBA slot and the National Dex; overwrites land slots 8 and 9,vanilla,yes
Turnback Cave Giratina Room,encounters_turnback_cave_giratina_room.json,SPECIES_CHIMECHO,dual-slot LeafGreen,37,needs Pokemon LeafGreen in the GBA slot and the National Dex; overwrites land slots 8 and 9,vanilla,no
Turnback Cave,encounters_turnback_cave_pillar_1_room_1.json,SPECIES_GASTLY,poke radar,17-18,"only in a Poke Radar patch (needs the Radar, National Dex and a grass tile); overwrites land slots 4, 5, 10 and 11",vanilla,no
Turnback Cave,encounters_turnback_cave_pillar_1_room_1.json,SPECIES_GOLBAT,poke radar,17-18,"only in a Poke Radar patch (needs the Radar, National Dex and a grass tile); overwrites land slots 4, 5, 10 and 11",vanilla,yes
Turnback Cave,encounters_turnback_cave_pillar_1_room_1.json,SPECIES_DUSCLOPS,poke radar,17-18,"only in a Poke Radar patch (needs the Radar, National Dex and a grass tile); overwrites land slots 4, 5, 10 and 11",vanilla,yes
Turnback Cave,encounters_turnback_cave_pillar_1_room_1.json,SPECIES_CHINGLING,poke radar,17-18,"only in a Poke Radar patch (needs the Radar, National Dex and a grass tile); overwrites land slots 4, 5, 10 and 11",vanilla,no
Turnback Cave,encounters_turnback_cave_pillar_1_room_1.json,SPECIES_SOLROCK,dual-slot Ruby,18,needs Pokemon Ruby in the GBA slot and the National Dex; overwrites land slots 8 and 9,vanilla,yes
Turnback Cave,encounters_turnback_cave_pillar_1_room_1.json,SPECIES_LUNATONE,dual-slot Sapphire,18,needs Pokemon Sapphire in the GBA slot and the National Dex; overwrites land slots 8 and 9,vanilla,yes
Turnback Cave,encounters_turnback_cave_pillar_1_room_1.json,SPECIES_DUSCLOPS,dual-slot Emerald,18,needs Pokemon Emerald in the GBA slot and the National Dex; overwrites land slots 8 and 9,vanilla,yes
Turnback Cave,encounters_turnback_cave_pillar_1_room_1.json,SPECIES_CHINGLING,dual-slot Emerald,18,needs Pokemon Emerald in the GBA slot and the National Dex; overwrites land slots 8 and 9,vanilla,no
Turnback Cave,encounters_turnback_cave_pillar_1_room_1.json,SPECIES_DUSCLOPS,dual-slot FireRed,18,needs Pokemon FireRed in the GBA slot and the National Dex; overwrites land slots 8 and 9,vanilla,yes
Turnback Cave,encounters_turnback_cave_pillar_1_room_1.json,SPECIES_CHINGLING,dual-slot FireRed,18,needs Pokemon FireRed in the GBA slot and the National Dex; overwrites land slots 8 and 9,vanilla,no
Turnback Cave,encounters_turnback_cave_pillar_1_room_1.json,SPECIES_DUSCLOPS,dual-slot LeafGreen,18,needs Pokemon LeafGreen in the GBA slot and the National Dex; overwrites land slots 8 and 9,vanilla,yes
Turnback Cave,encounters_turnback_cave_pillar_1_room_1.json,SPECIES_CHINGLING,dual-slot LeafGreen,18,needs Pokemon LeafGreen in the GBA slot and the National Dex; overwrites land slots 8 and 9,vanilla,no
Turnback Cave,encounters_turnback_cave_pillar_1_room_2.json,SPECIES_GASTLY,poke radar,17-18,"only in a Poke Radar patch (needs the Radar, National Dex and a grass tile); overwrites land slots 4, 5, 10 and 11",vanilla,no
Turnback Cave,encounters_turnback_cave_pillar_1_room_2.json,SPECIES_GOLBAT,poke radar,17-18,"only in a Poke Radar patch (needs the Radar, National Dex and a grass tile); overwrites land slots 4, 5, 10 and 11",vanilla,yes
Turnback Cave,encounters_turnback_cave_pillar_1_room_2.json,SPECIES_DUSCLOPS,poke radar,17-18,"only in a Poke Radar patch (needs the Radar, National Dex and a grass tile); overwrites land slots 4, 5, 10 and 11",vanilla,yes
Turnback Cave,encounters_turnback_cave_pillar_1_room_2.json,SPECIES_CHINGLING,poke radar,17-18,"only in a Poke Radar patch (needs the Radar, National Dex and a grass tile); overwrites land slots 4, 5, 10 and 11",vanilla,no
Turnback Cave,encounters_turnback_cave_pillar_1_room_2.json,SPECIES_SOLROCK,dual-slot Ruby,18,needs Pokemon Ruby in the GBA slot and the National Dex; overwrites land slots 8 and 9,vanilla,yes
Turnback Cave,encounters_turnback_cave_pillar_1_room_2.json,SPECIES_LUNATONE,dual-slot Sapphire,18,needs Pokemon Sapphire in the GBA slot and the National Dex; overwrites land slots 8 and 9,vanilla,yes
Turnback Cave,encounters_turnback_cave_pillar_1_room_2.json,SPECIES_DUSCLOPS,dual-slot Emerald,18,needs Pokemon Emerald in the GBA slot and the National Dex; overwrites land slots 8 and 9,vanilla,yes
Turnback Cave,encounters_turnback_cave_pillar_1_room_2.json,SPECIES_CHINGLING,dual-slot Emerald,18,needs Pokemon Emerald in the GBA slot and the National Dex; overwrites land slots 8 and 9,vanilla,no
Turnback Cave,encounters_turnback_cave_pillar_1_room_2.json,SPECIES_DUSCLOPS,dual-slot FireRed,18,needs Pokemon FireRed in the GBA slot and the National Dex; overwrites land slots 8 and 9,vanilla,yes
Turnback Cave,encounters_turnback_cave_pillar_1_room_2.json,SPECIES_CHINGLING,dual-slot FireRed,18,needs Pokemon FireRed in the GBA slot and the National Dex; overwrites land slots 8 and 9,vanilla,no
Turnback Cave,encounters_turnback_cave_pillar_1_room_2.json,SPECIES_DUSCLOPS,dual-slot LeafGreen,18,needs Pokemon LeafGreen in the GBA slot and the National Dex; overwrites land slots 8 and 9,vanilla,yes
Turnback Cave,encounters_turnback_cave_pillar_1_room_2.json,SPECIES_CHINGLING,dual-slot LeafGreen,18,needs Pokemon LeafGreen in the GBA slot and the National Dex; overwrites land slots 8 and 9,vanilla,no
Turnback Cave,encounters_turnback_cave_pillar_1_room_3.json,SPECIES_GASTLY,poke radar,17-18,"only in a Poke Radar patch (needs the Radar, National Dex and a grass tile); overwrites land slots 4, 5, 10 and 11",vanilla,no
Turnback Cave,encounters_turnback_cave_pillar_1_room_3.json,SPECIES_GOLBAT,poke radar,17-18,"only in a Poke Radar patch (needs the Radar, National Dex and a grass tile); overwrites land slots 4, 5, 10 and 11",vanilla,yes
Turnback Cave,encounters_turnback_cave_pillar_1_room_3.json,SPECIES_DUSCLOPS,poke radar,17-18,"only in a Poke Radar patch (needs the Radar, National Dex and a grass tile); overwrites land slots 4, 5, 10 and 11",vanilla,yes
Turnback Cave,encounters_turnback_cave_pillar_1_room_3.json,SPECIES_CHINGLING,poke radar,17-18,"only in a Poke Radar patch (needs the Radar, National Dex and a grass tile); overwrites land slots 4, 5, 10 and 11",vanilla,no
Turnback Cave,encounters_turnback_cave_pillar_1_room_3.json,SPECIES_SOLROCK,dual-slot Ruby,18,needs Pokemon Ruby in the GBA slot and the National Dex; overwrites land slots 8 and 9,vanilla,yes
Turnback Cave,encounters_turnback_cave_pillar_1_room_3.json,SPECIES_LUNATONE,dual-slot Sapphire,18,needs Pokemon Sapphire in the GBA slot and the National Dex; overwrites land slots 8 and 9,vanilla,yes
Turnback Cave,encounters_turnback_cave_pillar_1_room_3.json,SPECIES_DUSCLOPS,dual-slot Emerald,18,needs Pokemon Emerald in the GBA slot and the National Dex; overwrites land slots 8 and 9,vanilla,yes
Turnback Cave,encounters_turnback_cave_pillar_1_room_3.json,SPECIES_CHINGLING,dual-slot Emerald,18,needs Pokemon Emerald in the GBA slot and the National Dex; overwrites land slots 8 and 9,vanilla,no
Turnback Cave,encounters_turnback_cave_pillar_1_room_3.json,SPECIES_DUSCLOPS,dual-slot FireRed,18,needs Pokemon FireRed in the GBA slot and the National Dex; overwrites land slots 8 and 9,vanilla,yes
Turnback Cave,encounters_turnback_cave_pillar_1_room_3.json,SPECIES_CHINGLING,dual-slot FireRed,18,needs Pokemon FireRed in the GBA slot and the National Dex; overwrites land slots 8 and 9,vanilla,no
Turnback Cave,encounters_turnback_cave_pillar_1_room_3.json,SPECIES_DUSCLOPS,dual-slot LeafGreen,18,needs Pokemon LeafGreen in the GBA slot and the National Dex; overwrites land slots 8 and 9,vanilla,yes
Turnback Cave,encounters_turnback_cave_pillar_1_room_3.json,SPECIES_CHINGLING,dual-slot LeafGreen,18,needs Pokemon LeafGreen in the GBA slot and the National Dex; overwrites land slots 8 and 9,vanilla,no
Turnback Cave,encounters_turnback_cave_pillar_1_room_4.json,SPECIES_GASTLY,poke radar,17-18,"only in a Poke Radar patch (needs the Radar, National Dex and a grass tile); overwrites land slots 4, 5, 10 and 11",vanilla,no
Turnback Cave,encounters_turnback_cave_pillar_1_room_4.json,SPECIES_GOLBAT,poke radar,17-18,"only in a Poke Radar patch (needs the Radar, National Dex and a grass tile); overwrites land slots 4, 5, 10 and 11",vanilla,yes
Turnback Cave,encounters_turnback_cave_pillar_1_room_4.json,SPECIES_DUSCLOPS,poke radar,17-18,"only in a Poke Radar patch (needs the Radar, National Dex and a grass tile); overwrites land slots 4, 5, 10 and 11",vanilla,yes
Turnback Cave,encounters_turnback_cave_pillar_1_room_4.json,SPECIES_CHINGLING,poke radar,17-18,"only in a Poke Radar patch (needs the Radar, National Dex and a grass tile); overwrites land slots 4, 5, 10 and 11",vanilla,no
Turnback Cave,encounters_turnback_cave_pillar_1_room_4.json,SPECIES_SOLROCK,dual-slot Ruby,18,needs Pokemon Ruby in the GBA slot and the National Dex; overwrites land slots 8 and 9,vanilla,yes
Turnback Cave,encounters_turnback_cave_pillar_1_room_4.json,SPECIES_LUNATONE,dual-slot Sapphire,18,needs Pokemon Sapphire in the GBA slot and the National Dex; overwrites land slots 8 and 9,vanilla,yes
Turnback Cave,encounters_turnback_cave_pillar_1_room_4.json,SPECIES_DUSCLOPS,dual-slot Emerald,18,needs Pokemon Emerald in the GBA slot and the National Dex; overwrites land slots 8 and 9,vanilla,yes
Turnback Cave,encounters_turnback_cave_pillar_1_room_4.json,SPECIES_CHINGLING,dual-slot Emerald,18,needs Pokemon Emerald in the GBA slot and the National Dex; overwrites land slots 8 and 9,vanilla,no
Turnback Cave,encounters_turnback_cave_pillar_1_room_4.json,SPECIES_DUSCLOPS,dual-slot FireRed,18,needs Pokemon FireRed in the GBA slot and the National Dex; overwrites land slots 8 and 9,vanilla,yes
Turnback Cave,encounters_turnback_cave_pillar_1_room_4.json,SPECIES_CHINGLING,dual-slot FireRed,18,needs Pokemon FireRed in the GBA slot and the National Dex; overwrites land slots 8 and 9,vanilla,no
Turnback Cave,encounters_turnback_cave_pillar_1_room_4.json,SPECIES_DUSCLOPS,dual-slot LeafGreen,18,needs Pokemon LeafGreen in the GBA slot and the National Dex; overwrites land slots 8 and 9,vanilla,yes
Turnback Cave,encounters_turnback_cave_pillar_1_room_4.json,SPECIES_CHINGLING,dual-slot LeafGreen,18,needs Pokemon LeafGreen in the GBA slot and the National Dex; overwrites land slots 8 and 9,vanilla,no
Turnback Cave,encounters_turnback_cave_pillar_1_room_5.json,SPECIES_GASTLY,poke radar,17-18,"only in a Poke Radar patch (needs the Radar, National Dex and a grass tile); overwrites land slots 4, 5, 10 and 11",vanilla,no
Turnback Cave,encounters_turnback_cave_pillar_1_room_5.json,SPECIES_GOLBAT,poke radar,17-18,"only in a Poke Radar patch (needs the Radar, National Dex and a grass tile); overwrites land slots 4, 5, 10 and 11",vanilla,yes
Turnback Cave,encounters_turnback_cave_pillar_1_room_5.json,SPECIES_DUSCLOPS,poke radar,17-18,"only in a Poke Radar patch (needs the Radar, National Dex and a grass tile); overwrites land slots 4, 5, 10 and 11",vanilla,yes
Turnback Cave,encounters_turnback_cave_pillar_1_room_5.json,SPECIES_CHINGLING,poke radar,17-18,"only in a Poke Radar patch (needs the Radar, National Dex and a grass tile); overwrites land slots 4, 5, 10 and 11",vanilla,no
Turnback Cave,encounters_turnback_cave_pillar_1_room_5.json,SPECIES_SOLROCK,dual-slot Ruby,18,needs Pokemon Ruby in the GBA slot and the National Dex; overwrites land slots 8 and 9,vanilla,yes
Turnback Cave,encounters_turnback_cave_pillar_1_room_5.json,SPECIES_LUNATONE,dual-slot Sapphire,18,needs Pokemon Sapphire in the GBA slot and the National Dex; overwrites land slots 8 and 9,vanilla,yes
Turnback Cave,encounters_turnback_cave_pillar_1_room_5.json,SPECIES_DUSCLOPS,dual-slot Emerald,18,needs Pokemon Emerald in the GBA slot and the National Dex; overwrites land slots 8 and 9,vanilla,yes
Turnback Cave,encounters_turnback_cave_pillar_1_room_5.json,SPECIES_CHINGLING,dual-slot Emerald,18,needs Pokemon Emerald in the GBA slot and the National Dex; overwrites land slots 8 and 9,vanilla,no
Turnback Cave,encounters_turnback_cave_pillar_1_room_5.json,SPECIES_DUSCLOPS,dual-slot FireRed,18,needs Pokemon FireRed in the GBA slot and the National Dex; overwrites land slots 8 and 9,vanilla,yes
Turnback Cave,encounters_turnback_cave_pillar_1_room_5.json,SPECIES_CHINGLING,dual-slot FireRed,18,needs Pokemon FireRed in the GBA slot and the National Dex; overwrites land slots 8 and 9,vanilla,no
Turnback Cave,encounters_turnback_cave_pillar_1_room_5.json,SPECIES_DUSCLOPS,dual-slot LeafGreen,18,needs Pokemon LeafGreen in the GBA slot and the National Dex; overwrites land slots 8 and 9,vanilla,yes
Turnback Cave,encounters_turnback_cave_pillar_1_room_5.json,SPECIES_CHINGLING,dual-slot LeafGreen,18,needs Pokemon LeafGreen in the GBA slot and the National Dex; overwrites land slots 8 and 9,vanilla,no
Turnback Cave,encounters_turnback_cave_pillar_1_room_6.json,SPECIES_GASTLY,poke radar,17-18,"only in a Poke Radar patch (needs the Radar, National Dex and a grass tile); overwrites land slots 4, 5, 10 and 11",vanilla,no
Turnback Cave,encounters_turnback_cave_pillar_1_room_6.json,SPECIES_GOLBAT,poke radar,17-18,"only in a Poke Radar patch (needs the Radar, National Dex and a grass tile); overwrites land slots 4, 5, 10 and 11",vanilla,yes
Turnback Cave,encounters_turnback_cave_pillar_1_room_6.json,SPECIES_DUSCLOPS,poke radar,17-18,"only in a Poke Radar patch (needs the Radar, National Dex and a grass tile); overwrites land slots 4, 5, 10 and 11",vanilla,yes
Turnback Cave,encounters_turnback_cave_pillar_1_room_6.json,SPECIES_CHINGLING,poke radar,17-18,"only in a Poke Radar patch (needs the Radar, National Dex and a grass tile); overwrites land slots 4, 5, 10 and 11",vanilla,no
Turnback Cave,encounters_turnback_cave_pillar_1_room_6.json,SPECIES_SOLROCK,dual-slot Ruby,18,needs Pokemon Ruby in the GBA slot and the National Dex; overwrites land slots 8 and 9,vanilla,yes
Turnback Cave,encounters_turnback_cave_pillar_1_room_6.json,SPECIES_LUNATONE,dual-slot Sapphire,18,needs Pokemon Sapphire in the GBA slot and the National Dex; overwrites land slots 8 and 9,vanilla,yes
Turnback Cave,encounters_turnback_cave_pillar_1_room_6.json,SPECIES_DUSCLOPS,dual-slot Emerald,18,needs Pokemon Emerald in the GBA slot and the National Dex; overwrites land slots 8 and 9,vanilla,yes
Turnback Cave,encounters_turnback_cave_pillar_1_room_6.json,SPECIES_CHINGLING,dual-slot Emerald,18,needs Pokemon Emerald in the GBA slot and the National Dex; overwrites land slots 8 and 9,vanilla,no
Turnback Cave,encounters_turnback_cave_pillar_1_room_6.json,SPECIES_DUSCLOPS,dual-slot FireRed,18,needs Pokemon FireRed in the GBA slot and the National Dex; overwrites land slots 8 and 9,vanilla,yes
Turnback Cave,encounters_turnback_cave_pillar_1_room_6.json,SPECIES_CHINGLING,dual-slot FireRed,18,needs Pokemon FireRed in the GBA slot and the National Dex; overwrites land slots 8 and 9,vanilla,no
Turnback Cave,encounters_turnback_cave_pillar_1_room_6.json,SPECIES_DUSCLOPS,dual-slot LeafGreen,18,needs Pokemon LeafGreen in the GBA slot and the National Dex; overwrites land slots 8 and 9,vanilla,yes
Turnback Cave,encounters_turnback_cave_pillar_1_room_6.json,SPECIES_CHINGLING,dual-slot LeafGreen,18,needs Pokemon LeafGreen in the GBA slot and the National Dex; overwrites land slots 8 and 9,vanilla,no
Turnback Cave,encounters_turnback_cave_pillar_2_room_1.json,SPECIES_HAUNTER,poke radar,27-28,"only in a Poke Radar patch (needs the Radar, National Dex and a grass tile); overwrites land slots 4, 5, 10 and 11",vanilla,no
Turnback Cave,encounters_turnback_cave_pillar_2_room_1.json,SPECIES_GOLBAT,poke radar,27-28,"only in a Poke Radar patch (needs the Radar, National Dex and a grass tile); overwrites land slots 4, 5, 10 and 11",vanilla,yes
Turnback Cave,encounters_turnback_cave_pillar_2_room_1.json,SPECIES_DUSCLOPS,poke radar,27-28,"only in a Poke Radar patch (needs the Radar, National Dex and a grass tile); overwrites land slots 4, 5, 10 and 11",vanilla,yes
Turnback Cave,encounters_turnback_cave_pillar_2_room_1.json,SPECIES_CHINGLING,poke radar,27-28,"only in a Poke Radar patch (needs the Radar, National Dex and a grass tile); overwrites land slots 4, 5, 10 and 11",vanilla,no
Turnback Cave,encounters_turnback_cave_pillar_2_room_1.json,SPECIES_SOLROCK,dual-slot Ruby,28,needs Pokemon Ruby in the GBA slot and the National Dex; overwrites land slots 8 and 9,vanilla,yes
Turnback Cave,encounters_turnback_cave_pillar_2_room_1.json,SPECIES_LUNATONE,dual-slot Sapphire,28,needs Pokemon Sapphire in the GBA slot and the National Dex; overwrites land slots 8 and 9,vanilla,yes
Turnback Cave,encounters_turnback_cave_pillar_2_room_1.json,SPECIES_DUSCLOPS,dual-slot Emerald,28,needs Pokemon Emerald in the GBA slot and the National Dex; overwrites land slots 8 and 9,vanilla,yes
Turnback Cave,encounters_turnback_cave_pillar_2_room_1.json,SPECIES_CHINGLING,dual-slot Emerald,28,needs Pokemon Emerald in the GBA slot and the National Dex; overwrites land slots 8 and 9,vanilla,no
Turnback Cave,encounters_turnback_cave_pillar_2_room_1.json,SPECIES_DUSCLOPS,dual-slot FireRed,28,needs Pokemon FireRed in the GBA slot and the National Dex; overwrites land slots 8 and 9,vanilla,yes
Turnback Cave,encounters_turnback_cave_pillar_2_room_1.json,SPECIES_CHINGLING,dual-slot FireRed,28,needs Pokemon FireRed in the GBA slot and the National Dex; overwrites land slots 8 and 9,vanilla,no
Turnback Cave,encounters_turnback_cave_pillar_2_room_1.json,SPECIES_DUSCLOPS,dual-slot LeafGreen,28,needs Pokemon LeafGreen in the GBA slot and the National Dex; overwrites land slots 8 and 9,vanilla,yes
Turnback Cave,encounters_turnback_cave_pillar_2_room_1.json,SPECIES_CHINGLING,dual-slot LeafGreen,28,needs Pokemon LeafGreen in the GBA slot and the National Dex; overwrites land slots 8 and 9,vanilla,no
Turnback Cave,encounters_turnback_cave_pillar_2_room_2.json,SPECIES_HAUNTER,poke radar,27-28,"only in a Poke Radar patch (needs the Radar, National Dex and a grass tile); overwrites land slots 4, 5, 10 and 11",vanilla,no
Turnback Cave,encounters_turnback_cave_pillar_2_room_2.json,SPECIES_GOLBAT,poke radar,27-28,"only in a Poke Radar patch (needs the Radar, National Dex and a grass tile); overwrites land slots 4, 5, 10 and 11",vanilla,yes
Turnback Cave,encounters_turnback_cave_pillar_2_room_2.json,SPECIES_DUSCLOPS,poke radar,27-28,"only in a Poke Radar patch (needs the Radar, National Dex and a grass tile); overwrites land slots 4, 5, 10 and 11",vanilla,yes
Turnback Cave,encounters_turnback_cave_pillar_2_room_2.json,SPECIES_CHINGLING,poke radar,27-28,"only in a Poke Radar patch (needs the Radar, National Dex and a grass tile); overwrites land slots 4, 5, 10 and 11",vanilla,no
Turnback Cave,encounters_turnback_cave_pillar_2_room_2.json,SPECIES_SOLROCK,dual-slot Ruby,28,needs Pokemon Ruby in the GBA slot and the National Dex; overwrites land slots 8 and 9,vanilla,yes
Turnback Cave,encounters_turnback_cave_pillar_2_room_2.json,SPECIES_LUNATONE,dual-slot Sapphire,28,needs Pokemon Sapphire in the GBA slot and the National Dex; overwrites land slots 8 and 9,vanilla,yes
Turnback Cave,encounters_turnback_cave_pillar_2_room_2.json,SPECIES_DUSCLOPS,dual-slot Emerald,28,needs Pokemon Emerald in the GBA slot and the National Dex; overwrites land slots 8 and 9,vanilla,yes
Turnback Cave,encounters_turnback_cave_pillar_2_room_2.json,SPECIES_CHINGLING,dual-slot Emerald,28,needs Pokemon Emerald in the GBA slot and the National Dex; overwrites land slots 8 and 9,vanilla,no
Turnback Cave,encounters_turnback_cave_pillar_2_room_2.json,SPECIES_DUSCLOPS,dual-slot FireRed,28,needs Pokemon FireRed in the GBA slot and the National Dex; overwrites land slots 8 and 9,vanilla,yes
Turnback Cave,encounters_turnback_cave_pillar_2_room_2.json,SPECIES_CHINGLING,dual-slot FireRed,28,needs Pokemon FireRed in the GBA slot and the National Dex; overwrites land slots 8 and 9,vanilla,no
Turnback Cave,encounters_turnback_cave_pillar_2_room_2.json,SPECIES_DUSCLOPS,dual-slot LeafGreen,28,needs Pokemon LeafGreen in the GBA slot and the National Dex; overwrites land slots 8 and 9,vanilla,yes
Turnback Cave,encounters_turnback_cave_pillar_2_room_2.json,SPECIES_CHINGLING,dual-slot LeafGreen,28,needs Pokemon LeafGreen in the GBA slot and the National Dex; overwrites land slots 8 and 9,vanilla,no
Turnback Cave,encounters_turnback_cave_pillar_2_room_3.json,SPECIES_HAUNTER,poke radar,27-28,"only in a Poke Radar patch (needs the Radar, National Dex and a grass tile); overwrites land slots 4, 5, 10 and 11",vanilla,no
Turnback Cave,encounters_turnback_cave_pillar_2_room_3.json,SPECIES_GOLBAT,poke radar,27-28,"only in a Poke Radar patch (needs the Radar, National Dex and a grass tile); overwrites land slots 4, 5, 10 and 11",vanilla,yes
Turnback Cave,encounters_turnback_cave_pillar_2_room_3.json,SPECIES_DUSCLOPS,poke radar,27-28,"only in a Poke Radar patch (needs the Radar, National Dex and a grass tile); overwrites land slots 4, 5, 10 and 11",vanilla,yes
Turnback Cave,encounters_turnback_cave_pillar_2_room_3.json,SPECIES_CHINGLING,poke radar,27-28,"only in a Poke Radar patch (needs the Radar, National Dex and a grass tile); overwrites land slots 4, 5, 10 and 11",vanilla,no
Turnback Cave,encounters_turnback_cave_pillar_2_room_3.json,SPECIES_SOLROCK,dual-slot Ruby,28,needs Pokemon Ruby in the GBA slot and the National Dex; overwrites land slots 8 and 9,vanilla,yes
Turnback Cave,encounters_turnback_cave_pillar_2_room_3.json,SPECIES_LUNATONE,dual-slot Sapphire,28,needs Pokemon Sapphire in the GBA slot and the National Dex; overwrites land slots 8 and 9,vanilla,yes
Turnback Cave,encounters_turnback_cave_pillar_2_room_3.json,SPECIES_DUSCLOPS,dual-slot Emerald,28,needs Pokemon Emerald in the GBA slot and the National Dex; overwrites land slots 8 and 9,vanilla,yes
Turnback Cave,encounters_turnback_cave_pillar_2_room_3.json,SPECIES_CHINGLING,dual-slot Emerald,28,needs Pokemon Emerald in the GBA slot and the National Dex; overwrites land slots 8 and 9,vanilla,no
Turnback Cave,encounters_turnback_cave_pillar_2_room_3.json,SPECIES_DUSCLOPS,dual-slot FireRed,28,needs Pokemon FireRed in the GBA slot and the National Dex; overwrites land slots 8 and 9,vanilla,yes
Turnback Cave,encounters_turnback_cave_pillar_2_room_3.json,SPECIES_CHINGLING,dual-slot FireRed,28,needs Pokemon FireRed in the GBA slot and the National Dex; overwrites land slots 8 and 9,vanilla,no
Turnback Cave,encounters_turnback_cave_pillar_2_room_3.json,SPECIES_DUSCLOPS,dual-slot LeafGreen,28,needs Pokemon LeafGreen in the GBA slot and the National Dex; overwrites land slots 8 and 9,vanilla,yes
Turnback Cave,encounters_turnback_cave_pillar_2_room_3.json,SPECIES_CHINGLING,dual-slot LeafGreen,28,needs Pokemon LeafGreen in the GBA slot and the National Dex; overwrites land slots 8 and 9,vanilla,no
Turnback Cave,encounters_turnback_cave_pillar_2_room_4.json,SPECIES_HAUNTER,poke radar,27-28,"only in a Poke Radar patch (needs the Radar, National Dex and a grass tile); overwrites land slots 4, 5, 10 and 11",vanilla,no
Turnback Cave,encounters_turnback_cave_pillar_2_room_4.json,SPECIES_GOLBAT,poke radar,27-28,"only in a Poke Radar patch (needs the Radar, National Dex and a grass tile); overwrites land slots 4, 5, 10 and 11",vanilla,yes
Turnback Cave,encounters_turnback_cave_pillar_2_room_4.json,SPECIES_DUSCLOPS,poke radar,27-28,"only in a Poke Radar patch (needs the Radar, National Dex and a grass tile); overwrites land slots 4, 5, 10 and 11",vanilla,yes
Turnback Cave,encounters_turnback_cave_pillar_2_room_4.json,SPECIES_CHINGLING,poke radar,27-28,"only in a Poke Radar patch (needs the Radar, National Dex and a grass tile); overwrites land slots 4, 5, 10 and 11",vanilla,no
Turnback Cave,encounters_turnback_cave_pillar_2_room_4.json,SPECIES_SOLROCK,dual-slot Ruby,28,needs Pokemon Ruby in the GBA slot and the National Dex; overwrites land slots 8 and 9,vanilla,yes
Turnback Cave,encounters_turnback_cave_pillar_2_room_4.json,SPECIES_LUNATONE,dual-slot Sapphire,28,needs Pokemon Sapphire in the GBA slot and the National Dex; overwrites land slots 8 and 9,vanilla,yes
Turnback Cave,encounters_turnback_cave_pillar_2_room_4.json,SPECIES_DUSCLOPS,dual-slot Emerald,28,needs Pokemon Emerald in the GBA slot and the National Dex; overwrites land slots 8 and 9,vanilla,yes
Turnback Cave,encounters_turnback_cave_pillar_2_room_4.json,SPECIES_CHINGLING,dual-slot Emerald,28,needs Pokemon Emerald in the GBA slot and the National Dex; overwrites land slots 8 and 9,vanilla,no
Turnback Cave,encounters_turnback_cave_pillar_2_room_4.json,SPECIES_DUSCLOPS,dual-slot FireRed,28,needs Pokemon FireRed in the GBA slot and the National Dex; overwrites land slots 8 and 9,vanilla,yes
Turnback Cave,encounters_turnback_cave_pillar_2_room_4.json,SPECIES_CHINGLING,dual-slot FireRed,28,needs Pokemon FireRed in the GBA slot and the National Dex; overwrites land slots 8 and 9,vanilla,no
Turnback Cave,encounters_turnback_cave_pillar_2_room_4.json,SPECIES_DUSCLOPS,dual-slot LeafGreen,28,needs Pokemon LeafGreen in the GBA slot and the National Dex; overwrites land slots 8 and 9,vanilla,yes
Turnback Cave,encounters_turnback_cave_pillar_2_room_4.json,SPECIES_CHINGLING,dual-slot LeafGreen,28,needs Pokemon LeafGreen in the GBA slot and the National Dex; overwrites land slots 8 and 9,vanilla,no
Turnback Cave,encounters_turnback_cave_pillar_2_room_5.json,SPECIES_HAUNTER,poke radar,27-28,"only in a Poke Radar patch (needs the Radar, National Dex and a grass tile); overwrites land slots 4, 5, 10 and 11",vanilla,no
Turnback Cave,encounters_turnback_cave_pillar_2_room_5.json,SPECIES_GOLBAT,poke radar,27-28,"only in a Poke Radar patch (needs the Radar, National Dex and a grass tile); overwrites land slots 4, 5, 10 and 11",vanilla,yes
Turnback Cave,encounters_turnback_cave_pillar_2_room_5.json,SPECIES_DUSCLOPS,poke radar,27-28,"only in a Poke Radar patch (needs the Radar, National Dex and a grass tile); overwrites land slots 4, 5, 10 and 11",vanilla,yes
Turnback Cave,encounters_turnback_cave_pillar_2_room_5.json,SPECIES_CHINGLING,poke radar,27-28,"only in a Poke Radar patch (needs the Radar, National Dex and a grass tile); overwrites land slots 4, 5, 10 and 11",vanilla,no
Turnback Cave,encounters_turnback_cave_pillar_2_room_5.json,SPECIES_SOLROCK,dual-slot Ruby,28,needs Pokemon Ruby in the GBA slot and the National Dex; overwrites land slots 8 and 9,vanilla,yes
Turnback Cave,encounters_turnback_cave_pillar_2_room_5.json,SPECIES_LUNATONE,dual-slot Sapphire,28,needs Pokemon Sapphire in the GBA slot and the National Dex; overwrites land slots 8 and 9,vanilla,yes
Turnback Cave,encounters_turnback_cave_pillar_2_room_5.json,SPECIES_DUSCLOPS,dual-slot Emerald,28,needs Pokemon Emerald in the GBA slot and the National Dex; overwrites land slots 8 and 9,vanilla,yes
Turnback Cave,encounters_turnback_cave_pillar_2_room_5.json,SPECIES_CHINGLING,dual-slot Emerald,28,needs Pokemon Emerald in the GBA slot and the National Dex; overwrites land slots 8 and 9,vanilla,no
Turnback Cave,encounters_turnback_cave_pillar_2_room_5.json,SPECIES_DUSCLOPS,dual-slot FireRed,28,needs Pokemon FireRed in the GBA slot and the National Dex; overwrites land slots 8 and 9,vanilla,yes
Turnback Cave,encounters_turnback_cave_pillar_2_room_5.json,SPECIES_CHINGLING,dual-slot FireRed,28,needs Pokemon FireRed in the GBA slot and the National Dex; overwrites land slots 8 and 9,vanilla,no
Turnback Cave,encounters_turnback_cave_pillar_2_room_5.json,SPECIES_DUSCLOPS,dual-slot LeafGreen,28,needs Pokemon LeafGreen in the GBA slot and the National Dex; overwrites land slots 8 and 9,vanilla,yes
Turnback Cave,encounters_turnback_cave_pillar_2_room_5.json,SPECIES_CHINGLING,dual-slot LeafGreen,28,needs Pokemon LeafGreen in the GBA slot and the National Dex; overwrites land slots 8 and 9,vanilla,no
Turnback Cave,encounters_turnback_cave_pillar_2_room_6.json,SPECIES_HAUNTER,poke radar,27-28,"only in a Poke Radar patch (needs the Radar, National Dex and a grass tile); overwrites land slots 4, 5, 10 and 11",vanilla,no
Turnback Cave,encounters_turnback_cave_pillar_2_room_6.json,SPECIES_GOLBAT,poke radar,27-28,"only in a Poke Radar patch (needs the Radar, National Dex and a grass tile); overwrites land slots 4, 5, 10 and 11",vanilla,yes
Turnback Cave,encounters_turnback_cave_pillar_2_room_6.json,SPECIES_DUSCLOPS,poke radar,27-28,"only in a Poke Radar patch (needs the Radar, National Dex and a grass tile); overwrites land slots 4, 5, 10 and 11",vanilla,yes
Turnback Cave,encounters_turnback_cave_pillar_2_room_6.json,SPECIES_CHINGLING,poke radar,27-28,"only in a Poke Radar patch (needs the Radar, National Dex and a grass tile); overwrites land slots 4, 5, 10 and 11",vanilla,no
Turnback Cave,encounters_turnback_cave_pillar_2_room_6.json,SPECIES_SOLROCK,dual-slot Ruby,28,needs Pokemon Ruby in the GBA slot and the National Dex; overwrites land slots 8 and 9,vanilla,yes
Turnback Cave,encounters_turnback_cave_pillar_2_room_6.json,SPECIES_LUNATONE,dual-slot Sapphire,28,needs Pokemon Sapphire in the GBA slot and the National Dex; overwrites land slots 8 and 9,vanilla,yes
Turnback Cave,encounters_turnback_cave_pillar_2_room_6.json,SPECIES_DUSCLOPS,dual-slot Emerald,28,needs Pokemon Emerald in the GBA slot and the National Dex; overwrites land slots 8 and 9,vanilla,yes
Turnback Cave,encounters_turnback_cave_pillar_2_room_6.json,SPECIES_CHINGLING,dual-slot Emerald,28,needs Pokemon Emerald in the GBA slot and the National Dex; overwrites land slots 8 and 9,vanilla,no
Turnback Cave,encounters_turnback_cave_pillar_2_room_6.json,SPECIES_DUSCLOPS,dual-slot FireRed,28,needs Pokemon FireRed in the GBA slot and the National Dex; overwrites land slots 8 and 9,vanilla,yes
Turnback Cave,encounters_turnback_cave_pillar_2_room_6.json,SPECIES_CHINGLING,dual-slot FireRed,28,needs Pokemon FireRed in the GBA slot and the National Dex; overwrites land slots 8 and 9,vanilla,no
Turnback Cave,encounters_turnback_cave_pillar_2_room_6.json,SPECIES_DUSCLOPS,dual-slot LeafGreen,28,needs Pokemon LeafGreen in the GBA slot and the National Dex; overwrites land slots 8 and 9,vanilla,yes
Turnback Cave,encounters_turnback_cave_pillar_2_room_6.json,SPECIES_CHINGLING,dual-slot LeafGreen,28,needs Pokemon LeafGreen in the GBA slot and the National Dex; overwrites land slots 8 and 9,vanilla,no
Turnback Cave,encounters_turnback_cave_pillar_3_room_1.json,SPECIES_HAUNTER,poke radar,37-38,"only in a Poke Radar patch (needs the Radar, National Dex and a grass tile); overwrites land slots 4, 5, 10 and 11",vanilla,no
Turnback Cave,encounters_turnback_cave_pillar_3_room_1.json,SPECIES_GOLBAT,poke radar,37-38,"only in a Poke Radar patch (needs the Radar, National Dex and a grass tile); overwrites land slots 4, 5, 10 and 11",vanilla,yes
Turnback Cave,encounters_turnback_cave_pillar_3_room_1.json,SPECIES_DUSCLOPS,poke radar,37-38,"only in a Poke Radar patch (needs the Radar, National Dex and a grass tile); overwrites land slots 4, 5, 10 and 11",vanilla,yes
Turnback Cave,encounters_turnback_cave_pillar_3_room_1.json,SPECIES_CHIMECHO,poke radar,37-38,"only in a Poke Radar patch (needs the Radar, National Dex and a grass tile); overwrites land slots 4, 5, 10 and 11",vanilla,no
Turnback Cave,encounters_turnback_cave_pillar_3_room_1.json,SPECIES_SOLROCK,dual-slot Ruby,38,needs Pokemon Ruby in the GBA slot and the National Dex; overwrites land slots 8 and 9,vanilla,yes
Turnback Cave,encounters_turnback_cave_pillar_3_room_1.json,SPECIES_LUNATONE,dual-slot Sapphire,38,needs Pokemon Sapphire in the GBA slot and the National Dex; overwrites land slots 8 and 9,vanilla,yes
Turnback Cave,encounters_turnback_cave_pillar_3_room_1.json,SPECIES_DUSCLOPS,dual-slot Emerald,38,needs Pokemon Emerald in the GBA slot and the National Dex; overwrites land slots 8 and 9,vanilla,yes
Turnback Cave,encounters_turnback_cave_pillar_3_room_1.json,SPECIES_CHIMECHO,dual-slot Emerald,38,needs Pokemon Emerald in the GBA slot and the National Dex; overwrites land slots 8 and 9,vanilla,no
Turnback Cave,encounters_turnback_cave_pillar_3_room_1.json,SPECIES_DUSCLOPS,dual-slot FireRed,38,needs Pokemon FireRed in the GBA slot and the National Dex; overwrites land slots 8 and 9,vanilla,yes
Turnback Cave,encounters_turnback_cave_pillar_3_room_1.json,SPECIES_CHIMECHO,dual-slot FireRed,38,needs Pokemon FireRed in the GBA slot and the National Dex; overwrites land slots 8 and 9,vanilla,no
Turnback Cave,encounters_turnback_cave_pillar_3_room_1.json,SPECIES_DUSCLOPS,dual-slot LeafGreen,38,needs Pokemon LeafGreen in the GBA slot and the National Dex; overwrites land slots 8 and 9,vanilla,yes
Turnback Cave,encounters_turnback_cave_pillar_3_room_1.json,SPECIES_CHIMECHO,dual-slot LeafGreen,38,needs Pokemon LeafGreen in the GBA slot and the National Dex; overwrites land slots 8 and 9,vanilla,no
Turnback Cave,encounters_turnback_cave_pillar_3_room_2.json,SPECIES_HAUNTER,poke radar,37-38,"only in a Poke Radar patch (needs the Radar, National Dex and a grass tile); overwrites land slots 4, 5, 10 and 11",vanilla,no
Turnback Cave,encounters_turnback_cave_pillar_3_room_2.json,SPECIES_GOLBAT,poke radar,37-38,"only in a Poke Radar patch (needs the Radar, National Dex and a grass tile); overwrites land slots 4, 5, 10 and 11",vanilla,yes
Turnback Cave,encounters_turnback_cave_pillar_3_room_2.json,SPECIES_DUSCLOPS,poke radar,37-38,"only in a Poke Radar patch (needs the Radar, National Dex and a grass tile); overwrites land slots 4, 5, 10 and 11",vanilla,yes
Turnback Cave,encounters_turnback_cave_pillar_3_room_2.json,SPECIES_CHIMECHO,poke radar,37-38,"only in a Poke Radar patch (needs the Radar, National Dex and a grass tile); overwrites land slots 4, 5, 10 and 11",vanilla,no
Turnback Cave,encounters_turnback_cave_pillar_3_room_2.json,SPECIES_SOLROCK,dual-slot Ruby,38,needs Pokemon Ruby in the GBA slot and the National Dex; overwrites land slots 8 and 9,vanilla,yes
Turnback Cave,encounters_turnback_cave_pillar_3_room_2.json,SPECIES_LUNATONE,dual-slot Sapphire,38,needs Pokemon Sapphire in the GBA slot and the National Dex; overwrites land slots 8 and 9,vanilla,yes
Turnback Cave,encounters_turnback_cave_pillar_3_room_2.json,SPECIES_DUSCLOPS,dual-slot Emerald,38,needs Pokemon Emerald in the GBA slot and the National Dex; overwrites land slots 8 and 9,vanilla,yes
Turnback Cave,encounters_turnback_cave_pillar_3_room_2.json,SPECIES_CHIMECHO,dual-slot Emerald,38,needs Pokemon Emerald in the GBA slot and the National Dex; overwrites land slots 8 and 9,vanilla,no
Turnback Cave,encounters_turnback_cave_pillar_3_room_2.json,SPECIES_DUSCLOPS,dual-slot FireRed,38,needs Pokemon FireRed in the GBA slot and the National Dex; overwrites land slots 8 and 9,vanilla,yes
Turnback Cave,encounters_turnback_cave_pillar_3_room_2.json,SPECIES_CHIMECHO,dual-slot FireRed,38,needs Pokemon FireRed in the GBA slot and the National Dex; overwrites land slots 8 and 9,vanilla,no
Turnback Cave,encounters_turnback_cave_pillar_3_room_2.json,SPECIES_DUSCLOPS,dual-slot LeafGreen,38,needs Pokemon LeafGreen in the GBA slot and the National Dex; overwrites land slots 8 and 9,vanilla,yes
Turnback Cave,encounters_turnback_cave_pillar_3_room_2.json,SPECIES_CHIMECHO,dual-slot LeafGreen,38,needs Pokemon LeafGreen in the GBA slot and the National Dex; overwrites land slots 8 and 9,vanilla,no
Turnback Cave,encounters_turnback_cave_pillar_3_room_3.json,SPECIES_HAUNTER,poke radar,37-38,"only in a Poke Radar patch (needs the Radar, National Dex and a grass tile); overwrites land slots 4, 5, 10 and 11",vanilla,no
Turnback Cave,encounters_turnback_cave_pillar_3_room_3.json,SPECIES_GOLBAT,poke radar,37-38,"only in a Poke Radar patch (needs the Radar, National Dex and a grass tile); overwrites land slots 4, 5, 10 and 11",vanilla,yes
Turnback Cave,encounters_turnback_cave_pillar_3_room_3.json,SPECIES_DUSCLOPS,poke radar,37-38,"only in a Poke Radar patch (needs the Radar, National Dex and a grass tile); overwrites land slots 4, 5, 10 and 11",vanilla,yes
Turnback Cave,encounters_turnback_cave_pillar_3_room_3.json,SPECIES_CHIMECHO,poke radar,37-38,"only in a Poke Radar patch (needs the Radar, National Dex and a grass tile); overwrites land slots 4, 5, 10 and 11",vanilla,no
Turnback Cave,encounters_turnback_cave_pillar_3_room_3.json,SPECIES_SOLROCK,dual-slot Ruby,38,needs Pokemon Ruby in the GBA slot and the National Dex; overwrites land slots 8 and 9,vanilla,yes
Turnback Cave,encounters_turnback_cave_pillar_3_room_3.json,SPECIES_LUNATONE,dual-slot Sapphire,38,needs Pokemon Sapphire in the GBA slot and the National Dex; overwrites land slots 8 and 9,vanilla,yes
Turnback Cave,encounters_turnback_cave_pillar_3_room_3.json,SPECIES_DUSCLOPS,dual-slot Emerald,38,needs Pokemon Emerald in the GBA slot and the National Dex; overwrites land slots 8 and 9,vanilla,yes
Turnback Cave,encounters_turnback_cave_pillar_3_room_3.json,SPECIES_CHIMECHO,dual-slot Emerald,38,needs Pokemon Emerald in the GBA slot and the National Dex; overwrites land slots 8 and 9,vanilla,no
Turnback Cave,encounters_turnback_cave_pillar_3_room_3.json,SPECIES_DUSCLOPS,dual-slot FireRed,38,needs Pokemon FireRed in the GBA slot and the National Dex; overwrites land slots 8 and 9,vanilla,yes
Turnback Cave,encounters_turnback_cave_pillar_3_room_3.json,SPECIES_CHIMECHO,dual-slot FireRed,38,needs Pokemon FireRed in the GBA slot and the National Dex; overwrites land slots 8 and 9,vanilla,no
Turnback Cave,encounters_turnback_cave_pillar_3_room_3.json,SPECIES_DUSCLOPS,dual-slot LeafGreen,38,needs Pokemon LeafGreen in the GBA slot and the National Dex; overwrites land slots 8 and 9,vanilla,yes
Turnback Cave,encounters_turnback_cave_pillar_3_room_3.json,SPECIES_CHIMECHO,dual-slot LeafGreen,38,needs Pokemon LeafGreen in the GBA slot and the National Dex; overwrites land slots 8 and 9,vanilla,no
Turnback Cave,encounters_turnback_cave_pillar_3_room_4.json,SPECIES_HAUNTER,poke radar,37-38,"only in a Poke Radar patch (needs the Radar, National Dex and a grass tile); overwrites land slots 4, 5, 10 and 11",vanilla,no
Turnback Cave,encounters_turnback_cave_pillar_3_room_4.json,SPECIES_GOLBAT,poke radar,37-38,"only in a Poke Radar patch (needs the Radar, National Dex and a grass tile); overwrites land slots 4, 5, 10 and 11",vanilla,yes
Turnback Cave,encounters_turnback_cave_pillar_3_room_4.json,SPECIES_DUSCLOPS,poke radar,37-38,"only in a Poke Radar patch (needs the Radar, National Dex and a grass tile); overwrites land slots 4, 5, 10 and 11",vanilla,yes
Turnback Cave,encounters_turnback_cave_pillar_3_room_4.json,SPECIES_CHIMECHO,poke radar,37-38,"only in a Poke Radar patch (needs the Radar, National Dex and a grass tile); overwrites land slots 4, 5, 10 and 11",vanilla,no
Turnback Cave,encounters_turnback_cave_pillar_3_room_4.json,SPECIES_SOLROCK,dual-slot Ruby,38,needs Pokemon Ruby in the GBA slot and the National Dex; overwrites land slots 8 and 9,vanilla,yes
Turnback Cave,encounters_turnback_cave_pillar_3_room_4.json,SPECIES_LUNATONE,dual-slot Sapphire,38,needs Pokemon Sapphire in the GBA slot and the National Dex; overwrites land slots 8 and 9,vanilla,yes
Turnback Cave,encounters_turnback_cave_pillar_3_room_4.json,SPECIES_DUSCLOPS,dual-slot Emerald,38,needs Pokemon Emerald in the GBA slot and the National Dex; overwrites land slots 8 and 9,vanilla,yes
Turnback Cave,encounters_turnback_cave_pillar_3_room_4.json,SPECIES_CHIMECHO,dual-slot Emerald,38,needs Pokemon Emerald in the GBA slot and the National Dex; overwrites land slots 8 and 9,vanilla,no
Turnback Cave,encounters_turnback_cave_pillar_3_room_4.json,SPECIES_DUSCLOPS,dual-slot FireRed,38,needs Pokemon FireRed in the GBA slot and the National Dex; overwrites land slots 8 and 9,vanilla,yes
Turnback Cave,encounters_turnback_cave_pillar_3_room_4.json,SPECIES_CHIMECHO,dual-slot FireRed,38,needs Pokemon FireRed in the GBA slot and the National Dex; overwrites land slots 8 and 9,vanilla,no
Turnback Cave,encounters_turnback_cave_pillar_3_room_4.json,SPECIES_DUSCLOPS,dual-slot LeafGreen,38,needs Pokemon LeafGreen in the GBA slot and the National Dex; overwrites land slots 8 and 9,vanilla,yes
Turnback Cave,encounters_turnback_cave_pillar_3_room_4.json,SPECIES_CHIMECHO,dual-slot LeafGreen,38,needs Pokemon LeafGreen in the GBA slot and the National Dex; overwrites land slots 8 and 9,vanilla,no
Turnback Cave,encounters_turnback_cave_pillar_3_room_5.json,SPECIES_HAUNTER,poke radar,37-38,"only in a Poke Radar patch (needs the Radar, National Dex and a grass tile); overwrites land slots 4, 5, 10 and 11",vanilla,no
Turnback Cave,encounters_turnback_cave_pillar_3_room_5.json,SPECIES_GOLBAT,poke radar,37-38,"only in a Poke Radar patch (needs the Radar, National Dex and a grass tile); overwrites land slots 4, 5, 10 and 11",vanilla,yes
Turnback Cave,encounters_turnback_cave_pillar_3_room_5.json,SPECIES_DUSCLOPS,poke radar,37-38,"only in a Poke Radar patch (needs the Radar, National Dex and a grass tile); overwrites land slots 4, 5, 10 and 11",vanilla,yes
Turnback Cave,encounters_turnback_cave_pillar_3_room_5.json,SPECIES_CHIMECHO,poke radar,37-38,"only in a Poke Radar patch (needs the Radar, National Dex and a grass tile); overwrites land slots 4, 5, 10 and 11",vanilla,no
Turnback Cave,encounters_turnback_cave_pillar_3_room_5.json,SPECIES_SOLROCK,dual-slot Ruby,38,needs Pokemon Ruby in the GBA slot and the National Dex; overwrites land slots 8 and 9,vanilla,yes
Turnback Cave,encounters_turnback_cave_pillar_3_room_5.json,SPECIES_LUNATONE,dual-slot Sapphire,38,needs Pokemon Sapphire in the GBA slot and the National Dex; overwrites land slots 8 and 9,vanilla,yes
Turnback Cave,encounters_turnback_cave_pillar_3_room_5.json,SPECIES_DUSCLOPS,dual-slot Emerald,38,needs Pokemon Emerald in the GBA slot and the National Dex; overwrites land slots 8 and 9,vanilla,yes
Turnback Cave,encounters_turnback_cave_pillar_3_room_5.json,SPECIES_CHIMECHO,dual-slot Emerald,38,needs Pokemon Emerald in the GBA slot and the National Dex; overwrites land slots 8 and 9,vanilla,no
Turnback Cave,encounters_turnback_cave_pillar_3_room_5.json,SPECIES_DUSCLOPS,dual-slot FireRed,38,needs Pokemon FireRed in the GBA slot and the National Dex; overwrites land slots 8 and 9,vanilla,yes
Turnback Cave,encounters_turnback_cave_pillar_3_room_5.json,SPECIES_CHIMECHO,dual-slot FireRed,38,needs Pokemon FireRed in the GBA slot and the National Dex; overwrites land slots 8 and 9,vanilla,no
Turnback Cave,encounters_turnback_cave_pillar_3_room_5.json,SPECIES_DUSCLOPS,dual-slot LeafGreen,38,needs Pokemon LeafGreen in the GBA slot and the National Dex; overwrites land slots 8 and 9,vanilla,yes
Turnback Cave,encounters_turnback_cave_pillar_3_room_5.json,SPECIES_CHIMECHO,dual-slot LeafGreen,38,needs Pokemon LeafGreen in the GBA slot and the National Dex; overwrites land slots 8 and 9,vanilla,no
Turnback Cave Pillar 3 Room 6,encounters_turnback_cave_pillar_3_room_6.json,SPECIES_HAUNTER,poke radar,37-38,"only in a Poke Radar patch (needs the Radar, National Dex and a grass tile); overwrites land slots 4, 5, 10 and 11",vanilla,no
Turnback Cave Pillar 3 Room 6,encounters_turnback_cave_pillar_3_room_6.json,SPECIES_GOLBAT,poke radar,37-38,"only in a Poke Radar patch (needs the Radar, National Dex and a grass tile); overwrites land slots 4, 5, 10 and 11",vanilla,yes
Turnback Cave Pillar 3 Room 6,encounters_turnback_cave_pillar_3_room_6.json,SPECIES_DUSCLOPS,poke radar,37-38,"only in a Poke Radar patch (needs the Radar, National Dex and a grass tile); overwrites land slots 4, 5, 10 and 11",vanilla,yes
Turnback Cave Pillar 3 Room 6,encounters_turnback_cave_pillar_3_room_6.json,SPECIES_CHIMECHO,poke radar,37-38,"only in a Poke Radar patch (needs the Radar, National Dex and a grass tile); overwrites land slots 4, 5, 10 and 11",vanilla,no
Turnback Cave Pillar 3 Room 6,encounters_turnback_cave_pillar_3_room_6.json,SPECIES_SOLROCK,dual-slot Ruby,38,needs Pokemon Ruby in the GBA slot and the National Dex; overwrites land slots 8 and 9,vanilla,yes
Turnback Cave Pillar 3 Room 6,encounters_turnback_cave_pillar_3_room_6.json,SPECIES_LUNATONE,dual-slot Sapphire,38,needs Pokemon Sapphire in the GBA slot and the National Dex; overwrites land slots 8 and 9,vanilla,yes
Turnback Cave Pillar 3 Room 6,encounters_turnback_cave_pillar_3_room_6.json,SPECIES_DUSCLOPS,dual-slot Emerald,38,needs Pokemon Emerald in the GBA slot and the National Dex; overwrites land slots 8 and 9,vanilla,yes
Turnback Cave Pillar 3 Room 6,encounters_turnback_cave_pillar_3_room_6.json,SPECIES_CHIMECHO,dual-slot Emerald,38,needs Pokemon Emerald in the GBA slot and the National Dex; overwrites land slots 8 and 9,vanilla,no
Turnback Cave Pillar 3 Room 6,encounters_turnback_cave_pillar_3_room_6.json,SPECIES_DUSCLOPS,dual-slot FireRed,38,needs Pokemon FireRed in the GBA slot and the National Dex; overwrites land slots 8 and 9,vanilla,yes
Turnback Cave Pillar 3 Room 6,encounters_turnback_cave_pillar_3_room_6.json,SPECIES_CHIMECHO,dual-slot FireRed,38,needs Pokemon FireRed in the GBA slot and the National Dex; overwrites land slots 8 and 9,vanilla,no
Turnback Cave Pillar 3 Room 6,encounters_turnback_cave_pillar_3_room_6.json,SPECIES_DUSCLOPS,dual-slot LeafGreen,38,needs Pokemon LeafGreen in the GBA slot and the National Dex; overwrites land slots 8 and 9,vanilla,yes
Turnback Cave Pillar 3 Room 6,encounters_turnback_cave_pillar_3_room_6.json,SPECIES_CHIMECHO,dual-slot LeafGreen,38,needs Pokemon LeafGreen in the GBA slot and the National Dex; overwrites land slots 8 and 9,vanilla,no
Turnback Cave Pillar Room,encounters_turnback_cave_pillar_room.json,SPECIES_HAUNTER,poke radar,37-38,"only in a Poke Radar patch (needs the Radar, National Dex and a grass tile); overwrites land slots 4, 5, 10 and 11",vanilla,no
Turnback Cave Pillar Room,encounters_turnback_cave_pillar_room.json,SPECIES_GOLBAT,poke radar,37-38,"only in a Poke Radar patch (needs the Radar, National Dex and a grass tile); overwrites land slots 4, 5, 10 and 11",vanilla,yes
Turnback Cave Pillar Room,encounters_turnback_cave_pillar_room.json,SPECIES_DUSCLOPS,poke radar,37-38,"only in a Poke Radar patch (needs the Radar, National Dex and a grass tile); overwrites land slots 4, 5, 10 and 11",vanilla,yes
Turnback Cave Pillar Room,encounters_turnback_cave_pillar_room.json,SPECIES_CHIMECHO,poke radar,37-38,"only in a Poke Radar patch (needs the Radar, National Dex and a grass tile); overwrites land slots 4, 5, 10 and 11",vanilla,no
Turnback Cave Pillar Room,encounters_turnback_cave_pillar_room.json,SPECIES_SOLROCK,dual-slot Ruby,38,needs Pokemon Ruby in the GBA slot and the National Dex; overwrites land slots 8 and 9,vanilla,yes
Turnback Cave Pillar Room,encounters_turnback_cave_pillar_room.json,SPECIES_LUNATONE,dual-slot Sapphire,38,needs Pokemon Sapphire in the GBA slot and the National Dex; overwrites land slots 8 and 9,vanilla,yes
Turnback Cave Pillar Room,encounters_turnback_cave_pillar_room.json,SPECIES_DUSCLOPS,dual-slot Emerald,38,needs Pokemon Emerald in the GBA slot and the National Dex; overwrites land slots 8 and 9,vanilla,yes
Turnback Cave Pillar Room,encounters_turnback_cave_pillar_room.json,SPECIES_CHIMECHO,dual-slot Emerald,38,needs Pokemon Emerald in the GBA slot and the National Dex; overwrites land slots 8 and 9,vanilla,no
Turnback Cave Pillar Room,encounters_turnback_cave_pillar_room.json,SPECIES_DUSCLOPS,dual-slot FireRed,38,needs Pokemon FireRed in the GBA slot and the National Dex; overwrites land slots 8 and 9,vanilla,yes
Turnback Cave Pillar Room,encounters_turnback_cave_pillar_room.json,SPECIES_CHIMECHO,dual-slot FireRed,38,needs Pokemon FireRed in the GBA slot and the National Dex; overwrites land slots 8 and 9,vanilla,no
Turnback Cave Pillar Room,encounters_turnback_cave_pillar_room.json,SPECIES_DUSCLOPS,dual-slot LeafGreen,38,needs Pokemon LeafGreen in the GBA slot and the National Dex; overwrites land slots 8 and 9,vanilla,yes
Turnback Cave Pillar Room,encounters_turnback_cave_pillar_room.json,SPECIES_CHIMECHO,dual-slot LeafGreen,38,needs Pokemon LeafGreen in the GBA slot and the National Dex; overwrites land slots 8 and 9,vanilla,no
Twinleaf Town,encounters_twinleaf_town.json,SPECIES_NONE,poke radar,0,"only in a Poke Radar patch (needs the Radar, National Dex and a grass tile); overwrites land slots 4, 5, 10 and 11",vanilla,no
Twinleaf Town,encounters_twinleaf_town.json,SPECIES_NONE,dual-slot Ruby,0,needs Pokemon Ruby in the GBA slot and the National Dex; overwrites land slots 8 and 9,vanilla,no
Twinleaf Town,encounters_twinleaf_town.json,SPECIES_NONE,dual-slot Sapphire,0,needs Pokemon Sapphire in the GBA slot and the National Dex; overwrites land slots 8 and 9,vanilla,no
Twinleaf Town,encounters_twinleaf_town.json,SPECIES_NONE,dual-slot Emerald,0,needs Pokemon Emerald in the GBA slot and the National Dex; overwrites land slots 8 and 9,vanilla,no
Twinleaf Town,encounters_twinleaf_town.json,SPECIES_NONE,dual-slot FireRed,0,needs Pokemon FireRed in the GBA slot and the National Dex; overwrites land slots 8 and 9,vanilla,no
Twinleaf Town,encounters_twinleaf_town.json,SPECIES_NONE,dual-slot LeafGreen,0,needs Pokemon LeafGreen in the GBA slot and the National Dex; overwrites land slots 8 and 9,vanilla,no
Unknown 533,encounters_unknown_533.json,SPECIES_HAUNTER,poke radar,46-48,"only in a Poke Radar patch (needs the Radar, National Dex and a grass tile); overwrites land slots 4, 5, 10 and 11",vanilla,no
Unknown 533,encounters_unknown_533.json,SPECIES_GOLBAT,poke radar,46-48,"only in a Poke Radar patch (needs the Radar, National Dex and a grass tile); overwrites land slots 4, 5, 10 and 11",vanilla,yes
Unknown 533,encounters_unknown_533.json,SPECIES_DUSCLOPS,poke radar,46-48,"only in a Poke Radar patch (needs the Radar, National Dex and a grass tile); overwrites land slots 4, 5, 10 and 11",vanilla,yes
Unknown 533,encounters_unknown_533.json,SPECIES_CHIMECHO,poke radar,46-48,"only in a Poke Radar patch (needs the Radar, National Dex and a grass tile); overwrites land slots 4, 5, 10 and 11",vanilla,no
Unknown 533,encounters_unknown_533.json,SPECIES_SOLROCK,dual-slot Ruby,45-47,needs Pokemon Ruby in the GBA slot and the National Dex; overwrites land slots 8 and 9,vanilla,yes
Unknown 533,encounters_unknown_533.json,SPECIES_LUNATONE,dual-slot Sapphire,45-47,needs Pokemon Sapphire in the GBA slot and the National Dex; overwrites land slots 8 and 9,vanilla,yes
Unknown 533,encounters_unknown_533.json,SPECIES_DUSCLOPS,dual-slot Emerald,45-47,needs Pokemon Emerald in the GBA slot and the National Dex; overwrites land slots 8 and 9,vanilla,yes
Unknown 533,encounters_unknown_533.json,SPECIES_CHIMECHO,dual-slot Emerald,45-47,needs Pokemon Emerald in the GBA slot and the National Dex; overwrites land slots 8 and 9,vanilla,no
Unknown 533,encounters_unknown_533.json,SPECIES_DUSCLOPS,dual-slot FireRed,45-47,needs Pokemon FireRed in the GBA slot and the National Dex; overwrites land slots 8 and 9,vanilla,yes
Unknown 533,encounters_unknown_533.json,SPECIES_CHIMECHO,dual-slot FireRed,45-47,needs Pokemon FireRed in the GBA slot and the National Dex; overwrites land slots 8 and 9,vanilla,no
Unknown 533,encounters_unknown_533.json,SPECIES_DUSCLOPS,dual-slot LeafGreen,45-47,needs Pokemon LeafGreen in the GBA slot and the National Dex; overwrites land slots 8 and 9,vanilla,yes
Unknown 533,encounters_unknown_533.json,SPECIES_CHIMECHO,dual-slot LeafGreen,45-47,needs Pokemon LeafGreen in the GBA slot and the National Dex; overwrites land slots 8 and 9,vanilla,no
Unknown 534,encounters_unknown_534.json,SPECIES_HAUNTER,poke radar,46-48,"only in a Poke Radar patch (needs the Radar, National Dex and a grass tile); overwrites land slots 4, 5, 10 and 11",vanilla,no
Unknown 534,encounters_unknown_534.json,SPECIES_GOLBAT,poke radar,46-48,"only in a Poke Radar patch (needs the Radar, National Dex and a grass tile); overwrites land slots 4, 5, 10 and 11",vanilla,yes
Unknown 534,encounters_unknown_534.json,SPECIES_DUSCLOPS,poke radar,46-48,"only in a Poke Radar patch (needs the Radar, National Dex and a grass tile); overwrites land slots 4, 5, 10 and 11",vanilla,yes
Unknown 534,encounters_unknown_534.json,SPECIES_CHIMECHO,poke radar,46-48,"only in a Poke Radar patch (needs the Radar, National Dex and a grass tile); overwrites land slots 4, 5, 10 and 11",vanilla,no
Unknown 534,encounters_unknown_534.json,SPECIES_SOLROCK,dual-slot Ruby,45-47,needs Pokemon Ruby in the GBA slot and the National Dex; overwrites land slots 8 and 9,vanilla,yes
Unknown 534,encounters_unknown_534.json,SPECIES_LUNATONE,dual-slot Sapphire,45-47,needs Pokemon Sapphire in the GBA slot and the National Dex; overwrites land slots 8 and 9,vanilla,yes
Unknown 534,encounters_unknown_534.json,SPECIES_DUSCLOPS,dual-slot Emerald,45-47,needs Pokemon Emerald in the GBA slot and the National Dex; overwrites land slots 8 and 9,vanilla,yes
Unknown 534,encounters_unknown_534.json,SPECIES_CHIMECHO,dual-slot Emerald,45-47,needs Pokemon Emerald in the GBA slot and the National Dex; overwrites land slots 8 and 9,vanilla,no
Unknown 534,encounters_unknown_534.json,SPECIES_DUSCLOPS,dual-slot FireRed,45-47,needs Pokemon FireRed in the GBA slot and the National Dex; overwrites land slots 8 and 9,vanilla,yes
Unknown 534,encounters_unknown_534.json,SPECIES_CHIMECHO,dual-slot FireRed,45-47,needs Pokemon FireRed in the GBA slot and the National Dex; overwrites land slots 8 and 9,vanilla,no
Unknown 534,encounters_unknown_534.json,SPECIES_DUSCLOPS,dual-slot LeafGreen,45-47,needs Pokemon LeafGreen in the GBA slot and the National Dex; overwrites land slots 8 and 9,vanilla,yes
Unknown 534,encounters_unknown_534.json,SPECIES_CHIMECHO,dual-slot LeafGreen,45-47,needs Pokemon LeafGreen in the GBA slot and the National Dex; overwrites land slots 8 and 9,vanilla,no
Unknown 535,encounters_unknown_535.json,SPECIES_HAUNTER,poke radar,46-48,"only in a Poke Radar patch (needs the Radar, National Dex and a grass tile); overwrites land slots 4, 5, 10 and 11",vanilla,no
Unknown 535,encounters_unknown_535.json,SPECIES_GOLBAT,poke radar,46-48,"only in a Poke Radar patch (needs the Radar, National Dex and a grass tile); overwrites land slots 4, 5, 10 and 11",vanilla,yes
Unknown 535,encounters_unknown_535.json,SPECIES_DUSCLOPS,poke radar,46-48,"only in a Poke Radar patch (needs the Radar, National Dex and a grass tile); overwrites land slots 4, 5, 10 and 11",vanilla,yes
Unknown 535,encounters_unknown_535.json,SPECIES_CHIMECHO,poke radar,46-48,"only in a Poke Radar patch (needs the Radar, National Dex and a grass tile); overwrites land slots 4, 5, 10 and 11",vanilla,no
Unknown 535,encounters_unknown_535.json,SPECIES_SOLROCK,dual-slot Ruby,45-47,needs Pokemon Ruby in the GBA slot and the National Dex; overwrites land slots 8 and 9,vanilla,yes
Unknown 535,encounters_unknown_535.json,SPECIES_LUNATONE,dual-slot Sapphire,45-47,needs Pokemon Sapphire in the GBA slot and the National Dex; overwrites land slots 8 and 9,vanilla,yes
Unknown 535,encounters_unknown_535.json,SPECIES_DUSCLOPS,dual-slot Emerald,45-47,needs Pokemon Emerald in the GBA slot and the National Dex; overwrites land slots 8 and 9,vanilla,yes
Unknown 535,encounters_unknown_535.json,SPECIES_CHIMECHO,dual-slot Emerald,45-47,needs Pokemon Emerald in the GBA slot and the National Dex; overwrites land slots 8 and 9,vanilla,no
Unknown 535,encounters_unknown_535.json,SPECIES_DUSCLOPS,dual-slot FireRed,45-47,needs Pokemon FireRed in the GBA slot and the National Dex; overwrites land slots 8 and 9,vanilla,yes
Unknown 535,encounters_unknown_535.json,SPECIES_CHIMECHO,dual-slot FireRed,45-47,needs Pokemon FireRed in the GBA slot and the National Dex; overwrites land slots 8 and 9,vanilla,no
Unknown 535,encounters_unknown_535.json,SPECIES_DUSCLOPS,dual-slot LeafGreen,45-47,needs Pokemon LeafGreen in the GBA slot and the National Dex; overwrites land slots 8 and 9,vanilla,yes
Unknown 535,encounters_unknown_535.json,SPECIES_CHIMECHO,dual-slot LeafGreen,45-47,needs Pokemon LeafGreen in the GBA slot and the National Dex; overwrites land slots 8 and 9,vanilla,no
Unknown 536,encounters_unknown_536.json,SPECIES_HAUNTER,poke radar,46-48,"only in a Poke Radar patch (needs the Radar, National Dex and a grass tile); overwrites land slots 4, 5, 10 and 11",vanilla,no
Unknown 536,encounters_unknown_536.json,SPECIES_GOLBAT,poke radar,46-48,"only in a Poke Radar patch (needs the Radar, National Dex and a grass tile); overwrites land slots 4, 5, 10 and 11",vanilla,yes
Unknown 536,encounters_unknown_536.json,SPECIES_DUSCLOPS,poke radar,46-48,"only in a Poke Radar patch (needs the Radar, National Dex and a grass tile); overwrites land slots 4, 5, 10 and 11",vanilla,yes
Unknown 536,encounters_unknown_536.json,SPECIES_CHIMECHO,poke radar,46-48,"only in a Poke Radar patch (needs the Radar, National Dex and a grass tile); overwrites land slots 4, 5, 10 and 11",vanilla,no
Unknown 536,encounters_unknown_536.json,SPECIES_SOLROCK,dual-slot Ruby,45-47,needs Pokemon Ruby in the GBA slot and the National Dex; overwrites land slots 8 and 9,vanilla,yes
Unknown 536,encounters_unknown_536.json,SPECIES_LUNATONE,dual-slot Sapphire,45-47,needs Pokemon Sapphire in the GBA slot and the National Dex; overwrites land slots 8 and 9,vanilla,yes
Unknown 536,encounters_unknown_536.json,SPECIES_DUSCLOPS,dual-slot Emerald,45-47,needs Pokemon Emerald in the GBA slot and the National Dex; overwrites land slots 8 and 9,vanilla,yes
Unknown 536,encounters_unknown_536.json,SPECIES_CHIMECHO,dual-slot Emerald,45-47,needs Pokemon Emerald in the GBA slot and the National Dex; overwrites land slots 8 and 9,vanilla,no
Unknown 536,encounters_unknown_536.json,SPECIES_DUSCLOPS,dual-slot FireRed,45-47,needs Pokemon FireRed in the GBA slot and the National Dex; overwrites land slots 8 and 9,vanilla,yes
Unknown 536,encounters_unknown_536.json,SPECIES_CHIMECHO,dual-slot FireRed,45-47,needs Pokemon FireRed in the GBA slot and the National Dex; overwrites land slots 8 and 9,vanilla,no
Unknown 536,encounters_unknown_536.json,SPECIES_DUSCLOPS,dual-slot LeafGreen,45-47,needs Pokemon LeafGreen in the GBA slot and the National Dex; overwrites land slots 8 and 9,vanilla,yes
Unknown 536,encounters_unknown_536.json,SPECIES_CHIMECHO,dual-slot LeafGreen,45-47,needs Pokemon LeafGreen in the GBA slot and the National Dex; overwrites land slots 8 and 9,vanilla,no
Unknown 537,encounters_unknown_537.json,SPECIES_HAUNTER,poke radar,46-48,"only in a Poke Radar patch (needs the Radar, National Dex and a grass tile); overwrites land slots 4, 5, 10 and 11",vanilla,no
Unknown 537,encounters_unknown_537.json,SPECIES_GOLBAT,poke radar,46-48,"only in a Poke Radar patch (needs the Radar, National Dex and a grass tile); overwrites land slots 4, 5, 10 and 11",vanilla,yes
Unknown 537,encounters_unknown_537.json,SPECIES_DUSCLOPS,poke radar,46-48,"only in a Poke Radar patch (needs the Radar, National Dex and a grass tile); overwrites land slots 4, 5, 10 and 11",vanilla,yes
Unknown 537,encounters_unknown_537.json,SPECIES_CHIMECHO,poke radar,46-48,"only in a Poke Radar patch (needs the Radar, National Dex and a grass tile); overwrites land slots 4, 5, 10 and 11",vanilla,no
Unknown 537,encounters_unknown_537.json,SPECIES_SOLROCK,dual-slot Ruby,45-47,needs Pokemon Ruby in the GBA slot and the National Dex; overwrites land slots 8 and 9,vanilla,yes
Unknown 537,encounters_unknown_537.json,SPECIES_LUNATONE,dual-slot Sapphire,45-47,needs Pokemon Sapphire in the GBA slot and the National Dex; overwrites land slots 8 and 9,vanilla,yes
Unknown 537,encounters_unknown_537.json,SPECIES_DUSCLOPS,dual-slot Emerald,45-47,needs Pokemon Emerald in the GBA slot and the National Dex; overwrites land slots 8 and 9,vanilla,yes
Unknown 537,encounters_unknown_537.json,SPECIES_CHIMECHO,dual-slot Emerald,45-47,needs Pokemon Emerald in the GBA slot and the National Dex; overwrites land slots 8 and 9,vanilla,no
Unknown 537,encounters_unknown_537.json,SPECIES_DUSCLOPS,dual-slot FireRed,45-47,needs Pokemon FireRed in the GBA slot and the National Dex; overwrites land slots 8 and 9,vanilla,yes
Unknown 537,encounters_unknown_537.json,SPECIES_CHIMECHO,dual-slot FireRed,45-47,needs Pokemon FireRed in the GBA slot and the National Dex; overwrites land slots 8 and 9,vanilla,no
Unknown 537,encounters_unknown_537.json,SPECIES_DUSCLOPS,dual-slot LeafGreen,45-47,needs Pokemon LeafGreen in the GBA slot and the National Dex; overwrites land slots 8 and 9,vanilla,yes
Unknown 537,encounters_unknown_537.json,SPECIES_CHIMECHO,dual-slot LeafGreen,45-47,needs Pokemon LeafGreen in the GBA slot and the National Dex; overwrites land slots 8 and 9,vanilla,no
Unknown 538,encounters_unknown_538.json,SPECIES_HAUNTER,poke radar,46-48,"only in a Poke Radar patch (needs the Radar, National Dex and a grass tile); overwrites land slots 4, 5, 10 and 11",vanilla,no
Unknown 538,encounters_unknown_538.json,SPECIES_GOLBAT,poke radar,46-48,"only in a Poke Radar patch (needs the Radar, National Dex and a grass tile); overwrites land slots 4, 5, 10 and 11",vanilla,yes
Unknown 538,encounters_unknown_538.json,SPECIES_DUSCLOPS,poke radar,46-48,"only in a Poke Radar patch (needs the Radar, National Dex and a grass tile); overwrites land slots 4, 5, 10 and 11",vanilla,yes
Unknown 538,encounters_unknown_538.json,SPECIES_CHIMECHO,poke radar,46-48,"only in a Poke Radar patch (needs the Radar, National Dex and a grass tile); overwrites land slots 4, 5, 10 and 11",vanilla,no
Unknown 538,encounters_unknown_538.json,SPECIES_SOLROCK,dual-slot Ruby,45-47,needs Pokemon Ruby in the GBA slot and the National Dex; overwrites land slots 8 and 9,vanilla,yes
Unknown 538,encounters_unknown_538.json,SPECIES_LUNATONE,dual-slot Sapphire,45-47,needs Pokemon Sapphire in the GBA slot and the National Dex; overwrites land slots 8 and 9,vanilla,yes
Unknown 538,encounters_unknown_538.json,SPECIES_DUSCLOPS,dual-slot Emerald,45-47,needs Pokemon Emerald in the GBA slot and the National Dex; overwrites land slots 8 and 9,vanilla,yes
Unknown 538,encounters_unknown_538.json,SPECIES_CHIMECHO,dual-slot Emerald,45-47,needs Pokemon Emerald in the GBA slot and the National Dex; overwrites land slots 8 and 9,vanilla,no
Unknown 538,encounters_unknown_538.json,SPECIES_DUSCLOPS,dual-slot FireRed,45-47,needs Pokemon FireRed in the GBA slot and the National Dex; overwrites land slots 8 and 9,vanilla,yes
Unknown 538,encounters_unknown_538.json,SPECIES_CHIMECHO,dual-slot FireRed,45-47,needs Pokemon FireRed in the GBA slot and the National Dex; overwrites land slots 8 and 9,vanilla,no
Unknown 538,encounters_unknown_538.json,SPECIES_DUSCLOPS,dual-slot LeafGreen,45-47,needs Pokemon LeafGreen in the GBA slot and the National Dex; overwrites land slots 8 and 9,vanilla,yes
Unknown 538,encounters_unknown_538.json,SPECIES_CHIMECHO,dual-slot LeafGreen,45-47,needs Pokemon LeafGreen in the GBA slot and the National Dex; overwrites land slots 8 and 9,vanilla,no
Unknown 539,encounters_unknown_539.json,SPECIES_HAUNTER,poke radar,46-48,"only in a Poke Radar patch (needs the Radar, National Dex and a grass tile); overwrites land slots 4, 5, 10 and 11",vanilla,no
Unknown 539,encounters_unknown_539.json,SPECIES_GOLBAT,poke radar,46-48,"only in a Poke Radar patch (needs the Radar, National Dex and a grass tile); overwrites land slots 4, 5, 10 and 11",vanilla,yes
Unknown 539,encounters_unknown_539.json,SPECIES_DUSCLOPS,poke radar,46-48,"only in a Poke Radar patch (needs the Radar, National Dex and a grass tile); overwrites land slots 4, 5, 10 and 11",vanilla,yes
Unknown 539,encounters_unknown_539.json,SPECIES_CHIMECHO,poke radar,46-48,"only in a Poke Radar patch (needs the Radar, National Dex and a grass tile); overwrites land slots 4, 5, 10 and 11",vanilla,no
Unknown 539,encounters_unknown_539.json,SPECIES_SOLROCK,dual-slot Ruby,45-47,needs Pokemon Ruby in the GBA slot and the National Dex; overwrites land slots 8 and 9,vanilla,yes
Unknown 539,encounters_unknown_539.json,SPECIES_LUNATONE,dual-slot Sapphire,45-47,needs Pokemon Sapphire in the GBA slot and the National Dex; overwrites land slots 8 and 9,vanilla,yes
Unknown 539,encounters_unknown_539.json,SPECIES_DUSCLOPS,dual-slot Emerald,45-47,needs Pokemon Emerald in the GBA slot and the National Dex; overwrites land slots 8 and 9,vanilla,yes
Unknown 539,encounters_unknown_539.json,SPECIES_CHIMECHO,dual-slot Emerald,45-47,needs Pokemon Emerald in the GBA slot and the National Dex; overwrites land slots 8 and 9,vanilla,no
Unknown 539,encounters_unknown_539.json,SPECIES_DUSCLOPS,dual-slot FireRed,45-47,needs Pokemon FireRed in the GBA slot and the National Dex; overwrites land slots 8 and 9,vanilla,yes
Unknown 539,encounters_unknown_539.json,SPECIES_CHIMECHO,dual-slot FireRed,45-47,needs Pokemon FireRed in the GBA slot and the National Dex; overwrites land slots 8 and 9,vanilla,no
Unknown 539,encounters_unknown_539.json,SPECIES_DUSCLOPS,dual-slot LeafGreen,45-47,needs Pokemon LeafGreen in the GBA slot and the National Dex; overwrites land slots 8 and 9,vanilla,yes
Unknown 539,encounters_unknown_539.json,SPECIES_CHIMECHO,dual-slot LeafGreen,45-47,needs Pokemon LeafGreen in the GBA slot and the National Dex; overwrites land slots 8 and 9,vanilla,no
Unknown 540,encounters_unknown_540.json,SPECIES_HAUNTER,poke radar,46-48,"only in a Poke Radar patch (needs the Radar, National Dex and a grass tile); overwrites land slots 4, 5, 10 and 11",vanilla,no
Unknown 540,encounters_unknown_540.json,SPECIES_GOLBAT,poke radar,46-48,"only in a Poke Radar patch (needs the Radar, National Dex and a grass tile); overwrites land slots 4, 5, 10 and 11",vanilla,yes
Unknown 540,encounters_unknown_540.json,SPECIES_DUSCLOPS,poke radar,46-48,"only in a Poke Radar patch (needs the Radar, National Dex and a grass tile); overwrites land slots 4, 5, 10 and 11",vanilla,yes
Unknown 540,encounters_unknown_540.json,SPECIES_CHIMECHO,poke radar,46-48,"only in a Poke Radar patch (needs the Radar, National Dex and a grass tile); overwrites land slots 4, 5, 10 and 11",vanilla,no
Unknown 540,encounters_unknown_540.json,SPECIES_SOLROCK,dual-slot Ruby,45-47,needs Pokemon Ruby in the GBA slot and the National Dex; overwrites land slots 8 and 9,vanilla,yes
Unknown 540,encounters_unknown_540.json,SPECIES_LUNATONE,dual-slot Sapphire,45-47,needs Pokemon Sapphire in the GBA slot and the National Dex; overwrites land slots 8 and 9,vanilla,yes
Unknown 540,encounters_unknown_540.json,SPECIES_DUSCLOPS,dual-slot Emerald,45-47,needs Pokemon Emerald in the GBA slot and the National Dex; overwrites land slots 8 and 9,vanilla,yes
Unknown 540,encounters_unknown_540.json,SPECIES_CHIMECHO,dual-slot Emerald,45-47,needs Pokemon Emerald in the GBA slot and the National Dex; overwrites land slots 8 and 9,vanilla,no
Unknown 540,encounters_unknown_540.json,SPECIES_DUSCLOPS,dual-slot FireRed,45-47,needs Pokemon FireRed in the GBA slot and the National Dex; overwrites land slots 8 and 9,vanilla,yes
Unknown 540,encounters_unknown_540.json,SPECIES_CHIMECHO,dual-slot FireRed,45-47,needs Pokemon FireRed in the GBA slot and the National Dex; overwrites land slots 8 and 9,vanilla,no
Unknown 540,encounters_unknown_540.json,SPECIES_DUSCLOPS,dual-slot LeafGreen,45-47,needs Pokemon LeafGreen in the GBA slot and the National Dex; overwrites land slots 8 and 9,vanilla,yes
Unknown 540,encounters_unknown_540.json,SPECIES_CHIMECHO,dual-slot LeafGreen,45-47,needs Pokemon LeafGreen in the GBA slot and the National Dex; overwrites land slots 8 and 9,vanilla,no
Unknown 541,encounters_unknown_541.json,SPECIES_HAUNTER,poke radar,46-48,"only in a Poke Radar patch (needs the Radar, National Dex and a grass tile); overwrites land slots 4, 5, 10 and 11",vanilla,no
Unknown 541,encounters_unknown_541.json,SPECIES_GOLBAT,poke radar,46-48,"only in a Poke Radar patch (needs the Radar, National Dex and a grass tile); overwrites land slots 4, 5, 10 and 11",vanilla,yes
Unknown 541,encounters_unknown_541.json,SPECIES_DUSCLOPS,poke radar,46-48,"only in a Poke Radar patch (needs the Radar, National Dex and a grass tile); overwrites land slots 4, 5, 10 and 11",vanilla,yes
Unknown 541,encounters_unknown_541.json,SPECIES_CHIMECHO,poke radar,46-48,"only in a Poke Radar patch (needs the Radar, National Dex and a grass tile); overwrites land slots 4, 5, 10 and 11",vanilla,no
Unknown 541,encounters_unknown_541.json,SPECIES_SOLROCK,dual-slot Ruby,45-47,needs Pokemon Ruby in the GBA slot and the National Dex; overwrites land slots 8 and 9,vanilla,yes
Unknown 541,encounters_unknown_541.json,SPECIES_LUNATONE,dual-slot Sapphire,45-47,needs Pokemon Sapphire in the GBA slot and the National Dex; overwrites land slots 8 and 9,vanilla,yes
Unknown 541,encounters_unknown_541.json,SPECIES_DUSCLOPS,dual-slot Emerald,45-47,needs Pokemon Emerald in the GBA slot and the National Dex; overwrites land slots 8 and 9,vanilla,yes
Unknown 541,encounters_unknown_541.json,SPECIES_CHIMECHO,dual-slot Emerald,45-47,needs Pokemon Emerald in the GBA slot and the National Dex; overwrites land slots 8 and 9,vanilla,no
Unknown 541,encounters_unknown_541.json,SPECIES_DUSCLOPS,dual-slot FireRed,45-47,needs Pokemon FireRed in the GBA slot and the National Dex; overwrites land slots 8 and 9,vanilla,yes
Unknown 541,encounters_unknown_541.json,SPECIES_CHIMECHO,dual-slot FireRed,45-47,needs Pokemon FireRed in the GBA slot and the National Dex; overwrites land slots 8 and 9,vanilla,no
Unknown 541,encounters_unknown_541.json,SPECIES_DUSCLOPS,dual-slot LeafGreen,45-47,needs Pokemon LeafGreen in the GBA slot and the National Dex; overwrites land slots 8 and 9,vanilla,yes
Unknown 541,encounters_unknown_541.json,SPECIES_CHIMECHO,dual-slot LeafGreen,45-47,needs Pokemon LeafGreen in the GBA slot and the National Dex; overwrites land slots 8 and 9,vanilla,no
Unknown 542,encounters_unknown_542.json,SPECIES_HAUNTER,poke radar,46-48,"only in a Poke Radar patch (needs the Radar, National Dex and a grass tile); overwrites land slots 4, 5, 10 and 11",vanilla,no
Unknown 542,encounters_unknown_542.json,SPECIES_GOLBAT,poke radar,46-48,"only in a Poke Radar patch (needs the Radar, National Dex and a grass tile); overwrites land slots 4, 5, 10 and 11",vanilla,yes
Unknown 542,encounters_unknown_542.json,SPECIES_DUSCLOPS,poke radar,46-48,"only in a Poke Radar patch (needs the Radar, National Dex and a grass tile); overwrites land slots 4, 5, 10 and 11",vanilla,yes
Unknown 542,encounters_unknown_542.json,SPECIES_CHIMECHO,poke radar,46-48,"only in a Poke Radar patch (needs the Radar, National Dex and a grass tile); overwrites land slots 4, 5, 10 and 11",vanilla,no
Unknown 542,encounters_unknown_542.json,SPECIES_SOLROCK,dual-slot Ruby,45-47,needs Pokemon Ruby in the GBA slot and the National Dex; overwrites land slots 8 and 9,vanilla,yes
Unknown 542,encounters_unknown_542.json,SPECIES_LUNATONE,dual-slot Sapphire,45-47,needs Pokemon Sapphire in the GBA slot and the National Dex; overwrites land slots 8 and 9,vanilla,yes
Unknown 542,encounters_unknown_542.json,SPECIES_DUSCLOPS,dual-slot Emerald,45-47,needs Pokemon Emerald in the GBA slot and the National Dex; overwrites land slots 8 and 9,vanilla,yes
Unknown 542,encounters_unknown_542.json,SPECIES_CHIMECHO,dual-slot Emerald,45-47,needs Pokemon Emerald in the GBA slot and the National Dex; overwrites land slots 8 and 9,vanilla,no
Unknown 542,encounters_unknown_542.json,SPECIES_DUSCLOPS,dual-slot FireRed,45-47,needs Pokemon FireRed in the GBA slot and the National Dex; overwrites land slots 8 and 9,vanilla,yes
Unknown 542,encounters_unknown_542.json,SPECIES_CHIMECHO,dual-slot FireRed,45-47,needs Pokemon FireRed in the GBA slot and the National Dex; overwrites land slots 8 and 9,vanilla,no
Unknown 542,encounters_unknown_542.json,SPECIES_DUSCLOPS,dual-slot LeafGreen,45-47,needs Pokemon LeafGreen in the GBA slot and the National Dex; overwrites land slots 8 and 9,vanilla,yes
Unknown 542,encounters_unknown_542.json,SPECIES_CHIMECHO,dual-slot LeafGreen,45-47,needs Pokemon LeafGreen in the GBA slot and the National Dex; overwrites land slots 8 and 9,vanilla,no
Unknown 543,encounters_unknown_543.json,SPECIES_HAUNTER,poke radar,46-48,"only in a Poke Radar patch (needs the Radar, National Dex and a grass tile); overwrites land slots 4, 5, 10 and 11",vanilla,no
Unknown 543,encounters_unknown_543.json,SPECIES_GOLBAT,poke radar,46-48,"only in a Poke Radar patch (needs the Radar, National Dex and a grass tile); overwrites land slots 4, 5, 10 and 11",vanilla,yes
Unknown 543,encounters_unknown_543.json,SPECIES_DUSCLOPS,poke radar,46-48,"only in a Poke Radar patch (needs the Radar, National Dex and a grass tile); overwrites land slots 4, 5, 10 and 11",vanilla,yes
Unknown 543,encounters_unknown_543.json,SPECIES_CHIMECHO,poke radar,46-48,"only in a Poke Radar patch (needs the Radar, National Dex and a grass tile); overwrites land slots 4, 5, 10 and 11",vanilla,no
Unknown 543,encounters_unknown_543.json,SPECIES_SOLROCK,dual-slot Ruby,45-47,needs Pokemon Ruby in the GBA slot and the National Dex; overwrites land slots 8 and 9,vanilla,yes
Unknown 543,encounters_unknown_543.json,SPECIES_LUNATONE,dual-slot Sapphire,45-47,needs Pokemon Sapphire in the GBA slot and the National Dex; overwrites land slots 8 and 9,vanilla,yes
Unknown 543,encounters_unknown_543.json,SPECIES_DUSCLOPS,dual-slot Emerald,45-47,needs Pokemon Emerald in the GBA slot and the National Dex; overwrites land slots 8 and 9,vanilla,yes
Unknown 543,encounters_unknown_543.json,SPECIES_CHIMECHO,dual-slot Emerald,45-47,needs Pokemon Emerald in the GBA slot and the National Dex; overwrites land slots 8 and 9,vanilla,no
Unknown 543,encounters_unknown_543.json,SPECIES_DUSCLOPS,dual-slot FireRed,45-47,needs Pokemon FireRed in the GBA slot and the National Dex; overwrites land slots 8 and 9,vanilla,yes
Unknown 543,encounters_unknown_543.json,SPECIES_CHIMECHO,dual-slot FireRed,45-47,needs Pokemon FireRed in the GBA slot and the National Dex; overwrites land slots 8 and 9,vanilla,no
Unknown 543,encounters_unknown_543.json,SPECIES_DUSCLOPS,dual-slot LeafGreen,45-47,needs Pokemon LeafGreen in the GBA slot and the National Dex; overwrites land slots 8 and 9,vanilla,yes
Unknown 543,encounters_unknown_543.json,SPECIES_CHIMECHO,dual-slot LeafGreen,45-47,needs Pokemon LeafGreen in the GBA slot and the National Dex; overwrites land slots 8 and 9,vanilla,no
Unknown 544,encounters_unknown_544.json,SPECIES_HAUNTER,poke radar,46-48,"only in a Poke Radar patch (needs the Radar, National Dex and a grass tile); overwrites land slots 4, 5, 10 and 11",vanilla,no
Unknown 544,encounters_unknown_544.json,SPECIES_GOLBAT,poke radar,46-48,"only in a Poke Radar patch (needs the Radar, National Dex and a grass tile); overwrites land slots 4, 5, 10 and 11",vanilla,yes
Unknown 544,encounters_unknown_544.json,SPECIES_DUSCLOPS,poke radar,46-48,"only in a Poke Radar patch (needs the Radar, National Dex and a grass tile); overwrites land slots 4, 5, 10 and 11",vanilla,yes
Unknown 544,encounters_unknown_544.json,SPECIES_CHIMECHO,poke radar,46-48,"only in a Poke Radar patch (needs the Radar, National Dex and a grass tile); overwrites land slots 4, 5, 10 and 11",vanilla,no
Unknown 544,encounters_unknown_544.json,SPECIES_SOLROCK,dual-slot Ruby,45-47,needs Pokemon Ruby in the GBA slot and the National Dex; overwrites land slots 8 and 9,vanilla,yes
Unknown 544,encounters_unknown_544.json,SPECIES_LUNATONE,dual-slot Sapphire,45-47,needs Pokemon Sapphire in the GBA slot and the National Dex; overwrites land slots 8 and 9,vanilla,yes
Unknown 544,encounters_unknown_544.json,SPECIES_DUSCLOPS,dual-slot Emerald,45-47,needs Pokemon Emerald in the GBA slot and the National Dex; overwrites land slots 8 and 9,vanilla,yes
Unknown 544,encounters_unknown_544.json,SPECIES_CHIMECHO,dual-slot Emerald,45-47,needs Pokemon Emerald in the GBA slot and the National Dex; overwrites land slots 8 and 9,vanilla,no
Unknown 544,encounters_unknown_544.json,SPECIES_DUSCLOPS,dual-slot FireRed,45-47,needs Pokemon FireRed in the GBA slot and the National Dex; overwrites land slots 8 and 9,vanilla,yes
Unknown 544,encounters_unknown_544.json,SPECIES_CHIMECHO,dual-slot FireRed,45-47,needs Pokemon FireRed in the GBA slot and the National Dex; overwrites land slots 8 and 9,vanilla,no
Unknown 544,encounters_unknown_544.json,SPECIES_DUSCLOPS,dual-slot LeafGreen,45-47,needs Pokemon LeafGreen in the GBA slot and the National Dex; overwrites land slots 8 and 9,vanilla,yes
Unknown 544,encounters_unknown_544.json,SPECIES_CHIMECHO,dual-slot LeafGreen,45-47,needs Pokemon LeafGreen in the GBA slot and the National Dex; overwrites land slots 8 and 9,vanilla,no
Unknown 545,encounters_unknown_545.json,SPECIES_HAUNTER,poke radar,46-48,"only in a Poke Radar patch (needs the Radar, National Dex and a grass tile); overwrites land slots 4, 5, 10 and 11",vanilla,no
Unknown 545,encounters_unknown_545.json,SPECIES_GOLBAT,poke radar,46-48,"only in a Poke Radar patch (needs the Radar, National Dex and a grass tile); overwrites land slots 4, 5, 10 and 11",vanilla,yes
Unknown 545,encounters_unknown_545.json,SPECIES_DUSCLOPS,poke radar,46-48,"only in a Poke Radar patch (needs the Radar, National Dex and a grass tile); overwrites land slots 4, 5, 10 and 11",vanilla,yes
Unknown 545,encounters_unknown_545.json,SPECIES_CHIMECHO,poke radar,46-48,"only in a Poke Radar patch (needs the Radar, National Dex and a grass tile); overwrites land slots 4, 5, 10 and 11",vanilla,no
Unknown 545,encounters_unknown_545.json,SPECIES_SOLROCK,dual-slot Ruby,45-47,needs Pokemon Ruby in the GBA slot and the National Dex; overwrites land slots 8 and 9,vanilla,yes
Unknown 545,encounters_unknown_545.json,SPECIES_LUNATONE,dual-slot Sapphire,45-47,needs Pokemon Sapphire in the GBA slot and the National Dex; overwrites land slots 8 and 9,vanilla,yes
Unknown 545,encounters_unknown_545.json,SPECIES_DUSCLOPS,dual-slot Emerald,45-47,needs Pokemon Emerald in the GBA slot and the National Dex; overwrites land slots 8 and 9,vanilla,yes
Unknown 545,encounters_unknown_545.json,SPECIES_CHIMECHO,dual-slot Emerald,45-47,needs Pokemon Emerald in the GBA slot and the National Dex; overwrites land slots 8 and 9,vanilla,no
Unknown 545,encounters_unknown_545.json,SPECIES_DUSCLOPS,dual-slot FireRed,45-47,needs Pokemon FireRed in the GBA slot and the National Dex; overwrites land slots 8 and 9,vanilla,yes
Unknown 545,encounters_unknown_545.json,SPECIES_CHIMECHO,dual-slot FireRed,45-47,needs Pokemon FireRed in the GBA slot and the National Dex; overwrites land slots 8 and 9,vanilla,no
Unknown 545,encounters_unknown_545.json,SPECIES_DUSCLOPS,dual-slot LeafGreen,45-47,needs Pokemon LeafGreen in the GBA slot and the National Dex; overwrites land slots 8 and 9,vanilla,yes
Unknown 545,encounters_unknown_545.json,SPECIES_CHIMECHO,dual-slot LeafGreen,45-47,needs Pokemon LeafGreen in the GBA slot and the National Dex; overwrites land slots 8 and 9,vanilla,no
Unknown 546,encounters_unknown_546.json,SPECIES_HAUNTER,poke radar,46-48,"only in a Poke Radar patch (needs the Radar, National Dex and a grass tile); overwrites land slots 4, 5, 10 and 11",vanilla,no
Unknown 546,encounters_unknown_546.json,SPECIES_GOLBAT,poke radar,46-48,"only in a Poke Radar patch (needs the Radar, National Dex and a grass tile); overwrites land slots 4, 5, 10 and 11",vanilla,yes
Unknown 546,encounters_unknown_546.json,SPECIES_DUSCLOPS,poke radar,46-48,"only in a Poke Radar patch (needs the Radar, National Dex and a grass tile); overwrites land slots 4, 5, 10 and 11",vanilla,yes
Unknown 546,encounters_unknown_546.json,SPECIES_CHIMECHO,poke radar,46-48,"only in a Poke Radar patch (needs the Radar, National Dex and a grass tile); overwrites land slots 4, 5, 10 and 11",vanilla,no
Unknown 546,encounters_unknown_546.json,SPECIES_SOLROCK,dual-slot Ruby,45-47,needs Pokemon Ruby in the GBA slot and the National Dex; overwrites land slots 8 and 9,vanilla,yes
Unknown 546,encounters_unknown_546.json,SPECIES_LUNATONE,dual-slot Sapphire,45-47,needs Pokemon Sapphire in the GBA slot and the National Dex; overwrites land slots 8 and 9,vanilla,yes
Unknown 546,encounters_unknown_546.json,SPECIES_DUSCLOPS,dual-slot Emerald,45-47,needs Pokemon Emerald in the GBA slot and the National Dex; overwrites land slots 8 and 9,vanilla,yes
Unknown 546,encounters_unknown_546.json,SPECIES_CHIMECHO,dual-slot Emerald,45-47,needs Pokemon Emerald in the GBA slot and the National Dex; overwrites land slots 8 and 9,vanilla,no
Unknown 546,encounters_unknown_546.json,SPECIES_DUSCLOPS,dual-slot FireRed,45-47,needs Pokemon FireRed in the GBA slot and the National Dex; overwrites land slots 8 and 9,vanilla,yes
Unknown 546,encounters_unknown_546.json,SPECIES_CHIMECHO,dual-slot FireRed,45-47,needs Pokemon FireRed in the GBA slot and the National Dex; overwrites land slots 8 and 9,vanilla,no
Unknown 546,encounters_unknown_546.json,SPECIES_DUSCLOPS,dual-slot LeafGreen,45-47,needs Pokemon LeafGreen in the GBA slot and the National Dex; overwrites land slots 8 and 9,vanilla,yes
Unknown 546,encounters_unknown_546.json,SPECIES_CHIMECHO,dual-slot LeafGreen,45-47,needs Pokemon LeafGreen in the GBA slot and the National Dex; overwrites land slots 8 and 9,vanilla,no
Unknown 547,encounters_unknown_547.json,SPECIES_HAUNTER,poke radar,46-48,"only in a Poke Radar patch (needs the Radar, National Dex and a grass tile); overwrites land slots 4, 5, 10 and 11",vanilla,no
Unknown 547,encounters_unknown_547.json,SPECIES_GOLBAT,poke radar,46-48,"only in a Poke Radar patch (needs the Radar, National Dex and a grass tile); overwrites land slots 4, 5, 10 and 11",vanilla,yes
Unknown 547,encounters_unknown_547.json,SPECIES_DUSCLOPS,poke radar,46-48,"only in a Poke Radar patch (needs the Radar, National Dex and a grass tile); overwrites land slots 4, 5, 10 and 11",vanilla,yes
Unknown 547,encounters_unknown_547.json,SPECIES_CHIMECHO,poke radar,46-48,"only in a Poke Radar patch (needs the Radar, National Dex and a grass tile); overwrites land slots 4, 5, 10 and 11",vanilla,no
Unknown 547,encounters_unknown_547.json,SPECIES_SOLROCK,dual-slot Ruby,45-47,needs Pokemon Ruby in the GBA slot and the National Dex; overwrites land slots 8 and 9,vanilla,yes
Unknown 547,encounters_unknown_547.json,SPECIES_LUNATONE,dual-slot Sapphire,45-47,needs Pokemon Sapphire in the GBA slot and the National Dex; overwrites land slots 8 and 9,vanilla,yes
Unknown 547,encounters_unknown_547.json,SPECIES_DUSCLOPS,dual-slot Emerald,45-47,needs Pokemon Emerald in the GBA slot and the National Dex; overwrites land slots 8 and 9,vanilla,yes
Unknown 547,encounters_unknown_547.json,SPECIES_CHIMECHO,dual-slot Emerald,45-47,needs Pokemon Emerald in the GBA slot and the National Dex; overwrites land slots 8 and 9,vanilla,no
Unknown 547,encounters_unknown_547.json,SPECIES_DUSCLOPS,dual-slot FireRed,45-47,needs Pokemon FireRed in the GBA slot and the National Dex; overwrites land slots 8 and 9,vanilla,yes
Unknown 547,encounters_unknown_547.json,SPECIES_CHIMECHO,dual-slot FireRed,45-47,needs Pokemon FireRed in the GBA slot and the National Dex; overwrites land slots 8 and 9,vanilla,no
Unknown 547,encounters_unknown_547.json,SPECIES_DUSCLOPS,dual-slot LeafGreen,45-47,needs Pokemon LeafGreen in the GBA slot and the National Dex; overwrites land slots 8 and 9,vanilla,yes
Unknown 547,encounters_unknown_547.json,SPECIES_CHIMECHO,dual-slot LeafGreen,45-47,needs Pokemon LeafGreen in the GBA slot and the National Dex; overwrites land slots 8 and 9,vanilla,no
Unknown 548,encounters_unknown_548.json,SPECIES_HAUNTER,poke radar,46-48,"only in a Poke Radar patch (needs the Radar, National Dex and a grass tile); overwrites land slots 4, 5, 10 and 11",vanilla,no
Unknown 548,encounters_unknown_548.json,SPECIES_GOLBAT,poke radar,46-48,"only in a Poke Radar patch (needs the Radar, National Dex and a grass tile); overwrites land slots 4, 5, 10 and 11",vanilla,yes
Unknown 548,encounters_unknown_548.json,SPECIES_DUSCLOPS,poke radar,46-48,"only in a Poke Radar patch (needs the Radar, National Dex and a grass tile); overwrites land slots 4, 5, 10 and 11",vanilla,yes
Unknown 548,encounters_unknown_548.json,SPECIES_CHIMECHO,poke radar,46-48,"only in a Poke Radar patch (needs the Radar, National Dex and a grass tile); overwrites land slots 4, 5, 10 and 11",vanilla,no
Unknown 548,encounters_unknown_548.json,SPECIES_SOLROCK,dual-slot Ruby,45-47,needs Pokemon Ruby in the GBA slot and the National Dex; overwrites land slots 8 and 9,vanilla,yes
Unknown 548,encounters_unknown_548.json,SPECIES_LUNATONE,dual-slot Sapphire,45-47,needs Pokemon Sapphire in the GBA slot and the National Dex; overwrites land slots 8 and 9,vanilla,yes
Unknown 548,encounters_unknown_548.json,SPECIES_DUSCLOPS,dual-slot Emerald,45-47,needs Pokemon Emerald in the GBA slot and the National Dex; overwrites land slots 8 and 9,vanilla,yes
Unknown 548,encounters_unknown_548.json,SPECIES_CHIMECHO,dual-slot Emerald,45-47,needs Pokemon Emerald in the GBA slot and the National Dex; overwrites land slots 8 and 9,vanilla,no
Unknown 548,encounters_unknown_548.json,SPECIES_DUSCLOPS,dual-slot FireRed,45-47,needs Pokemon FireRed in the GBA slot and the National Dex; overwrites land slots 8 and 9,vanilla,yes
Unknown 548,encounters_unknown_548.json,SPECIES_CHIMECHO,dual-slot FireRed,45-47,needs Pokemon FireRed in the GBA slot and the National Dex; overwrites land slots 8 and 9,vanilla,no
Unknown 548,encounters_unknown_548.json,SPECIES_DUSCLOPS,dual-slot LeafGreen,45-47,needs Pokemon LeafGreen in the GBA slot and the National Dex; overwrites land slots 8 and 9,vanilla,yes
Unknown 548,encounters_unknown_548.json,SPECIES_CHIMECHO,dual-slot LeafGreen,45-47,needs Pokemon LeafGreen in the GBA slot and the National Dex; overwrites land slots 8 and 9,vanilla,no
Unknown 549,encounters_unknown_549.json,SPECIES_HAUNTER,poke radar,46-48,"only in a Poke Radar patch (needs the Radar, National Dex and a grass tile); overwrites land slots 4, 5, 10 and 11",vanilla,no
Unknown 549,encounters_unknown_549.json,SPECIES_GOLBAT,poke radar,46-48,"only in a Poke Radar patch (needs the Radar, National Dex and a grass tile); overwrites land slots 4, 5, 10 and 11",vanilla,yes
Unknown 549,encounters_unknown_549.json,SPECIES_DUSCLOPS,poke radar,46-48,"only in a Poke Radar patch (needs the Radar, National Dex and a grass tile); overwrites land slots 4, 5, 10 and 11",vanilla,yes
Unknown 549,encounters_unknown_549.json,SPECIES_CHIMECHO,poke radar,46-48,"only in a Poke Radar patch (needs the Radar, National Dex and a grass tile); overwrites land slots 4, 5, 10 and 11",vanilla,no
Unknown 549,encounters_unknown_549.json,SPECIES_SOLROCK,dual-slot Ruby,45-47,needs Pokemon Ruby in the GBA slot and the National Dex; overwrites land slots 8 and 9,vanilla,yes
Unknown 549,encounters_unknown_549.json,SPECIES_LUNATONE,dual-slot Sapphire,45-47,needs Pokemon Sapphire in the GBA slot and the National Dex; overwrites land slots 8 and 9,vanilla,yes
Unknown 549,encounters_unknown_549.json,SPECIES_DUSCLOPS,dual-slot Emerald,45-47,needs Pokemon Emerald in the GBA slot and the National Dex; overwrites land slots 8 and 9,vanilla,yes
Unknown 549,encounters_unknown_549.json,SPECIES_CHIMECHO,dual-slot Emerald,45-47,needs Pokemon Emerald in the GBA slot and the National Dex; overwrites land slots 8 and 9,vanilla,no
Unknown 549,encounters_unknown_549.json,SPECIES_DUSCLOPS,dual-slot FireRed,45-47,needs Pokemon FireRed in the GBA slot and the National Dex; overwrites land slots 8 and 9,vanilla,yes
Unknown 549,encounters_unknown_549.json,SPECIES_CHIMECHO,dual-slot FireRed,45-47,needs Pokemon FireRed in the GBA slot and the National Dex; overwrites land slots 8 and 9,vanilla,no
Unknown 549,encounters_unknown_549.json,SPECIES_DUSCLOPS,dual-slot LeafGreen,45-47,needs Pokemon LeafGreen in the GBA slot and the National Dex; overwrites land slots 8 and 9,vanilla,yes
Unknown 549,encounters_unknown_549.json,SPECIES_CHIMECHO,dual-slot LeafGreen,45-47,needs Pokemon LeafGreen in the GBA slot and the National Dex; overwrites land slots 8 and 9,vanilla,no
Unknown 550,encounters_unknown_550.json,SPECIES_HAUNTER,poke radar,46-48,"only in a Poke Radar patch (needs the Radar, National Dex and a grass tile); overwrites land slots 4, 5, 10 and 11",vanilla,no
Unknown 550,encounters_unknown_550.json,SPECIES_GOLBAT,poke radar,46-48,"only in a Poke Radar patch (needs the Radar, National Dex and a grass tile); overwrites land slots 4, 5, 10 and 11",vanilla,yes
Unknown 550,encounters_unknown_550.json,SPECIES_DUSCLOPS,poke radar,46-48,"only in a Poke Radar patch (needs the Radar, National Dex and a grass tile); overwrites land slots 4, 5, 10 and 11",vanilla,yes
Unknown 550,encounters_unknown_550.json,SPECIES_CHIMECHO,poke radar,46-48,"only in a Poke Radar patch (needs the Radar, National Dex and a grass tile); overwrites land slots 4, 5, 10 and 11",vanilla,no
Unknown 550,encounters_unknown_550.json,SPECIES_SOLROCK,dual-slot Ruby,45-47,needs Pokemon Ruby in the GBA slot and the National Dex; overwrites land slots 8 and 9,vanilla,yes
Unknown 550,encounters_unknown_550.json,SPECIES_LUNATONE,dual-slot Sapphire,45-47,needs Pokemon Sapphire in the GBA slot and the National Dex; overwrites land slots 8 and 9,vanilla,yes
Unknown 550,encounters_unknown_550.json,SPECIES_DUSCLOPS,dual-slot Emerald,45-47,needs Pokemon Emerald in the GBA slot and the National Dex; overwrites land slots 8 and 9,vanilla,yes
Unknown 550,encounters_unknown_550.json,SPECIES_CHIMECHO,dual-slot Emerald,45-47,needs Pokemon Emerald in the GBA slot and the National Dex; overwrites land slots 8 and 9,vanilla,no
Unknown 550,encounters_unknown_550.json,SPECIES_DUSCLOPS,dual-slot FireRed,45-47,needs Pokemon FireRed in the GBA slot and the National Dex; overwrites land slots 8 and 9,vanilla,yes
Unknown 550,encounters_unknown_550.json,SPECIES_CHIMECHO,dual-slot FireRed,45-47,needs Pokemon FireRed in the GBA slot and the National Dex; overwrites land slots 8 and 9,vanilla,no
Unknown 550,encounters_unknown_550.json,SPECIES_DUSCLOPS,dual-slot LeafGreen,45-47,needs Pokemon LeafGreen in the GBA slot and the National Dex; overwrites land slots 8 and 9,vanilla,yes
Unknown 550,encounters_unknown_550.json,SPECIES_CHIMECHO,dual-slot LeafGreen,45-47,needs Pokemon LeafGreen in the GBA slot and the National Dex; overwrites land slots 8 and 9,vanilla,no
Unknown 551,encounters_unknown_551.json,SPECIES_HAUNTER,poke radar,46-48,"only in a Poke Radar patch (needs the Radar, National Dex and a grass tile); overwrites land slots 4, 5, 10 and 11",vanilla,no
Unknown 551,encounters_unknown_551.json,SPECIES_GOLBAT,poke radar,46-48,"only in a Poke Radar patch (needs the Radar, National Dex and a grass tile); overwrites land slots 4, 5, 10 and 11",vanilla,yes
Unknown 551,encounters_unknown_551.json,SPECIES_DUSCLOPS,poke radar,46-48,"only in a Poke Radar patch (needs the Radar, National Dex and a grass tile); overwrites land slots 4, 5, 10 and 11",vanilla,yes
Unknown 551,encounters_unknown_551.json,SPECIES_CHIMECHO,poke radar,46-48,"only in a Poke Radar patch (needs the Radar, National Dex and a grass tile); overwrites land slots 4, 5, 10 and 11",vanilla,no
Unknown 551,encounters_unknown_551.json,SPECIES_SOLROCK,dual-slot Ruby,45-47,needs Pokemon Ruby in the GBA slot and the National Dex; overwrites land slots 8 and 9,vanilla,yes
Unknown 551,encounters_unknown_551.json,SPECIES_LUNATONE,dual-slot Sapphire,45-47,needs Pokemon Sapphire in the GBA slot and the National Dex; overwrites land slots 8 and 9,vanilla,yes
Unknown 551,encounters_unknown_551.json,SPECIES_DUSCLOPS,dual-slot Emerald,45-47,needs Pokemon Emerald in the GBA slot and the National Dex; overwrites land slots 8 and 9,vanilla,yes
Unknown 551,encounters_unknown_551.json,SPECIES_CHIMECHO,dual-slot Emerald,45-47,needs Pokemon Emerald in the GBA slot and the National Dex; overwrites land slots 8 and 9,vanilla,no
Unknown 551,encounters_unknown_551.json,SPECIES_DUSCLOPS,dual-slot FireRed,45-47,needs Pokemon FireRed in the GBA slot and the National Dex; overwrites land slots 8 and 9,vanilla,yes
Unknown 551,encounters_unknown_551.json,SPECIES_CHIMECHO,dual-slot FireRed,45-47,needs Pokemon FireRed in the GBA slot and the National Dex; overwrites land slots 8 and 9,vanilla,no
Unknown 551,encounters_unknown_551.json,SPECIES_DUSCLOPS,dual-slot LeafGreen,45-47,needs Pokemon LeafGreen in the GBA slot and the National Dex; overwrites land slots 8 and 9,vanilla,yes
Unknown 551,encounters_unknown_551.json,SPECIES_CHIMECHO,dual-slot LeafGreen,45-47,needs Pokemon LeafGreen in the GBA slot and the National Dex; overwrites land slots 8 and 9,vanilla,no
Unknown 552,encounters_unknown_552.json,SPECIES_HAUNTER,poke radar,46-48,"only in a Poke Radar patch (needs the Radar, National Dex and a grass tile); overwrites land slots 4, 5, 10 and 11",vanilla,no
Unknown 552,encounters_unknown_552.json,SPECIES_GOLBAT,poke radar,46-48,"only in a Poke Radar patch (needs the Radar, National Dex and a grass tile); overwrites land slots 4, 5, 10 and 11",vanilla,yes
Unknown 552,encounters_unknown_552.json,SPECIES_DUSCLOPS,poke radar,46-48,"only in a Poke Radar patch (needs the Radar, National Dex and a grass tile); overwrites land slots 4, 5, 10 and 11",vanilla,yes
Unknown 552,encounters_unknown_552.json,SPECIES_CHIMECHO,poke radar,46-48,"only in a Poke Radar patch (needs the Radar, National Dex and a grass tile); overwrites land slots 4, 5, 10 and 11",vanilla,no
Unknown 552,encounters_unknown_552.json,SPECIES_SOLROCK,dual-slot Ruby,45-47,needs Pokemon Ruby in the GBA slot and the National Dex; overwrites land slots 8 and 9,vanilla,yes
Unknown 552,encounters_unknown_552.json,SPECIES_LUNATONE,dual-slot Sapphire,45-47,needs Pokemon Sapphire in the GBA slot and the National Dex; overwrites land slots 8 and 9,vanilla,yes
Unknown 552,encounters_unknown_552.json,SPECIES_DUSCLOPS,dual-slot Emerald,45-47,needs Pokemon Emerald in the GBA slot and the National Dex; overwrites land slots 8 and 9,vanilla,yes
Unknown 552,encounters_unknown_552.json,SPECIES_CHIMECHO,dual-slot Emerald,45-47,needs Pokemon Emerald in the GBA slot and the National Dex; overwrites land slots 8 and 9,vanilla,no
Unknown 552,encounters_unknown_552.json,SPECIES_DUSCLOPS,dual-slot FireRed,45-47,needs Pokemon FireRed in the GBA slot and the National Dex; overwrites land slots 8 and 9,vanilla,yes
Unknown 552,encounters_unknown_552.json,SPECIES_CHIMECHO,dual-slot FireRed,45-47,needs Pokemon FireRed in the GBA slot and the National Dex; overwrites land slots 8 and 9,vanilla,no
Unknown 552,encounters_unknown_552.json,SPECIES_DUSCLOPS,dual-slot LeafGreen,45-47,needs Pokemon LeafGreen in the GBA slot and the National Dex; overwrites land slots 8 and 9,vanilla,yes
Unknown 552,encounters_unknown_552.json,SPECIES_CHIMECHO,dual-slot LeafGreen,45-47,needs Pokemon LeafGreen in the GBA slot and the National Dex; overwrites land slots 8 and 9,vanilla,no
Unknown 553,encounters_unknown_553.json,SPECIES_HAUNTER,poke radar,46-48,"only in a Poke Radar patch (needs the Radar, National Dex and a grass tile); overwrites land slots 4, 5, 10 and 11",vanilla,no
Unknown 553,encounters_unknown_553.json,SPECIES_GOLBAT,poke radar,46-48,"only in a Poke Radar patch (needs the Radar, National Dex and a grass tile); overwrites land slots 4, 5, 10 and 11",vanilla,yes
Unknown 553,encounters_unknown_553.json,SPECIES_DUSCLOPS,poke radar,46-48,"only in a Poke Radar patch (needs the Radar, National Dex and a grass tile); overwrites land slots 4, 5, 10 and 11",vanilla,yes
Unknown 553,encounters_unknown_553.json,SPECIES_CHIMECHO,poke radar,46-48,"only in a Poke Radar patch (needs the Radar, National Dex and a grass tile); overwrites land slots 4, 5, 10 and 11",vanilla,no
Unknown 553,encounters_unknown_553.json,SPECIES_SOLROCK,dual-slot Ruby,45-47,needs Pokemon Ruby in the GBA slot and the National Dex; overwrites land slots 8 and 9,vanilla,yes
Unknown 553,encounters_unknown_553.json,SPECIES_LUNATONE,dual-slot Sapphire,45-47,needs Pokemon Sapphire in the GBA slot and the National Dex; overwrites land slots 8 and 9,vanilla,yes
Unknown 553,encounters_unknown_553.json,SPECIES_DUSCLOPS,dual-slot Emerald,45-47,needs Pokemon Emerald in the GBA slot and the National Dex; overwrites land slots 8 and 9,vanilla,yes
Unknown 553,encounters_unknown_553.json,SPECIES_CHIMECHO,dual-slot Emerald,45-47,needs Pokemon Emerald in the GBA slot and the National Dex; overwrites land slots 8 and 9,vanilla,no
Unknown 553,encounters_unknown_553.json,SPECIES_DUSCLOPS,dual-slot FireRed,45-47,needs Pokemon FireRed in the GBA slot and the National Dex; overwrites land slots 8 and 9,vanilla,yes
Unknown 553,encounters_unknown_553.json,SPECIES_CHIMECHO,dual-slot FireRed,45-47,needs Pokemon FireRed in the GBA slot and the National Dex; overwrites land slots 8 and 9,vanilla,no
Unknown 553,encounters_unknown_553.json,SPECIES_DUSCLOPS,dual-slot LeafGreen,45-47,needs Pokemon LeafGreen in the GBA slot and the National Dex; overwrites land slots 8 and 9,vanilla,yes
Unknown 553,encounters_unknown_553.json,SPECIES_CHIMECHO,dual-slot LeafGreen,45-47,needs Pokemon LeafGreen in the GBA slot and the National Dex; overwrites land slots 8 and 9,vanilla,no
Unknown 554,encounters_unknown_554.json,SPECIES_HAUNTER,poke radar,46-48,"only in a Poke Radar patch (needs the Radar, National Dex and a grass tile); overwrites land slots 4, 5, 10 and 11",vanilla,no
Unknown 554,encounters_unknown_554.json,SPECIES_GOLBAT,poke radar,46-48,"only in a Poke Radar patch (needs the Radar, National Dex and a grass tile); overwrites land slots 4, 5, 10 and 11",vanilla,yes
Unknown 554,encounters_unknown_554.json,SPECIES_DUSCLOPS,poke radar,46-48,"only in a Poke Radar patch (needs the Radar, National Dex and a grass tile); overwrites land slots 4, 5, 10 and 11",vanilla,yes
Unknown 554,encounters_unknown_554.json,SPECIES_CHIMECHO,poke radar,46-48,"only in a Poke Radar patch (needs the Radar, National Dex and a grass tile); overwrites land slots 4, 5, 10 and 11",vanilla,no
Unknown 554,encounters_unknown_554.json,SPECIES_SOLROCK,dual-slot Ruby,45-47,needs Pokemon Ruby in the GBA slot and the National Dex; overwrites land slots 8 and 9,vanilla,yes
Unknown 554,encounters_unknown_554.json,SPECIES_LUNATONE,dual-slot Sapphire,45-47,needs Pokemon Sapphire in the GBA slot and the National Dex; overwrites land slots 8 and 9,vanilla,yes
Unknown 554,encounters_unknown_554.json,SPECIES_DUSCLOPS,dual-slot Emerald,45-47,needs Pokemon Emerald in the GBA slot and the National Dex; overwrites land slots 8 and 9,vanilla,yes
Unknown 554,encounters_unknown_554.json,SPECIES_CHIMECHO,dual-slot Emerald,45-47,needs Pokemon Emerald in the GBA slot and the National Dex; overwrites land slots 8 and 9,vanilla,no
Unknown 554,encounters_unknown_554.json,SPECIES_DUSCLOPS,dual-slot FireRed,45-47,needs Pokemon FireRed in the GBA slot and the National Dex; overwrites land slots 8 and 9,vanilla,yes
Unknown 554,encounters_unknown_554.json,SPECIES_CHIMECHO,dual-slot FireRed,45-47,needs Pokemon FireRed in the GBA slot and the National Dex; overwrites land slots 8 and 9,vanilla,no
Unknown 554,encounters_unknown_554.json,SPECIES_DUSCLOPS,dual-slot LeafGreen,45-47,needs Pokemon LeafGreen in the GBA slot and the National Dex; overwrites land slots 8 and 9,vanilla,yes
Unknown 554,encounters_unknown_554.json,SPECIES_CHIMECHO,dual-slot LeafGreen,45-47,needs Pokemon LeafGreen in the GBA slot and the National Dex; overwrites land slots 8 and 9,vanilla,no
Unknown 555,encounters_unknown_555.json,SPECIES_HAUNTER,poke radar,46-48,"only in a Poke Radar patch (needs the Radar, National Dex and a grass tile); overwrites land slots 4, 5, 10 and 11",vanilla,no
Unknown 555,encounters_unknown_555.json,SPECIES_GOLBAT,poke radar,46-48,"only in a Poke Radar patch (needs the Radar, National Dex and a grass tile); overwrites land slots 4, 5, 10 and 11",vanilla,yes
Unknown 555,encounters_unknown_555.json,SPECIES_DUSCLOPS,poke radar,46-48,"only in a Poke Radar patch (needs the Radar, National Dex and a grass tile); overwrites land slots 4, 5, 10 and 11",vanilla,yes
Unknown 555,encounters_unknown_555.json,SPECIES_CHIMECHO,poke radar,46-48,"only in a Poke Radar patch (needs the Radar, National Dex and a grass tile); overwrites land slots 4, 5, 10 and 11",vanilla,no
Unknown 555,encounters_unknown_555.json,SPECIES_SOLROCK,dual-slot Ruby,45-47,needs Pokemon Ruby in the GBA slot and the National Dex; overwrites land slots 8 and 9,vanilla,yes
Unknown 555,encounters_unknown_555.json,SPECIES_LUNATONE,dual-slot Sapphire,45-47,needs Pokemon Sapphire in the GBA slot and the National Dex; overwrites land slots 8 and 9,vanilla,yes
Unknown 555,encounters_unknown_555.json,SPECIES_DUSCLOPS,dual-slot Emerald,45-47,needs Pokemon Emerald in the GBA slot and the National Dex; overwrites land slots 8 and 9,vanilla,yes
Unknown 555,encounters_unknown_555.json,SPECIES_CHIMECHO,dual-slot Emerald,45-47,needs Pokemon Emerald in the GBA slot and the National Dex; overwrites land slots 8 and 9,vanilla,no
Unknown 555,encounters_unknown_555.json,SPECIES_DUSCLOPS,dual-slot FireRed,45-47,needs Pokemon FireRed in the GBA slot and the National Dex; overwrites land slots 8 and 9,vanilla,yes
Unknown 555,encounters_unknown_555.json,SPECIES_CHIMECHO,dual-slot FireRed,45-47,needs Pokemon FireRed in the GBA slot and the National Dex; overwrites land slots 8 and 9,vanilla,no
Unknown 555,encounters_unknown_555.json,SPECIES_DUSCLOPS,dual-slot LeafGreen,45-47,needs Pokemon LeafGreen in the GBA slot and the National Dex; overwrites land slots 8 and 9,vanilla,yes
Unknown 555,encounters_unknown_555.json,SPECIES_CHIMECHO,dual-slot LeafGreen,45-47,needs Pokemon LeafGreen in the GBA slot and the National Dex; overwrites land slots 8 and 9,vanilla,no
Unknown 556,encounters_unknown_556.json,SPECIES_HAUNTER,poke radar,46-48,"only in a Poke Radar patch (needs the Radar, National Dex and a grass tile); overwrites land slots 4, 5, 10 and 11",vanilla,no
Unknown 556,encounters_unknown_556.json,SPECIES_GOLBAT,poke radar,46-48,"only in a Poke Radar patch (needs the Radar, National Dex and a grass tile); overwrites land slots 4, 5, 10 and 11",vanilla,yes
Unknown 556,encounters_unknown_556.json,SPECIES_DUSCLOPS,poke radar,46-48,"only in a Poke Radar patch (needs the Radar, National Dex and a grass tile); overwrites land slots 4, 5, 10 and 11",vanilla,yes
Unknown 556,encounters_unknown_556.json,SPECIES_CHIMECHO,poke radar,46-48,"only in a Poke Radar patch (needs the Radar, National Dex and a grass tile); overwrites land slots 4, 5, 10 and 11",vanilla,no
Unknown 556,encounters_unknown_556.json,SPECIES_SOLROCK,dual-slot Ruby,45-47,needs Pokemon Ruby in the GBA slot and the National Dex; overwrites land slots 8 and 9,vanilla,yes
Unknown 556,encounters_unknown_556.json,SPECIES_LUNATONE,dual-slot Sapphire,45-47,needs Pokemon Sapphire in the GBA slot and the National Dex; overwrites land slots 8 and 9,vanilla,yes
Unknown 556,encounters_unknown_556.json,SPECIES_DUSCLOPS,dual-slot Emerald,45-47,needs Pokemon Emerald in the GBA slot and the National Dex; overwrites land slots 8 and 9,vanilla,yes
Unknown 556,encounters_unknown_556.json,SPECIES_CHIMECHO,dual-slot Emerald,45-47,needs Pokemon Emerald in the GBA slot and the National Dex; overwrites land slots 8 and 9,vanilla,no
Unknown 556,encounters_unknown_556.json,SPECIES_DUSCLOPS,dual-slot FireRed,45-47,needs Pokemon FireRed in the GBA slot and the National Dex; overwrites land slots 8 and 9,vanilla,yes
Unknown 556,encounters_unknown_556.json,SPECIES_CHIMECHO,dual-slot FireRed,45-47,needs Pokemon FireRed in the GBA slot and the National Dex; overwrites land slots 8 and 9,vanilla,no
Unknown 556,encounters_unknown_556.json,SPECIES_DUSCLOPS,dual-slot LeafGreen,45-47,needs Pokemon LeafGreen in the GBA slot and the National Dex; overwrites land slots 8 and 9,vanilla,yes
Unknown 556,encounters_unknown_556.json,SPECIES_CHIMECHO,dual-slot LeafGreen,45-47,needs Pokemon LeafGreen in the GBA slot and the National Dex; overwrites land slots 8 and 9,vanilla,no
Unknown 557,encounters_unknown_557.json,SPECIES_HAUNTER,poke radar,46-48,"only in a Poke Radar patch (needs the Radar, National Dex and a grass tile); overwrites land slots 4, 5, 10 and 11",vanilla,no
Unknown 557,encounters_unknown_557.json,SPECIES_GOLBAT,poke radar,46-48,"only in a Poke Radar patch (needs the Radar, National Dex and a grass tile); overwrites land slots 4, 5, 10 and 11",vanilla,yes
Unknown 557,encounters_unknown_557.json,SPECIES_DUSCLOPS,poke radar,46-48,"only in a Poke Radar patch (needs the Radar, National Dex and a grass tile); overwrites land slots 4, 5, 10 and 11",vanilla,yes
Unknown 557,encounters_unknown_557.json,SPECIES_CHIMECHO,poke radar,46-48,"only in a Poke Radar patch (needs the Radar, National Dex and a grass tile); overwrites land slots 4, 5, 10 and 11",vanilla,no
Unknown 557,encounters_unknown_557.json,SPECIES_SOLROCK,dual-slot Ruby,45-47,needs Pokemon Ruby in the GBA slot and the National Dex; overwrites land slots 8 and 9,vanilla,yes
Unknown 557,encounters_unknown_557.json,SPECIES_LUNATONE,dual-slot Sapphire,45-47,needs Pokemon Sapphire in the GBA slot and the National Dex; overwrites land slots 8 and 9,vanilla,yes
Unknown 557,encounters_unknown_557.json,SPECIES_DUSCLOPS,dual-slot Emerald,45-47,needs Pokemon Emerald in the GBA slot and the National Dex; overwrites land slots 8 and 9,vanilla,yes
Unknown 557,encounters_unknown_557.json,SPECIES_CHIMECHO,dual-slot Emerald,45-47,needs Pokemon Emerald in the GBA slot and the National Dex; overwrites land slots 8 and 9,vanilla,no
Unknown 557,encounters_unknown_557.json,SPECIES_DUSCLOPS,dual-slot FireRed,45-47,needs Pokemon FireRed in the GBA slot and the National Dex; overwrites land slots 8 and 9,vanilla,yes
Unknown 557,encounters_unknown_557.json,SPECIES_CHIMECHO,dual-slot FireRed,45-47,needs Pokemon FireRed in the GBA slot and the National Dex; overwrites land slots 8 and 9,vanilla,no
Unknown 557,encounters_unknown_557.json,SPECIES_DUSCLOPS,dual-slot LeafGreen,45-47,needs Pokemon LeafGreen in the GBA slot and the National Dex; overwrites land slots 8 and 9,vanilla,yes
Unknown 557,encounters_unknown_557.json,SPECIES_CHIMECHO,dual-slot LeafGreen,45-47,needs Pokemon LeafGreen in the GBA slot and the National Dex; overwrites land slots 8 and 9,vanilla,no
Valley Windworks,encounters_valley_windworks_outside.json,SPECIES_MAREEP,poke radar,10-12,"only in a Poke Radar patch (needs the Radar, National Dex and a grass tile); overwrites land slots 4, 5, 10 and 11",vanilla,no
Valley Windworks,encounters_valley_windworks_outside.json,SPECIES_BUIZEL,dual-slot Ruby,11-12,needs Pokemon Ruby in the GBA slot and the National Dex; overwrites land slots 8 and 9,vanilla,no
Valley Windworks,encounters_valley_windworks_outside.json,SPECIES_SHELLOS,dual-slot Ruby,11-12,needs Pokemon Ruby in the GBA slot and the National Dex; overwrites land slots 8 and 9,vanilla,no
Valley Windworks,encounters_valley_windworks_outside.json,SPECIES_BUIZEL,dual-slot Sapphire,11-12,needs Pokemon Sapphire in the GBA slot and the National Dex; overwrites land slots 8 and 9,vanilla,no
Valley Windworks,encounters_valley_windworks_outside.json,SPECIES_SHELLOS,dual-slot Sapphire,11-12,needs Pokemon Sapphire in the GBA slot and the National Dex; overwrites land slots 8 and 9,vanilla,no
Valley Windworks,encounters_valley_windworks_outside.json,SPECIES_BUIZEL,dual-slot Emerald,11-12,needs Pokemon Emerald in the GBA slot and the National Dex; overwrites land slots 8 and 9,vanilla,no
Valley Windworks,encounters_valley_windworks_outside.json,SPECIES_SHELLOS,dual-slot Emerald,11-12,needs Pokemon Emerald in the GBA slot and the National Dex; overwrites land slots 8 and 9,vanilla,no
Valley Windworks,encounters_valley_windworks_outside.json,SPECIES_BUIZEL,dual-slot FireRed,11-12,needs Pokemon FireRed in the GBA slot and the National Dex; overwrites land slots 8 and 9,vanilla,no
Valley Windworks,encounters_valley_windworks_outside.json,SPECIES_SHELLOS,dual-slot FireRed,11-12,needs Pokemon FireRed in the GBA slot and the National Dex; overwrites land slots 8 and 9,vanilla,no
Valley Windworks,encounters_valley_windworks_outside.json,SPECIES_BUIZEL,dual-slot LeafGreen,11-12,needs Pokemon LeafGreen in the GBA slot and the National Dex; overwrites land slots 8 and 9,vanilla,no
Valley Windworks,encounters_valley_windworks_outside.json,SPECIES_SHELLOS,dual-slot LeafGreen,11-12,needs Pokemon LeafGreen in the GBA slot and the National Dex; overwrites land slots 8 and 9,vanilla,no
Valor Lakefront,encounters_valor_lakefront.json,SPECIES_NIDORINO,poke radar,27-28,"only in a Poke Radar patch (needs the Radar, National Dex and a grass tile); overwrites land slots 4, 5, 10 and 11",vanilla,yes
Valor Lakefront,encounters_valor_lakefront.json,SPECIES_NIDORINA,poke radar,27-28,"only in a Poke Radar patch (needs the Radar, National Dex and a grass tile); overwrites land slots 4, 5, 10 and 11",vanilla,yes
Valor Lakefront,encounters_valor_lakefront.json,SPECIES_GIRAFARIG,dual-slot Ruby,27-28,needs Pokemon Ruby in the GBA slot and the National Dex; overwrites land slots 8 and 9,vanilla,no
Valor Lakefront,encounters_valor_lakefront.json,SPECIES_BIBAREL,dual-slot Ruby,27-28,needs Pokemon Ruby in the GBA slot and the National Dex; overwrites land slots 8 and 9,vanilla,no
Valor Lakefront,encounters_valor_lakefront.json,SPECIES_GIRAFARIG,dual-slot Sapphire,27-28,needs Pokemon Sapphire in the GBA slot and the National Dex; overwrites land slots 8 and 9,vanilla,no
Valor Lakefront,encounters_valor_lakefront.json,SPECIES_BIBAREL,dual-slot Sapphire,27-28,needs Pokemon Sapphire in the GBA slot and the National Dex; overwrites land slots 8 and 9,vanilla,no
Valor Lakefront,encounters_valor_lakefront.json,SPECIES_GIRAFARIG,dual-slot Emerald,27-28,needs Pokemon Emerald in the GBA slot and the National Dex; overwrites land slots 8 and 9,vanilla,no
Valor Lakefront,encounters_valor_lakefront.json,SPECIES_BIBAREL,dual-slot Emerald,27-28,needs Pokemon Emerald in the GBA slot and the National Dex; overwrites land slots 8 and 9,vanilla,no
Valor Lakefront,encounters_valor_lakefront.json,SPECIES_GIRAFARIG,dual-slot FireRed,27-28,needs Pokemon FireRed in the GBA slot and the National Dex; overwrites land slots 8 and 9,vanilla,no
Valor Lakefront,encounters_valor_lakefront.json,SPECIES_BIBAREL,dual-slot FireRed,27-28,needs Pokemon FireRed in the GBA slot and the National Dex; overwrites land slots 8 and 9,vanilla,no
Valor Lakefront,encounters_valor_lakefront.json,SPECIES_GIRAFARIG,dual-slot LeafGreen,27-28,needs Pokemon LeafGreen in the GBA slot and the National Dex; overwrites land slots 8 and 9,vanilla,no
Valor Lakefront,encounters_valor_lakefront.json,SPECIES_BIBAREL,dual-slot LeafGreen,27-28,needs Pokemon LeafGreen in the GBA slot and the National Dex; overwrites land slots 8 and 9,vanilla,no
Victory Road,encounters_victory_road_1f.json,SPECIES_ONIX,poke radar,41-42,"only in a Poke Radar patch (needs the Radar, National Dex and a grass tile); overwrites land slots 4, 5, 10 and 11",vanilla,yes
Victory Road,encounters_victory_road_1f.json,SPECIES_RHYDON,poke radar,41-42,"only in a Poke Radar patch (needs the Radar, National Dex and a grass tile); overwrites land slots 4, 5, 10 and 11",vanilla,yes
Victory Road,encounters_victory_road_1f.json,SPECIES_STEELIX,poke radar,41-42,"only in a Poke Radar patch (needs the Radar, National Dex and a grass tile); overwrites land slots 4, 5, 10 and 11",vanilla,yes
Victory Road,encounters_victory_road_1f.json,SPECIES_GABITE,poke radar,41-42,"only in a Poke Radar patch (needs the Radar, National Dex and a grass tile); overwrites land slots 4, 5, 10 and 11",vanilla,yes
Victory Road,encounters_victory_road_1f.json,SPECIES_STEELIX,dual-slot Ruby,41-42,needs Pokemon Ruby in the GBA slot and the National Dex; overwrites land slots 8 and 9,vanilla,yes
Victory Road,encounters_victory_road_1f.json,SPECIES_GABITE,dual-slot Ruby,41-42,needs Pokemon Ruby in the GBA slot and the National Dex; overwrites land slots 8 and 9,vanilla,yes
Victory Road,encounters_victory_road_1f.json,SPECIES_STEELIX,dual-slot Sapphire,41-42,needs Pokemon Sapphire in the GBA slot and the National Dex; overwrites land slots 8 and 9,vanilla,yes
Victory Road,encounters_victory_road_1f.json,SPECIES_GABITE,dual-slot Sapphire,41-42,needs Pokemon Sapphire in the GBA slot and the National Dex; overwrites land slots 8 and 9,vanilla,yes
Victory Road,encounters_victory_road_1f.json,SPECIES_STEELIX,dual-slot Emerald,41-42,needs Pokemon Emerald in the GBA slot and the National Dex; overwrites land slots 8 and 9,vanilla,yes
Victory Road,encounters_victory_road_1f.json,SPECIES_GABITE,dual-slot Emerald,41-42,needs Pokemon Emerald in the GBA slot and the National Dex; overwrites land slots 8 and 9,vanilla,yes
Victory Road,encounters_victory_road_1f.json,SPECIES_STEELIX,dual-slot FireRed,41-42,needs Pokemon FireRed in the GBA slot and the National Dex; overwrites land slots 8 and 9,vanilla,yes
Victory Road,encounters_victory_road_1f.json,SPECIES_GABITE,dual-slot FireRed,41-42,needs Pokemon FireRed in the GBA slot and the National Dex; overwrites land slots 8 and 9,vanilla,yes
Victory Road,encounters_victory_road_1f.json,SPECIES_STEELIX,dual-slot LeafGreen,41-42,needs Pokemon LeafGreen in the GBA slot and the National Dex; overwrites land slots 8 and 9,vanilla,yes
Victory Road,encounters_victory_road_1f.json,SPECIES_GABITE,dual-slot LeafGreen,41-42,needs Pokemon LeafGreen in the GBA slot and the National Dex; overwrites land slots 8 and 9,vanilla,yes
Victory Road,encounters_victory_road_1f_room_1.json,SPECIES_ONIX,poke radar,48-50,"only in a Poke Radar patch (needs the Radar, National Dex and a grass tile); overwrites land slots 4, 5, 10 and 11",vanilla,yes
Victory Road,encounters_victory_road_1f_room_1.json,SPECIES_FLOATZEL,poke radar,48-50,"only in a Poke Radar patch (needs the Radar, National Dex and a grass tile); overwrites land slots 4, 5, 10 and 11",vanilla,no
Victory Road,encounters_victory_road_1f_room_1.json,SPECIES_STEELIX,poke radar,48-50,"only in a Poke Radar patch (needs the Radar, National Dex and a grass tile); overwrites land slots 4, 5, 10 and 11",vanilla,yes
Victory Road,encounters_victory_road_1f_room_1.json,SPECIES_GABITE,poke radar,48-50,"only in a Poke Radar patch (needs the Radar, National Dex and a grass tile); overwrites land slots 4, 5, 10 and 11",vanilla,yes
Victory Road,encounters_victory_road_1f_room_1.json,SPECIES_STEELIX,dual-slot Ruby,50,needs Pokemon Ruby in the GBA slot and the National Dex; overwrites land slots 8 and 9,vanilla,yes
Victory Road,encounters_victory_road_1f_room_1.json,SPECIES_GABITE,dual-slot Ruby,50,needs Pokemon Ruby in the GBA slot and the National Dex; overwrites land slots 8 and 9,vanilla,yes
Victory Road,encounters_victory_road_1f_room_1.json,SPECIES_STEELIX,dual-slot Sapphire,50,needs Pokemon Sapphire in the GBA slot and the National Dex; overwrites land slots 8 and 9,vanilla,yes
Victory Road,encounters_victory_road_1f_room_1.json,SPECIES_GABITE,dual-slot Sapphire,50,needs Pokemon Sapphire in the GBA slot and the National Dex; overwrites land slots 8 and 9,vanilla,yes
Victory Road,encounters_victory_road_1f_room_1.json,SPECIES_STEELIX,dual-slot Emerald,50,needs Pokemon Emerald in the GBA slot and the National Dex; overwrites land slots 8 and 9,vanilla,yes
Victory Road,encounters_victory_road_1f_room_1.json,SPECIES_GABITE,dual-slot Emerald,50,needs Pokemon Emerald in the GBA slot and the National Dex; overwrites land slots 8 and 9,vanilla,yes
Victory Road,encounters_victory_road_1f_room_1.json,SPECIES_STEELIX,dual-slot FireRed,50,needs Pokemon FireRed in the GBA slot and the National Dex; overwrites land slots 8 and 9,vanilla,yes
Victory Road,encounters_victory_road_1f_room_1.json,SPECIES_GABITE,dual-slot FireRed,50,needs Pokemon FireRed in the GBA slot and the National Dex; overwrites land slots 8 and 9,vanilla,yes
Victory Road,encounters_victory_road_1f_room_1.json,SPECIES_STEELIX,dual-slot LeafGreen,50,needs Pokemon LeafGreen in the GBA slot and the National Dex; overwrites land slots 8 and 9,vanilla,yes
Victory Road,encounters_victory_road_1f_room_1.json,SPECIES_GABITE,dual-slot LeafGreen,50,needs Pokemon LeafGreen in the GBA slot and the National Dex; overwrites land slots 8 and 9,vanilla,yes
Victory Road,encounters_victory_road_1f_room_2.json,SPECIES_DEWGONG,poke radar,48-50,"only in a Poke Radar patch (needs the Radar, National Dex and a grass tile); overwrites land slots 4, 5, 10 and 11",vanilla,no
Victory Road,encounters_victory_road_1f_room_2.json,SPECIES_FLOATZEL,poke radar,48-50,"only in a Poke Radar patch (needs the Radar, National Dex and a grass tile); overwrites land slots 4, 5, 10 and 11",vanilla,no
Victory Road,encounters_victory_road_1f_room_2.json,SPECIES_GABITE,poke radar,48-50,"only in a Poke Radar patch (needs the Radar, National Dex and a grass tile); overwrites land slots 4, 5, 10 and 11",vanilla,yes
Victory Road,encounters_victory_road_1f_room_2.json,SPECIES_DEWGONG,dual-slot Ruby,49-50,needs Pokemon Ruby in the GBA slot and the National Dex; overwrites land slots 8 and 9,vanilla,no
Victory Road,encounters_victory_road_1f_room_2.json,SPECIES_GABITE,dual-slot Ruby,49-50,needs Pokemon Ruby in the GBA slot and the National Dex; overwrites land slots 8 and 9,vanilla,yes
Victory Road,encounters_victory_road_1f_room_2.json,SPECIES_DEWGONG,dual-slot Sapphire,49-50,needs Pokemon Sapphire in the GBA slot and the National Dex; overwrites land slots 8 and 9,vanilla,no
Victory Road,encounters_victory_road_1f_room_2.json,SPECIES_GABITE,dual-slot Sapphire,49-50,needs Pokemon Sapphire in the GBA slot and the National Dex; overwrites land slots 8 and 9,vanilla,yes
Victory Road,encounters_victory_road_1f_room_2.json,SPECIES_DEWGONG,dual-slot Emerald,49-50,needs Pokemon Emerald in the GBA slot and the National Dex; overwrites land slots 8 and 9,vanilla,no
Victory Road,encounters_victory_road_1f_room_2.json,SPECIES_GABITE,dual-slot Emerald,49-50,needs Pokemon Emerald in the GBA slot and the National Dex; overwrites land slots 8 and 9,vanilla,yes
Victory Road,encounters_victory_road_1f_room_2.json,SPECIES_DEWGONG,dual-slot FireRed,49-50,needs Pokemon FireRed in the GBA slot and the National Dex; overwrites land slots 8 and 9,vanilla,no
Victory Road,encounters_victory_road_1f_room_2.json,SPECIES_GABITE,dual-slot FireRed,49-50,needs Pokemon FireRed in the GBA slot and the National Dex; overwrites land slots 8 and 9,vanilla,yes
Victory Road,encounters_victory_road_1f_room_2.json,SPECIES_DEWGONG,dual-slot LeafGreen,49-50,needs Pokemon LeafGreen in the GBA slot and the National Dex; overwrites land slots 8 and 9,vanilla,no
Victory Road,encounters_victory_road_1f_room_2.json,SPECIES_GABITE,dual-slot LeafGreen,49-50,needs Pokemon LeafGreen in the GBA slot and the National Dex; overwrites land slots 8 and 9,vanilla,yes
Victory Road,encounters_victory_road_1f_room_3.json,SPECIES_ONIX,poke radar,48-50,"only in a Poke Radar patch (needs the Radar, National Dex and a grass tile); overwrites land slots 4, 5, 10 and 11",vanilla,yes
Victory Road,encounters_victory_road_1f_room_3.json,SPECIES_FLOATZEL,poke radar,48-50,"only in a Poke Radar patch (needs the Radar, National Dex and a grass tile); overwrites land slots 4, 5, 10 and 11",vanilla,no
Victory Road,encounters_victory_road_1f_room_3.json,SPECIES_STEELIX,poke radar,48-50,"only in a Poke Radar patch (needs the Radar, National Dex and a grass tile); overwrites land slots 4, 5, 10 and 11",vanilla,yes
Victory Road,encounters_victory_road_1f_room_3.json,SPECIES_GABITE,poke radar,48-50,"only in a Poke Radar patch (needs the Radar, National Dex and a grass tile); overwrites land slots 4, 5, 10 and 11",vanilla,yes
Victory Road,encounters_victory_road_1f_room_3.json,SPECIES_STEELIX,dual-slot Ruby,50,needs Pokemon Ruby in the GBA slot and the National Dex; overwrites land slots 8 and 9,vanilla,yes
Victory Road,encounters_victory_road_1f_room_3.json,SPECIES_GABITE,dual-slot Ruby,50,needs Pokemon Ruby in the GBA slot and the National Dex; overwrites land slots 8 and 9,vanilla,yes
Victory Road,encounters_victory_road_1f_room_3.json,SPECIES_STEELIX,dual-slot Sapphire,50,needs Pokemon Sapphire in the GBA slot and the National Dex; overwrites land slots 8 and 9,vanilla,yes
Victory Road,encounters_victory_road_1f_room_3.json,SPECIES_GABITE,dual-slot Sapphire,50,needs Pokemon Sapphire in the GBA slot and the National Dex; overwrites land slots 8 and 9,vanilla,yes
Victory Road,encounters_victory_road_1f_room_3.json,SPECIES_STEELIX,dual-slot Emerald,50,needs Pokemon Emerald in the GBA slot and the National Dex; overwrites land slots 8 and 9,vanilla,yes
Victory Road,encounters_victory_road_1f_room_3.json,SPECIES_GABITE,dual-slot Emerald,50,needs Pokemon Emerald in the GBA slot and the National Dex; overwrites land slots 8 and 9,vanilla,yes
Victory Road,encounters_victory_road_1f_room_3.json,SPECIES_STEELIX,dual-slot FireRed,50,needs Pokemon FireRed in the GBA slot and the National Dex; overwrites land slots 8 and 9,vanilla,yes
Victory Road,encounters_victory_road_1f_room_3.json,SPECIES_GABITE,dual-slot FireRed,50,needs Pokemon FireRed in the GBA slot and the National Dex; overwrites land slots 8 and 9,vanilla,yes
Victory Road,encounters_victory_road_1f_room_3.json,SPECIES_STEELIX,dual-slot LeafGreen,50,needs Pokemon LeafGreen in the GBA slot and the National Dex; overwrites land slots 8 and 9,vanilla,yes
Victory Road,encounters_victory_road_1f_room_3.json,SPECIES_GABITE,dual-slot LeafGreen,50,needs Pokemon LeafGreen in the GBA slot and the National Dex; overwrites land slots 8 and 9,vanilla,yes
Victory Road,encounters_victory_road_2f.json,SPECIES_STEELIX,poke radar,42-44,"only in a Poke Radar patch (needs the Radar, National Dex and a grass tile); overwrites land slots 4, 5, 10 and 11",vanilla,yes
Victory Road,encounters_victory_road_2f.json,SPECIES_MAGNETON,poke radar,42-44,"only in a Poke Radar patch (needs the Radar, National Dex and a grass tile); overwrites land slots 4, 5, 10 and 11",vanilla,no
Victory Road,encounters_victory_road_2f.json,SPECIES_ONIX,poke radar,42-44,"only in a Poke Radar patch (needs the Radar, National Dex and a grass tile); overwrites land slots 4, 5, 10 and 11",vanilla,yes
Victory Road,encounters_victory_road_2f.json,SPECIES_GABITE,poke radar,42-44,"only in a Poke Radar patch (needs the Radar, National Dex and a grass tile); overwrites land slots 4, 5, 10 and 11",vanilla,yes
Victory Road,encounters_victory_road_2f.json,SPECIES_ONIX,dual-slot Ruby,42-43,needs Pokemon Ruby in the GBA slot and the National Dex; overwrites land slots 8 and 9,vanilla,yes
Victory Road,encounters_victory_road_2f.json,SPECIES_GABITE,dual-slot Ruby,42-43,needs Pokemon Ruby in the GBA slot and the National Dex; overwrites land slots 8 and 9,vanilla,yes
Victory Road,encounters_victory_road_2f.json,SPECIES_ONIX,dual-slot Sapphire,42-43,needs Pokemon Sapphire in the GBA slot and the National Dex; overwrites land slots 8 and 9,vanilla,yes
Victory Road,encounters_victory_road_2f.json,SPECIES_GABITE,dual-slot Sapphire,42-43,needs Pokemon Sapphire in the GBA slot and the National Dex; overwrites land slots 8 and 9,vanilla,yes
Victory Road,encounters_victory_road_2f.json,SPECIES_ONIX,dual-slot Emerald,42-43,needs Pokemon Emerald in the GBA slot and the National Dex; overwrites land slots 8 and 9,vanilla,yes
Victory Road,encounters_victory_road_2f.json,SPECIES_GABITE,dual-slot Emerald,42-43,needs Pokemon Emerald in the GBA slot and the National Dex; overwrites land slots 8 and 9,vanilla,yes
Victory Road,encounters_victory_road_2f.json,SPECIES_ONIX,dual-slot FireRed,42-43,needs Pokemon FireRed in the GBA slot and the National Dex; overwrites land slots 8 and 9,vanilla,yes
Victory Road,encounters_victory_road_2f.json,SPECIES_GABITE,dual-slot FireRed,42-43,needs Pokemon FireRed in the GBA slot and the National Dex; overwrites land slots 8 and 9,vanilla,yes
Victory Road,encounters_victory_road_2f.json,SPECIES_ONIX,dual-slot LeafGreen,42-43,needs Pokemon LeafGreen in the GBA slot and the National Dex; overwrites land slots 8 and 9,vanilla,yes
Victory Road,encounters_victory_road_2f.json,SPECIES_GABITE,dual-slot LeafGreen,42-43,needs Pokemon LeafGreen in the GBA slot and the National Dex; overwrites land slots 8 and 9,vanilla,yes
Victory Road,encounters_victory_road_b1f.json,SPECIES_ONIX,poke radar,42-44,"only in a Poke Radar patch (needs the Radar, National Dex and a grass tile); overwrites land slots 4, 5, 10 and 11",vanilla,yes
Victory Road,encounters_victory_road_b1f.json,SPECIES_FLOATZEL,poke radar,42-44,"only in a Poke Radar patch (needs the Radar, National Dex and a grass tile); overwrites land slots 4, 5, 10 and 11",vanilla,no
Victory Road,encounters_victory_road_b1f.json,SPECIES_STEELIX,poke radar,42-44,"only in a Poke Radar patch (needs the Radar, National Dex and a grass tile); overwrites land slots 4, 5, 10 and 11",vanilla,yes
Victory Road,encounters_victory_road_b1f.json,SPECIES_GABITE,poke radar,42-44,"only in a Poke Radar patch (needs the Radar, National Dex and a grass tile); overwrites land slots 4, 5, 10 and 11",vanilla,yes
Victory Road,encounters_victory_road_b1f.json,SPECIES_STEELIX,dual-slot Ruby,43-44,needs Pokemon Ruby in the GBA slot and the National Dex; overwrites land slots 8 and 9,vanilla,yes
Victory Road,encounters_victory_road_b1f.json,SPECIES_GABITE,dual-slot Ruby,43-44,needs Pokemon Ruby in the GBA slot and the National Dex; overwrites land slots 8 and 9,vanilla,yes
Victory Road,encounters_victory_road_b1f.json,SPECIES_STEELIX,dual-slot Sapphire,43-44,needs Pokemon Sapphire in the GBA slot and the National Dex; overwrites land slots 8 and 9,vanilla,yes
Victory Road,encounters_victory_road_b1f.json,SPECIES_GABITE,dual-slot Sapphire,43-44,needs Pokemon Sapphire in the GBA slot and the National Dex; overwrites land slots 8 and 9,vanilla,yes
Victory Road,encounters_victory_road_b1f.json,SPECIES_STEELIX,dual-slot Emerald,43-44,needs Pokemon Emerald in the GBA slot and the National Dex; overwrites land slots 8 and 9,vanilla,yes
Victory Road,encounters_victory_road_b1f.json,SPECIES_GABITE,dual-slot Emerald,43-44,needs Pokemon Emerald in the GBA slot and the National Dex; overwrites land slots 8 and 9,vanilla,yes
Victory Road,encounters_victory_road_b1f.json,SPECIES_STEELIX,dual-slot FireRed,43-44,needs Pokemon FireRed in the GBA slot and the National Dex; overwrites land slots 8 and 9,vanilla,yes
Victory Road,encounters_victory_road_b1f.json,SPECIES_GABITE,dual-slot FireRed,43-44,needs Pokemon FireRed in the GBA slot and the National Dex; overwrites land slots 8 and 9,vanilla,yes
Victory Road,encounters_victory_road_b1f.json,SPECIES_STEELIX,dual-slot LeafGreen,43-44,needs Pokemon LeafGreen in the GBA slot and the National Dex; overwrites land slots 8 and 9,vanilla,yes
Victory Road,encounters_victory_road_b1f.json,SPECIES_GABITE,dual-slot LeafGreen,43-44,needs Pokemon LeafGreen in the GBA slot and the National Dex; overwrites land slots 8 and 9,vanilla,yes
Wayward Cave,encounters_wayward_cave_1f.json,SPECIES_BRONZOR,poke radar,17-20,"only in a Poke Radar patch (needs the Radar, National Dex and a grass tile); overwrites land slots 4, 5, 10 and 11",vanilla,yes
Wayward Cave,encounters_wayward_cave_1f.json,SPECIES_ONIX,poke radar,17-20,"only in a Poke Radar patch (needs the Radar, National Dex and a grass tile); overwrites land slots 4, 5, 10 and 11",vanilla,yes
Wayward Cave,encounters_wayward_cave_1f.json,SPECIES_GEODUDE,poke radar,17-20,"only in a Poke Radar patch (needs the Radar, National Dex and a grass tile); overwrites land slots 4, 5, 10 and 11",vanilla,no
Wayward Cave,encounters_wayward_cave_1f.json,SPECIES_GEODUDE,dual-slot Ruby,17-18,needs Pokemon Ruby in the GBA slot and the National Dex; overwrites land slots 8 and 9,vanilla,no
Wayward Cave,encounters_wayward_cave_1f.json,SPECIES_ONIX,dual-slot Ruby,17-18,needs Pokemon Ruby in the GBA slot and the National Dex; overwrites land slots 8 and 9,vanilla,yes
Wayward Cave,encounters_wayward_cave_1f.json,SPECIES_GEODUDE,dual-slot Sapphire,17-18,needs Pokemon Sapphire in the GBA slot and the National Dex; overwrites land slots 8 and 9,vanilla,no
Wayward Cave,encounters_wayward_cave_1f.json,SPECIES_ONIX,dual-slot Sapphire,17-18,needs Pokemon Sapphire in the GBA slot and the National Dex; overwrites land slots 8 and 9,vanilla,yes
Wayward Cave,encounters_wayward_cave_1f.json,SPECIES_GEODUDE,dual-slot Emerald,17-18,needs Pokemon Emerald in the GBA slot and the National Dex; overwrites land slots 8 and 9,vanilla,no
Wayward Cave,encounters_wayward_cave_1f.json,SPECIES_ONIX,dual-slot Emerald,17-18,needs Pokemon Emerald in the GBA slot and the National Dex; overwrites land slots 8 and 9,vanilla,yes
Wayward Cave,encounters_wayward_cave_1f.json,SPECIES_GEODUDE,dual-slot FireRed,17-18,needs Pokemon FireRed in the GBA slot and the National Dex; overwrites land slots 8 and 9,vanilla,no
Wayward Cave,encounters_wayward_cave_1f.json,SPECIES_ONIX,dual-slot FireRed,17-18,needs Pokemon FireRed in the GBA slot and the National Dex; overwrites land slots 8 and 9,vanilla,yes
Wayward Cave,encounters_wayward_cave_1f.json,SPECIES_SANDSHREW,dual-slot LeafGreen,17-18,needs Pokemon LeafGreen in the GBA slot and the National Dex; overwrites land slots 8 and 9,vanilla,no
Wayward Cave,encounters_wayward_cave_b1f.json,SPECIES_BRONZOR,poke radar,18-20,"only in a Poke Radar patch (needs the Radar, National Dex and a grass tile); overwrites land slots 4, 5, 10 and 11",vanilla,yes
Wayward Cave,encounters_wayward_cave_b1f.json,SPECIES_ONIX,poke radar,18-20,"only in a Poke Radar patch (needs the Radar, National Dex and a grass tile); overwrites land slots 4, 5, 10 and 11",vanilla,yes
Wayward Cave,encounters_wayward_cave_b1f.json,SPECIES_GIBLE,poke radar,18-20,"only in a Poke Radar patch (needs the Radar, National Dex and a grass tile); overwrites land slots 4, 5, 10 and 11",vanilla,yes
Wayward Cave,encounters_wayward_cave_b1f.json,SPECIES_GIBLE,dual-slot Ruby,18-20,needs Pokemon Ruby in the GBA slot and the National Dex; overwrites land slots 8 and 9,vanilla,yes
Wayward Cave,encounters_wayward_cave_b1f.json,SPECIES_ONIX,dual-slot Ruby,18-20,needs Pokemon Ruby in the GBA slot and the National Dex; overwrites land slots 8 and 9,vanilla,yes
Wayward Cave,encounters_wayward_cave_b1f.json,SPECIES_GIBLE,dual-slot Sapphire,18-20,needs Pokemon Sapphire in the GBA slot and the National Dex; overwrites land slots 8 and 9,vanilla,yes
Wayward Cave,encounters_wayward_cave_b1f.json,SPECIES_ONIX,dual-slot Sapphire,18-20,needs Pokemon Sapphire in the GBA slot and the National Dex; overwrites land slots 8 and 9,vanilla,yes
Wayward Cave,encounters_wayward_cave_b1f.json,SPECIES_GIBLE,dual-slot Emerald,18-20,needs Pokemon Emerald in the GBA slot and the National Dex; overwrites land slots 8 and 9,vanilla,yes
Wayward Cave,encounters_wayward_cave_b1f.json,SPECIES_ONIX,dual-slot Emerald,18-20,needs Pokemon Emerald in the GBA slot and the National Dex; overwrites land slots 8 and 9,vanilla,yes
Wayward Cave,encounters_wayward_cave_b1f.json,SPECIES_GIBLE,dual-slot FireRed,18-20,needs Pokemon FireRed in the GBA slot and the National Dex; overwrites land slots 8 and 9,vanilla,yes
Wayward Cave,encounters_wayward_cave_b1f.json,SPECIES_ONIX,dual-slot FireRed,18-20,needs Pokemon FireRed in the GBA slot and the National Dex; overwrites land slots 8 and 9,vanilla,yes
Wayward Cave,encounters_wayward_cave_b1f.json,SPECIES_SANDSHREW,dual-slot LeafGreen,18-20,needs Pokemon LeafGreen in the GBA slot and the National Dex; overwrites land slots 8 and 9,vanilla,no
Honey trees (21 routes),encounters_honey_tree.json,SPECIES_COMBEE,honey tree (common),5-15,"group A, 70% of a shaking tree (20% on a Munchlax tree); slather with Honey, wait 6 hours, 24-hour window; the four Munchlax trees are picked from the trainer ID; slot rates 40/20/20/10/5/5 (src/overlay005/honey_tree.c)",vanilla,yes
Honey trees (21 routes),encounters_honey_tree.json,SPECIES_WURMPLE,honey tree (common),5-15,"group A, 70% of a shaking tree (20% on a Munchlax tree); slather with Honey, wait 6 hours, 24-hour window; the four Munchlax trees are picked from the trainer ID; slot rates 40/20/20/10/5/5 (src/overlay005/honey_tree.c)",vanilla,no
Honey trees (21 routes),encounters_honey_tree.json,SPECIES_BURMY,honey tree (common),5-15,"group A, 70% of a shaking tree (20% on a Munchlax tree); slather with Honey, wait 6 hours, 24-hour window; the four Munchlax trees are picked from the trainer ID; slot rates 40/20/20/10/5/5 (src/overlay005/honey_tree.c)",vanilla,no
Honey trees (21 routes),encounters_honey_tree.json,SPECIES_CHERUBI,honey tree (common),5-15,"group A, 70% of a shaking tree (20% on a Munchlax tree); slather with Honey, wait 6 hours, 24-hour window; the four Munchlax trees are picked from the trainer ID; slot rates 40/20/20/10/5/5 (src/overlay005/honey_tree.c)",vanilla,no
Honey trees (21 routes),encounters_honey_tree.json,SPECIES_AIPOM,honey tree (common),5-15,"group A, 70% of a shaking tree (20% on a Munchlax tree); slather with Honey, wait 6 hours, 24-hour window; the four Munchlax trees are picked from the trainer ID; slot rates 40/20/20/10/5/5 (src/overlay005/honey_tree.c)",vanilla,no
Honey trees (21 routes),encounters_honey_tree.json,SPECIES_BURMY,honey tree (uncommon),5-15,"group B, 20% of a shaking tree (70% on a Munchlax tree); slather with Honey, wait 6 hours, 24-hour window; the four Munchlax trees are picked from the trainer ID; slot rates 40/20/20/10/5/5 (src/overlay005/honey_tree.c)",vanilla,no
Honey trees (21 routes),encounters_honey_tree.json,SPECIES_CHERUBI,honey tree (uncommon),5-15,"group B, 20% of a shaking tree (70% on a Munchlax tree); slather with Honey, wait 6 hours, 24-hour window; the four Munchlax trees are picked from the trainer ID; slot rates 40/20/20/10/5/5 (src/overlay005/honey_tree.c)",vanilla,no
Honey trees (21 routes),encounters_honey_tree.json,SPECIES_COMBEE,honey tree (uncommon),5-15,"group B, 20% of a shaking tree (70% on a Munchlax tree); slather with Honey, wait 6 hours, 24-hour window; the four Munchlax trees are picked from the trainer ID; slot rates 40/20/20/10/5/5 (src/overlay005/honey_tree.c)",vanilla,yes
Honey trees (21 routes),encounters_honey_tree.json,SPECIES_AIPOM,honey tree (uncommon),5-15,"group B, 20% of a shaking tree (70% on a Munchlax tree); slather with Honey, wait 6 hours, 24-hour window; the four Munchlax trees are picked from the trainer ID; slot rates 40/20/20/10/5/5 (src/overlay005/honey_tree.c)",vanilla,no
Honey trees (21 routes),encounters_honey_tree.json,SPECIES_HERACROSS,honey tree (uncommon),5-15,"group B, 20% of a shaking tree (70% on a Munchlax tree); slather with Honey, wait 6 hours, 24-hour window; the four Munchlax trees are picked from the trainer ID; slot rates 40/20/20/10/5/5 (src/overlay005/honey_tree.c)",vanilla,yes
Honey trees (21 routes),encounters_honey_tree.json,SPECIES_MUNCHLAX,honey tree (rare),5-15,"group C, only on the four Munchlax trees, 1%; slather with Honey, wait 6 hours, 24-hour window; the four Munchlax trees are picked from the trainer ID; slot rates 40/20/20/10/5/5 (src/overlay005/honey_tree.c)",vanilla,no
Great Marsh,encounters_great_marsh_lookout.json,SPECIES_WOOPER,great marsh daily (pre-natdex),22-30,"one of these 32 is in each of the six marsh areas per day, index = 5 bits of the daily seed per area; only while a Safari Game is running; overwrites land slots 6 and 7",vanilla,yes
Great Marsh,encounters_great_marsh_lookout.json,SPECIES_CARNIVINE,great marsh daily (pre-natdex),22-30,"one of these 32 is in each of the six marsh areas per day, index = 5 bits of the daily seed per area; only while a Safari Game is running; overwrites land slots 6 and 7",vanilla,no
Great Marsh,encounters_great_marsh_lookout.json,SPECIES_SKORUPI,great marsh daily (pre-natdex),22-30,"one of these 32 is in each of the six marsh areas per day, index = 5 bits of the daily seed per area; only while a Safari Game is running; overwrites land slots 6 and 7",vanilla,yes
Great Marsh,encounters_great_marsh_lookout.json,SPECIES_CROAGUNK,great marsh daily (pre-natdex),22-30,"one of these 32 is in each of the six marsh areas per day, index = 5 bits of the daily seed per area; only while a Safari Game is running; overwrites land slots 6 and 7",vanilla,yes
Great Marsh,encounters_great_marsh_lookout.json,SPECIES_QUAGSIRE,great marsh daily (pre-natdex),22-30,"one of these 32 is in each of the six marsh areas per day, index = 5 bits of the daily seed per area; only while a Safari Game is running; overwrites land slots 6 and 7",vanilla,yes
Great Marsh,encounters_great_marsh_lookout.json,SPECIES_YANMA,great marsh daily (pre-natdex),22-30,"one of these 32 is in each of the six marsh areas per day, index = 5 bits of the daily seed per area; only while a Safari Game is running; overwrites land slots 6 and 7",vanilla,yes
Great Marsh,encounters_great_marsh_lookout.json,SPECIES_TROPIUS,great marsh daily (pre-natdex),22-30,"one of these 32 is in each of the six marsh areas per day, index = 5 bits of the daily seed per area; only while a Safari Game is running; overwrites land slots 6 and 7",vanilla,no
Great Marsh,encounters_great_marsh_lookout.json,SPECIES_TANGELA,great marsh daily (pre-natdex),22-30,"one of these 32 is in each of the six marsh areas per day, index = 5 bits of the daily seed per area; only while a Safari Game is running; overwrites land slots 6 and 7",vanilla,no
Great Marsh,encounters_great_marsh_lookout.json,SPECIES_TOXICROAK,great marsh daily (post-natdex),22-30,the same rotation once the National Dex is in hand; the binoculars on the lookout show a random slot of the same table,vanilla,yes
Great Marsh,encounters_great_marsh_lookout.json,SPECIES_KECLEON,great marsh daily (post-natdex),22-30,the same rotation once the National Dex is in hand; the binoculars on the lookout show a random slot of the same table,vanilla,no
Great Marsh,encounters_great_marsh_lookout.json,SPECIES_CARNIVINE,great marsh daily (post-natdex),22-30,the same rotation once the National Dex is in hand; the binoculars on the lookout show a random slot of the same table,vanilla,no
Great Marsh,encounters_great_marsh_lookout.json,SPECIES_SKORUPI,great marsh daily (post-natdex),22-30,the same rotation once the National Dex is in hand; the binoculars on the lookout show a random slot of the same table,vanilla,yes
Great Marsh,encounters_great_marsh_lookout.json,SPECIES_CROAGUNK,great marsh daily (post-natdex),22-30,the same rotation once the National Dex is in hand; the binoculars on the lookout show a random slot of the same table,vanilla,yes
Great Marsh,encounters_great_marsh_lookout.json,SPECIES_QUAGSIRE,great marsh daily (post-natdex),22-30,the same rotation once the National Dex is in hand; the binoculars on the lookout show a random slot of the same table,vanilla,yes
Great Marsh,encounters_great_marsh_lookout.json,SPECIES_DRAPION,great marsh daily (post-natdex),22-30,the same rotation once the National Dex is in hand; the binoculars on the lookout show a random slot of the same table,vanilla,yes
Great Marsh,encounters_great_marsh_lookout.json,SPECIES_KANGASKHAN,great marsh daily (post-natdex),22-30,the same rotation once the National Dex is in hand; the binoculars on the lookout show a random slot of the same table,vanilla,no
Great Marsh,encounters_great_marsh_lookout.json,SPECIES_PARAS,great marsh daily (post-natdex),22-30,the same rotation once the National Dex is in hand; the binoculars on the lookout show a random slot of the same table,vanilla,no
Great Marsh,encounters_great_marsh_lookout.json,SPECIES_EXEGGCUTE,great marsh daily (post-natdex),22-30,the same rotation once the National Dex is in hand; the binoculars on the lookout show a random slot of the same table,vanilla,no
Great Marsh,encounters_great_marsh_lookout.json,SPECIES_YANMA,great marsh daily (post-natdex),22-30,the same rotation once the National Dex is in hand; the binoculars on the lookout show a random slot of the same table,vanilla,yes
Great Marsh,encounters_great_marsh_lookout.json,SPECIES_SHROOMISH,great marsh daily (post-natdex),22-30,the same rotation once the National Dex is in hand; the binoculars on the lookout show a random slot of the same table,vanilla,yes
Great Marsh,encounters_great_marsh_lookout.json,SPECIES_GULPIN,great marsh daily (post-natdex),22-30,the same rotation once the National Dex is in hand; the binoculars on the lookout show a random slot of the same table,vanilla,no
Great Marsh,encounters_great_marsh_lookout.json,SPECIES_TROPIUS,great marsh daily (post-natdex),22-30,the same rotation once the National Dex is in hand; the binoculars on the lookout show a random slot of the same table,vanilla,no
Great Marsh,encounters_great_marsh_lookout.json,SPECIES_TANGELA,great marsh daily (post-natdex),22-30,the same rotation once the National Dex is in hand; the binoculars on the lookout show a random slot of the same table,vanilla,no
Pal Park,src/catching_show.c,(from the GBA save),pal park migration,(as migrated),"six Pokemon at a time migrated out of a Ruby/Sapphire/Emerald/FireRed/LeafGreen cartridge, then caught in the catching show; the species come from that save, not from any table in this tree; needs the National Dex and a DS with a GBA slot",vanilla,n/a
Solaceon Town,src/egg.c,(egg of the mother's line),day care egg,1,breeding at the Solaceon Day Care; the only route to baby stages and to any egg move; Ditto from the Day Care man makes every non-legendary breedable,vanilla,n/a
