move	species
Dragon Claw	aerodactyl aggron altaria arceus bagon ceruledge charizard charmander charmeleon croconaw dialga dragonite feraligatr flygon gabite garchomp gible giratina goodra groudon grovyle guzzlord hakamo_o hisuian_goodra jangmo_o kommo_o latias latios mew naganadel palkia rampardos rayquaza salamence salandit salazzle sceptile shelgon totodile turtonator tyranitar vibrava yveltal
Water Pulse	abomasnow absol aggron aipom alomomola ambipom anorith araquanid arceus armaldo aron articuno azelf azumarill azurill barboach bibarel blastoise blissey brionne buizel buneary carvanha castform celebi chansey chimecho chinchou chingling clamperl clefable clefairy cleffa clodsire cloyster corphish corsola crawdaunt croconaw delcatty delibird deoxys dewgong dewpider dragonair dragonite dratini dunsparce empoleon exploud feebas feraligatr finneon floatzel frillish froakie frogadier froslass furret gastrodon glaceon glalie glameow goldeen golduck goodra goomy gorebyss granbull greninja gulpin gyarados happiny hippopotas hippowdon hisuian_goodra hisuian_sliggoo horsea huntail igglybuff illumise jellicent jigglypuff jirachi jynx kabuto kabutops kangaskhan kecleon kingdra kingler kommo_o krabby kyogre lairon lanturn lapras latias latios lickilicky lickitung linoone lombre lopunny lotad loudred lucario ludicolo lugia lumineon luvdisc manaphy mantine mantyke mareanie marill marshtomp masquerain meowth mesprit mew mewtwo milotic miltank mudkip munchlax nidoking nidoqueen nidoran_f nidoran_m nidorina nidorino octillery omanyte omastar palkia pelipper persian phione piplup politoed poliwag poliwhirl poliwrath popplio primarina prinplup psyduck purugly quagsire qwilfish rayquaza relicanth remoraid sableye seadra seaking sealeo seel sentret sharpedo shellder shellos skitty slaking slakoth sliggoo slowbro slowking slowpoke smoochum sneasel snorlax snorunt snover snubbull spheal spinda spiritomb squirtle starmie staryu suicune surskit swalot swampert tapu_fini tauros tentacool tentacruel togekiss togepi togetic totodile toxapex tyranitar uxie vaporeon vigoroth volbeat wailmer wailord walrein wartortle weavile whiscash whismur wigglytuff wingull wooper zangoose zigzagoon
Calm Mind	abra absol alakazam alolan_ninetales alomomola arceus armarouge azelf baltoy banette blacephalon blissey bonsly braixen bronzong bronzor carbink celebi chandelure chansey chimecho chingling cinccino claydol clefable clefairy cleffa cofagrigus corsola cresselia darkrai delcatty delphox deoxys diancie dottler drifblim drifloon drowzee dunsparce dusclops dusknoir duskull eevee entei espeon exeggutor fennekin flabebe flareon floette florges frosmoth galarian_articuno galarian_mr_mime galarian_rapidash gallade gardevoir girafarig giratina glaceon golduck gothita gothitelle gothorita grumpig happiny honchkrow hoothoot ho_oh hypno igglybuff infernape jigglypuff jirachi jolteon jynx kadabra kartana kirlia klefki kyogre lampent larvesta latias latios leafeon leavanny litwick lucario lugia lunatone magearna manaphy medicham meditite meloetta mesprit mew mewtwo mienfoo mienshao milotic mime_jr minccino misdreavus mismagius mr_mime mr_rime murkrow natu ninetales noctowl orbeetle pikachu polteageist primarina psyduck raichu raikou ralts relicanth runerigus sableye serperior servine sewaddle shuppet sinistcha sinistea skitty slowbro slowking slowpoke smoochum sneasel snivy solrock spinda spiritomb spoink stantler sudowoodo suicune swadloon sylveon tapu_bulu tapu_fini tapu_koko tapu_lele togekiss togepi togetic typhlosion umbreon uxie vaporeon volcarona weavile wigglytuff xatu xerneas xurkitree yamask
Roar	aerodactyl aggron alolan_ninetales altaria ampharos annihilape arcanine arceus aron articuno bagon bastiodon blastoise blaziken buizel camerupt charizard charmander charmeleon cranidos croconaw cyndaquil dialga donphan dragonite drapion eevee electrike empoleon entei espeon exploud feraligatr flaaffy flareon floatzel gabite garchomp gible giratina glaceon golem granbull grotle groudon growlithe gyarados hakamo_o heatran hippopotas hippowdon houndoom houndour ho_oh incineroar infernape ivysaur jangmo_o jolteon kangaskhan kommo_o kyogre lairon lapras latias latios leafeon linoone litten loudred lucario lugia luxio luxray magmar magmortar mamoswine manectric mankey marshtomp mew mightyena moltres mudkip nidoking nidoqueen ninetales numel onix palkia persian phanpy piloswine poochyena primeape purugly quilava raikou rampardos raticate rayquaza rhydon rhyhorn rhyperior riolu salamence sceptile sealeo sharpedo shelgon shieldon shinx skarmory skuntank slaking snubbull stantler steelix stunky suicune swampert swinub sylveon tapu_bulu tapu_koko teddiursa torracat torterra tropius turtonator turtwig typhlosion tyranitar umbreon ursaring vaporeon venusaur vigoroth vulpix wailmer wailord walrein whismur xerneas zangoose zapdos
Bulk Up	annihilape arceus blaziken breloom buizel buzzwole ceruledge chimchar cinderace clobbopus combusken corviknight croagunk decidueye dialga electabuzz electivire floatzel galarian_zapdos gallade granbull grapploct groudon hakamo_o hariyama hawlucha heracross hitmonchan hitmonlee hitmontop incineroar infernape jangmo_o kommo_o litten lucario machamp machoke machop makuhita mankey medicham meditite mew mewtwo mienfoo mienshao monferno palkia pawmot pinsir poliwrath primeape raboot raticate rayquaza riolu sableye slaking slakoth snubbull staraptor starmie swampert talonflame tapu_bulu teddiursa torracat toxicroak turtonator tyrogue ursaring vigoroth
Bullet Seed	abomasnow arboliva arceus bayleef bellossom bellsprout bounsweet breloom budew bulbasaur cacnea cacturne carnivine cherrim cherubi chikorita cinccino cradily dartrix decidueye dolliv exeggcute exeggutor ferroseed ferrothorn floragato fomantis gloom grotle grovyle gulpin heracross hoppip ivysaur jumpluff leafeon leavanny lileep lombre lotad ludicolo lurantis mantine meganium meowscarada mew minccino nuzleaf octillery oddish paras parasect pikipek remoraid roselia roserade rowlet sceptile seedot serperior servine shaymin shiftry shroomish skiploom smoliv snivy snover sprigatito steenee sunflora sunkern swalot tangela tangrowth tapu_bulu torterra toucannon treecko tropius trumbeak tsareena turtwig venusaur victreebel vileplume weepinbell wormadam
Hidden Power	abomasnow abra absol aerodactyl aggron aipom alakazam alolan_ninetales alomomola altaria ambipom ampharos anorith araquanid arbok arcanine arceus ariados armaldo aron articuno azelf azumarill azurill bagon baltoy banette barboach bastiodon bayleef beautifly beedrill bellossom bellsprout bibarel bidoof blacephalon blastoise blaziken blissey bonsly bounsweet braixen breloom brionne bronzong bronzor budew buizel bulbasaur buneary burmy butterfree buzzwole cacnea cacturne camerupt carbink carnivine carvanha castform celebi celesteela chandelure chansey charizard charjabug charmander charmeleon chatot cherrim cherubi chikorita chimchar chimecho chinchou chingling cinccino clamperl claydol clefable clefairy cleffa cloyster cofagrigus combusken corphish corsola cradily cranidos crawdaunt cresselia croagunk crobat croconaw crustle cubone cyndaquil darkrai dartrix decidueye delcatty delibird delphox deoxys dewgong dewpider dhelmise dialga diancie diglett dodrio doduo donphan dragonair dragonite drapion dratini drifblim drifloon drowzee dugtrio dunsparce dusclops dusknoir duskull dustox dwebble eevee ekans electabuzz electivire electrike electrode elekid emolga empoleon entei espeon exeggcute exeggutor exploud farfetchd fearow feebas fennekin feraligatr ferroseed ferrothorn finneon flaaffy flabebe flareon fletchinder fletchling floatzel floette florges flygon fomantis forretress frillish froakie frogadier froslass furret gabite gallade galvantula garchomp gardevoir gastly gastrodon gengar geodude gible girafarig giratina glaceon glalie glameow gligar gliscor gloom golbat goldeen golduck golem goodra goomy gorebyss gothita gothitelle gothorita granbull graveler greninja grimer grotle groudon grovyle growlithe grubbin grumpig gulpin guzzlord gyarados hakamo_o happiny hariyama haunter hawlucha heatran heracross hippopotas hippowdon hitmonchan hitmonlee hitmontop honchkrow hoothoot hoppip horsea houndoom houndour ho_oh huntail hypno igglybuff illumise incineroar infernape ivysaur jangmo_o jellicent jigglypuff jirachi jolteon joltik jumpluff jynx kabuto kabutops kadabra kangaskhan kartana kecleon kingdra kingler kirlia klefki koffing kommo_o krabby kricketune kyogre lairon lampent lanturn lapras larvesta larvitar latias latios leafeon leavanny ledian ledyba lickilicky lickitung liepard lileep linoone litten litwick lombre lopunny lotad loudred lucario ludicolo lugia lumineon lunatone lurantis luvdisc luxio luxray machamp machoke machop magby magcargo magearna magmar magmortar magnemite magneton magnezone makuhita mamoswine manaphy mandibuzz manectric mankey mantine mantyke mareanie mareep marill marowak marshtomp masquerain mawile medicham meditite meganium meloetta meowth mesprit metagross metang mew mewtwo mienfoo mienshao mightyena milotic miltank mime_jr minccino minun misdreavus mismagius moltres monferno mothim mr_mime mudkip muk munchlax murkrow naganadel natu nidoking nidoqueen nidoran_f nidoran_m nidorina nidorino nihilego nincada ninetales ninjask noctowl nosepass numel nuzleaf octillery oddish omanyte omastar onix pachirisu palkia palossand paras parasect pelipper persian phanpy pheromosa phione pichu pidgeot pidgeotto pidgey pikachu pikipek piloswine pineco pinsir piplup plusle poipole politoed poliwag poliwhirl poliwrath ponyta poochyena popplio porygon porygon2 porygon_z primarina primeape prinplup probopass psyduck pupitar purrloin purugly quagsire quilava qwilfish raichu raikou ralts rampardos rapidash raticate rattata rayquaza regice regigigas regirock registeel relicanth remoraid rhydon rhyhorn rhyperior riolu roselia roserade rotom rowlet sableye salamence salandit salazzle sandshrew sandslash sandygast sceptile scizor scyther seadra seaking sealeo seedot seel sentret serperior servine seviper sewaddle sharpedo shaymin shedinja shelgon shellder shellos shieldon shiftry shinx shroomish shuckle shuppet skarmory skiploom skitty skorupi skuntank slaking slakoth sliggoo slowbro slowking slowpoke slugma smoochum sneasel snivy snorlax snorunt snover snubbull solrock spearow spheal spinarak spinda spiritomb spoink squirtle stakataka stantler staraptor staravia starly starmie staryu steelix steenee stunky sudowoodo suicune sunflora sunkern surskit swablu swadloon swalot swampert swellow swinub sylveon taillow talonflame tangela tangrowth tapu_bulu tapu_fini tapu_koko tapu_lele tauros teddiursa tentacool tentacruel togedemaru togekiss togepi togetic torchic torkoal torracat torterra totodile toucannon toxapex toxicroak trapinch treecko tropius trumbeak tsareena turtonator turtwig typhlosion tyranitar tyrogue umbreon unown ursaring uxie vaporeon venomoth venonat venusaur vespiquen vibrava victreebel vigoroth vikavolt vileplume volbeat volcarona voltorb vullaby vulpix wailmer wailord walrein wartortle weavile weepinbell weezing whiscash whismur wigglytuff wingull wooper wormadam xatu xerneas xurkitree yamask yanma yanmega yveltal zangoose zapdos zigzagoon zubat
Taunt	abra absol aerodactyl aggron aipom alakazam ambipom annihilape arceus armarouge azelf banette bastiodon bibarel bidoof blacephalon buizel buzzwole cacturne carvanha ceruledge chandelure chatot chimchar chimecho chingling cinderace clobbopus corphish corviknight corvisquire crawdaunt croagunk crobat darkrai decidueye deoxys dodrio drapion drowzee dusclops dusknoir duskull electabuzz electivire electrode elekid emolga exploud flareon fletchinder fletchling floatzel floragato frillish froakie frogadier froslass galarian_moltres galarian_mr_mime galarian_weezing galarian_zapdos gallade gardevoir gastly gengar glaceon glalie glameow gligar gliscor golbat golduck gothita gothitelle gothorita granbull grapploct greninja grimer grumpig gyarados hakamo_o hariyama haunter hawlucha heatran hitmonchan hitmonlee honchkrow houndoom houndour hypno igglybuff incineroar infernape jangmo_o jellicent jigglypuff jynx kadabra kirlia koffing kommo_o kricketune lampent larvitar leafeon liepard litten litwick loudred magmar magmortar makuhita mandibuzz mankey mawile medicham meditite meowscarada meowth mew mewtwo mienfoo mienshao mightyena mime_jr misdreavus mismagius monferno mr_mime mr_rime muk murkrow nidoking nidoqueen nosepass onix persian pheromosa poliwrath poochyena primeape probopass psyduck pupitar purrloin purugly qwilfish raboot ralts raticate rattata rookidee rotom runerigus sableye salandit salazzle scorbunny serperior servine seviper sharpedo shieldon shiftry shuppet skarmory skorupi skuntank slaking sneasel snivy snubbull spiritomb spoink sprigatito steelix stunky sudowoodo sylveon talonflame tapu_bulu tapu_fini tapu_koko tapu_lele teddiursa torracat toxicroak tsareena turtonator tyranitar umbreon ursaring vaporeon vespiquen vigoroth volbeat voltorb vullaby weavile weezing wigglytuff yveltal zangoose zubat
Ice Beam	abomasnow absol aggron alolan_ninetales alomomola altaria araquanid arceus articuno azumarill azurill baltoy barboach bastiodon bibarel bidoof blastoise blissey brionne buizel buneary carvanha castform chansey chinchou clamperl claydol clefable clefairy cleffa cloyster corphish corsola cranidos crawdaunt cresselia croconaw cubone darkrai delcatty delibird deoxys dewgong dewpider dialga dragonair dragonite dratini dunsparce dusclops dusknoir duskull empoleon exploud feebas feraligatr finneon floatzel frillish froakie frogadier froslass frosmoth furret galarian_mr_mime gastrodon glaceon glalie goldeen golduck goodra gorebyss greninja gulpin gyarados hisuian_goodra hisuian_sliggoo horsea huntail jellicent jigglypuff jynx kabuto kabutops kangaskhan kecleon kingdra kingler krabby kyogre lanturn lapras latias latios lickilicky lickitung linoone lombre lopunny lotad loudred ludicolo lugia lumineon lunatone luvdisc magearna mamoswine manaphy mantine mantyke mareanie marill marowak marshtomp masquerain mawile mesprit mew mewtwo milotic miltank mr_rime mudkip munchlax nidoking nidoqueen nidoran_f nidoran_m nidorina nidorino octillery omanyte omastar palkia pelipper pheromosa phione piloswine piplup politoed poliwag poliwhirl poliwrath popplio porygon porygon2 porygon_z primarina prinplup psyduck quagsire qwilfish rampardos raticate rattata rayquaza regice relicanth remoraid rhydon rhyhorn rhyperior seadra seaking sealeo seel sentret sharpedo shellder shellos shieldon skitty slaking slakoth sliggoo slowbro slowking slowpoke smoochum sneasel snorlax snorunt snover spheal squirtle starmie staryu suicune surskit swablu swalot swampert swinub tapu_fini tauros tentacool tentacruel totodile toxapex tyranitar vaporeon vigoroth wailmer wailord walrein wartortle weavile whiscash whismur wigglytuff wingull wooper zangoose zigzagoon
Blizzard	abomasnow absol aggron alolan_ninetales alomomola araquanid arceus articuno azumarill azurill barboach bastiodon beautifly bibarel bidoof blastoise blissey brionne buizel carvanha castform chansey chinchou clamperl clefable clefairy cleffa cloyster corphish corsola cranidos crawdaunt croconaw cubone darkrai delcatty delibird dewgong dewpider dialga dragonair dragonite dratini dunsparce dusclops dusknoir duskull empoleon exploud feebas feraligatr finneon floatzel frillish froakie frogadier froslass frosmoth furret galarian_mr_mime gastrodon glaceon glalie goldeen golduck goodra gorebyss greninja gyarados hisuian_goodra hisuian_sliggoo horsea huntail jellicent jigglypuff jynx kabuto kabutops kangaskhan kecleon kingdra kingler krabby kyogre lanturn lapras lickilicky lickitung linoone lombre lopunny lotad loudred ludicolo lugia lumineon lunatone luvdisc mamoswine manaphy mantine mantyke mareanie marill marowak marshtomp masquerain mesprit mew mewtwo milotic miltank mr_rime mudkip munchlax nidoking nidoqueen nidoran_f nidoran_m nidorina nidorino octillery omanyte omastar palkia pelipper pheromosa phione piloswine piplup politoed poliwag poliwhirl poliwrath popplio porygon porygon2 porygon_z primarina prinplup psyduck quagsire qwilfish rampardos raticate rattata rayquaza regice relicanth remoraid rhydon rhyhorn rhyperior seadra seaking sealeo seel sentret sharpedo shellder shellos shieldon skitty slaking slakoth sliggoo slowbro slowking slowpoke smoochum sneasel snorlax snorunt snover spheal squirtle starmie staryu suicune surskit swampert swinub tapu_fini tauros tentacool tentacruel totodile toxapex tyranitar vaporeon vigoroth wailmer wailord walrein wartortle weavile whiscash whismur wigglytuff wingull wooper zangoose zigzagoon
Hyper Beam	abomasnow absol aerodactyl aggron alakazam alolan_ninetales alomomola altaria ambipom ampharos annihilape araquanid arbok arboliva arcanine arceus ariados armaldo armarouge articuno azelf azumarill banette bastiodon beautifly beedrill bellossom bibarel blacephalon blastoise blaziken blissey breloom bronzong butterfree cacturne camerupt carbink carnivine celebi celesteela chandelure chansey charizard cherrim cinccino cinderace claydol clefable clodsire cloyster cofagrigus corviknight cradily crawdaunt cresselia crobat crustle darkrai decidueye delcatty delibird delphox deoxys dewgong dhelmise dialga diancie dodrio donphan dragonair dragonite drapion dratini drifblim dubwool dugtrio dunsparce dusclops dusknoir dustox electabuzz electivire electrode empoleon entei espeon exeggutor exploud fearow feraligatr ferrothorn flareon floatzel florges flygon forretress froslass frosmoth furret galarian_articuno galarian_moltres galarian_mr_mime galarian_rapidash galarian_weezing galarian_zapdos gallade galvantula garchomp gardevoir garganacl gastrodon gengar girafarig giratina glaceon glalie glimmora gliscor golbat golduck golem goodra gorebyss gothitelle granbull grapploct greninja groudon grumpig guzzlord gyarados hariyama hawlucha heatran heracross hippowdon hisuian_goodra honchkrow houndoom ho_oh huntail hypno incineroar infernape jellicent jirachi jolteon jumpluff jynx kabutops kangaskhan kingdra kingler kirlia kleavor klefki kommo_o kricketune kyogre lanturn lapras larvitar latias latios leafeon leavanny ledian lickilicky lickitung liepard linoone lopunny lucario ludicolo lugia lumineon lunatone lurantis luxray machamp magcargo magearna magmar magmortar magneton magnezone mamoswine manaphy mandibuzz manectric mantine marowak masquerain mawile medicham meganium meloetta meowscarada mesprit metagross metang mew mewtwo mienshao mightyena milotic miltank misdreavus mismagius moltres mothim mr_mime mr_rime muk murkrow naclstack naganadel nidoking nidoqueen ninetales ninjask noctowl nuzleaf octillery omastar orbeetle pachirisu palkia palossand parasect pawmot pelipper persian pheromosa pidgeot piloswine pinsir politoed poliwrath polteageist porygon porygon2 porygon_z primarina primeape probopass pupitar purugly quagsire raichu raikou rampardos rapidash raticate rayquaza regice regigigas regirock registeel relicanth remoraid rhydon rhyperior roserade rotom runerigus sableye salamence salazzle sandslash sceptile scizor scyther seadra seaking serperior seviper sharpedo shaymin shedinja shiftry sinistcha skarmory skuntank slaking slowbro slowking snorlax solrock spiritomb stantler staraptor starmie steelix sudowoodo suicune sunflora swalot swampert swellow sylveon talonflame tangela tangrowth tapu_bulu tapu_fini tapu_koko tapu_lele tauros tentacruel togedemaru togekiss togetic torkoal torterra toucannon toxapex toxicroak trapinch tropius tsareena turtonator typhlosion tyranitar umbreon ursaring uxie vaporeon venomoth venusaur vespiquen vibrava victreebel vikavolt vileplume volcarona wailord walrein weavile weezing whiscash wigglytuff wormadam xatu xerneas xurkitree yanmega yveltal zangoose zapdos zygarde_10
Light Screen	abomasnow abra alakazam alomomola ampharos arboliva arceus armarouge articuno azelf azumarill azurill baltoy bayleef blacephalon blissey bounsweet braixen bronzong bronzor bulbasaur carbink celebi ceruledge chansey charjabug chikorita chimecho chingling cinccino claydol clefable clefairy cleffa cloyster corsola corviknight cresselia dartrix decidueye delphox deoxys diancie dottler dragonair dragonite dratini drowzee dustox electabuzz electivire electrike electrode elekid emolga espeon exeggcute exeggutor feebas fennekin flaaffy flabebe floette florges forretress froslass frosmoth galarian_articuno galarian_mr_mime galarian_zapdos gallade galvantula gardevoir girafarig glalie glimmet glimmora golduck gothita gothitelle gothorita grotle grubbin grumpig happiny hoppip ho_oh hypno igglybuff illumise ivysaur jigglypuff jirachi jolteon joltik jumpluff jynx kadabra kirlia kleavor klefki larvesta latias latios leavanny ledian ledyba lugia lunatone luxio luxray machamp machoke machop magcargo magearna magnemite magneton magnezone mamoswine manaphy manectric mareep marill medicham meditite meganium meloetta mesprit metagross metang mew mewtwo milotic mime_jr minun mr_mime mr_rime natu nihilego orbeetle pachirisu paras parasect pichu pikachu piloswine pineco plusle polteageist primarina psyduck raichu raikou ralts rotom rowlet sableye scizor scyther serperior servine sewaddle shinx skiploom slowbro slowking slowpoke slugma smoochum snivy snorunt snover solrock spoink stakataka stantler starmie staryu steenee sunflora sunkern swadloon swinub sylveon tapu_bulu tapu_fini tapu_koko tapu_lele togekiss togepi togetic torterra toxapex tsareena turtwig umbreon uxie venusaur vikavolt volbeat volcarona voltorb wigglytuff xatu xerneas xurkitree zapdos
Giga Drain	abomasnow araquanid arbok arboliva arceus ariados bayleef beautifly beedrill bellossom bellsprout bounsweet breloom budew bulbasaur butterfree cacnea cacturne carnivine celebi celesteela cherrim cherubi chikorita cofagrigus cradily crobat dartrix decidueye dewpider dhelmise dolliv dustox ekans exeggcute exeggutor ferroseed ferrothorn flabebe floette floragato florges flygon fomantis forretress frillish frosmoth galvantula gastly gengar gloom golbat goodra grimer grotle grovyle gulpin haunter hoppip ho_oh illumise ivysaur jellicent joltik jumpluff kabuto kabutops kartana kricketune larvesta leafeon leavanny ledian ledyba lileep lombre lotad ludicolo lugia lurantis masquerain meganium meowscarada mew mothim muk natu nincada ninjask nuzleaf oddish orbeetle palossand paras parasect pineco polteageist roselia roserade rowlet runerigus sableye sandygast sceptile seedot serperior servine seviper sewaddle shaymin shedinja shiftry shroomish sinistcha sinistea skiploom smoliv snivy snover spinarak sprigatito steenee sunflora sunkern surskit swadloon swalot tangela tangrowth tapu_bulu tentacool tentacruel torterra trapinch treecko tropius tsareena turtwig uxie venomoth venonat venusaur vibrava victreebel vileplume volbeat volcarona weepinbell wormadam xatu yanma yanmega zangoose zubat
Frustration	abomasnow abra absol aerodactyl aggron aipom alakazam alolan_ninetales alomomola altaria ambipom ampharos anorith araquanid arbok arcanine arceus ariados armaldo aron articuno azelf azumarill azurill bagon baltoy banette barboach bastiodon bayleef beautifly beedrill bellossom bellsprout bibarel bidoof blacephalon blastoise blaziken blissey bonsly bounsweet braixen breloom brionne bronzong bronzor budew buizel bulbasaur buneary butterfree buzzwole cacnea cacturne camerupt carbink carnivine carvanha castform celebi celesteela chandelure chansey charizard charjabug charmander charmeleon chatot cherrim cherubi chikorita chimchar chimecho chinchou chingling cinccino clamperl claydol clefable clefairy cleffa cloyster cofagrigus combusken corphish corsola cradily cranidos crawdaunt cresselia croagunk crobat croconaw crustle cubone cyndaquil darkrai dartrix decidueye delcatty delibird delphox deoxys dewgong dewpider dhelmise dialga diancie diglett dodrio doduo donphan dragonair dragonite drapion dratini drifblim drifloon drowzee dugtrio dunsparce dusclops dusknoir duskull dustox dwebble eevee ekans electabuzz electivire electrike electrode elekid emolga empoleon entei espeon exeggcute exeggutor exploud farfetchd fearow feebas fennekin feraligatr ferroseed ferrothorn finneon flaaffy flabebe flareon fletchinder fletchling floatzel floette florges flygon fomantis forretress frillish froakie frogadier froslass furret gabite gallade galvantula garchomp gardevoir gastly gastrodon gengar geodude gible girafarig giratina glaceon glalie glameow gligar gliscor gloom golbat goldeen golduck golem goodra goomy gorebyss gothita gothitelle gothorita granbull graveler greninja grimer grotle groudon grovyle growlithe grubbin grumpig gulpin guzzlord gyarados hakamo_o happiny hariyama haunter hawlucha heatran heracross hippopotas hippowdon hitmonchan hitmonlee hitmontop honchkrow hoothoot hoppip horsea houndoom houndour ho_oh huntail hypno igglybuff illumise incineroar infernape ivysaur jangmo_o jellicent jigglypuff jirachi jolteon joltik jumpluff jynx kabuto kabutops kadabra kangaskhan kartana kecleon kingdra kingler kirlia klefki koffing kommo_o krabby kricketune kyogre lairon lampent lanturn lapras larvesta larvitar latias latios leafeon leavanny ledian ledyba lickilicky lickitung liepard lileep linoone litten litwick lombre lopunny lotad loudred lucario ludicolo lugia lumineon lunatone lurantis luvdisc luxio luxray machamp machoke machop magby magcargo magearna magmar magmortar magnemite magneton magnezone makuhita mamoswine manaphy mandibuzz manectric mankey mantine mantyke mareanie mareep marill marowak marshtomp masquerain mawile medicham meditite meganium meloetta meowth mesprit metagross metang mew mewtwo mienfoo mienshao mightyena milotic miltank mime_jr minccino minun misdreavus mismagius moltres monferno mothim mr_mime mudkip muk munchlax murkrow naganadel natu nidoking nidoqueen nidoran_f nidoran_m nidorina nidorino nihilego nincada ninetales ninjask noctowl nosepass numel nuzleaf octillery oddish omanyte omastar onix pachirisu palkia palossand paras parasect pelipper persian phanpy pheromosa phione pichu pidgeot pidgeotto pidgey pikachu pikipek piloswine pineco pinsir piplup plusle poipole politoed poliwag poliwhirl poliwrath ponyta poochyena popplio porygon porygon2 porygon_z primarina primeape prinplup probopass psyduck pupitar purrloin purugly quagsire quilava qwilfish raichu raikou ralts rampardos rapidash raticate rattata rayquaza regice regigigas regirock registeel relicanth remoraid rhydon rhyhorn rhyperior riolu roselia roserade rotom rowlet sableye salamence salandit salazzle sandshrew sandslash sandygast sceptile scizor scyther seadra seaking sealeo seedot seel sentret serperior servine seviper sewaddle sharpedo shaymin shedinja shelgon shellder shellos shieldon shiftry shinx shroomish shuckle shuppet skarmory skiploom skitty skorupi skuntank slaking slakoth sliggoo slowbro slowking slowpoke slugma smoochum sneasel snivy snorlax snorunt snover snubbull solrock spearow spheal spinarak spinda spiritomb spoink squirtle stakataka stantler staraptor staravia starly starmie staryu steelix steenee stunky sudowoodo suicune sunflora sunkern surskit swablu swadloon swalot swampert swellow swinub sylveon taillow talonflame tangela tangrowth tapu_bulu tapu_fini tapu_koko tapu_lele tauros teddiursa tentacool tentacruel togedemaru togekiss togepi togetic torchic torkoal torracat torterra totodile toucannon toxapex toxicroak trapinch treecko tropius trumbeak tsareena turtonator turtwig typhlosion tyranitar tyrogue umbreon ursaring uxie vaporeon venomoth venonat venusaur vespiquen vibrava victreebel vigoroth vikavolt vileplume volbeat volcarona voltorb vullaby vulpix wailmer wailord walrein wartortle weavile weepinbell weezing whiscash whismur wigglytuff wingull wooper wormadam xatu xerneas xurkitree yamask yanma yanmega yveltal zangoose zapdos zigzagoon zubat
SolarBeam	abomasnow aggron aipom alolan_ninetales altaria ambipom arboliva arcanine arceus ariados armarouge baltoy bayleef beautifly beedrill bellossom bellsprout blacephalon blaziken blissey bounsweet braixen breloom bronzong bronzor budew bulbasaur buneary butterfree cacnea cacturne camerupt carnivine castform celebi celesteela chandelure chansey charizard cherrim cherubi chikorita claydol clefable clefairy cleffa cradily cresselia crustle dartrix decidueye delcatty delphox deoxys dhelmise dolliv dottler dunsparce dustox dwebble emolga entei exeggcute exeggutor exploud fennekin ferroseed ferrothorn flabebe floette floragato florges flygon fomantis forretress furret galarian_mr_mime glimmora gloom granbull grotle groudon grovyle gulpin happiny heatran hoppip houndoom houndour ho_oh igglybuff illumise infernape ivysaur jigglypuff jumpluff kangaskhan kecleon lampent lapras larvesta latias latios leafeon leavanny ledian ledyba lickilicky lickitung lileep litwick lombre lopunny lotad loudred ludicolo lurantis magcargo magearna magmortar masquerain mawile meganium meowscarada mew mewtwo miltank mime_jr moltres mothim mr_mime mr_rime munchlax natu nincada ninetales ninjask nuzleaf oddish orbeetle paras parasect pineco ponyta porygon porygon2 porygon_z rapidash rayquaza roselia roserade rowlet sceptile seedot sentret serperior servine sewaddle shaymin shedinja shiftry shroomish sinistcha skiploom skitty slaking slakoth smoliv snivy snorlax snover snubbull solrock spinarak sprigatito stantler steenee sunflora sunkern surskit swablu swadloon swalot talonflame tangela tangrowth tapu_bulu tauros togekiss togepi togetic torkoal torterra trapinch treecko tropius tsareena turtonator turtwig typhlosion uxie venomoth venonat venusaur vibrava victreebel vigoroth vikavolt vileplume volbeat volcarona weepinbell whismur wigglytuff wormadam xatu xurkitree yanma yanmega zangoose
Iron Tail	abomasnow abra absol aerodactyl aggron aipom alakazam alolan_ninetales altaria ambipom ampharos arbok arcanine arceus armaldo aron azelf azumarill azurill bastiodon bayleef bibarel bidoof blastoise blissey braixen breloom brionne buizel buneary chansey charizard charmander charmeleon chikorita chimchar cinccino clefable clefairy cleffa cranidos croconaw cubone delcatty delphox dewgong dialga donphan dragonair dragonite drapion dratini dunsparce eevee ekans electabuzz electivire electrike emolga entei espeon farfetchd feebas fennekin feraligatr flaaffy flareon floatzel flygon furret gabite galarian_rapidash garchomp gible girafarig giratina glaceon glameow gligar gliscor golduck goodra goomy granbull grotle groudon grovyle growlithe grumpig guzzlord gyarados hakamo_o hippopotas hippowdon hisuian_goodra hisuian_sliggoo houndoom houndour infernape jangmo_o jolteon kadabra kangaskhan kecleon kommo_o lairon lapras larvitar leafeon lickilicky lickitung liepard linoone lopunny lucario lugia luxio luxray magby magmar magmortar manectric mankey mareep marill marowak marshtomp meganium meowth mesprit mew mewtwo mightyena milotic miltank minccino minun monferno mudkip naganadel nidoking nidoqueen nidoran_f nidoran_m nidorina nidorino ninetales onix pachirisu persian phanpy pichu pikachu plusle poipole ponyta poochyena popplio porygon porygon2 porygon_z primarina primeape psyduck pupitar purrloin purugly quagsire raichu raikou rampardos rapidash raticate rattata rayquaza rhydon rhyhorn rhyperior riolu salamence salandit salazzle sandshrew sandslash sceptile sealeo seel sentret serperior servine seviper shieldon shinx skitty skorupi skuntank sliggoo slowbro slowking slowpoke sneasel snivy snover spheal spoink squirtle stantler steelix stunky suicune swampert sylveon tauros togedemaru torkoal torterra totodile treecko turtonator turtwig tyranitar umbreon uxie vaporeon vulpix walrein wartortle weavile wooper zangoose zigzagoon
Thunderbolt	absol aggron aipom ambipom ampharos annihilape arceus azelf banette bastiodon bibarel bidoof blissey buneary castform chansey charjabug chinchou cinccino clefable clefairy cleffa cranidos cresselia darkrai delcatty deoxys dialga dragonair dragonite dratini drifblim drifloon dunsparce electabuzz electivire electrike electrode elekid emolga ferroseed ferrothorn flaaffy froslass furret galarian_mr_mime galarian_weezing gallade galvantula gardevoir gastly gengar girafarig giratina glameow goodra goomy gothita gothitelle gothorita granbull grimer groudon grubbin gyarados haunter hisuian_goodra hisuian_sliggoo ho_oh illumise jigglypuff jirachi jolteon joltik kangaskhan kecleon kirlia koffing kyogre lanturn lapras latias latios lickilicky lickitung linoone lopunny lugia luxio luxray magearna magmortar magnemite magneton magnezone manectric mankey mareep marowak meloetta meowth mesprit mew mewtwo miltank mime_jr minccino minun misdreavus mismagius mr_mime mr_rime muk munchlax naganadel nidoking nidoqueen nidoran_f nidoran_m nidorina nidorino nihilego nosepass pachirisu palkia pawmi pawmo pawmot persian pichu pikachu plusle porygon porygon2 porygon_z primeape probopass purugly raichu raikou ralts rampardos raticate rattata rayquaza regice regigigas regirock registeel rhydon rhyhorn rhyperior rotom sentret shieldon shinx shuppet skitty slaking slakoth sliggoo snorlax snubbull stantler starmie staryu tapu_koko tapu_lele tauros togedemaru tyranitar uxie vigoroth vikavolt volbeat voltorb weezing wigglytuff xerneas xurkitree zangoose zapdos zigzagoon
Thunder	absol aggron aipom ambipom ampharos annihilape arceus azelf banette bastiodon beautifly bibarel bidoof blissey castform chansey charjabug chinchou cinccino clefable clefairy cleffa cranidos cresselia darkrai delcatty deoxys dialga dragonair dragonite dratini drifblim drifloon dunsparce electabuzz electivire electrike electrode elekid emolga ferrothorn flaaffy froslass furret galarian_mr_mime galarian_weezing galvantula gastly gengar girafarig giratina glameow goodra granbull grimer groudon gyarados haunter hisuian_goodra hisuian_sliggoo ho_oh illumise jigglypuff jirachi jolteon joltik kangaskhan kecleon koffing kyogre lanturn lapras latias latios lickilicky lickitung linoone lopunny lugia luxio luxray magnemite magneton magnezone manectric mankey mareep marowak meloetta meowth mesprit mew mewtwo miltank mime_jr minun misdreavus mismagius mr_mime mr_rime muk munchlax nidoking nidoqueen nidoran_f nidoran_m nidorina nidorino nihilego nosepass pachirisu palkia pawmi pawmo pawmot persian pichu pikachu plusle porygon porygon2 porygon_z primeape probopass purugly raichu raikou rampardos raticate rattata rayquaza regice regigigas regirock registeel rhydon rhyhorn rhyperior rotom sentret shieldon shinx shuppet skitty slaking slakoth sliggoo snorlax snubbull stantler starmie staryu tapu_koko tapu_lele tauros togedemaru tyranitar uxie vigoroth vikavolt volbeat voltorb weezing wigglytuff xerneas xurkitree zangoose zapdos zigzagoon
Earthquake	abomasnow aerodactyl aggron altaria annihilape arbok arceus armaldo aron baltoy barboach bastiodon blastoise blaziken blissey bonsly bronzong bronzor buzzwole camerupt celesteela chansey charizard claydol clodsire corsola cradily cranidos croagunk crustle cubone dhelmise dialga diglett donphan dragonite drapion dugtrio dunsparce dusclops dusknoir dwebble ekans electivire empoleon exeggutor exploud feraligatr flygon forretress gabite gallade garchomp garganacl gastrodon geodude gible girafarig giratina glalie gligar gliscor golem goodra granbull graveler groudon guzzlord gyarados hakamo_o hariyama heatran heracross hippopotas hippowdon hisuian_goodra hitmonchan hitmonlee hitmontop ho_oh incineroar infernape jangmo_o kangaskhan kommo_o kyogre lairon lapras larvitar latias latios lickilicky lickitung loudred lucario lugia lunatone machamp machoke machop magcargo magmortar makuhita mamoswine mankey mantine mantyke marowak marshtomp meganium metagross metang mew mewtwo miltank munchlax nacli naclstack nidoking nidoqueen nosepass numel onix palkia palossand phanpy piloswine pineco pinsir politoed poliwhirl poliwrath primeape probopass pupitar quagsire rampardos rayquaza regice regigigas regirock registeel relicanth rhydon rhyhorn rhyperior riolu runerigus salamence sandshrew sandslash sandygast sceptile sealeo seviper sharpedo shieldon shuckle slaking slowbro slowking slowpoke slugma snorlax snubbull solrock spheal stakataka stantler steelix sudowoodo swalot swampert swinub tangrowth tauros teddiursa torkoal torterra toxicroak trapinch tropius turtonator typhlosion tyranitar tyrogue ursaring venusaur vibrava vigoroth wailmer wailord walrein whiscash wooper zygarde_10
Return	abomasnow abra absol aerodactyl aggron aipom alakazam alolan_ninetales alomomola altaria ambipom ampharos anorith araquanid arbok arcanine arceus ariados armaldo aron articuno azelf azumarill azurill bagon baltoy banette barboach bastiodon bayleef beautifly beedrill bellossom bellsprout bibarel bidoof blacephalon blastoise blaziken blissey bonsly bounsweet braixen breloom brionne bronzong bronzor budew buizel bulbasaur buneary butterfree buzzwole cacnea cacturne camerupt carbink carnivine carvanha castform celebi celesteela chandelure chansey charizard charjabug charmander charmeleon chatot cherrim cherubi chikorita chimchar chimecho chinchou chingling cinccino clamperl claydol clefable clefairy cleffa cloyster cofagrigus combusken corphish corsola cradily cranidos crawdaunt cresselia croagunk crobat croconaw crustle cubone cyndaquil darkrai dartrix decidueye delcatty delibird delphox deoxys dewgong dewpider dhelmise dialga diancie diglett dodrio doduo donphan dragonair dragonite drapion dratini drifblim drifloon drowzee dugtrio dunsparce dusclops dusknoir duskull dustox dwebble eevee ekans electabuzz electivire electrike electrode elekid emolga empoleon entei espeon exeggcute exeggutor exploud farfetchd fearow feebas fennekin feraligatr ferroseed ferrothorn finneon flaaffy flabebe flareon fletchinder fletchling floatzel floette florges flygon fomantis forretress frillish froakie frogadier froslass furret gabite gallade galvantula garchomp gardevoir gastly gastrodon gengar geodude gible girafarig giratina glaceon glalie glameow gligar gliscor gloom golbat goldeen golduck golem goodra goomy gorebyss gothita gothitelle gothorita granbull graveler greninja grimer grotle groudon grovyle growlithe grubbin grumpig gulpin guzzlord gyarados hakamo_o happiny hariyama haunter hawlucha heatran heracross hippopotas hippowdon hitmonchan hitmonlee hitmontop honchkrow hoothoot hoppip horsea houndoom houndour ho_oh huntail hypno igglybuff illumise incineroar infernape ivysaur jangmo_o jellicent jigglypuff jirachi jolteon joltik jumpluff jynx kabuto kabutops kadabra kangaskhan kartana kecleon kingdra kingler kirlia klefki koffing kommo_o krabby kricketune kyogre lairon lampent lanturn lapras larvesta larvitar latias latios leafeon leavanny ledian ledyba lickilicky lickitung liepard lileep linoone litten litwick lombre lopunny lotad loudred lucario ludicolo lugia lumineon lunatone lurantis luvdisc luxio luxray machamp machoke machop magby magcargo magearna magmar magmortar magnemite magneton magnezone makuhita mamoswine manaphy mandibuzz manectric mankey mantine mantyke mareanie mareep marill marowak marshtomp masquerain mawile medicham meditite meganium meloetta meowth mesprit metagross metang mew mewtwo mienfoo mienshao mightyena milotic miltank mime_jr minccino minun misdreavus mismagius moltres monferno mothim mr_mime mudkip muk munchlax murkrow naganadel natu nidoking nidoqueen nidoran_f nidoran_m nidorina nidorino nihilego nincada ninetales ninjask noctowl nosepass numel nuzleaf octillery oddish omanyte omastar onix pachirisu palkia palossand paras parasect pelipper persian phanpy pheromosa phione pichu pidgeot pidgeotto pidgey pikachu pikipek piloswine pineco pinsir piplup plusle poipole politoed poliwag poliwhirl poliwrath ponyta poochyena popplio porygon porygon2 porygon_z primarina primeape prinplup probopass psyduck pupitar purrloin purugly quagsire quilava qwilfish raichu raikou ralts rampardos rapidash raticate rattata rayquaza regice regigigas regirock registeel relicanth remoraid rhydon rhyhorn rhyperior riolu roselia roserade rotom rowlet sableye salamence salandit salazzle sandshrew sandslash sandygast sceptile scizor scyther seadra seaking sealeo seedot seel sentret serperior servine seviper sewaddle sharpedo shaymin shedinja shelgon shellder shellos shieldon shiftry shinx shroomish shuckle shuppet skarmory skiploom skitty skorupi skuntank slaking slakoth sliggoo slowbro slowking slowpoke slugma smoochum sneasel snivy snorlax snorunt snover snubbull solrock spearow spheal spinarak spinda spiritomb spoink squirtle stakataka stantler staraptor staravia starly starmie staryu steelix steenee stunky sudowoodo suicune sunflora sunkern surskit swablu swadloon swalot swampert swellow swinub sylveon taillow talonflame tangela tangrowth tapu_bulu tapu_fini tapu_koko tapu_lele tauros teddiursa tentacool tentacruel togedemaru togekiss togepi togetic torchic torkoal torracat torterra totodile toucannon toxapex toxicroak trapinch treecko tropius trumbeak tsareena turtonator turtwig typhlosion tyranitar tyrogue umbreon ursaring uxie vaporeon venomoth venonat venusaur vespiquen vibrava victreebel vigoroth vikavolt vileplume volbeat volcarona voltorb vullaby vulpix wailmer wailord walrein wartortle weavile weepinbell weezing whiscash whismur wigglytuff wingull wooper wormadam xatu xerneas xurkitree yamask yanma yanmega yveltal zangoose zapdos zigzagoon zubat
Dig	aggron aipom alakazam alolan_ninetales ambipom ampharos annihilape anorith arbok arcanine ariados armaldo aron azumarill baltoy bastiodon bibarel bidoof blastoise blaziken bonsly breloom buizel buneary cacnea cacturne camerupt charizard charjabug charmander charmeleon chimchar cinccino claydol clefable clefairy cleffa clodsire combusken corphish corsola cradily cranidos crawdaunt croagunk croconaw crustle cubone cyndaquil delcatty diglett donphan drapion dugtrio dunsparce dwebble eevee ekans electivire empoleon entei espeon feraligatr flaaffy flareon floatzel flygon forretress froakie frogadier furret gabite garchomp garganacl gastrodon geodude gible glaceon glameow gligar gliscor golduck golem granbull grapploct graveler greninja grimer groudon grovyle growlithe grubbin grumpig hariyama hawlucha heatran heracross hippopotas hippowdon hitmontop igglybuff infernape jigglypuff jolteon kabuto kabutops kadabra kangaskhan kecleon kingler krabby lairon larvitar leafeon ledian ledyba lickilicky lickitung linoone lopunny lucario machamp machoke machop makuhita mamoswine mankey mareep marill marowak marshtomp meowth mew mienfoo mienshao mightyena minccino monferno mudkip muk munchlax nacli naclstack nidoking nidoqueen nidoran_f nidoran_m nidorina nidorino nincada ninetales ninjask numel nuzleaf onix pachirisu paras parasect pawmi pawmo pawmot persian phanpy pichu pikachu piloswine pineco pinsir piplup politoed poliwag poliwhirl poliwrath poochyena primeape prinplup psyduck pupitar purugly quagsire quilava raichu raikou rampardos raticate rattata regirock rhydon rhyhorn rhyperior riolu sableye sandshrew sandslash sceptile seedot sentret seviper shedinja shieldon shiftry shuckle skitty skorupi skuntank slaking slowbro slowking slowpoke sneasel snorlax snubbull spinarak spinda squirtle stantler steelix stunky sudowoodo suicune swampert swinub sylveon tauros teddiursa torchic totodile toxicroak trapinch treecko typhlosion tyranitar umbreon ursaring vaporeon vibrava vigoroth vikavolt vulpix wartortle weavile wigglytuff wooper wormadam zangoose zigzagoon zygarde_10
Psychic	abra alakazam alomomola arceus ariados armarouge azelf baltoy banette beautifly blacephalon blissey braixen bronzong bronzor butterfree carbink celebi chandelure chansey chimecho chingling claydol clefable clefairy cleffa cofagrigus corsola cresselia darkrai delphox deoxys diancie dottler drifblim drifloon drowzee dusclops dusknoir duskull dustox electabuzz electivire elekid espeon exeggcute exeggutor fennekin flabebe floette florges frillish froslass galarian_articuno galarian_mr_mime galarian_rapidash gallade gardevoir gastly gengar girafarig giratina golduck gorebyss gothita gothitelle gothorita grumpig happiny haunter honchkrow hoothoot ho_oh hypno igglybuff jellicent jigglypuff jirachi jynx kadabra kirlia klefki lampent lapras larvesta latias latios litwick lucario lugia lunatone magby magearna magmar magmortar manaphy medicham meditite meloetta mesprit metagross metang mew mewtwo mime_jr misdreavus mismagius mothim mr_mime mr_rime munchlax murkrow natu nihilego noctowl octillery orbeetle palossand politoed poliwag poliwhirl poliwrath polteageist porygon porygon2 porygon_z primarina psyduck ralts remoraid runerigus sableye sandygast shaymin shuppet sinistea slowbro slowking slowpoke smoochum snorlax solrock spinarak spinda spiritomb spoink stantler starmie staryu sylveon tapu_lele togekiss togepi togetic umbreon uxie venomoth venonat volcarona wigglytuff wormadam xatu xerneas yamask yanma yanmega yveltal
Shadow Ball	abomasnow abra absol aipom alakazam alomomola ambipom annihilape arceus armarouge azelf baltoy banette beautifly bibarel bidoof blacephalon blissey bronzong bronzor budew buneary butterfree cacturne castform celebi ceruledge chandelure chansey chimecho chingling cinderace claydol clefable clefairy cleffa cofagrigus corsola cresselia croagunk crobat darkrai decidueye delcatty delphox deoxys dhelmise dottler drapion drifblim drifloon drowzee dunsparce dusclops dusknoir duskull dustox eevee entei espeon exploud flareon frillish froslass furret galarian_articuno galarian_moltres galarian_mr_mime galarian_weezing gallade gardevoir gastly gengar girafarig giratina glaceon glalie glameow golbat gorebyss gothita gothitelle gothorita granbull grimer grumpig gulpin happiny haunter honchkrow hoothoot houndoom houndour ho_oh hypno igglybuff illumise jellicent jigglypuff jirachi jolteon jynx kadabra kangaskhan kecleon kirlia koffing lampent latias latios leafeon lickilicky lickitung liepard linoone litwick lopunny loudred lucario lugia lunatone magearna manaphy mandibuzz marowak masquerain mawile medicham meditite meloetta meowscarada meowth mesprit metagross metang mew mewtwo mightyena miltank mime_jr misdreavus mismagius mothim mr_mime mr_rime muk munchlax murkrow natu nidoking nidoqueen nincada ninetales ninjask noctowl nuzleaf orbeetle palossand persian polteageist poochyena porygon porygon2 porygon_z primarina purrloin purugly qwilfish raikou ralts raticate rattata roselia roserade rotom runerigus sableye sandygast seedot sentret shedinja shiftry shuppet sinistcha sinistea skitty skorupi skuntank slaking slakoth slowbro slowking slowpoke smoochum sneasel snorlax snorunt snover snubbull solrock spinda spiritomb spoink stantler stunky suicune surskit swalot sylveon tapu_fini tapu_lele tauros togekiss togepi togetic toxicroak typhlosion umbreon uxie vaporeon vigoroth volbeat vullaby weavile weezing whismur wigglytuff wormadam xatu yamask yanma yanmega yveltal zangoose zigzagoon zubat
Brick Break	abomasnow aggron aipom ambipom ampharos annihilape anorith arceus armaldo azumarill bagon beedrill blastoise blaziken blissey bonsly breloom buizel buzzwole cacnea cacturne ceruledge chansey charizard charmander charmeleon chimchar clefable clefairy clobbopus combusken corphish crawdaunt croagunk croconaw cubone darkrai decidueye delibird deoxys dhelmise dialga dragonite drapion drowzee dusclops dusknoir electabuzz electivire elekid empoleon exploud feraligatr flaaffy floatzel frogadier furret gabite galarian_mr_mime galarian_zapdos gallade garchomp garganacl gengar geodude gligar gliscor golduck golem gothitelle granbull grapploct graveler greninja groudon grovyle grumpig guzzlord hakamo_o hariyama hawlucha heracross hitmonchan hitmonlee hitmontop hypno igglybuff illumise incineroar infernape jangmo_o jigglypuff jynx kabutops kangaskhan kartana kecleon kingler kleavor kommo_o krabby kricketune kyogre larvitar ledian ledyba lickilicky lickitung lombre loudred lucario ludicolo lurantis machamp machoke machop magby magearna magmar magmortar makuhita mankey marill marowak marshtomp mawile medicham meditite meloetta meowscarada metagross metang mew mewtwo mienfoo mienshao miltank mime_jr monferno mr_mime mr_rime muk munchlax nidoking nidoqueen nuzleaf palkia paras parasect pawmot pheromosa pichu pikachu pikipek pinsir piplup politoed poliwhirl poliwrath primeape prinplup psyduck pupitar quagsire quilava raichu rampardos rayquaza regice regigigas regirock registeel rhydon rhyperior riolu sableye salamence sandshrew sandslash sceptile scizor scyther sentret seviper shelgon shiftry skorupi slaking slakoth slowbro slowking sneasel snorlax snubbull spinda squirtle staraptor sudowoodo swalot swampert tangrowth tapu_bulu teddiursa togekiss togetic totodile toucannon toxicroak treecko trumbeak typhlosion tyranitar tyrogue ursaring vigoroth volbeat wartortle weavile wigglytuff zangoose zygarde_10
Reflect	abra aerodactyl alakazam alolan_ninetales ampharos araquanid arboliva arcanine arceus armarouge articuno azelf baltoy bastiodon bayleef beedrill bellsprout blastoise bounsweet bronzong bronzor bulbasaur butterfree carbink celebi ceruledge chansey charizard charmander charmeleon chikorita chimecho chingling claydol clefable clefairy cleffa cloyster corsola corviknight cresselia delphox deoxys diancie dodrio doduo dottler dragonair dragonite dratini drowzee eevee electabuzz electivire electrode entei espeon exeggcute exeggutor farfetchd flaaffy flareon forretress froslass frosmoth galarian_articuno galarian_mr_mime gallade gardevoir girafarig glimmet glimmora gloom gothita gothitelle gothorita granbull grotle growlithe grumpig gyarados hoothoot hoppip ho_oh hypno igglybuff ivysaur jigglypuff jirachi jolteon jumpluff jynx kabuto kabutops kadabra kirlia klefki lapras latias latios leavanny ledian ledyba lugia lunatone magcargo magearna magnemite magneton magnezone mamoswine manaphy mareep medicham meditite meganium mesprit metagross metang mew mewtwo mienfoo mienshao mime_jr moltres mr_mime mr_rime natu nidoking nidoqueen nidoran_f nidoran_m nidorina nidorino nihilego ninetales noctowl oddish omanyte omastar orbeetle paras parasect pichu pidgeot pidgeotto pidgey pikachu piloswine pineco polteageist ponyta porygon porygon2 porygon_z primarina raichu raikou ralts rapidash rotom sableye serperior servine shellder sinistcha skiploom slowbro slowking slowpoke slugma smoochum sneasel snivy snorlax snubbull solrock spoink squirtle stakataka stantler starmie staryu steenee suicune swinub sylveon tangela tangrowth tapu_bulu tapu_fini tapu_koko tapu_lele tentacool tentacruel togedemaru togekiss togepi togetic torterra tsareena turtwig umbreon uxie vaporeon venomoth venonat venusaur victreebel vileplume voltorb vulpix wartortle weavile weepinbell wigglytuff xatu xerneas xurkitree zapdos
Shock Wave	abra absol aggron aipom alakazam ambipom ampharos arceus aron azelf banette bastiodon beautifly bibarel bidoof blissey braixen buneary castform celebi celesteela chandelure chansey charjabug chimecho chinchou chingling cinccino clefable clefairy cleffa cofagrigus cranidos darkrai delcatty delphox deoxys dialga dragonair dragonite dratini drifblim drifloon dunsparce electabuzz electivire electrike electrode elekid emolga exploud flaaffy frillish froslass furret gallade galvantula gardevoir girafarig giratina glameow goodra goomy gothita gothitelle gothorita granbull grimer groudon grubbin grumpig gulpin guzzlord happiny ho_oh igglybuff illumise jellicent jigglypuff jirachi jolteon joltik kadabra kangaskhan kecleon kirlia koffing kommo_o kyogre lairon lampent lanturn lapras latias latios lickilicky lickitung linoone litwick lopunny loudred lugia luxio luxray magearna magnemite magneton magnezone manectric mareep meloetta meowth mesprit mew mewtwo miltank mime_jr minccino minun misdreavus mismagius mr_mime muk munchlax naganadel nidoking nidoqueen nidoran_f nidoran_m nidorina nidorino nosepass pachirisu palkia pelipper persian pheromosa pichu pikachu plusle porygon porygon2 porygon_z probopass purugly qwilfish raichu raikou ralts rampardos raticate rattata rayquaza regice regigigas regirock registeel rhydon rhyhorn rhyperior rotom sableye sentret shieldon shinx shuppet skitty slaking slakoth sliggoo snorlax snubbull spinda spiritomb spoink stantler swalot tangela tangrowth tapu_koko tauros togedemaru togekiss togepi togetic turtonator tyranitar uxie vigoroth vikavolt volbeat voltorb weezing whismur wigglytuff wingull xurkitree yamask zangoose zapdos zigzagoon
Flamethrower	absol aerodactyl aggron altaria arcanine arceus armarouge azelf bagon bastiodon blacephalon blaziken blissey braixen camerupt castform celesteela ceruledge chandelure chansey charcadet charizard charmander charmeleon chimchar cinderace clefable clefairy cleffa combusken cranidos cubone cyndaquil delphox dialga dragonair dragonite dratini dunsparce electivire electrike entei exploud fennekin flareon fletchinder flygon furret gabite galarian_weezing garchomp geodude gible golem goodra granbull graveler grimer groudon growlithe guzzlord gyarados happiny heatran hisuian_goodra houndoom houndour ho_oh igglybuff incineroar infernape jigglypuff kangaskhan kecleon koffing kommo_o lampent larvesta lickilicky lickitung litten litwick loudred machamp machoke machop magby magcargo magmar magmortar manectric marowak mawile mew mewtwo moltres monferno muk munchlax naganadel nidoking nidoqueen ninetales numel octillery palkia ponyta quilava raboot rampardos rapidash rayquaza remoraid rhydon rhyhorn rhyperior salamence salandit salazzle scorbunny sentret seviper shelgon shieldon skuntank slaking slakoth slowbro slowking slowpoke slugma snorlax snubbull solrock stunky talonflame tauros togekiss togepi togetic torchic torkoal torracat turtonator typhlosion tyranitar vigoroth volcarona vulpix weezing whismur wigglytuff zangoose
Sludge Bomb	arbok arceus ariados beedrill bellossom bellsprout breloom budew bulbasaur carnivine clodsire corphish cradily crawdaunt croagunk crobat darkrai diglett drapion dugtrio dustox ekans exeggcute exeggutor frillish galarian_weezing gastly gastrodon gengar gligar glimmet glimmora gliscor gloom golbat goodra goomy granbull grimer gulpin guzzlord haunter hisuian_goodra hisuian_sliggoo houndoom houndour ivysaur jellicent koffing lileep mareanie marshtomp mawile metagross metang mew mudkip muk naganadel nidoking nidoqueen nidoran_f nidoran_m nidorina nidorino nihilego octillery oddish palossand paras parasect poipole quagsire qwilfish raticate rattata roselia roserade salandit salazzle sandygast seviper shroomish shuckle skorupi skuntank sliggoo snubbull spinarak stunky sunflora sunkern swalot swampert tangela tangrowth tentacool tentacruel torkoal toxapex toxicroak venomoth venonat venusaur vespiquen victreebel vileplume weepinbell weezing wooper zubat
Fire Blast	absol aerodactyl aggron altaria arcanine arceus armarouge azelf bagon bastiodon beautifly blacephalon blaziken blissey braixen camerupt castform celesteela ceruledge chandelure chansey charcadet charizard charmander charmeleon chimchar cinderace clefable clefairy cleffa combusken cranidos cubone cyndaquil delphox dialga dragonair dragonite dratini dunsparce entei exploud fennekin flareon fletchinder flygon gabite galarian_weezing garchomp geodude gible golem goodra granbull graveler grimer groudon growlithe guzzlord gyarados happiny heatran hisuian_goodra houndoom houndour ho_oh igglybuff incineroar infernape jigglypuff kangaskhan kecleon koffing lampent larvesta lickilicky lickitung litten litwick loudred machamp machoke machop magby magcargo magmar magmortar marowak mawile mew mewtwo moltres monferno muk munchlax naganadel nidoking nidoqueen ninetales numel octillery palkia ponyta quilava raboot rampardos rapidash rayquaza remoraid rhydon rhyhorn rhyperior salamence salandit salazzle scorbunny shelgon shieldon skuntank slaking slakoth slowbro slowking slowpoke slugma snorlax snubbull solrock stunky talonflame tauros togekiss togepi togetic torchic torkoal torracat turtonator typhlosion tyranitar vigoroth volcarona vulpix weezing whismur wigglytuff zangoose
Rock Tomb	abomasnow absol aerodactyl aggron annihilape anorith arbok arceus armaldo aron bagon baltoy barboach bastiodon blastoise blaziken blissey bonsly breloom bronzong bronzor buizel buzzwole camerupt carbink chansey charizard charmander charmeleon chimchar claydol clodsire combusken corphish corsola cradily cranidos crawdaunt croagunk croconaw crustle cubone darkrai decidueye deoxys dialga diancie diglett donphan dragonite drapion dugtrio dunsparce dusclops dusknoir dwebble ekans electivire empoleon exploud feraligatr floatzel flygon forretress froakie frogadier gabite gallade garchomp garganacl gastrodon geodude gible gligar glimmet glimmora gliscor golem gothita gothitelle gothorita granbull graveler greninja grimer groudon grovyle guzzlord hakamo_o hariyama hawlucha heatran heracross hippopotas hippowdon hisuian_goodra hisuian_sliggoo hitmonchan hitmonlee huntail infernape jangmo_o kabuto kabutops kangaskhan kecleon kingler kleavor kommo_o krabby kyogre lairon larvitar lickilicky lickitung lileep loudred lucario lunatone machamp machoke machop magcargo magmortar makuhita mamoswine mandibuzz mankey mantine marowak marshtomp mawile medicham meditite metagross metang mew mewtwo mienfoo mienshao miltank monferno mudkip muk munchlax nacli naclstack nidoking nidoqueen nihilego nosepass numel nuzleaf omanyte omastar onix palkia palossand pawmot phanpy piloswine pineco pinsir piplup poliwrath primeape prinplup probopass pupitar quagsire rampardos rayquaza regice regigigas regirock registeel relicanth rhydon rhyhorn rhyperior riolu runerigus sableye salamence sandshrew sandslash sandygast sceptile sealeo sharpedo shelgon shellos shieldon shiftry shuckle skarmory skorupi slaking slakoth slowking slugma snorlax solrock spheal spinda spiritomb squirtle stakataka steelix sudowoodo swampert swinub tangrowth tapu_bulu tauros teddiursa torchic torkoal torterra totodile toxicroak trapinch treecko turtonator typhlosion tyranitar ursaring vibrava vigoroth vullaby wailmer wailord walrein wartortle whiscash wooper zangoose
Aerial Ace	absol aerodactyl aggron aipom altaria ambipom anorith arcanine arceus armaldo aron articuno bagon beautifly beedrill blaziken breloom butterfree celebi charizard charmander charmeleon chatot chimchar combusken corphish corviknight corvisquire crawdaunt croagunk crobat croconaw crustle cubone cyndaquil darkrai dartrix decidueye delibird deoxys dhelmise dialga diglett dodrio doduo dragonite drapion drifblim drifloon dugtrio dustox dwebble emolga empoleon farfetchd fearow feraligatr ferrothorn fletchinder fletchling floragato flygon froakie frogadier gabite galarian_moltres galarian_zapdos gallade garchomp gible giratina glameow gligar gliscor golbat golduck greninja groudon grovyle growlithe hakamo_o hawlucha heracross hitmontop honchkrow hoothoot hoppip ho_oh illumise incineroar infernape jangmo_o jirachi jumpluff kabuto kabutops kangaskhan kartana kecleon kleavor kommo_o kricketune lairon latias latios leafeon leavanny ledian ledyba liepard lucario lugia lurantis mandibuzz mankey mantine mantyke marowak masquerain medicham meditite meowscarada meowth metagross metang mew mewtwo mienfoo mienshao misdreavus mismagius moltres monferno mothim mr_mime murkrow naganadel natu nidoqueen nidoran_f nidorina nincada ninjask noctowl pachirisu palkia paras parasect pelipper persian pidgeot pidgeotto pidgey pikipek pinsir piplup porygon porygon2 porygon_z primeape prinplup psyduck pupitar purrloin purugly quilava rayquaza regigigas registeel riolu rookidee rowlet sableye salamence sandshrew sandslash sceptile scizor scyther serperior servine shaymin shedinja shelgon shiftry skarmory skiploom skorupi slaking slakoth slowbro sneasel snivy spearow staraptor staravia starly swablu swellow taillow talonflame tangrowth tapu_koko teddiursa togekiss togepi togetic torchic totodile toucannon toxicroak treecko tropius trumbeak typhlosion tyranitar ursaring venomoth vespiquen vibrava vigoroth volbeat volcarona vullaby weavile wingull xatu yanma yanmega yveltal zangoose zapdos zubat
Facade	abomasnow abra absol aerodactyl aggron aipom alakazam alolan_ninetales alomomola altaria ambipom ampharos annihilape anorith araquanid arbok arboliva arcanine arceus ariados armaldo armarouge aron articuno azelf azumarill azurill bagon baltoy banette barboach bastiodon bayleef beautifly beedrill beldum bellossom bellsprout bibarel bidoof blacephalon blastoise blaziken blissey bonsly bounsweet braixen breloom brionne bronzong bronzor budew buizel bulbasaur buneary butterfree buzzwole cacnea cacturne camerupt carbink carnivine carvanha castform celebi celesteela ceruledge chandelure chansey charcadet charizard charjabug charmander charmeleon chatot cherrim cherubi chikorita chimchar chimecho chinchou chingling cinccino cinderace clamperl claydol clefable clefairy cleffa clobbopus clodsire cloyster cofagrigus combusken corphish corsola corviknight corvisquire cradily cranidos crawdaunt cresselia croagunk crobat croconaw crustle cubone cyndaquil darkrai dartrix decidueye delcatty delibird delphox deoxys dewgong dewpider dhelmise dialga diancie diglett dodrio doduo dolliv donphan dottler dragonair dragonite drapion dratini drifblim drifloon drowzee dubwool dugtrio dunsparce dusclops dusknoir duskull dustox dwebble eevee ekans electabuzz electivire electrike electrode elekid emolga empoleon entei espeon exeggcute exeggutor exploud farfetchd fearow feebas fennekin feraligatr ferroseed ferrothorn finneon flaaffy flabebe flareon fletchinder fletchling floatzel floette floragato florges flygon fomantis forretress frillish froakie frogadier froslass frosmoth furret gabite galarian_articuno galarian_moltres galarian_mr_mime galarian_rapidash galarian_weezing galarian_zapdos gallade galvantula garchomp gardevoir garganacl gastly gastrodon gengar geodude gible girafarig giratina glaceon glalie glameow gligar glimmet glimmora gliscor gloom golbat goldeen golduck golem goodra goomy gorebyss gothita gothitelle gothorita granbull grapploct graveler greninja grimer grotle groudon grovyle growlithe grubbin grumpig gulpin guzzlord gyarados hakamo_o happiny hariyama haunter hawlucha heatran heracross hippopotas hippowdon hisuian_goodra hisuian_sliggoo hitmonchan hitmonlee hitmontop honchkrow hoothoot hoppip horsea houndoom houndour ho_oh huntail hypno igglybuff illumise incineroar infernape ivysaur jangmo_o jellicent jigglypuff jirachi jolteon joltik jumpluff jynx kabuto kabutops kadabra kakuna kangaskhan kecleon kingdra kingler kirlia kleavor klefki koffing kommo_o krabby kricketune kyogre lairon lampent lanturn lapras larvesta larvitar latias latios leafeon leavanny ledian ledyba lickilicky lickitung liepard lileep linoone litten litwick lombre lopunny lotad loudred lucario ludicolo lugia lumineon lunatone lurantis luvdisc luxio luxray machamp machoke machop magby magcargo magearna magikarp magmar magmortar magnemite magneton magnezone makuhita mamoswine manaphy mandibuzz manectric mankey mantine mantyke mareanie mareep marill marowak marshtomp masquerain mawile medicham meditite meganium meloetta meowscarada meowth mesprit metagross metang mew mewtwo mienfoo mienshao mightyena milotic miltank mime_jr minccino minun misdreavus mismagius moltres monferno mothim mr_mime mr_rime mudkip muk munchlax murkrow nacli naclstack naganadel natu nidoking nidoqueen nidoran_f nidoran_m nidorina nidorino nihilego nincada ninetales ninjask noctowl nosepass numel nuzleaf octillery oddish omanyte omastar onix orbeetle pachirisu palkia palossand paras parasect pawmi pawmo pawmot pelipper persian phanpy pheromosa phione pichu pidgeot pidgeotto pidgey pikachu pikipek piloswine pineco pinsir piplup plusle poipole politoed poliwag poliwhirl poliwrath polteageist ponyta poochyena popplio porygon porygon2 porygon_z primarina primeape prinplup probopass psyduck pupitar purrloin purugly quagsire quilava qwilfish raboot raichu raikou ralts rampardos rapidash raticate rattata rayquaza regice regigigas regirock registeel relicanth remoraid rhydon rhyhorn rhyperior riolu rookidee roselia roserade rotom rowlet runerigus sableye salamence salandit salazzle sandshrew sandslash sandygast sceptile scizor scorbunny scyther seadra seaking sealeo seedot seel sentret serperior servine seviper sewaddle sharpedo shaymin shedinja shelgon shellder shellos shieldon shiftry shinx shroomish shuckle shuppet sinistea skarmory skiploom skitty skorupi skuntank slaking slakoth sliggoo slowbro slowking slowpoke slugma smoliv smoochum sneasel snivy snom snorlax snorunt snover snubbull solrock spearow spheal spinarak spinda spiritomb spoink sprigatito squirtle stakataka stantler staraptor staravia starly starmie staryu steelix steenee stunky sudowoodo suicune sunflora sunkern surskit swablu swadloon swalot swampert swellow swinub sylveon taillow talonflame tangela tangrowth tapu_bulu tapu_fini tapu_koko tapu_lele tauros teddiursa tentacool tentacruel togedemaru togekiss togepi togetic torchic torkoal torracat torterra totodile toucannon toxapex toxicroak trapinch treecko tropius trumbeak tsareena turtonator turtwig typhlosion tyranitar tyrogue umbreon ursaring uxie vaporeon venomoth venonat venusaur vespiquen vibrava victreebel vigoroth vikavolt vileplume volbeat volcarona voltorb vullaby vulpix wailmer wailord walrein wartortle weavile weedle weepinbell weezing whiscash whismur wigglytuff wingull wooloo wooper wormadam xatu xerneas xurkitree yamask yanma yanmega yveltal zangoose zapdos zigzagoon zubat zygarde_10
Secret Power	abomasnow abra absol aerodactyl aggron aipom alakazam alomomola altaria ambipom ampharos anorith arbok arcanine arceus ariados armaldo aron articuno azelf azumarill azurill bagon baltoy banette barboach bastiodon bayleef beautifly beedrill bellossom bellsprout bibarel bidoof blastoise blaziken blissey bonsly braixen breloom bronzong bronzor budew buizel bulbasaur buneary butterfree cacnea cacturne camerupt carbink carnivine carvanha castform celebi chandelure chansey charizard charmander charmeleon chatot cherrim cherubi chikorita chimchar chimecho chinchou chingling cinccino clamperl claydol clefable clefairy cleffa cloyster cofagrigus combusken corphish corsola cradily cranidos crawdaunt cresselia croagunk crobat croconaw crustle cubone cyndaquil darkrai delcatty delibird delphox deoxys dewgong dialga diancie diglett dodrio doduo donphan dragonair dragonite drapion dratini drifblim drifloon drowzee dugtrio dunsparce dusclops dusknoir duskull dustox dwebble eevee ekans electabuzz electivire electrike electrode elekid emolga empoleon entei espeon exeggcute exeggutor exploud farfetchd fearow feebas fennekin feraligatr ferroseed ferrothorn finneon flaaffy flabebe flareon fletchinder fletchling floatzel floette florges flygon forretress frillish froakie frogadier froslass furret gabite gallade galvantula garchomp gardevoir gastly gastrodon gengar geodude gible girafarig giratina glaceon glalie glameow gligar gliscor gloom golbat goldeen golduck golem goodra goomy gorebyss gothita gothitelle gothorita granbull graveler greninja grimer grotle groudon grovyle growlithe grumpig gulpin gyarados happiny hariyama haunter hawlucha heatran heracross hippopotas hippowdon hitmonchan hitmonlee hitmontop honchkrow hoothoot hoppip horsea houndoom houndour ho_oh huntail hypno igglybuff illumise infernape ivysaur jellicent jigglypuff jirachi jolteon joltik jumpluff jynx kabuto kabutops kadabra kangaskhan kecleon kingdra kingler kirlia klefki koffing krabby kricketune kyogre lairon lampent lanturn lapras larvesta larvitar latias latios leafeon leavanny ledian ledyba lickilicky lickitung liepard lileep linoone litwick lombre lopunny lotad loudred lucario ludicolo lugia lumineon lunatone luvdisc luxio luxray machamp machoke machop magby magcargo magmar magmortar magnemite magneton magnezone makuhita mamoswine manaphy mandibuzz manectric mankey mantine mantyke mareep marill marowak marshtomp masquerain mawile medicham meditite meganium meloetta meowth mesprit metagross metang mew mewtwo mienfoo mienshao mightyena milotic miltank mime_jr minccino minun misdreavus mismagius moltres monferno mothim mr_mime mudkip muk munchlax murkrow natu nidoking nidoqueen nidoran_f nidoran_m nidorina nidorino nincada ninetales ninjask noctowl nosepass numel nuzleaf octillery oddish omanyte omastar onix pachirisu palkia paras parasect pelipper persian phanpy phione pichu pidgeot pidgeotto pidgey pikachu piloswine pineco pinsir piplup plusle politoed poliwag poliwhirl poliwrath ponyta poochyena porygon porygon2 porygon_z primeape prinplup probopass psyduck pupitar purrloin purugly quagsire quilava qwilfish raichu raikou ralts rampardos rapidash raticate rattata rayquaza regice regigigas regirock registeel relicanth remoraid rhydon rhyhorn rhyperior riolu roselia roserade rotom sableye salamence sandshrew sandslash sceptile scizor scyther seadra seaking sealeo seedot seel sentret serperior servine seviper sewaddle sharpedo shaymin shedinja shelgon shellder shellos shieldon shiftry shinx shroomish shuckle shuppet skarmory skiploom skitty skorupi skuntank slaking slakoth sliggoo slowbro slowking slowpoke slugma smoochum sneasel snivy snorlax snorunt snover snubbull solrock spearow spheal spinarak spinda spiritomb spoink squirtle stantler staraptor staravia starly starmie staryu steelix stunky sudowoodo suicune sunflora sunkern surskit swablu swadloon swalot swampert swellow swinub sylveon taillow talonflame tangela tangrowth tauros teddiursa tentacool tentacruel togekiss togepi togetic torchic torkoal torterra totodile toxicroak trapinch treecko tropius turtwig typhlosion tyranitar tyrogue umbreon ursaring uxie vaporeon venomoth venonat venusaur vespiquen vibrava victreebel vigoroth vileplume volbeat volcarona voltorb vullaby vulpix wailmer wailord walrein wartortle weavile weepinbell weezing whiscash whismur wigglytuff wingull wooper wormadam xatu xerneas yamask yanma yanmega yveltal zangoose zapdos zigzagoon zubat
Rest	abomasnow abra absol aerodactyl aggron aipom alakazam alolan_ninetales alomomola altaria ambipom ampharos annihilape anorith araquanid arbok arboliva arcanine arceus ariados armaldo armarouge aron articuno azelf azumarill azurill bagon baltoy banette barboach bastiodon bayleef beautifly beedrill bellossom bellsprout bibarel bidoof blacephalon blastoise blaziken blissey bonsly bounsweet braixen breloom brionne bronzong bronzor budew buizel bulbasaur buneary butterfree buzzwole cacnea cacturne camerupt carbink carnivine carvanha castform celebi celesteela ceruledge chandelure chansey charizard charjabug charmander charmeleon chatot cherrim cherubi chikorita chimchar chimecho chinchou chingling cinccino cinderace clamperl claydol clefable clefairy cleffa clobbopus clodsire cloyster cofagrigus combusken corphish corsola corviknight corvisquire cradily cranidos crawdaunt cresselia croagunk crobat croconaw crustle cubone cyndaquil darkrai dartrix decidueye delcatty delibird delphox deoxys dewgong dewpider dhelmise dialga diancie diglett dodrio doduo dolliv donphan dottler dragonair dragonite drapion dratini drifblim drifloon drowzee dubwool dugtrio dunsparce dusclops dusknoir duskull dustox dwebble eevee ekans electabuzz electivire electrike electrode elekid emolga empoleon entei espeon exeggcute exeggutor exploud farfetchd fearow feebas fennekin feraligatr ferroseed ferrothorn finneon flaaffy flabebe flareon fletchinder fletchling floatzel floette floragato florges flygon fomantis forretress frillish froakie frogadier froslass frosmoth furret gabite galarian_articuno galarian_moltres galarian_mr_mime galarian_rapidash galarian_weezing galarian_zapdos gallade galvantula garchomp gardevoir garganacl gastly gastrodon gengar geodude gible girafarig giratina glaceon glalie glameow gligar glimmet glimmora gliscor gloom golbat goldeen golduck golem goodra goomy gorebyss gothita gothitelle gothorita granbull grapploct graveler greninja grimer grotle groudon grovyle growlithe grubbin grumpig gulpin guzzlord gyarados hakamo_o happiny hariyama haunter hawlucha heatran heracross hippopotas hippowdon hisuian_goodra hisuian_sliggoo hitmonchan hitmonlee hitmontop honchkrow hoothoot hoppip horsea houndoom houndour ho_oh huntail hypno igglybuff illumise incineroar infernape ivysaur jangmo_o jellicent jigglypuff jirachi jolteon joltik jumpluff jynx kabuto kabutops kadabra kangaskhan kartana kecleon kingdra kingler kirlia kleavor klefki koffing kommo_o krabby kricketune kyogre lairon lampent lanturn lapras larvesta larvitar latias latios leafeon leavanny ledian ledyba lickilicky lickitung liepard lileep linoone litten litwick lombre lopunny lotad loudred lucario ludicolo lugia lumineon lunatone lurantis luvdisc luxio luxray machamp machoke machop magby magcargo magearna magmar magmortar magnemite magneton magnezone makuhita mamoswine manaphy mandibuzz manectric mankey mantine mantyke mareanie mareep marill marowak marshtomp masquerain mawile medicham meditite meganium meloetta meowscarada meowth mesprit metagross metang mew mewtwo mienfoo mienshao mightyena milotic miltank mime_jr minccino minun misdreavus mismagius moltres monferno mothim mr_mime mr_rime mudkip muk munchlax murkrow nacli naclstack naganadel natu nidoking nidoqueen nidoran_f nidoran_m nidorina nidorino nihilego nincada ninetales ninjask noctowl nosepass numel nuzleaf octillery oddish omanyte omastar onix orbeetle pachirisu palkia palossand paras parasect pawmi pawmo pawmot pelipper persian phanpy pheromosa phione pichu pidgeot pidgeotto pidgey pikachu pikipek piloswine pineco pinsir piplup plusle poipole politoed poliwag poliwhirl poliwrath polteageist ponyta poochyena popplio porygon porygon2 porygon_z primarina primeape prinplup probopass psyduck pupitar purrloin purugly quagsire quilava qwilfish raboot raichu raikou ralts rampardos rapidash raticate rattata rayquaza regice regigigas regirock registeel relicanth remoraid rhydon rhyhorn rhyperior riolu rookidee roselia roserade rotom rowlet runerigus sableye salamence salandit salazzle sandshrew sandslash sandygast sceptile scizor scorbunny scyther seadra seaking sealeo seedot seel sentret serperior servine seviper sewaddle sharpedo shaymin shedinja shelgon shellder shellos shieldon shiftry shinx shroomish shuckle shuppet sinistcha sinistea skarmory skiploom skitty skorupi skuntank slaking slakoth sliggoo slowbro slowking slowpoke slugma smoliv smoochum sneasel snivy snom snorlax snorunt snover snubbull solrock spearow spheal spinarak spinda spiritomb spoink sprigatito squirtle stakataka stantler staraptor staravia starly starmie staryu steelix steenee stunky sudowoodo suicune sunflora sunkern surskit swablu swadloon swalot swampert swellow swinub sylveon taillow talonflame tangela tangrowth tapu_bulu tapu_fini tapu_koko tapu_lele tauros teddiursa tentacool tentacruel togedemaru togekiss togepi togetic torchic torkoal torracat torterra totodile toucannon toxapex toxicroak trapinch treecko tropius trumbeak tsareena turtonator turtwig typhlosion tyranitar tyrogue umbreon ursaring uxie vaporeon venomoth venonat venusaur vespiquen vibrava victreebel vigoroth vikavolt vileplume volbeat volcarona voltorb vullaby vulpix wailmer wailord walrein wartortle weavile weepinbell weezing whiscash whismur wigglytuff wingull wooloo wooper wormadam xatu xerneas xurkitree yamask yanma yanmega yveltal zangoose zapdos zigzagoon zubat
Steel Wing	aerodactyl altaria articuno charizard chatot corviknight crobat dartrix decidueye delibird dodrio doduo dragonite empoleon farfetchd fearow fletchinder fletchling flygon galarian_articuno galarian_moltres galarian_zapdos giratina gligar gliscor golbat hawlucha honchkrow hoothoot ho_oh latias latios leavanny lugia mandibuzz mew moltres murkrow natu noctowl pelipper pidgeot pidgeotto pidgey pikipek rowlet salamence scizor scyther skarmory spearow staraptor staravia starly swablu swellow taillow talonflame tapu_koko togekiss togetic toucannon tropius trumbeak vibrava vullaby wingull xatu yanma yanmega yveltal zapdos zubat
Overheat	annihilape arcanine arceus armarouge blacephalon blaziken braixen camerupt ceruledge chandelure charcadet charizard charmander charmeleon chimchar cinderace combusken cyndaquil delphox dialga entei exploud fennekin flareon fletchinder fletchling galarian_weezing granbull groudon growlithe heatran houndoom houndour ho_oh incineroar infernape lampent larvesta litten litwick loudred magby magcargo magmar magmortar manectric mankey mew moltres monferno ninetales numel ponyta primeape quilava raboot rapidash rayquaza salandit salazzle scorbunny slugma snubbull solrock talonflame torchic torkoal torracat toucannon turtonator typhlosion volcarona vulpix
Roost	aerodactyl altaria articuno beautifly beedrill butterfree buzzwole charizard chatot crobat dartrix decidueye dodrio doduo dragonite dunsparce dustox emolga empoleon farfetchd fearow finneon fletchinder fletchling flygon gligar gliscor golbat hawlucha honchkrow hoothoot ho_oh illumise latias latios ledian ledyba lugia lumineon mandibuzz mantine mantyke masquerain mew moltres mothim murkrow natu ninjask noctowl pelipper pheromosa pidgeot pidgeotto pidgey pikipek piplup prinplup rowlet salamence scizor scyther skarmory spearow staraptor staravia starly swablu swellow taillow talonflame tapu_koko togekiss togetic toucannon tropius trumbeak venomoth vespiquen vibrava vikavolt volbeat volcarona vullaby wingull xatu yanma yanmega yveltal zapdos zubat
Focus Blast	abomasnow aggron alakazam ampharos annihilape arceus armarouge azumarill blastoise blaziken blissey breloom cacturne chansey charizard charmander charmeleon cinccino cinderace clefable clobbopus combusken croagunk darkrai decidueye delphox deoxys dialga dragonite drowzee dusknoir electabuzz electivire elekid exploud feraligatr floatzel furret galarian_mr_mime gallade gardevoir gengar golduck golem goodra gothitelle granbull grapploct graveler groudon grumpig hakamo_o hariyama haunter hawlucha heracross hitmonchan hitmonlee hitmontop hypno incineroar infernape jangmo_o jynx kangaskhan kommo_o ledian lickilicky lopunny lucario ludicolo machamp machoke machop magearna magmar magmortar makuhita mankey marowak mawile medicham meditite meloetta mew mewtwo mienfoo mienshao miltank monferno mr_mime mr_rime muk nidoking nidoqueen palkia pawmot pheromosa pinsir politoed poliwrath primeape quagsire raichu rampardos rayquaza regice regigigas regirock registeel rhydon rhyperior riolu sandslash sceptile shiftry slaking slowbro slowking snorlax staraptor swampert tangrowth tapu_bulu tapu_lele toxicroak turtonator typhlosion tyranitar ursaring vigoroth weavile wigglytuff xerneas yveltal zangoose zygarde_10
Energy Ball	abomasnow abra alakazam alolan_ninetales arboliva arceus armarouge azelf bayleef beautifly bellossom bellsprout bounsweet breloom budew bulbasaur butterfree cacnea cacturne carnivine castform celebi celesteela chandelure cherrim cherubi chikorita chimecho chingling cofagrigus cradily cresselia dartrix decidueye deoxys dhelmise dolliv dottler dustox emolga exeggcute exeggutor ferroseed ferrothorn flabebe floette floragato florges fomantis frillish galarian_mr_mime gallade galvantula gardevoir gastly gengar girafarig giratina glimmora gloom gothita gothitelle gothorita grotle grovyle grumpig haunter hoppip igglybuff ivysaur jellicent jigglypuff jirachi joltik jumpluff jynx kadabra lampent latias latios leafeon leavanny lileep litwick lombre lotad ludicolo lurantis magearna manaphy masquerain medicham meganium meloetta meowscarada mesprit mew mewtwo mime_jr misdreavus mismagius mothim mr_mime mr_rime ninetales nuzleaf octillery oddish orbeetle palossand paras parasect primarina rayquaza roselia roserade rowlet runerigus sableye sandygast sceptile seedot serperior servine sewaddle shaymin shiftry shroomish sinistcha skiploom smoliv snivy snover sprigatito stantler steenee sunflora sunkern swadloon tangela tangrowth tapu_bulu tapu_lele torterra treecko tropius tsareena turtwig uxie venomoth venonat venusaur victreebel vikavolt vileplume vulpix weepinbell wigglytuff wormadam xurkitree yamask
False Swipe	absol altaria anorith ariados armaldo beedrill blastoise breloom bulbasaur buzzwole ceruledge charizard charmander charmeleon corphish crawdaunt cubone dartrix decidueye drapion empoleon farfetchd fearow fomantis froakie frogadier gabite gallade garchomp gible gligar gliscor greninja grovyle hakamo_o hawlucha heracross ivysaur jangmo_o jolteon kartana kingler kleavor kommo_o krabby kricketune leavanny lurantis magearna marowak mawile meowth mew nincada ninjask nuzleaf paras parasect persian pheromosa pinsir rowlet sandshrew sandslash sceptile scizor scyther seedot shedinja shiftry shroomish skorupi slaking slakoth sneasel spearow squirtle swablu tapu_bulu tapu_koko venusaur vigoroth wartortle weavile zangoose
Brine	alomomola anorith arceus armaldo blastoise brionne buizel carvanha chinchou clamperl clobbopus cloyster corsola cradily dewgong dhelmise empoleon feebas finneon floatzel frillish gastrodon golduck gorebyss grapploct gyarados hariyama horsea huntail jellicent kabuto kabutops kingdra kingler krabby kyogre lanturn lapras lileep lugia lumineon luvdisc manaphy mantine mareanie mew milotic octillery omanyte omastar palkia palossand pelipper phione piplup popplio primarina prinplup psyduck qwilfish relicanth remoraid sandygast seadra sealeo seel sharpedo shellder shellos slowbro slowking slowpoke spheal squirtle starmie staryu suicune tapu_fini tentacool tentacruel toxapex vaporeon wailmer wailord walrein wartortle wingull
Charge Beam	abra absol alakazam ampharos arceus azelf baltoy banette bibarel bidoof blissey bronzong bronzor buneary celebi chansey charjabug chimecho chinchou chingling claydol clefable clefairy cresselia darkrai delcatty delphox deoxys drifblim drifloon dunsparce dusclops dusknoir duskull electabuzz electivire electrike electrode elekid emolga flaaffy furret galarian_mr_mime gallade galvantula gardevoir girafarig giratina gothita gothitelle gothorita grubbin grumpig ho_oh illumise jigglypuff jirachi jolteon joltik kadabra kecleon kirlia lanturn latias latios linoone lopunny lugia lunatone luxio luxray magearna magnemite magneton magnezone manectric mareep mawile meloetta mesprit mew mewtwo mime_jr minun misdreavus mismagius mr_mime mr_rime nihilego octillery pachirisu pawmi pawmo pawmot pichu pikachu plusle porygon porygon2 porygon_z raichu raikou ralts raticate rattata regice regirock registeel remoraid rotom sentret shinx shuppet skitty solrock spoink stantler starmie tapu_lele togedemaru turtonator uxie vikavolt volbeat voltorb wigglytuff xurkitree zapdos zigzagoon
Endure	abomasnow abra absol aerodactyl aggron aipom alakazam alolan_ninetales alomomola altaria ambipom ampharos annihilape anorith araquanid arbok arboliva arcanine arceus ariados armaldo armarouge aron articuno azelf azumarill azurill bagon baltoy banette barboach bastiodon bayleef beautifly beedrill bellossom bellsprout bibarel bidoof blacephalon blastoise blaziken blissey bonsly bounsweet braixen breloom brionne bronzong bronzor budew buizel bulbasaur buneary butterfree buzzwole cacnea cacturne camerupt carbink carnivine carvanha castform celebi celesteela ceruledge chandelure chansey charcadet charizard charjabug charmander charmeleon chatot cherrim cherubi chikorita chimchar chimecho chinchou chingling cinccino cinderace clamperl claydol clefable clefairy cleffa clobbopus clodsire cloyster cofagrigus combusken corphish corsola corviknight corvisquire cradily cranidos crawdaunt cresselia croagunk crobat croconaw crustle cubone cyndaquil darkrai dartrix decidueye delcatty delibird delphox deoxys dewgong dewpider dhelmise dialga diancie diglett dodrio doduo dolliv donphan dottler dragonair dragonite drapion dratini drifblim drifloon drowzee dubwool dugtrio dunsparce dusclops dusknoir duskull dustox dwebble eevee ekans electabuzz electivire electrike electrode elekid emolga empoleon entei espeon exeggcute exeggutor exploud farfetchd fearow feebas fennekin feraligatr ferroseed ferrothorn finneon flaaffy flabebe flareon fletchinder fletchling floatzel floette floragato florges flygon fomantis forretress frillish froakie frogadier froslass frosmoth furret gabite galarian_articuno galarian_moltres galarian_mr_mime galarian_rapidash galarian_weezing galarian_zapdos gallade galvantula garchomp gardevoir garganacl gastly gastrodon gengar geodude gible girafarig giratina glaceon glalie glameow gligar glimmet glimmora gliscor gloom golbat goldeen golduck golem goodra goomy gorebyss gothita gothitelle gothorita granbull grapploct graveler greninja grimer grotle groudon grovyle growlithe grubbin grumpig gulpin guzzlord gyarados hakamo_o happiny hariyama haunter hawlucha heatran heracross hippopotas hippowdon hisuian_goodra hisuian_sliggoo hitmonchan hitmonlee hitmontop honchkrow hoothoot hoppip horsea houndoom houndour ho_oh huntail hypno igglybuff illumise incineroar infernape ivysaur jangmo_o jellicent jigglypuff jirachi jolteon joltik jumpluff jynx kabuto kabutops kadabra kangaskhan kartana kecleon kingdra kingler kirlia kleavor klefki koffing kommo_o krabby kricketune kyogre lairon lampent lanturn lapras larvesta larvitar latias latios leafeon leavanny ledian ledyba lickilicky lickitung liepard lileep linoone litten litwick lombre lopunny lotad loudred lucario ludicolo lugia lumineon lunatone lurantis luvdisc luxio luxray machamp machoke machop magby magcargo magearna magmar magmortar magnemite magneton magnezone makuhita mamoswine manaphy mandibuzz manectric mankey mantine mantyke mareanie mareep marill marowak marshtomp masquerain mawile medicham meditite meganium meloetta meowscarada meowth mesprit metagross metang mew mewtwo mienfoo mienshao mightyena milotic miltank mime_jr minccino minun misdreavus mismagius moltres monferno mothim mr_mime mr_rime mudkip muk munchlax murkrow nacli naclstack naganadel natu nidoking nidoqueen nidoran_f nidoran_m nidorina nidorino nihilego nincada ninetales ninjask noctowl nosepass numel nuzleaf octillery oddish omanyte omastar onix orbeetle pachirisu palkia palossand paras parasect pawmi pawmo pawmot pelipper persian phanpy pheromosa phione pichu pidgeot pidgeotto pidgey pikachu pikipek piloswine pineco pinsir piplup plusle poipole politoed poliwag poliwhirl poliwrath polteageist ponyta poochyena popplio porygon porygon2 porygon_z primarina primeape prinplup probopass psyduck pupitar purrloin purugly quagsire quilava qwilfish raboot raichu raikou ralts rampardos rapidash raticate rattata rayquaza regice regigigas regirock registeel relicanth remoraid rhydon rhyhorn rhyperior riolu rookidee roselia roserade rotom rowlet runerigus sableye salamence salandit salazzle sandshrew sandslash sandygast sceptile scizor scorbunny scyther seadra seaking sealeo seedot seel sentret serperior servine seviper sewaddle sharpedo shaymin shedinja shelgon shellder shellos shieldon shiftry shinx shroomish shuckle shuppet sinistcha sinistea skarmory skiploom skitty skorupi skuntank slaking slakoth sliggoo slowbro slowking slowpoke slugma smoliv smoochum sneasel snivy snom snorlax snorunt snover snubbull solrock spearow spheal spinarak spinda spiritomb spoink sprigatito squirtle stakataka stantler staraptor staravia starly starmie staryu steelix steenee stunky sudowoodo suicune sunflora sunkern surskit swablu swadloon swalot swampert swellow swinub sylveon taillow talonflame tangela tangrowth tapu_bulu tapu_fini tapu_koko tapu_lele tauros teddiursa tentacool tentacruel togedemaru togekiss togepi togetic torchic torkoal torracat torterra totodile toucannon toxapex toxicroak trapinch treecko tropius trumbeak tsareena turtonator turtwig typhlosion tyranitar tyrogue umbreon ursaring uxie vaporeon venomoth venonat venusaur vespiquen vibrava victreebel vigoroth vikavolt vileplume volbeat volcarona voltorb vullaby vulpix wailmer wailord walrein wartortle weavile weepinbell weezing whiscash whismur wigglytuff wingull wooloo wooper wormadam xatu xerneas xurkitree yamask yanma yanmega yveltal zangoose zapdos zigzagoon zubat zygarde_10
Dragon Pulse	aerodactyl aggron altaria ampharos arcanine arceus armarouge bagon blastoise charizard charmander charmeleon cranidos dialga dragonair dragonite dratini feebas feraligatr flygon gabite garchomp gible giratina goodra goomy groudon grovyle guzzlord gyarados hakamo_o heatran hisuian_goodra hisuian_sliggoo horsea jangmo_o kingdra kommo_o lapras latias latios lucario lugia mew milotic naganadel nidoking nidoqueen onix palkia poipole rampardos rayquaza rhydon rhyhorn rhyperior runerigus salamence salandit salazzle sceptile seadra serperior seviper shelgon sliggoo squirtle steelix swablu tropius turtonator tyranitar vibrava wartortle zygarde_10
Drain Punch	abra alakazam annihilape azelf bellossom blaziken blissey breloom buneary buzzwole cacnea cacturne chansey clefable clefairy clobbopus croagunk darkrai deoxys drowzee galarian_mr_mime gallade gengar gloom grapploct grimer grovyle grumpig guzzlord hakamo_o happiny hariyama hawlucha hitmonchan hypno incineroar infernape jigglypuff jirachi jynx kadabra kangaskhan kecleon kommo_o ledian ledyba lombre lopunny lucario ludicolo machamp machoke machop makuhita mankey medicham meditite meloetta mesprit mew mewtwo mienfoo mienshao mime_jr monferno mr_mime mr_rime muk poliwrath primeape quagsire raichu regigigas regirock riolu sableye sceptile shroomish slaking slowbro slowking spinda sudowoodo togekiss togetic toxicroak treecko uxie vigoroth vileplume wigglytuff
Silver Wind	altaria arceus beautifly beedrill butterfree celebi delphox diancie drifblim drifloon dustox finneon floette florges flygon giratina heracross hoothoot hoppip illumise jumpluff kleavor kricketune ledian ledyba lumineon masquerain mew mothim natu ninjask noctowl pheromosa scizor scyther shiftry skiploom spiritomb togekiss togetic tropius venomoth vespiquen vibrava volbeat volcarona wormadam xatu xerneas yanma yanmega
Shadow Claw	absol aggron aipom ambipom annihilape arceus armaldo aron bagon banette blacephalon blaziken ceruledge charizard charmander charmeleon chimchar cofagrigus combusken croagunk croconaw crustle darkrai dartrix decidueye dhelmise dialga diglett dugtrio dwebble empoleon feraligatr ferrothorn floragato furret gabite gallade garchomp gengar gible giratina glameow golduck groudon guzzlord hakamo_o haunter heracross incineroar infernape jangmo_o kangaskhan kecleon kommo_o lairon latias latios leavanny liepard linoone litten lucario mankey meloetta meowscarada meowth metagross mew monferno naganadel nidoking nidoqueen nidoran_f nidoran_m nidorina nidorino palkia persian primeape prinplup psyduck purrloin purugly raticate rayquaza registeel rhydon rhyperior riolu rowlet runerigus sableye salamence salandit salazzle sandshrew sandslash sentret shedinja shelgon shuppet skuntank slaking slakoth sneasel sprigatito stunky teddiursa torchic torracat totodile toxicroak typhlosion tyranitar ursaring vigoroth weavile yamask yveltal zangoose
Payback	absol aerodactyl aggron aipom alolan_ninetales ambipom arbok arceus azelf banette beedrill blacephalon bronzong bronzor buneary buzzwole cacnea cacturne carnivine carvanha chandelure clobbopus cloyster cofagrigus corphish corviknight corvisquire cranidos crawdaunt croagunk crobat darkrai delcatty dhelmise dodrio dottler drapion drifblim drifloon dubwool dusclops dusknoir duskull ekans ferroseed ferrothorn finneon floatzel floragato fomantis forretress froslass galarian_moltres galarian_mr_mime galarian_weezing galarian_zapdos gastly gengar giratina glalie glameow gligar gliscor golbat gothita gothitelle gothorita granbull grapploct grimer grumpig guzzlord gyarados hakamo_o hariyama haunter hawlucha heatran honchkrow houndoom houndour jangmo_o jynx koffing kommo_o lampent larvitar leavanny liepard litwick lopunny lucario lumineon lurantis machamp machoke machop mandibuzz mankey mareanie mawile meloetta meowth mew mienfoo mienshao mightyena misdreavus mismagius mr_mime mr_rime muk murkrow ninetales nuzleaf octillery onix orbeetle pelipper persian pineco politoed poliwrath polteageist poochyena primeape pupitar purrloin purugly qwilfish rampardos regigigas rhydon rhyhorn rhyperior riolu rookidee runerigus sableye salandit salazzle seedot seviper sewaddle sharpedo shellder shiftry shuppet sinistea skarmory skitty skorupi skuntank smoochum sneasel snubbull spiritomb spoink sprigatito steelix steenee stunky swadloon tangrowth tapu_bulu tauros teddiursa tentacool tentacruel togedemaru toxapex toxicroak tsareena turtonator tyranitar umbreon ursaring vullaby vulpix weavile weezing wooloo yamask yveltal zangoose zubat
Giga Impact	abomasnow absol aerodactyl aggron alakazam alolan_ninetales alomomola altaria ambipom ampharos annihilape araquanid arbok arboliva arcanine arceus ariados armaldo articuno azelf azumarill banette bastiodon beautifly beedrill bellossom bibarel blastoise blaziken blissey breloom bronzong butterfree buzzwole cacturne camerupt carbink carnivine celebi celesteela ceruledge chandelure chansey charizard cherrim cinccino cinderace claydol clefable clodsire cloyster cofagrigus corviknight cradily crawdaunt cresselia crobat crustle darkrai decidueye delcatty delibird delphox deoxys dewgong dhelmise dialga diancie dodrio donphan dragonair dragonite drapion dratini drifblim dubwool dugtrio dunsparce dusclops dusknoir dustox electabuzz electivire electrode empoleon entei espeon exeggutor exploud fearow feraligatr ferrothorn flareon floatzel florges flygon forretress froslass frosmoth furret galarian_articuno galarian_moltres galarian_mr_mime galarian_rapidash galarian_weezing galarian_zapdos gallade galvantula garchomp gardevoir garganacl gastrodon gengar girafarig giratina glaceon glalie glimmora gliscor golbat golduck golem goodra gorebyss gothitelle granbull grapploct greninja groudon grumpig guzzlord gyarados hariyama hawlucha heatran heracross hippowdon hisuian_goodra hitmonchan hitmonlee hitmontop honchkrow houndoom ho_oh huntail hypno incineroar infernape jellicent jirachi jolteon jumpluff jynx kabutops kangaskhan kartana kecleon kingdra kingler kleavor klefki kommo_o kricketune kyogre lanturn lapras larvitar latias latios leafeon leavanny ledian lickilicky lickitung liepard linoone lopunny lucario ludicolo lugia lumineon lunatone lurantis luxray machamp magcargo magearna magmar magmortar magneton magnezone mamoswine manaphy mandibuzz manectric mantine marowak masquerain mawile medicham meganium meloetta meowscarada mesprit metagross metang mew mewtwo mienshao mightyena milotic miltank misdreavus mismagius moltres mothim mr_mime mr_rime muk munchlax murkrow naclstack naganadel nidoking nidoqueen ninetales ninjask noctowl octillery omastar orbeetle pachirisu palkia palossand parasect pawmot pelipper persian pheromosa pidgeot piloswine pinsir politoed poliwrath polteageist porygon porygon2 porygon_z primarina primeape probopass pupitar purugly quagsire qwilfish raichu raikou rampardos rapidash raticate rayquaza regice regigigas regirock registeel relicanth rhydon rhyhorn rhyperior roserade runerigus sableye salamence salazzle sandslash sceptile scizor scyther seadra seaking serperior seviper sharpedo shaymin shedinja shiftry skarmory skuntank slaking slowbro slowking sneasel snorlax solrock spiritomb stakataka stantler staraptor staravia starly starmie steelix sudowoodo suicune sunflora swalot swampert swellow sylveon talonflame tangela tangrowth tapu_bulu tapu_fini tapu_koko tapu_lele tauros tentacruel togedemaru togekiss togetic torkoal torterra toucannon toxapex toxicroak tropius tsareena turtonator typhlosion tyranitar umbreon ursaring uxie vaporeon venomoth venusaur vespiquen vibrava victreebel vikavolt vileplume volcarona wailord walrein weavile weezing whiscash wigglytuff wormadam xatu xerneas xurkitree yanmega yveltal zangoose zapdos zygarde_10
Rock Polish	aerodactyl aggron anorith armaldo aron baltoy bastiodon bonsly bronzong bronzor camerupt carbink claydol corsola cradily cranidos crustle diancie donphan dwebble ferroseed ferrothorn forretress garganacl geodude gligar glimmet glimmora gliscor golem graveler groudon kabuto kabutops kommo_o lairon larvitar lileep lunatone magcargo metagross metang mew nacli naclstack nosepass omanyte omastar onix palossand probopass pupitar rampardos regice regigigas regirock registeel relicanth rhydon rhyhorn rhyperior sandygast shieldon shuckle solrock stakataka steelix sudowoodo torterra tyranitar
Stone Edge	absol aerodactyl aggron annihilape arceus armaldo barboach bastiodon blaziken bonsly breloom buzzwole camerupt carbink celesteela ceruledge claydol clodsire corsola cradily cranidos crustle dialga diancie diglett donphan dragonite dugtrio dunsparce dwebble entei flygon forretress gabite gallade garchomp garganacl gastrodon geodude gible giratina gligar glimmet glimmora gliscor golem granbull graveler groudon guzzlord gyarados hariyama hawlucha heatran heracross hippopotas hippowdon hitmonchan hitmonlee hitmontop infernape kabuto kabutops kleavor lairon larvitar lucario lunatone machamp magcargo makuhita mamoswine mankey marowak mawile meloetta metagross mew mewtwo mienfoo mienshao nacli naclstack nidoking nidoqueen nosepass numel omastar onix palkia palossand phanpy piloswine pinsir primeape probopass pupitar quagsire rampardos rayquaza regigigas regirock relicanth rhydon rhyhorn rhyperior runerigus salamence sandshrew sandslash sandygast shellos shieldon shuckle slugma solrock stakataka steelix sudowoodo swampert swinub tapu_bulu tauros torkoal torterra toxicroak trapinch turtonator tyranitar ursaring vibrava whiscash wooper zygarde_10
Avalanche	abomasnow aggron alolan_ninetales arceus articuno bastiodon blastoise blissey castform cloyster crawdaunt delibird deoxys dewgong empoleon exploud feraligatr froslass frosmoth galarian_mr_mime garganacl glaceon glalie gyarados jynx kangaskhan kyogre lapras lugia mamoswine marshtomp mew mewtwo milotic mr_rime mudkip nidoking nidoqueen palkia piloswine quagsire rampardos rayquaza regice regigigas rhydon rhyperior seel sharpedo shellder slowbro slowking slowpoke smoochum sneasel snorunt snover starmie suicune swampert swinub teddiursa tyranitar ursaring wailmer wailord walrein weavile wooper
Thunder Wave	abra absol aggron aipom alakazam ambipom ampharos arceus azelf banette bibarel bidoof blissey buneary castform celebi chansey charjabug chimecho chinchou chingling cinccino clefable clefairy cleffa cofagrigus cresselia darkrai delcatty deoxys dialga dragonair dragonite dratini drifblim drifloon drowzee dubwool dunsparce electabuzz electivire electrike electrode elekid emolga espeon ferroseed ferrothorn flaaffy forretress froslass galarian_mr_mime gallade galvantula gardevoir gengar girafarig giratina gothita gothitelle gothorita granbull groudon grubbin grumpig gulpin gyarados happiny honchkrow ho_oh hypno igglybuff illumise jigglypuff jirachi jolteon joltik kadabra kecleon kirlia klefki kyogre lanturn latias latios liepard linoone lopunny lugia luxio luxray magearna magnemite magneton magnezone manectric mareep meloetta meowth mesprit mew mewtwo miltank mime_jr minccino minun misdreavus mismagius mr_mime mr_rime murkrow natu nihilego nosepass octillery pachirisu palkia pawmi pawmo pawmot persian pichu pikachu plusle porygon porygon2 porygon_z probopass purrloin qwilfish raichu raikou ralts raticate rattata rayquaza regice regigigas regirock registeel remoraid rotom runerigus sableye salandit salazzle shinx shuppet skitty slaking slowbro slowking slowpoke snubbull spoink stantler starmie staryu swalot tapu_koko togedemaru togekiss togepi togetic tyranitar umbreon uxie vigoroth vikavolt volbeat voltorb wigglytuff wooloo xatu xerneas xurkitree yamask zangoose zapdos zigzagoon
Gyro Ball	baltoy blastoise bronzong bronzor buzzwole carbink celesteela claydol dhelmise diancie donphan drifblim drifloon dunsparce electrode ferroseed ferrothorn forretress galarian_weezing geodude glalie golem graveler guzzlord hisuian_goodra hisuian_sliggoo hitmontop jigglypuff koffing lickilicky lunatone magcargo magearna magnemite magneton magnezone metagross metang mew miltank omanyte omastar onix pineco qwilfish rayquaza registeel sableye sandshrew sandslash shuckle solrock squirtle stakataka starmie staryu steelix togedemaru torkoal typhlosion voltorb wartortle weezing wigglytuff
Stealth Rock	aerodactyl aggron annihilape anorith arceus armaldo aron azelf baltoy barboach bastiodon bibarel bidoof blissey bonsly bronzong bronzor camerupt carbink celebi chansey chimchar claydol clefable clefairy cleffa clodsire cofagrigus corsola cradily cranidos crustle cubone deoxys dialga diancie diglett donphan dugtrio dunsparce dwebble empoleon ferroseed ferrothorn flygon forretress gabite galarian_mr_mime garchomp garganacl gastrodon geodude gible gligar glimmet glimmora gliscor golem graveler grotle groudon heatran hippopotas hippowdon igglybuff infernape jigglypuff jirachi kabuto kabutops kecleon kleavor kommo_o lairon larvitar lileep lunatone magcargo mamoswine marowak marshtomp mawile mesprit metagross metang mew miltank mime_jr monferno mr_mime mr_rime nacli naclstack nidoking nidoqueen nihilego nosepass numel omanyte omastar onix palossand phanpy piloswine pineco pinsir piplup primeape prinplup probopass pupitar quagsire rampardos rayquaza regirock registeel relicanth rhydon rhyhorn rhyperior runerigus sandshrew sandslash sandygast shellos shieldon shuckle skarmory slugma solrock stakataka steelix sudowoodo swampert swinub torkoal torterra trapinch turtwig tyranitar uxie vibrava whiscash wigglytuff wooper yamask
Dark Pulse	absol aggron alolan_ninetales arbok arceus armarouge banette blacephalon blastoise cacnea cacturne carvanha chandelure cofagrigus crawdaunt croagunk crobat darkrai deoxys drapion dusclops dusknoir duskull ekans frillish frogadier galarian_moltres galarian_weezing gastly gengar giratina glalie gligar gliscor gothita gothitelle gothorita greninja guzzlord gyarados haunter heatran honchkrow houndoom houndour incineroar jellicent jigglypuff koffing lampent larvitar liepard litwick lucario mandibuzz marowak mawile meowscarada meowth mew mewtwo mightyena misdreavus mismagius muk murkrow naganadel ninetales nuzleaf palossand persian polteageist poochyena porygon_z pupitar purrloin raticate rotom runerigus sableye sandygast seviper sharpedo shiftry shuppet sinistea skarmory skorupi skuntank sneasel spiritomb steelix stunky toxicroak tyranitar umbreon vullaby vulpix weavile weezing wigglytuff yamask yveltal
Rock Slide	abomasnow absol aerodactyl aggron annihilape anorith arbok arceus armaldo aron bagon baltoy barboach bastiodon blastoise blaziken blissey bonsly breloom bronzong bronzor buzzwole camerupt carbink celesteela chansey charizard charmander charmeleon chimchar claydol clodsire combusken corphish corsola cradily cranidos crawdaunt croagunk croconaw crustle cubone darkrai deoxys dhelmise dialga diancie diglett donphan dragonite drapion dugtrio dunsparce dusclops dusknoir dwebble ekans electivire empoleon exploud feraligatr flygon forretress froakie frogadier gabite gallade garchomp garganacl gastrodon geodude gible gligar glimmet glimmora gliscor golem goodra goomy gothita gothitelle gothorita granbull graveler greninja grimer groudon grovyle guzzlord hakamo_o hariyama hawlucha heatran heracross hippopotas hippowdon hisuian_goodra hisuian_sliggoo hitmonchan hitmonlee hitmontop infernape jangmo_o kabuto kabutops kangaskhan kecleon kingler kleavor kommo_o krabby kyogre lairon larvitar lickilicky lickitung lileep loudred lucario lunatone machamp machoke machop magcargo magmortar makuhita mamoswine mankey mantine mantyke marowak marshtomp mawile medicham meditite metagross metang mew mewtwo mienfoo mienshao miltank monferno mudkip muk munchlax nacli naclstack nidoking nidoqueen nihilego nosepass numel nuzleaf omanyte omastar onix palkia palossand phanpy piloswine pineco pinsir poliwrath primeape probopass pupitar quagsire rampardos rayquaza regice regigigas regirock registeel relicanth rhydon rhyhorn rhyperior riolu runerigus salamence sandshrew sandslash sandygast sceptile sealeo shelgon shellos shieldon shiftry shuckle skarmory slaking slakoth sliggoo slowking slugma snorlax solrock spheal spinda squirtle stakataka steelix sudowoodo swampert swinub tangrowth tapu_bulu tauros teddiursa torchic torkoal torterra totodile toxicroak trapinch treecko typhlosion tyranitar tyrogue ursaring vibrava vigoroth walrein wartortle whiscash wooper xerneas yveltal zangoose zygarde_10
X-Scissor	absol anorith araquanid arceus ariados armaldo beedrill ceruledge charjabug corphish crawdaunt croagunk crobat crustle darkrai dewpider drapion dwebble fomantis gallade galvantula gligar gliscor golbat grovyle grubbin hakamo_o hawlucha jangmo_o joltik kabutops kartana kingler kleavor kommo_o krabby kricketune leafeon leavanny liepard lurantis mew naganadel nincada ninjask paras parasect pinsir sableye sandshrew sandslash sceptile scizor scyther seviper shedinja shiftry skarmory skorupi slaking slakoth sneasel spinarak toxicroak vespiquen vigoroth vikavolt weavile zangoose
Sleep Talk	abomasnow abra absol aerodactyl aggron aipom alakazam alolan_ninetales alomomola altaria ambipom ampharos annihilape anorith araquanid arbok arboliva arcanine arceus ariados armaldo armarouge aron articuno azelf azumarill azurill bagon baltoy banette barboach bastiodon bayleef beautifly beedrill bellossom bellsprout bibarel bidoof blacephalon blastoise blaziken blissey bonsly bounsweet braixen breloom brionne bronzong bronzor budew buizel bulbasaur buneary butterfree buzzwole cacnea cacturne camerupt carbink carnivine carvanha castform celebi celesteela ceruledge chandelure chansey charcadet charizard charjabug charmander charmeleon chatot cherrim cherubi chikorita chimchar chimecho chinchou chingling cinccino cinderace clamperl claydol clefable clefairy cleffa clobbopus clodsire cloyster cofagrigus combee combusken corphish corsola corviknight corvisquire cradily cranidos crawdaunt cresselia croagunk crobat croconaw crustle cubone cyndaquil darkrai dartrix decidueye delcatty delibird delphox deoxys dewgong dewpider dhelmise dialga diancie diglett dodrio doduo dolliv donphan dottler dragonair dragonite drapion dratini drifblim drifloon drowzee dubwool dugtrio dunsparce dusclops dusknoir duskull dustox dwebble eevee ekans electabuzz electivire electrike electrode elekid emolga empoleon entei espeon exeggcute exeggutor exploud farfetchd fearow feebas fennekin feraligatr ferroseed ferrothorn finneon flaaffy flabebe flareon fletchinder fletchling floatzel floette floragato florges flygon fomantis forretress frillish froakie frogadier froslass frosmoth furret gabite galarian_articuno galarian_moltres galarian_mr_mime galarian_rapidash galarian_weezing galarian_zapdos gallade galvantula garchomp gardevoir garganacl gastly gastrodon gengar geodude gible girafarig giratina glaceon glalie glameow gligar glimmet glimmora gliscor gloom golbat goldeen golduck golem goodra goomy gorebyss gothita gothitelle gothorita granbull grapploct graveler greninja grimer grotle groudon grovyle growlithe grubbin grumpig gulpin guzzlord gyarados hakamo_o happiny hariyama haunter hawlucha heatran heracross hippopotas hippowdon hisuian_goodra hisuian_sliggoo hitmonchan hitmonlee hitmontop honchkrow hoothoot hoppip horsea houndoom houndour ho_oh huntail hypno igglybuff illumise incineroar infernape ivysaur jangmo_o jellicent jigglypuff jirachi jolteon joltik jumpluff jynx kabuto kabutops kadabra kangaskhan kartana kecleon kingdra kingler kirlia kleavor klefki koffing kommo_o krabby kricketune kyogre lairon lampent lanturn lapras larvesta larvitar latias latios leafeon leavanny ledian ledyba lickilicky lickitung liepard lileep linoone litten litwick lombre lopunny lotad loudred lucario ludicolo lugia lumineon lunatone lurantis luvdisc luxio luxray machamp machoke machop magby magcargo magearna magmar magmortar magnemite magneton magnezone makuhita mamoswine manaphy mandibuzz manectric mankey mantine mantyke mareanie mareep marill marowak marshtomp masquerain mawile medicham meditite meganium meloetta meowscarada meowth mesprit metagross metang mew mewtwo mienfoo mienshao mightyena milotic miltank mime_jr minccino minun misdreavus mismagius moltres monferno mothim mr_mime mr_rime mudkip muk munchlax murkrow nacli naclstack naganadel natu nidoking nidoqueen nidoran_f nidoran_m nidorina nidorino nihilego nincada ninetales ninjask noctowl nosepass numel nuzleaf octillery oddish omanyte omastar onix orbeetle pachirisu palkia palossand paras parasect pawmi pawmo pawmot pelipper persian phanpy pheromosa phione pichu pidgeot pidgeotto pidgey pikachu pikipek piloswine pineco pinsir piplup plusle poipole politoed poliwag poliwhirl poliwrath polteageist ponyta poochyena popplio porygon porygon2 porygon_z primarina primeape prinplup probopass psyduck pupitar purrloin purugly quagsire quilava qwilfish raboot raichu raikou ralts rampardos rapidash raticate rattata rayquaza regice regigigas regirock registeel relicanth remoraid rhydon rhyhorn rhyperior riolu rookidee roselia roserade rotom rowlet runerigus sableye salamence salandit salazzle sandshrew sandslash sandygast sceptile scizor scorbunny scyther seadra seaking sealeo seedot seel sentret serperior servine seviper sewaddle sharpedo shaymin shedinja shelgon shellder shellos shieldon shiftry shinx shroomish shuckle shuppet sinistcha sinistea skarmory skiploom skitty skorupi skuntank slaking slakoth sliggoo slowbro slowking slowpoke slugma smoliv smoochum sneasel snivy snom snorlax snorunt snover snubbull solrock spearow spheal spinarak spinda spiritomb spoink sprigatito squirtle stakataka stantler staraptor staravia starly starmie staryu steelix steenee stunky sudowoodo suicune sunflora sunkern surskit swablu swadloon swalot swampert swellow swinub sylveon taillow talonflame tangela tangrowth tapu_bulu tapu_fini tapu_koko tapu_lele tauros teddiursa tentacool tentacruel togedemaru togekiss togepi togetic torchic torkoal torracat torterra totodile toucannon toxapex toxicroak trapinch treecko tropius trumbeak tsareena turtonator turtwig typhlosion tyranitar tyrogue umbreon ursaring uxie vaporeon venomoth venonat venusaur vespiquen vibrava victreebel vigoroth vikavolt vileplume volbeat volcarona voltorb vullaby vulpix wailmer wailord walrein wartortle weavile weepinbell weezing whiscash whismur wigglytuff wingull wooloo wooper wormadam xatu xerneas xurkitree yamask yanma yanmega yveltal zangoose zapdos zigzagoon zubat
Poison Jab	annihilape araquanid arbok arceus ariados beedrill bellsprout blaziken breloom budew buzzwole cacnea cacturne ceruledge charjabug chimchar clodsire cloyster combusken croagunk crustle darkrai deoxys dewpider donphan drapion dunsparce dwebble ekans farfetchd ferroseed ferrothorn fomantis forretress gabite gallade galvantula garchomp gastly gengar gligar gliscor goldeen grimer grubbin gulpin guzzlord hariyama haunter hawlucha hitmonchan hitmonlee infernape joltik kommo_o leavanny lucario lurantis machamp machoke machop magby magmar magmortar makuhita mankey mareanie medicham meditite mew mewtwo mienfoo mienshao monferno muk naganadel nidoking nidoqueen nidoran_f nidoran_m nidorina nidorino nihilego pheromosa pineco poipole poliwrath primeape qwilfish rapidash rhydon rhyhorn rhyperior riolu roselia roserade sableye salandit salazzle sandshrew sandslash seaking seviper sharpedo skorupi skuntank slaking slakoth sneasel spinarak stunky swalot swampert tangrowth tentacool tentacruel togedemaru toxapex toxicroak venusaur victreebel vigoroth vikavolt volcarona weavile weepinbell zangoose
Grass Knot	abomasnow abra aipom alakazam ambipom arboliva arceus azelf azumarill baltoy bayleef bellossom bellsprout bibarel bidoof blissey bonsly bounsweet braixen breloom bronzong bronzor budew bulbasaur buneary cacnea cacturne carnivine celebi celesteela chansey cherrim cherubi chikorita chimchar chimecho chingling cinccino claydol clefable clefairy cleffa cofagrigus cradily cresselia dartrix decidueye delcatty delphox deoxys dhelmise dolliv drowzee empoleon espeon exeggcute exeggutor fennekin ferrothorn flabebe floette floragato florges fomantis froakie frogadier furret galarian_mr_mime gallade gardevoir girafarig gloom golduck gothita gothitelle gothorita greninja grotle grovyle grumpig happiny hawlucha hoppip hypno igglybuff infernape ivysaur jigglypuff jirachi jumpluff jynx kadabra kecleon kirlia latias latios leafeon leavanny liepard lileep linoone lombre lopunny lotad ludicolo lunatone lurantis magearna manaphy marill mawile medicham meditite meganium meloetta meowscarada mesprit metagross metang mew mewtwo mienfoo mienshao mime_jr minccino minun misdreavus mismagius monferno mr_mime mr_rime natu nihilego nuzleaf oddish pachirisu paras parasect pawmot phione pichu pikachu piplup plusle prinplup purrloin raichu ralts raticate rattata roselia roserade rowlet runerigus sceptile seedot sentret serperior servine sewaddle shaymin shiftry shroomish skiploom skitty slowbro slowking slowpoke smoliv smoochum snivy snover solrock spoink sprigatito starmie steenee sudowoodo sunflora sunkern swadloon tangela tangrowth tapu_bulu tapu_fini tapu_koko tapu_lele togedemaru togekiss togepi togetic torterra treecko tropius tsareena turtwig uxie venusaur victreebel vileplume weepinbell wigglytuff wormadam xatu xerneas xurkitree zangoose zigzagoon
Pluck	altaria articuno bibarel bidoof chatot corviknight corvisquire crobat dartrix decidueye delibird dodrio doduo empoleon farfetchd fearow galarian_zapdos golbat honchkrow hoothoot ho_oh mandibuzz mew moltres murkrow natu noctowl pelipper pidgeot pidgeotto pidgey pikipek piplup prinplup raticate rattata rookidee rowlet skarmory spearow staraptor staravia starly swablu swellow taillow togekiss toucannon trumbeak vullaby wingull xatu zapdos zubat
U-turn	aipom ambipom annihilape articuno azelf beautifly beedrill blaziken butterfree celebi chatot chimchar cinccino cinderace corviknight corvisquire crobat decidueye dustox emolga farfetchd fearow finneon fletchinder fletchling floragato flygon froakie frogadier frosmoth furret galarian_articuno galarian_moltres galarian_zapdos glameow gligar gliscor golbat greninja hawlucha honchkrow hoppip illumise incineroar infernape jirachi jumpluff kleavor larvesta ledian ledyba liepard litten lopunny lumineon manaphy mandibuzz mankey masquerain meloetta meowscarada meowth mesprit mew mienfoo mienshao minccino moltres monferno mothim murkrow naganadel natu ninjask orbeetle pachirisu pelipper persian pheromosa phione pidgeot pidgeotto pidgey pikipek primeape purrloin purugly raboot raticate rattata rayquaza registeel rookidee scizor scorbunny scyther sentret skiploom spearow sprigatito staraptor staravia starly swellow taillow talonflame tapu_koko togedemaru torracat toucannon tropius trumbeak tsareena uxie venomoth vespiquen vibrava volbeat volcarona vullaby wingull xatu yanma yanmega yveltal zapdos zubat
Flash Cannon	aggron ampharos arceus armaldo armarouge bastiodon beautifly blastoise bronzong bronzor camerupt carbink celesteela chimecho corviknight deoxys dhelmise dialga diancie empoleon ferroseed ferrothorn forretress garganacl glimmora grumpig heatran hisuian_goodra hisuian_sliggoo horsea jirachi kingdra klefki kommo_o lucario magearna magnemite magneton magnezone mawile metagross metang mew nacli naclstack nosepass numel octillery onix palossand porygon porygon2 porygon_z probopass regice regirock registeel rhyperior sandygast scizor seadra shieldon skarmory spoink stakataka starmie staryu steelix toucannon turtonator vikavolt xerneas
Trick Room	abra alakazam arceus armarouge azelf baltoy banette braixen bronzong bronzor carbink celebi chandelure chimecho chingling claydol cofagrigus cresselia delphox deoxys dialga diancie dottler drifblim drifloon drowzee dusclops dusknoir duskull espeon exeggcute exeggutor fennekin frillish galarian_articuno galarian_mr_mime galarian_rapidash gallade gardevoir gastly gengar girafarig gothita gothitelle gothorita grumpig haunter hypno jellicent jirachi jynx kadabra kecleon kirlia klefki lampent litwick lunatone magearna medicham meditite meloetta meowscarada mesprit mew mewtwo mime_jr misdreavus mismagius mr_mime mr_rime natu nihilego orbeetle palkia polteageist porygon porygon2 porygon_z ralts runerigus shuppet sinistcha sinistea slowbro slowking slowpoke smoochum solrock spinda spiritomb spoink stakataka stantler starmie uxie xatu yamask
Curse	abomasnow annihilape anorith arcanine banette bastiodon bayleef bibarel bidoof blaziken bonsly bulbasaur cacnea cacturne camerupt ceruledge chandelure chikorita chimecho chinchou chingling clodsire cofagrigus combusken corsola corviknight cranidos crobat croconaw cubone cyndaquil darkrai decidueye dewgong diglett donphan drifblim drifloon drowzee dugtrio dunsparce dusclops dusknoir duskull dwebble eevee electrike electrode espeon exeggcute exeggutor farfetchd feraligatr ferroseed ferrothorn flareon forretress froslass galarian_weezing garganacl gastly gastrodon gengar geodude giratina glaceon golbat golem goodra goomy granbull graveler grimer grotle growlithe gulpin hariyama haunter heracross hippopotas hippowdon hisuian_goodra hisuian_sliggoo hypno ivysaur jolteon koffing lampent lanturn lapras larvitar leafeon lickitung lileep litwick lugia magby magcargo magmar magmortar mamoswine manectric mankey marowak marshtomp meganium meowth mew mewtwo miltank misdreavus mismagius mudkip muk munchlax nacli naclstack noctowl nosepass numel nuzleaf onix palossand persian phanpy piloswine pineco polteageist primeape probopass pupitar quagsire quilava qwilfish rampardos regice regirock registeel rhydon rhyhorn rhyperior rotom runerigus sandshrew sandslash sandygast scizor seedot seel seviper shellos shieldon shiftry shuppet sinistcha sinistea skarmory slaking slakoth sliggoo slowbro slowking slowpoke slugma snorlax snover snubbull spheal spiritomb stantler steelix sudowoodo sunflora sunkern swalot swampert swinub sylveon tauros torchic torkoal torterra totodile tropius turtonator turtwig typhlosion tyranitar umbreon vaporeon venusaur vigoroth wailmer weezing whiscash wooper yamask zangoose zubat
Haze	altaria arbok articuno blastoise chandelure clodsire cofagrigus crobat darkrai dartrix decidueye delibird dewgong dragonair dragonite dratini drifblim drifloon drowzee dusclops dusknoir duskull ekans empoleon feebas froslass galarian_mr_mime galarian_weezing gastly gengar glaceon golbat goldeen golduck greninja grimer haunter honchkrow hoothoot hypno koffing lampent lapras litwick mamoswine manaphy mantine mantyke mareanie masquerain mew milotic mime_jr mr_mime mr_rime muk murkrow noctowl omanyte phione piloswine piplup politoed poliwag poliwhirl poliwrath primarina prinplup psyduck quagsire qwilfish remoraid rowlet runerigus seel seviper skuntank squirtle stunky surskit swablu swinub tapu_fini tentacool tentacruel toxapex vaporeon wartortle weezing wooper yamask zubat zygarde_10
Skitter Smack	araquanid arbok ariados banette beautifly cacnea cacturne cascoon chandelure charjabug combee crustle decidueye dewpider drapion dunsparce dusclops dusknoir duskull dustox dwebble ekans fomantis frosmoth galvantula gastly gastrodon gengar giratina gligar gliscor goodra goomy grapploct grotle grubbin haunter heracross hisuian_goodra hisuian_sliggoo illumise joltik kleavor klefki kricketot kricketune lampent larvesta leavanny liepard litwick lurantis magcargo masquerain mew milotic nincada ninjask octillery paras parasect persian pheromosa sableye salandit salazzle scizor scyther seviper sewaddle shedinja shellos shuckle shuppet silcoon skorupi sliggoo slugma snom spinarak surskit swadloon tentacruel torterra turtwig venomoth venonat vespiquen vikavolt volbeat volcarona wurmple yanma yanmega
Signal Beam	abra alakazam ampharos araquanid arceus ariados articuno azelf baltoy beautifly blastoise bronzong bronzor butterfree celebi chimecho chinchou chingling claydol clefable clefairy cleffa cloyster cresselia delibird delphox deoxys dewgong dewpider drowzee dustox electabuzz electivire electrike electrode elekid emolga empoleon espeon finneon flaaffy flygon fomantis forretress froslass gallade galvantula gardevoir girafarig glaceon glalie goldeen golduck gorebyss gothita gothitelle gothorita grumpig horsea ho_oh hypno jirachi jolteon joltik jynx kadabra kingdra kirlia kyogre lanturn lapras larvesta leavanny lugia lumineon lunatone lurantis luxio luxray magearna magnemite magneton magnezone manaphy manectric mantine mantyke mareep masquerain medicham meditite meloetta mesprit metagross metang mew mewtwo mime_jr minun mothim mr_mime naganadel natu octillery pheromosa phione pichu pikachu piplup plusle poipole porygon porygon2 porygon_z prinplup psyduck qwilfish raichu raikou ralts regice remoraid rotom sableye seadra seaking sealeo seel sewaddle shinx slowbro slowking slowpoke smoochum solrock spheal spinarak spoink stantler starmie staryu suicune surskit swadloon togekiss togepi togetic trapinch uxie vaporeon venomoth venonat vespiquen vibrava vikavolt volbeat volcarona voltorb walrein wormadam xatu xurkitree yanma yanmega zapdos
Knock Off	abra absol aipom alakazam alomomola ambipom annihilape anorith arbok ariados armaldo azelf azumarill azurill banette bayleef beedrill bellsprout blacephalon blaziken bulbasaur cacturne carnivine chikorita chimchar chimecho chingling cinccino clefable clefairy clobbopus cofagrigus corphish crawdaunt croagunk crobat crustle cubone darkrai dartrix decidueye deoxys dewgong dhelmise dodrio doduo donphan drapion drifblim drifloon drowzee dwebble ekans electabuzz electivire elekid emolga empoleon farfetchd ferroseed ferrothorn furret galarian_zapdos gallade gardevoir gastly gengar glameow gligar gliscor goldeen golduck goodra grapploct gulpin guzzlord hariyama haunter heracross hisuian_goodra hitmonchan hitmonlee hypno incineroar infernape ivysaur jigglypuff kabuto kabutops kadabra kartana kecleon kingler kirlia kleavor krabby kricketune leafeon leavanny ledian ledyba lickilicky lickitung liepard lombre ludicolo lurantis machamp machoke machop magmar magmortar makuhita mamoswine manaphy mandibuzz mankey mareanie marill marowak mawile meganium meloetta meowscarada meowth mesprit metagross mew mewtwo mienfoo mienshao minccino monferno muk nihilego nuzleaf omanyte omastar paras parasect pawmo pawmot pelipper persian phanpy phione pikachu pikipek pinsir poliwrath primeape psyduck purrloin purugly raichu ralts raticate regigigas rowlet runerigus sableye salandit salazzle sandshrew sandslash scizor scyther seaking sentret serperior servine seviper shiftry shuckle shuppet skorupi skuntank slaking sneasel snivy spinarak staraptor staravia starly steenee stunky swalot swampert tangela tangrowth tapu_fini tentacool tentacruel toucannon toxapex toxicroak trumbeak tsareena tyranitar umbreon uxie venusaur victreebel vigoroth vullaby weavile weepinbell wigglytuff wingull yamask yveltal zangoose
Hydro Pump	aggron alomomola araquanid arceus azumarill bagon barboach blastoise brionne buizel carvanha castform chinchou clodsire cloyster corphish corsola crawdaunt croconaw dewgong dewpider dhelmise dragonair dragonite dratini empoleon exploud feraligatr finneon floatzel frillish froakie frogadier gastrodon goldeen golduck goodra goomy gorebyss grapploct greninja gyarados hisuian_goodra hisuian_sliggoo horsea huntail jellicent kabuto kabutops kangaskhan kingdra kingler kyogre lanturn lapras lickilicky lickitung lombre ludicolo lugia lumineon luvdisc magikarp manaphy mantine mantyke mareanie marill marshtomp masquerain mew milotic mudkip munchlax octillery omanyte omastar palkia pelipper phione piplup politoed poliwag poliwhirl poliwrath popplio primarina prinplup psyduck quagsire qwilfish rayquaza relicanth remoraid rhydon rhyperior salamence seadra seaking seel sharpedo shelgon shellder shellos slowbro slowking slowpoke snorlax squirtle starmie staryu suicune surskit swampert tapu_fini tentacool tentacruel totodile toxapex tyranitar vaporeon wailmer wailord walrein wartortle whiscash wingull wooper
Dazzling Gleam	abra alakazam alolan_ninetales altaria ampharos arboliva arceus azelf baltoy banette bayleef bellossom blissey bounsweet budew carbink celebi chansey cherrim cherubi chikorita chimecho chinchou chingling cinccino claydol clefable clefairy cleffa cresselia delphox diancie drowzee espeon finneon flaaffy flabebe floette florges frillish frosmoth galarian_mr_mime galarian_rapidash galarian_weezing gallade gardevoir gastly gengar girafarig glimmet glimmora gloom granbull grumpig haunter hoppip hypno igglybuff illumise jellicent jigglypuff jirachi jumpluff kadabra kirlia klefki lanturn lumineon magearna manaphy mareep mawile meganium meloetta mesprit mew milotic mime_jr minccino misdreavus mismagius mr_mime mr_rime natu nihilego nosepass oddish phione primarina probopass raichu ralts roselia roserade sableye shaymin shuppet skiploom snubbull spoink starmie staryu steenee sunflora swablu sylveon tapu_bulu tapu_fini tapu_koko tapu_lele tentacool tentacruel togekiss togepi togetic tsareena uxie vileplume volbeat wigglytuff xatu xerneas xurkitree
Iron Defense	aggron anorith araquanid arceus armaldo armarouge aron bagon bastiodon beautifly beedrill beldum blastoise bonsly bronzong bronzor butterfree carbink cascoon celesteela ceruledge charjabug clamperl claydol cloyster cofagrigus corphish corsola corviknight crawdaunt crustle cubone deoxys dewpider dhelmise dialga diancie donphan dottler drapion dustox dwebble empoleon ferroseed ferrothorn forretress galarian_mr_mime garganacl geodude glimmet glimmora golem gorebyss graveler guzzlord hakamo_o heatran heracross hisuian_goodra hisuian_sliggoo huntail jangmo_o jirachi kabuto kabutops kakuna kartana kingler klefki kommo_o krabby lairon larvitar leavanny lucario magcargo magearna magnemite magneton magnezone mandibuzz mareanie marowak mawile metagross metang metapod mew mime_jr mr_mime mr_rime nacli naclstack nosepass omanyte omastar orbeetle palossand pineco pinsir probopass pupitar regirock registeel relicanth rhydon rhyperior riolu runerigus salamence sandygast scizor sewaddle shelgon shellder shieldon shuckle silcoon sinistcha skarmory slowbro slowking slugma solrock squirtle stakataka steelix sudowoodo swadloon tapu_bulu tapu_fini tapu_koko tapu_lele torkoal torterra toxapex turtonator tyranitar vikavolt vullaby wartortle yamask
Scald	alomomola araquanid azumarill azurill barboach bibarel blastoise brionne buizel carvanha castform chinchou clamperl corphish corsola crawdaunt croconaw dewpider empoleon feebas feraligatr finneon floatzel frillish froakie frogadier gastrodon goldeen golduck goodra gorebyss greninja gyarados horsea huntail jellicent kabuto kabutops kingdra kingler krabby kyogre lanturn lombre lotad ludicolo lumineon luvdisc manaphy mantine mantyke mareanie marill marshtomp masquerain mew milotic mudkip octillery omanyte omastar pelipper phione piplup politoed poliwag poliwhirl poliwrath popplio primarina prinplup psyduck quagsire qwilfish raikou relicanth remoraid seadra seaking sharpedo shellos sinistcha slowbro slowking slowpoke squirtle starmie staryu suicune surskit swampert tapu_fini tentacool tentacruel totodile toxapex vaporeon wailmer wailord wartortle whiscash wingull wooper
Zen Headbutt	abra absol alakazam alolan_ninetales alomomola arceus azelf bagon baltoy banette barboach beldum blacephalon blastoise blissey bounsweet braixen breloom bronzong bronzor cacturne camerupt carvanha celebi celesteela chansey chimchar chimecho chingling cinderace claydol clefable clefairy cleffa clodsire cofagrigus cranidos cresselia crobat cyndaquil delcatty delphox deoxys dottler drowzee dubwool dunsparce espeon exeggcute exeggutor exploud furret galarian_mr_mime galarian_rapidash gallade gardevoir garganacl girafarig golbat golduck gothita gothitelle gothorita grimer grotle groudon grumpig happiny hariyama hawlucha hoothoot ho_oh hypno igglybuff illumise infernape jigglypuff jirachi jynx kadabra kirlia lapras larvesta latias latios lickilicky lickitung lombre lotad loudred lucario ludicolo lugia lunatone magearna makuhita manaphy medicham meditite meganium meloetta mesprit metagross metang mew mewtwo miltank mime_jr monferno mr_mime mr_rime muk munchlax nacli naclstack natu nihilego ninetales noctowl numel orbeetle phione porygon porygon2 porygon_z psyduck quilava ralts rampardos raticate rattata regigigas relicanth riolu runerigus sableye salamence seviper sharpedo shaymin shelgon shroomish shuppet skitty slaking slakoth slowbro slowking slowpoke smoochum snorlax solrock spinda spoink squirtle stakataka stantler starmie steenee swalot tapu_bulu tauros togedemaru togekiss togepi togetic torkoal torterra tropius tsareena turtwig typhlosion uxie venomoth venonat vigoroth volbeat volcarona vulpix wailmer wailord wartortle whiscash whismur wigglytuff xatu xerneas yamask yveltal zangoose zubat zygarde_10
Nasty Plot	aipom alakazam alolan_ninetales ambipom azelf banette cacnea cacturne celebi chatot chimchar claydol cofagrigus corviknight corvisquire crawdaunt croagunk crobat darkrai dartrix decidueye delcatty delphox deoxys drowzee floragato frogadier froslass galarian_moltres galarian_mr_mime garchomp gastly gengar girafarig glameow golbat golduck gothita gothitelle gothorita greninja grumpig haunter honchkrow hoothoot houndoom houndour hypno igglybuff incineroar infernape jigglypuff jynx kecleon liepard litten lucario lunatone mandibuzz meowscarada meowth mesprit mew mewtwo mightyena mime_jr minun misdreavus mismagius monferno mr_mime mr_rime murkrow naganadel ninetales noctowl nuzleaf palossand persian pichu pikachu plusle poipole polteageist poochyena porygon_z psyduck purrloin purugly raichu riolu rookidee rotom rowlet runerigus sableye salandit salazzle sandygast seedot shiftry shuppet sinistcha sinistea skitty skuntank slowbro slowking smoochum sneasel spiritomb sprigatito stunky togekiss togepi togetic torracat toxicroak uxie vullaby vulpix weavile wigglytuff yamask zubat
Earth Power	abomasnow aerodactyl aggron anorith arboliva arceus armaldo aron baltoy barboach bastiodon bayleef bonsly camerupt carbink celebi chikorita claydol clodsire corsola cradily cranidos croagunk cubone dialga diancie diglett dolliv donphan dugtrio dunsparce flygon forretress gabite garchomp garganacl gastrodon geodude gible giratina gligar glimmora gliscor golem graveler grotle groudon grumpig heatran hippopotas hippowdon ho_oh kabuto kabutops lairon larvitar lileep lugia lunatone magcargo mamoswine marowak marshtomp meganium mew mewtwo mudkip nacli naclstack nidoking nidoqueen nidoran_f nidoran_m nidorina nidorino nosepass numel omanyte omastar onix palkia palossand phanpy piloswine politoed poliwag poliwhirl poliwrath probopass pupitar quagsire rampardos rayquaza regigigas regirock relicanth rhydon rhyhorn rhyperior runerigus sandshrew sandslash sandygast shaymin shellos shieldon shuckle slugma smoliv solrock stantler steelix sudowoodo sunflora sunkern swampert swinub torkoal torterra toxicroak trapinch turtwig tyranitar venusaur vibrava whiscash wooper zygarde_10
Dive	alomomola araquanid arceus azumarill barboach bibarel blastoise brionne buizel carvanha chinchou clamperl clobbopus cloyster crawdaunt croconaw dewgong dragonite empoleon feebas feraligatr finneon floatzel frillish froakie frogadier gastrodon goldeen golduck gorebyss grapploct greninja gyarados horsea huntail jellicent kabutops kingdra kingler krabby kyogre lanturn lapras latias latios lombre ludicolo lugia lumineon luvdisc manaphy mantine mantyke marill marshtomp mew mewtwo milotic mudkip octillery omanyte omastar palkia phione piplup politoed poliwag poliwhirl poliwrath popplio primarina prinplup psyduck quagsire qwilfish rayquaza relicanth remoraid seadra seaking sealeo seel sharpedo shellder shellos slowbro slowking slowpoke spheal squirtle starmie staryu suicune swampert tapu_fini tentacool tentacruel totodile vaporeon wailmer wailord walrein wartortle whiscash wooper
Baton Pass	absol aipom alolan_ninetales alomomola ambipom ariados azelf bellossom blaziken buizel buneary butterfree celebi charjabug chimecho chingling cinccino cinderace clefable clefairy combusken croagunk dartrix decidueye delcatty delibird diancie dodrio doduo drifblim drifloon dubwool dunsparce eevee emolga espeon farfetchd fearow flabebe flareon floatzel floette florges furret galarian_mr_mime galarian_rapidash girafarig glaceon gligar gliscor gorebyss grubbin hawlucha hitmonchan hitmonlee hitmontop hoppip huntail hypno illumise incineroar jigglypuff jirachi jolteon jumpluff kleavor kricketune latias latios leafeon leavanny ledian ledyba liepard lopunny lunatone magearna manaphy masquerain mawile medicham meditite meloetta mesprit mew mienfoo mienshao mime_jr minccino minun mr_mime mr_rime natu ninetales ninjask orbeetle pawmi pawmo pawmot phione plusle poliwrath polteageist purrloin raboot rapidash rowlet scizor scorbunny scyther sentret sewaddle shaymin sinistea skiploom skitty solrock spearow spinarak spinda surskit swadloon swellow sylveon taillow togekiss togepi togetic torchic toxicroak umbreon uxie vaporeon venomoth venonat vikavolt volbeat vulpix weavile wigglytuff xatu zangoose zapdos
Pain Split	alolan_ninetales alomomola arbok banette blacephalon chandelure cofagrigus cradily deoxys dhelmise drifblim drifloon dunsparce dusclops dusknoir duskull forretress frillish froslass galarian_moltres galarian_weezing gallade gardevoir gastly gastrodon gengar giratina grimer gulpin haunter houndoom houndour igglybuff jellicent jigglypuff kirlia koffing lampent lileep litwick lunatone magcargo magearna mareanie marowak mawile medicham meditite meowth mesprit mew misdreavus mismagius muk natu nihilego ninetales nosepass palossand persian pineco polteageist porygon porygon2 porygon_z probopass qwilfish ralts rampardos rotom sableye sandygast shellos shuppet sinistcha slugma solrock spiritomb starmie staryu swalot tangela tangrowth toxapex uxie vulpix weezing wigglytuff xatu yamask
Crunch	aerodactyl aggron araquanid arbok arcanine bagon bibarel bidoof blastoise buizel carnivine carvanha charizard charjabug charmander charmeleon corphish cranidos crawdaunt crobat croconaw darkrai dewpider drapion ekans electrike entei exploud feraligatr floatzel flygon froslass gabite garchomp girafarig glalie gligar gliscor golbat granbull grotle groudon grovyle growlithe grubbin guzzlord gyarados heatran hippopotas hippowdon houndoom houndour huntail incineroar kangaskhan larvitar liepard litten lucario luxio luxray manectric mawile mew mightyena munchlax nidoqueen nidoran_f nidorina omastar pachirisu pawmi pawmo pawmot poochyena pupitar qwilfish raikou rampardos raticate rattata rayquaza rhydon rhyhorn rhyperior riolu salamence sceptile seviper sharpedo shelgon shinx skorupi skuntank snorlax snorunt snubbull steelix stunky suicune teddiursa torracat torterra totodile trapinch treecko turtwig tyranitar umbreon ursaring vibrava vikavolt walrein yanmega zubat zygarde_10
Play Rough	absol alolan_ninetales alomomola altaria arcanine azelf azumarill bellossom bounsweet brionne buneary chatot cherrim cinccino clefable clefairy cleffa cyndaquil delcatty dewgong diancie donphan floragato frosmoth furret galarian_rapidash galarian_weezing glameow granbull growlithe igglybuff illumise jigglypuff jirachi klefki liepard linoone lopunny luxio luxray magearna marill mawile meloetta meowscarada meowth mesprit mew mightyena miltank minccino minun mr_mime pachirisu pawmi pawmo pawmot persian phanpy pichu pikachu plusle ponyta poochyena popplio primarina purrloin purugly quilava raichu rapidash sentret shaymin shinx skitty skuntank slaking slakoth snubbull sprigatito steenee stunky swablu sylveon tapu_fini tapu_lele teddiursa togekiss togepi togetic tsareena typhlosion ursaring uxie vigoroth volbeat wigglytuff xerneas
Synthesis	abomasnow bayleef bellossom bellsprout bounsweet breloom budew bulbasaur cacnea cacturne carnivine celebi cherrim cherubi chikorita cradily dartrix decidueye dhelmise exeggcute exeggutor flabebe floette florges fomantis gloom grotle grovyle hoppip ivysaur jumpluff kartana leafeon leavanny lileep lombre lotad ludicolo lurantis meganium mew nuzleaf oddish paras parasect roselia roserade rowlet sceptile seedot serperior servine sewaddle shaymin shiftry shroomish skiploom smoliv snivy snover steenee sunflora sunkern swadloon tangela tangrowth tapu_bulu torterra treecko tropius tsareena turtwig venusaur victreebel vileplume weepinbell wormadam
Tailwind	aerodactyl altaria arceus articuno beautifly beedrill butterfree castform charizard chatot combee corviknight corvisquire crobat dartrix decidueye delibird dodrio doduo dragonite drifblim drifloon dustox emolga farfetchd fearow finneon fletchinder fletchling flygon frosmoth galarian_articuno galarian_moltres galarian_zapdos gligar gliscor golbat hawlucha honchkrow hoothoot hoppip ho_oh illumise jumpluff kartana kleavor latias latios ledian ledyba lugia lumineon mandibuzz mantine mantyke masquerain mew moltres mothim murkrow naganadel natu noctowl pelipper pidgeot pidgeotto pidgey pikipek rayquaza rookidee salamence scizor scyther shaymin shiftry skarmory skiploom spearow staraptor staravia starly suicune swablu swellow taillow talonflame togekiss togetic toucannon tropius trumbeak venomoth vespiquen vibrava volbeat volcarona vullaby wingull xatu yanma yanmega yveltal zapdos zubat
Wild Charge	ampharos arcanine arceus blissey chansey charjabug chinchou cyndaquil delcatty dubwool dunsparce electabuzz electivire electrike electrode elekid emolga flaaffy galarian_rapidash galvantula granbull growlithe grubbin igglybuff jigglypuff jolteon joltik lanturn larvesta luxio luxray magnemite magneton magnezone manectric mareep mew minun pachirisu pawmi pawmo pawmot pichu pikachu plusle ponyta quilava raichu raikou rapidash raticate rattata rayquaza shinx skitty slaking snorlax snubbull spinda stantler tapu_koko tauros togedemaru typhlosion vikavolt volcarona voltorb wigglytuff wooloo xurkitree zapdos
Hyper Voice	altaria arboliva arcanine arceus azumarill azurill bagon blissey brionne buneary chansey chatot chimecho chingling cinccino clefable clefairy cleffa delcatty delphox dialga donphan dunsparce eevee espeon exploud flareon furret galarian_articuno galarian_moltres gallade gardevoir girafarig giratina glaceon glameow granbull grumpig happiny hippowdon hoothoot houndoom houndour ho_oh igglybuff jigglypuff jolteon jynx kirlia kommo_o kricketune lapras leafeon liepard linoone lombre lopunny loudred ludicolo lugia magmortar manectric marill meloetta meowth mew mightyena minccino misdreavus mismagius munchlax noctowl palkia persian phanpy pikipek politoed poochyena popplio primarina purrloin purugly ralts rayquaza rotom salamence salazzle sentret shelgon skitty slaking snorlax snubbull spinda swablu sylveon tapu_koko teddiursa togekiss togepi togetic torterra toucannon trumbeak turtonator umbreon ursaring vaporeon vigoroth wailmer wailord whismur wigglytuff xerneas yveltal zigzagoon zygarde_10
Aqua Tail	aerodactyl aggron alolan_ninetales arbok arceus armaldo azumarill barboach bibarel bidoof blastoise brionne buizel cinccino croconaw dewgong dragonair dragonite drapion dratini dunsparce ekans feraligatr finneon floatzel furret garchomp giratina glaceon gligar gliscor goldeen golduck goodra gorebyss gyarados hakamo_o huntail jangmo_o kabutops kangaskhan kecleon kommo_o kyogre lanturn lapras lickilicky lickitung lugia lumineon mantine marill marshtomp mew mewtwo milotic minccino mudkip nidoking nidoqueen palkia popplio primarina psyduck quagsire qwilfish rayquaza relicanth rhydon rhyhorn rhyperior salamence seaking sealeo seel sentret serperior servine seviper skorupi slowbro slowking slowpoke snivy spheal squirtle steelix swampert totodile tyranitar vaporeon walrein wartortle whiscash wooper
Air Slash	absol arceus articuno beautifly butterfree celesteela charizard chatot clefable corviknight corvisquire crobat dartrix decidueye delibird dragonite drifblim dunsparce emolga empoleon farfetchd finneon fletchinder fletchling flygon frosmoth galarian_articuno galarian_moltres gallade golbat hawlucha honchkrow hoothoot ho_oh illumise kartana kleavor latias latios leavanny ledian ledyba lugia lumineon mandibuzz mantine mantyke masquerain mew moltres mothim murkrow naganadel natu ninjask noctowl pelipper pidgeot pidgeotto pidgey pikipek rayquaza rookidee rowlet salamence scizor scyther sewaddle shaymin shiftry skarmory staraptor staravia starly suicune swadloon swellow taillow talonflame togekiss togetic toucannon tropius trumbeak venomoth vespiquen vibrava vikavolt volbeat volcarona vullaby wingull xatu yanma yanmega yveltal zubat
Foul Play	abra absol aipom alakazam alolan_ninetales ambipom arceus ariados banette bastiodon blacephalon bonsly braixen cacnea cacturne croagunk darkrai delibird delphox diglett drowzee dugtrio electrode fennekin galarian_moltres galarian_mr_mime gastly gengar girafarig glalie glameow gothita gothitelle gothorita haunter honchkrow houndoom houndour hypno kadabra kecleon klefki liepard mandibuzz masquerain mawile meowscarada meowth mew mewtwo mightyena misdreavus mismagius mr_mime mr_rime murkrow nihilego ninetales nuzleaf persian pheromosa polteageist poochyena porygon porygon2 porygon_z purrloin purugly rotom sableye salandit salazzle seedot shiftry shuppet sinistcha sinistea skuntank slowbro slowking slowpoke sneasel spinarak spiritomb stunky sudowoodo toxicroak tyranitar umbreon uxie voltorb vullaby vulpix weavile xatu yveltal
Dual Wingbeat	aerodactyl altaria articuno beautifly beedrill butterfree buzzwole celebi charizard chatot clefable clefairy combee corviknight corvisquire crobat dartrix decidueye delibird dragonite dunsparce dustox emolga empoleon farfetchd fearow fletchinder fletchling flygon frosmoth galarian_articuno galarian_moltres galarian_zapdos giratina gligar gliscor golbat hawlucha honchkrow hoothoot ho_oh illumise kleavor latias latios ledian ledyba lugia mandibuzz mantine masquerain mew moltres mothim murkrow naganadel natu ninjask noctowl palkia pelipper pidgeot pidgeotto pidgey pikipek pinsir rookidee rowlet salamence scizor scyther skarmory spearow staraptor staravia starly swablu swellow taillow talonflame togekiss togetic toucannon tropius trumbeak vespiquen vibrava vikavolt volbeat volcarona vullaby wingull wormadam xatu yanma yanmega yveltal zapdos zubat
Heal Bell	alolan_ninetales altaria ampharos blissey buneary celebi chansey chimecho chinchou chingling clefable clefairy delcatty diancie eevee espeon flaaffy flabebe flareon floette florges gardevoir glaceon gothita gothitelle gothorita granbull grumpig happiny igglybuff jigglypuff jolteon jynx kricketune lanturn lapras leafeon leavanny lopunny magearna manaphy mareep meloetta mew miltank misdreavus mismagius phione skitty smoochum snubbull spoink swablu sylveon togekiss togepi togetic umbreon uxie vaporeon wigglytuff
StompingTantrum	abomasnow aggron ampharos annihilape arbok arceus ariados armaldo barboach bastiodon bayleef bibarel blissey bonsly bronzong bronzor buzzwole cacturne camerupt carbink celesteela chansey clodsire corsola cranidos crustle cubone delcatty deoxys dialga diglett dodrio donphan dragonite drapion dugtrio dunsparce electivire entei exeggutor exploud feraligatr galarian_mr_mime galarian_zapdos garchomp garganacl gastrodon geodude girafarig golem goodra granbull grapploct graveler groudon grumpig guzzlord hariyama heatran hippopotas hippowdon hisuian_goodra hitmonlee incineroar kingler kommo_o lairon larvitar lickilicky lickitung linoone loudred lunatone machamp machoke magcargo magmortar makuhita mamoswine mankey marowak meganium metagross mew mewtwo miltank mr_rime munchlax nacli naclstack nidoking nidoqueen nidorina nidorino nosepass numel onix palkia phanpy piloswine primeape probopass pupitar purugly quagsire rampardos raticate regice regigigas regirock registeel relicanth rhydon rhyhorn rhyperior sandshrew sandslash shieldon slaking snorlax snubbull solrock spinda stakataka steelix sudowoodo swampert swinub tangrowth tauros torkoal torterra tropius turtonator typhlosion tyranitar ursaring venusaur vigoroth walrein whiscash wooper
Psybeam	alakazam armarouge azelf baltoy banette braixen bronzong butterfree chimecho chinchou claydol clefable clefairy cleffa cresselia darkrai delphox deoxys drifblim drifloon drowzee dustox espeon exeggcute exeggutor fennekin finneon galarian_articuno galarian_mr_mime galarian_rapidash galarian_weezing gallade gardevoir girafarig goldeen golduck gothita gothitelle gothorita grumpig hoothoot hypno jirachi kadabra kecleon kirlia koffing lanturn latias latios lumineon magearna manaphy mantine masquerain medicham meditite meloetta mesprit mew mewtwo mime_jr misdreavus mismagius mothim mr_mime mr_rime noctowl octillery orbeetle polteageist porygon porygon2 porygon_z psyduck ralts remoraid rotom sableye seaking shuppet sinistea slowbro slowking slowpoke spinda spiritomb spoink stantler starmie staryu surskit tapu_lele uxie venomoth venonat weezing wormadam
Bounce	absol aipom alomomola ambipom ariados azumarill azurill barboach blaziken bounsweet buneary buzzwole carvanha chinchou cinderace clefable clefairy combusken croagunk delibird donphan dubwool finneon froakie frogadier galarian_rapidash galarian_zapdos galvantula goldeen gorebyss greninja grumpig gyarados hawlucha hitmonlee hoppip horsea huntail igglybuff jigglypuff joltik jumpluff kingdra lanturn lopunny lumineon luvdisc magikarp manaphy mantine mantyke marill mew mienfoo mienshao octillery pheromosa phione politoed ponyta qwilfish raboot rapidash relicanth remoraid scorbunny seadra seaking sharpedo shiftry skiploom spinarak spoink stantler steenee togedemaru torchic toxicroak tsareena wailmer wailord whiscash wigglytuff
Sucker Punch	absol arbok ariados banette bellsprout bonsly cacnea cacturne celebi chinchou corsola croagunk darkrai dartrix decidueye delcatty diglett drifblim drifloon dugtrio dusclops dusknoir duskull electrode froslass furret galarian_moltres galarian_mr_mime galvantula gastly gengar geodude girafarig glameow golem graveler haunter hitmonlee hitmontop honchkrow houndoom houndour huntail joltik kangaskhan kecleon lanturn latias liepard mawile mew mightyena mime_jr misdreavus mismagius mr_mime mr_rime murkrow natu nidoking nidoran_m nidorino nuzleaf polteageist poochyena purrloin purugly raticate rattata rotom rowlet sableye scorbunny seedot sentret seviper shedinja shiftry shuppet sinistea skitty skuntank slaking slakoth spinarak spinda spiritomb sprigatito stantler stunky sudowoodo toxicroak umbreon victreebel vigoroth voltorb weepinbell wormadam xatu yveltal
Venoshock	arbok ariados beautifly beedrill bellossom bellsprout breloom budew bulbasaur butterfree cacnea cacturne clodsire croagunk crobat drapion dustox ekans forretress galarian_weezing gastly gengar gligar glimmet glimmora gliscor gloom golbat grimer gulpin haunter heracross ivysaur koffing mareanie mew mothim muk naganadel nidoking nidoqueen nidoran_f nidoran_m nidorina nidorino nihilego oddish paras parasect pineco poipole qwilfish raticate roselia roserade salandit salazzle scizor seviper shroomish shuckle skorupi skuntank spinarak stunky swalot tentacool tentacruel toxapex toxicroak turtonator venomoth venonat venusaur vespiquen victreebel vileplume weepinbell weezing wormadam zubat
Alluring Voice	alomomola altaria arboliva azumarill azurill blissey cinccino clefable clefairy cleffa dewgong eevee espeon finneon flabebe flareon floette florges flygon gallade gardevoir glaceon igglybuff jigglypuff jolteon kirlia lapras latias leafeon lumineon manaphy marill meloetta mew milotic minccino minun pachirisu phione pikachu plusle primarina raichu ralts sylveon umbreon vaporeon wigglytuff
Toxic Spikes	arbok ariados beedrill bellsprout cacnea cacturne clodsire cloyster cofagrigus drapion ekans forretress froakie frogadier galarian_weezing gengar gligar glimmet glimmora gliscor greninja gulpin haunter koffing mareanie meowscarada mew muk naganadel nidoking nidoqueen nidoran_f nidoran_m nidorina nidorino nihilego omanyte omastar pineco poipole quagsire qwilfish roselia roserade runerigus salandit salazzle shellder shiftry skorupi skuntank spinarak stunky swalot tentacool tentacruel toxapex venomoth venonat vespiquen victreebel weepinbell weezing yamask
Poltergeist	banette ceruledge chandelure cofagrigus decidueye dhelmise dusclops dusknoir duskull frillish froslass gastly gengar giratina haunter jellicent lampent litwick mew misdreavus mismagius palossand polteageist rotom runerigus sableye sandygast shedinja shuppet sinistcha sinistea spiritomb typhlosion yamask
Iron Head	aerodactyl aggron arcanine arceus aron bagon bastiodon beldum blastoise bronzong bronzor buzzwole camerupt carbink celesteela ceruledge cinderace clodsire corviknight cranidos cubone cyndaquil dhelmise dialga donphan dragonair dragonite dratini entei ferroseed ferrothorn forretress gabite garchomp garganacl gible giratina glalie golem graveler grotle groudon guzzlord gyarados hakamo_o hariyama hawlucha heatran hippowdon hisuian_goodra hisuian_sliggoo ho_oh incineroar jangmo_o jirachi kingdra kommo_o kyogre lairon lapras larvitar lugia lunatone magearna magnemite magneton magnezone mamoswine mantine marowak mawile metagross metang mew milotic miltank nacli naclstack nihilego numel onix phanpy probopass pupitar quilava raikou rampardos rayquaza regice regigigas regirock registeel rhyperior salamence scizor seviper shelgon shieldon skarmory snorlax solrock squirtle stakataka steelix suicune tapu_koko tauros togedemaru torterra turtonator turtwig typhlosion tyranitar wailord walrein wartortle zygarde_10
Toxic	abomasnow abra absol aerodactyl aggron aipom alakazam alolan_ninetales alomomola altaria ambipom ampharos anorith araquanid arbok arcanine arceus ariados armaldo aron articuno azelf azumarill azurill bagon baltoy banette barboach bastiodon bayleef beautifly beedrill bellossom bellsprout bibarel bidoof blacephalon blastoise blaziken blissey bonsly bounsweet braixen breloom brionne bronzong bronzor budew buizel bulbasaur buneary butterfree buzzwole cacnea cacturne camerupt carbink carnivine carvanha castform celebi celesteela chandelure chansey charizard charjabug charmander charmeleon chatot cherrim cherubi chikorita chimchar chimecho chinchou chingling cinccino clamperl claydol clefable clefairy cleffa clodsire cloyster cofagrigus combusken corphish corsola cradily cranidos crawdaunt cresselia croagunk crobat croconaw crustle cubone cyndaquil darkrai dartrix decidueye delcatty delibird delphox deoxys dewgong dewpider dhelmise dialga diancie diglett dodrio doduo donphan dragonair dragonite drapion dratini drifblim drifloon drowzee dugtrio dunsparce dusclops dusknoir duskull dustox dwebble eevee ekans electabuzz electivire electrike electrode elekid emolga empoleon entei espeon exeggcute exeggutor exploud farfetchd fearow feebas fennekin feraligatr ferroseed ferrothorn finneon flaaffy flabebe flareon fletchinder fletchling floatzel floette florges flygon fomantis forretress frillish froakie frogadier froslass furret gabite galarian_weezing gallade galvantula garchomp gardevoir gastly gastrodon gengar geodude gible girafarig giratina glaceon glalie glameow gligar glimmet glimmora gliscor gloom golbat goldeen golduck golem goodra goomy gorebyss gothita gothitelle gothorita granbull graveler greninja grimer grotle groudon grovyle growlithe grubbin grumpig gulpin guzzlord gyarados hakamo_o happiny hariyama haunter hawlucha heatran heracross hippopotas hippowdon hisuian_goodra hisuian_sliggoo hitmonchan hitmonlee hitmontop honchkrow hoothoot hoppip horsea houndoom houndour ho_oh huntail hypno igglybuff illumise incineroar infernape ivysaur jangmo_o jellicent jigglypuff jirachi jolteon joltik jumpluff jynx kabuto kabutops kadabra kangaskhan kartana kecleon kingdra kingler kirlia klefki koffing kommo_o krabby kricketune kyogre lairon lampent lanturn lapras larvesta larvitar latias latios leafeon leavanny ledian ledyba lickilicky lickitung liepard lileep linoone litten litwick lombre lopunny lotad loudred lucario ludicolo lugia lumineon lunatone lurantis luvdisc luxio luxray machamp machoke machop magby magcargo magmar magmortar magnemite magneton magnezone makuhita mamoswine manaphy mandibuzz manectric mankey mantine mantyke mareanie mareep marill marowak marshtomp masquerain mawile medicham meditite meganium meloetta meowth mesprit metagross metang mew mewtwo mienfoo mienshao mightyena milotic miltank mime_jr minccino minun misdreavus mismagius moltres monferno mothim mr_mime mudkip muk munchlax murkrow naganadel natu nidoking nidoqueen nidoran_f nidoran_m nidorina nidorino nihilego nincada ninetales ninjask noctowl nosepass numel nuzleaf octillery oddish omanyte omastar onix pachirisu palkia palossand paras parasect pelipper persian phanpy pheromosa phione pichu pidgeot pidgeotto pidgey pikachu pikipek piloswine pineco pinsir piplup plusle poipole politoed poliwag poliwhirl poliwrath ponyta poochyena popplio porygon porygon2 porygon_z primarina primeape prinplup probopass psyduck pupitar purrloin purugly quagsire quilava qwilfish raichu raikou ralts rampardos rapidash raticate rattata rayquaza regice regigigas regirock registeel relicanth remoraid rhydon rhyhorn rhyperior riolu roselia roserade rotom rowlet sableye salamence salandit salazzle sandshrew sandslash sandygast sceptile scizor scyther seadra seaking sealeo seedot seel sentret serperior servine seviper sewaddle sharpedo shaymin shedinja shelgon shellder shellos shieldon shiftry shinx shroomish shuckle shuppet skarmory skiploom skitty skorupi skuntank slaking slakoth sliggoo slowbro slowking slowpoke slugma smoochum sneasel snivy snorlax snorunt snover snubbull solrock spearow spheal spinarak spinda spiritomb spoink squirtle stakataka stantler staraptor staravia starly starmie staryu steelix steenee stunky sudowoodo suicune sunflora sunkern surskit swablu swadloon swalot swampert swellow swinub sylveon taillow talonflame tangela tangrowth tapu_bulu tapu_fini tapu_koko tapu_lele tauros teddiursa tentacool tentacruel togedemaru togekiss togepi togetic torchic torkoal torracat torterra totodile toucannon toxapex toxicroak trapinch treecko tropius trumbeak tsareena turtonator turtwig typhlosion tyranitar tyrogue umbreon ursaring uxie vaporeon venomoth venonat venusaur vespiquen vibrava victreebel vigoroth vikavolt vileplume volbeat volcarona voltorb vullaby vulpix wailmer wailord walrein wartortle weavile weepinbell weezing whiscash whismur wigglytuff wingull wooper wormadam xatu xerneas xurkitree yamask yanma yanmega yveltal zangoose zapdos zigzagoon zubat
Will-O-Wisp	absol altaria arcanine arceus armarouge banette blacephalon blaziken braixen camerupt ceruledge chandelure charcadet charizard charmander charmeleon chimchar cinderace cofagrigus combusken cyndaquil darkrai delphox drifblim drifloon dusclops dusknoir duskull entei fennekin flareon fletchinder fletchling frillish froslass galarian_weezing gallade gardevoir gastly gengar giratina groudon growlithe haunter heatran houndoom houndour ho_oh incineroar infernape jellicent kirlia koffing lampent larvesta litten litwick magby magcargo magmar magmortar marowak mew mewtwo misdreavus mismagius moltres monferno ninetales numel polteageist ponyta quilava ralts rapidash rotom runerigus sableye salandit salazzle shedinja shiftry shuppet sinistea slugma solrock spiritomb talonflame torchic torkoal torracat turtonator typhlosion volcarona vulpix weezing yamask
Yawn	bibarel bidoof camerupt chimecho chingling clodsire dunsparce flareon golduck gulpin hippopotas hippowdon jolteon kingdra magcargo mightyena numel poochyena psyduck quagsire relicanth shellos slaking slakoth slowbro slowking slowpoke slugma snorlax spheal swalot teddiursa togekiss togepi togetic torkoal uxie vaporeon vigoroth wooper
